scenario,roof_scenario,depot_id,hour,grid_kw,pv_used_kw,pv_curtail_kw,bus_charge_kw,bess_charge_kw,bess_discharge_kw,bess_soc_kwh,unserved_kwh,dt_hours
S0,R0,PZ001,0,2347.8,0.0,0.0,2347.8,0.0,0.0,0.0,0.0,1.0
S0,R0,PZ001,1,2347.8,0.0,0.0,2347.8,0.0,0.0,0.0,0.0,1.0
S0,R0,PZ001,2,2113.02,0.0,0.0,2113.02,0.0,0.0,0.0,0.0,1.0
S0,R0,PZ001,3,1878.24,0.0,0.0,1878.24,0.0,0.0,0.0,0.0,1.0
S0,R0,PZ001,4,1643.4600000000005,0.0,0.0,1643.4600000000005,0.0,0.0,0.0,0.0,1.0
S0,R0,PZ001,5,939.12,0.0,0.0,939.12,0.0,0.0,0.0,0.0,1.0
S0,R0,PZ001,6,0.0,0.0,0.0,0.0,0.0,0.0,0.0,0.0,1.0
S0,R0,PZ001,7,0.0,0.0,0.0,0.0,0.0,0.0,0.0,0.0,1.0
S0,R0,PZ001,8,0.0,0.0,0.0,0.0,0.0,0.0,0.0,0.0,1.0
S0,R0,PZ001,9,0.0,0.0,0.0,0.0,0.0,0.0,0.0,0.0,1.0
S0,R0,PZ001,10,0.0,0.0,0.0,0.0,0.0,0.0,0.0,0.0,1.0
S0,R0,PZ001,11,0.0,0.0,0.0,0.0,0.0,0.0,0.0,0.0,1.0
S0,R0,PZ001,12,0.0,0.0,0.0,0.0,0.0,0.0,0.0,0.0,1.0
S0,R0,PZ001,13,0.0,0.0,0.0,0.0,0.0,0.0,0.0,0.0,1.0
S0,R0,PZ001,14,0.0,0.0,0.0,0.0,0.0,0.0,0.0,0.0,1.0
S0,R0,PZ001,15,0.0,0.0,0.0,0.0,0.0,0.0,0.0,0.0,1.0
S0,R0,PZ001,16,0.0,0.0,0.0,0.0,0.0,0.0,0.0,0.0,1.0
S0,R0,PZ001,17,0.0,0.0,0.0,0.0,0.0,0.0,0.0,0.0,1.0
S0,R0,PZ001,18,939.12,0.0,0.0,939.12,0.0,0.0,0.0,0.0,1.0
S0,R0,PZ001,19,1878.24,0.0,0.0,1878.24,0.0,0.0,0.0,0.0,1.0
S0,R0,PZ001,20,2817.3599999999997,0.0,0.0,2817.3599999999997,0.0,0.0,0.0,0.0,1.0
S0,R0,PZ001,21,3052.1400000000003,0.0,0.0,3052.1400000000003,0.0,0.0,0.0,0.0,1.0
S0,R0,PZ001,22,2347.8,0.0,0.0,2347.8,0.0,0.0,0.0,0.0,1.0
S0,R0,PZ001,23,1173.9,0.0,0.0,1173.9,0.0,0.0,0.0,0.0,1.0
S0,R0,PZ006,0,335.40000000000003,0.0,0.0,335.40000000000003,0.0,0.0,0.0,0.0,1.0
S0,R0,PZ006,1,335.40000000000003,0.0,0.0,335.40000000000003,0.0,0.0,0.0,0.0,1.0
S0,R0,PZ006,2,301.86,0.0,0.0,301.86,0.0,0.0,0.0,0.0,1.0
S0,R0,PZ006,3,268.32,0.0,0.0,268.32,0.0,0.0,0.0,0.0,1.0
S0,R0,PZ006,4,234.78000000000003,0.0,0.0,234.78000000000003,0.0,0.0,0.0,0.0,1.0
S0,R0,PZ006,5,134.16,0.0,0.0,134.16,0.0,0.0,0.0,0.0,1.0
S0,R0,PZ006,6,0.0,0.0,0.0,0.0,0.0,0.0,0.0,0.0,1.0
S0,R0,PZ006,7,0.0,0.0,0.0,0.0,0.0,0.0,0.0,0.0,1.0
S0,R0,PZ006,8,0.0,0.0,0.0,0.0,0.0,0.0,0.0,0.0,1.0
S0,R0,PZ006,9,0.0,0.0,0.0,0.0,0.0,0.0,0.0,0.0,1.0
S0,R0,PZ006,10,0.0,0.0,0.0,0.0,0.0,0.0,0.0,0.0,1.0
S0,R0,PZ006,11,0.0,0.0,0.0,0.0,0.0,0.0,0.0,0.0,1.0
S0,R0,PZ006,12,0.0,0.0,0.0,0.0,0.0,0.0,0.0,0.0,1.0
S0,R0,PZ006,13,0.0,0.0,0.0,0.0,0.0,0.0,0.0,0.0,1.0
S0,R0,PZ006,14,0.0,0.0,0.0,0.0,0.0,0.0,0.0,0.0,1.0
S0,R0,PZ006,15,0.0,0.0,0.0,0.0,0.0,0.0,0.0,0.0,1.0
S0,R0,PZ006,16,0.0,0.0,0.0,0.0,0.0,0.0,0.0,0.0,1.0
S0,R0,PZ006,17,0.0,0.0,0.0,0.0,0.0,0.0,0.0,0.0,1.0
S0,R0,PZ006,18,134.16,0.0,0.0,134.16,0.0,0.0,0.0,0.0,1.0
S0,R0,PZ006,19,268.32,0.0,0.0,268.32,0.0,0.0,0.0,0.0,1.0
S0,R0,PZ006,20,402.48,0.0,0.0,402.48,0.0,0.0,0.0,0.0,1.0
S0,R0,PZ006,21,436.02,0.0,0.0,436.02,0.0,0.0,0.0,0.0,1.0
S0,R0,PZ006,22,335.40000000000003,0.0,0.0,335.40000000000003,0.0,0.0,0.0,0.0,1.0
S0,R0,PZ006,23,167.70000000000002,0.0,0.0,167.70000000000002,0.0,0.0,0.0,0.0,1.0
S0,R0,PZ039,0,2773.5,0.0,0.0,2773.5,0.0,0.0,0.0,0.0,1.0
S0,R0,PZ039,1,2773.5,0.0,0.0,2773.5,0.0,0.0,0.0,0.0,1.0
S0,R0,PZ039,2,2496.15,0.0,0.0,2496.15,0.0,0.0,0.0,0.0,1.0
S0,R0,PZ039,3,2218.8,0.0,0.0,2218.8,0.0,0.0,0.0,0.0,1.0
S0,R0,PZ039,4,1941.4500000000005,0.0,0.0,1941.4500000000005,0.0,0.0,0.0,0.0,1.0
S0,R0,PZ039,5,1109.4,0.0,0.0,1109.4,0.0,0.0,0.0,0.0,1.0
S0,R0,PZ039,6,0.0,0.0,0.0,0.0,0.0,0.0,0.0,0.0,1.0
S0,R0,PZ039,7,0.0,0.0,0.0,0.0,0.0,0.0,0.0,0.0,1.0
S0,R0,PZ039,8,0.0,0.0,0.0,0.0,0.0,0.0,0.0,0.0,1.0
S0,R0,PZ039,9,0.0,0.0,0.0,0.0,0.0,0.0,0.0,0.0,1.0
S0,R0,PZ039,10,0.0,0.0,0.0,0.0,0.0,0.0,0.0,0.0,1.0
S0,R0,PZ039,11,0.0,0.0,0.0,0.0,0.0,0.0,0.0,0.0,1.0
S0,R0,PZ039,12,0.0,0.0,0.0,0.0,0.0,0.0,0.0,0.0,1.0
S0,R0,PZ039,13,0.0,0.0,0.0,0.0,0.0,0.0,0.0,0.0,1.0
S0,R0,PZ039,14,0.0,0.0,0.0,0.0,0.0,0.0,0.0,0.0,1.0
S0,R0,PZ039,15,0.0,0.0,0.0,0.0,0.0,0.0,0.0,0.0,1.0
S0,R0,PZ039,16,0.0,0.0,0.0,0.0,0.0,0.0,0.0,0.0,1.0
S0,R0,PZ039,17,0.0,0.0,0.0,0.0,0.0,0.0,0.0,0.0,1.0
S0,R0,PZ039,18,1109.4,0.0,0.0,1109.4,0.0,0.0,0.0,0.0,1.0
S0,R0,PZ039,19,2218.8,0.0,0.0,2218.8,0.0,0.0,0.0,0.0,1.0
S0,R0,PZ039,20,3328.2,0.0,0.0,3328.2,0.0,0.0,0.0,0.0,1.0
S0,R0,PZ039,21,3605.55,0.0,0.0,3605.55,0.0,0.0,0.0,0.0,1.0
S0,R0,PZ039,22,2773.5,0.0,0.0,2773.5,0.0,0.0,0.0,0.0,1.0
S0,R0,PZ039,23,1386.75,0.0,0.0,1386.75,0.0,0.0,0.0,0.0,1.0
S0,R0,PZ040,0,2895.6000000000004,0.0,0.0,2895.6000000000004,0.0,0.0,0.0,0.0,1.0
S0,R0,PZ040,1,2895.6000000000004,0.0,0.0,2895.6000000000004,0.0,0.0,0.0,0.0,1.0
S0,R0,PZ040,2,2606.04,0.0,0.0,2606.04,0.0,0.0,0.0,0.0,1.0
S0,R0,PZ040,3,2316.48,0.0,0.0,2316.48,0.0,0.0,0.0,0.0,1.0
S0,R0,PZ040,4,2026.9200000000003,0.0,0.0,2026.9200000000003,0.0,0.0,0.0,0.0,1.0
S0,R0,PZ040,5,1158.24,0.0,0.0,1158.24,0.0,0.0,0.0,0.0,1.0
S0,R0,PZ040,6,0.0,0.0,0.0,0.0,0.0,0.0,0.0,0.0,1.0
S0,R0,PZ040,7,0.0,0.0,0.0,0.0,0.0,0.0,0.0,0.0,1.0
S0,R0,PZ040,8,0.0,0.0,0.0,0.0,0.0,0.0,0.0,0.0,1.0
S0,R0,PZ040,9,0.0,0.0,0.0,0.0,0.0,0.0,0.0,0.0,1.0
S0,R0,PZ040,10,0.0,0.0,0.0,0.0,0.0,0.0,0.0,0.0,1.0
S0,R0,PZ040,11,0.0,0.0,0.0,0.0,0.0,0.0,0.0,0.0,1.0
S0,R0,PZ040,12,0.0,0.0,0.0,0.0,0.0,0.0,0.0,0.0,1.0
S0,R0,PZ040,13,0.0,0.0,0.0,0.0,0.0,0.0,0.0,0.0,1.0
S0,R0,PZ040,14,0.0,0.0,0.0,0.0,0.0,0.0,0.0,0.0,1.0
S0,R0,PZ040,15,0.0,0.0,0.0,0.0,0.0,0.0,0.0,0.0,1.0
S0,R0,PZ040,16,0.0,0.0,0.0,0.0,0.0,0.0,0.0,0.0,1.0
S0,R0,PZ040,17,0.0,0.0,0.0,0.0,0.0,0.0,0.0,0.0,1.0
S0,R0,PZ040,18,1158.24,0.0,0.0,1158.24,0.0,0.0,0.0,0.0,1.0
S0,R0,PZ040,19,2316.48,0.0,0.0,2316.48,0.0,0.0,0.0,0.0,1.0
S0,R0,PZ040,20,3474.72,0.0,0.0,3474.72,0.0,0.0,0.0,0.0,1.0
S0,R0,PZ040,21,3764.28,0.0,0.0,3764.28,0.0,0.0,0.0,0.0,1.0
S0,R0,PZ040,22,2895.6000000000004,0.0,0.0,2895.6000000000004,0.0,0.0,0.0,0.0,1.0
S0,R0,PZ040,23,1447.8000000000002,0.0,0.0,1447.8000000000002,0.0,0.0,0.0,0.0,1.0
S0,R0,PZ041,0,3361.525,0.0,0.0,3361.525,0.0,0.0,0.0,0.0,1.0
S0,R0,PZ041,1,3361.525,0.0,0.0,3361.525,0.0,0.0,0.0,0.0,1.0
S0,R0,PZ041,2,3025.3725,0.0,0.0,3025.3725,0.0,0.0,0.0,0.0,1.0
S0,R0,PZ041,3,2689.2200000000003,0.0,0.0,2689.2200000000003,0.0,0.0,0.0,0.0,1.0
S0,R0,PZ041,4,2353.0675,0.0,0.0,2353.0675,0.0,0.0,0.0,0.0,1.0
S0,R0,PZ041,5,1344.61,0.0,0.0,1344.61,0.0,0.0,0.0,0.0,1.0
S0,R0,PZ041,6,0.0,0.0,0.0,0.0,0.0,0.0,0.0,0.0,1.0
S0,R0,PZ041,7,0.0,0.0,0.0,0.0,0.0,0.0,0.0,0.0,1.0
S0,R0,PZ041,8,0.0,0.0,0.0,0.0,0.0,0.0,0.0,0.0,1.0
S0,R0,PZ041,9,0.0,0.0,0.0,0.0,0.0,0.0,0.0,0.0,1.0
S0,R0,PZ041,10,0.0,0.0,0.0,0.0,0.0,0.0,0.0,0.0,1.0
S0,R0,PZ041,11,0.0,0.0,0.0,0.0,0.0,0.0,0.0,0.0,1.0
S0,R0,PZ041,12,0.0,0.0,0.0,0.0,0.0,0.0,0.0,0.0,1.0
S0,R0,PZ041,13,0.0,0.0,0.0,0.0,0.0,0.0,0.0,0.0,1.0
S0,R0,PZ041,14,0.0,0.0,0.0,0.0,0.0,0.0,0.0,0.0,1.0
S0,R0,PZ041,15,0.0,0.0,0.0,0.0,0.0,0.0,0.0,0.0,1.0
S0,R0,PZ041,16,0.0,0.0,0.0,0.0,0.0,0.0,0.0,0.0,1.0
S0,R0,PZ041,17,0.0,0.0,0.0,0.0,0.0,0.0,0.0,0.0,1.0
S0,R0,PZ041,18,1344.61,0.0,0.0,1344.61,0.0,0.0,0.0,0.0,1.0
S0,R0,PZ041,19,2689.2200000000003,0.0,0.0,2689.2200000000003,0.0,0.0,0.0,0.0,1.0
S0,R0,PZ041,20,4033.83,0.0,0.0,4033.83,0.0,0.0,0.0,0.0,1.0
S0,R0,PZ041,21,4369.9825,0.0,0.0,4369.9825,0.0,0.0,0.0,0.0,1.0
S0,R0,PZ041,22,3361.525,0.0,0.0,3361.525,0.0,0.0,0.0,0.0,1.0
S0,R0,PZ041,23,1680.7625,0.0,0.0,1680.7625,0.0,0.0,0.0,0.0,1.0
S0,R0,PZ047,0,3498.8500000000004,0.0,0.0,3498.8500000000004,0.0,0.0,0.0,0.0,1.0
S0,R0,PZ047,1,3498.8500000000004,0.0,0.0,3498.8500000000004,0.0,0.0,0.0,0.0,1.0
S0,R0,PZ047,2,3148.9649999999997,0.0,0.0,3148.9649999999997,0.0,0.0,0.0,0.0,1.0
S0,R0,PZ047,3,2799.08,0.0,0.0,2799.08,0.0,0.0,0.0,0.0,1.0
S0,R0,PZ047,4,2449.195,0.0,0.0,2449.195,0.0,0.0,0.0,0.0,1.0
S0,R0,PZ047,5,1399.54,0.0,0.0,1399.54,0.0,0.0,0.0,0.0,1.0
S0,R0,PZ047,6,0.0,0.0,0.0,0.0,0.0,0.0,0.0,0.0,1.0
S0,R0,PZ047,7,0.0,0.0,0.0,0.0,0.0,0.0,0.0,0.0,1.0
S0,R0,PZ047,8,0.0,0.0,0.0,0.0,0.0,0.0,0.0,0.0,1.0
S0,R0,PZ047,9,0.0,0.0,0.0,0.0,0.0,0.0,0.0,0.0,1.0
S0,R0,PZ047,10,0.0,0.0,0.0,0.0,0.0,0.0,0.0,0.0,1.0
S0,R0,PZ047,11,0.0,0.0,0.0,0.0,0.0,0.0,0.0,0.0,1.0
S0,R0,PZ047,12,0.0,0.0,0.0,0.0,0.0,0.0,0.0,0.0,1.0
S0,R0,PZ047,13,0.0,0.0,0.0,0.0,0.0,0.0,0.0,0.0,1.0
S0,R0,PZ047,14,0.0,0.0,0.0,0.0,0.0,0.0,0.0,0.0,1.0
S0,R0,PZ047,15,0.0,0.0,0.0,0.0,0.0,0.0,0.0,0.0,1.0
S0,R0,PZ047,16,0.0,0.0,0.0,0.0,0.0,0.0,0.0,0.0,1.0
S0,R0,PZ047,17,0.0,0.0,0.0,0.0,0.0,0.0,0.0,0.0,1.0
S0,R0,PZ047,18,1399.54,0.0,0.0,1399.54,0.0,0.0,0.0,0.0,1.0
S0,R0,PZ047,19,2799.08,0.0,0.0,2799.08,0.0,0.0,0.0,0.0,1.0
S0,R0,PZ047,20,4198.62,0.0,0.0,4198.62,0.0,0.0,0.0,0.0,1.0
S0,R0,PZ047,21,4548.505,0.0,0.0,4548.505,0.0,0.0,0.0,0.0,1.0
S0,R0,PZ047,22,3498.8500000000004,0.0,0.0,3498.8500000000004,0.0,0.0,0.0,0.0,1.0
S0,R0,PZ047,23,1749.4250000000002,0.0,0.0,1749.4250000000002,0.0,0.0,0.0,0.0,1.0
S0,R0,PZ048,0,4162.900000000001,0.0,0.0,4162.900000000001,0.0,0.0,0.0,0.0,1.0
S0,R0,PZ048,1,4162.900000000001,0.0,0.0,4162.900000000001,0.0,0.0,0.0,0.0,1.0
S0,R0,PZ048,2,3746.61,0.0,0.0,3746.61,0.0,0.0,0.0,0.0,1.0
S0,R0,PZ048,3,3330.32,0.0,0.0,3330.32,0.0,0.0,0.0,0.0,1.0
S0,R0,PZ048,4,2914.03,0.0,0.0,2914.03,0.0,0.0,0.0,0.0,1.0
S0,R0,PZ048,5,1665.16,0.0,0.0,1665.16,0.0,0.0,0.0,0.0,1.0
S0,R0,PZ048,6,0.0,0.0,0.0,0.0,0.0,0.0,0.0,0.0,1.0
S0,R0,PZ048,7,0.0,0.0,0.0,0.0,0.0,0.0,0.0,0.0,1.0
S0,R0,PZ048,8,0.0,0.0,0.0,0.0,0.0,0.0,0.0,0.0,1.0
S0,R0,PZ048,9,0.0,0.0,0.0,0.0,0.0,0.0,0.0,0.0,1.0
S0,R0,PZ048,10,0.0,0.0,0.0,0.0,0.0,0.0,0.0,0.0,1.0
S0,R0,PZ048,11,0.0,0.0,0.0,0.0,0.0,0.0,0.0,0.0,1.0
S0,R0,PZ048,12,0.0,0.0,0.0,0.0,0.0,0.0,0.0,0.0,1.0
S0,R0,PZ048,13,0.0,0.0,0.0,0.0,0.0,0.0,0.0,0.0,1.0
S0,R0,PZ048,14,0.0,0.0,0.0,0.0,0.0,0.0,0.0,0.0,1.0
S0,R0,PZ048,15,0.0,0.0,0.0,0.0,0.0,0.0,0.0,0.0,1.0
S0,R0,PZ048,16,0.0,0.0,0.0,0.0,0.0,0.0,0.0,0.0,1.0
S0,R0,PZ048,17,0.0,0.0,0.0,0.0,0.0,0.0,0.0,0.0,1.0
S0,R0,PZ048,18,1665.16,0.0,0.0,1665.16,0.0,0.0,0.0,0.0,1.0
S0,R0,PZ048,19,3330.32,0.0,0.0,3330.32,0.0,0.0,0.0,0.0,1.0
S0,R0,PZ048,20,4995.48,0.0,0.0,4995.48,0.0,0.0,0.0,0.0,1.0
S0,R0,PZ048,21,5411.77,0.0,0.0,5411.77,0.0,0.0,0.0,0.0,1.0
S0,R0,PZ048,22,4162.900000000001,0.0,0.0,4162.900000000001,0.0,0.0,0.0,0.0,1.0
S0,R0,PZ048,23,2081.4500000000003,0.0,0.0,2081.4500000000003,0.0,0.0,0.0,0.0,1.0
S0,R0,PZ049,0,3806.65,0.0,0.0,3806.65,0.0,0.0,0.0,0.0,1.0
S0,R0,PZ049,1,3806.65,0.0,0.0,3806.65,0.0,0.0,0.0,0.0,1.0
S0,R0,PZ049,2,3425.9849999999997,0.0,0.0,3425.9849999999997,0.0,0.0,0.0,0.0,1.0
S0,R0,PZ049,3,3045.32,0.0,0.0,3045.32,0.0,0.0,0.0,0.0,1.0
S0,R0,PZ049,4,2664.655,0.0,0.0,2664.655,0.0,0.0,0.0,0.0,1.0
S0,R0,PZ049,5,1522.66,0.0,0.0,1522.66,0.0,0.0,0.0,0.0,1.0
S0,R0,PZ049,6,0.0,0.0,0.0,0.0,0.0,0.0,0.0,0.0,1.0
S0,R0,PZ049,7,0.0,0.0,0.0,0.0,0.0,0.0,0.0,0.0,1.0
S0,R0,PZ049,8,0.0,0.0,0.0,0.0,0.0,0.0,0.0,0.0,1.0
S0,R0,PZ049,9,0.0,0.0,0.0,0.0,0.0,0.0,0.0,0.0,1.0
S0,R0,PZ049,10,0.0,0.0,0.0,0.0,0.0,0.0,0.0,0.0,1.0
S0,R0,PZ049,11,0.0,0.0,0.0,0.0,0.0,0.0,0.0,0.0,1.0
S0,R0,PZ049,12,0.0,0.0,0.0,0.0,0.0,0.0,0.0,0.0,1.0
S0,R0,PZ049,13,0.0,0.0,0.0,0.0,0.0,0.0,0.0,0.0,1.0
S0,R0,PZ049,14,0.0,0.0,0.0,0.0,0.0,0.0,0.0,0.0,1.0
S0,R0,PZ049,15,0.0,0.0,0.0,0.0,0.0,0.0,0.0,0.0,1.0
S0,R0,PZ049,16,0.0,0.0,0.0,0.0,0.0,0.0,0.0,0.0,1.0
S0,R0,PZ049,17,0.0,0.0,0.0,0.0,0.0,0.0,0.0,0.0,1.0
S0,R0,PZ049,18,1522.66,0.0,0.0,1522.66,0.0,0.0,0.0,0.0,1.0
S0,R0,PZ049,19,3045.32,0.0,0.0,3045.32,0.0,0.0,0.0,0.0,1.0
S0,R0,PZ049,20,4567.98,0.0,0.0,4567.98,0.0,0.0,0.0,0.0,1.0
S0,R0,PZ049,21,4948.645,0.0,0.0,4948.645,0.0,0.0,0.0,0.0,1.0
S0,R0,PZ049,22,3806.65,0.0,0.0,3806.65,0.0,0.0,0.0,0.0,1.0
S0,R0,PZ049,23,1903.325,0.0,0.0,1903.325,0.0,0.0,0.0,0.0,1.0
S0,R0,PZ050,0,4665.45,0.0,0.0,4665.45,0.0,0.0,0.0,0.0,1.0
S0,R0,PZ050,1,4665.45,0.0,0.0,4665.45,0.0,0.0,0.0,0.0,1.0
S0,R0,PZ050,2,4198.905,0.0,0.0,4198.905,0.0,0.0,0.0,0.0,1.0
S0,R0,PZ050,3,3732.36,0.0,0.0,3732.36,0.0,0.0,0.0,0.0,1.0
S0,R0,PZ050,4,3265.8150000000005,0.0,0.0,3265.8150000000005,0.0,0.0,0.0,0.0,1.0
S0,R0,PZ050,5,1866.18,0.0,0.0,1866.18,0.0,0.0,0.0,0.0,1.0
S0,R0,PZ050,6,0.0,0.0,0.0,0.0,0.0,0.0,0.0,0.0,1.0
S0,R0,PZ050,7,0.0,0.0,0.0,0.0,0.0,0.0,0.0,0.0,1.0
S0,R0,PZ050,8,0.0,0.0,0.0,0.0,0.0,0.0,0.0,0.0,1.0
S0,R0,PZ050,9,0.0,0.0,0.0,0.0,0.0,0.0,0.0,0.0,1.0
S0,R0,PZ050,10,0.0,0.0,0.0,0.0,0.0,0.0,0.0,0.0,1.0
S0,R0,PZ050,11,0.0,0.0,0.0,0.0,0.0,0.0,0.0,0.0,1.0
S0,R0,PZ050,12,0.0,0.0,0.0,0.0,0.0,0.0,0.0,0.0,1.0
S0,R0,PZ050,13,0.0,0.0,0.0,0.0,0.0,0.0,0.0,0.0,1.0
S0,R0,PZ050,14,0.0,0.0,0.0,0.0,0.0,0.0,0.0,0.0,1.0
S0,R0,PZ050,15,0.0,0.0,0.0,0.0,0.0,0.0,0.0,0.0,1.0
S0,R0,PZ050,16,0.0,0.0,0.0,0.0,0.0,0.0,0.0,0.0,1.0
S0,R0,PZ050,17,0.0,0.0,0.0,0.0,0.0,0.0,0.0,0.0,1.0
S0,R0,PZ050,18,1866.18,0.0,0.0,1866.18,0.0,0.0,0.0,0.0,1.0
S0,R0,PZ050,19,3732.36,0.0,0.0,3732.36,0.0,0.0,0.0,0.0,1.0
S0,R0,PZ050,20,5598.54,0.0,0.0,5598.54,0.0,0.0,0.0,0.0,1.0
S0,R0,PZ050,21,6065.085,0.0,0.0,6065.085,0.0,0.0,0.0,0.0,1.0
S0,R0,PZ050,22,4665.45,0.0,0.0,4665.45,0.0,0.0,0.0,0.0,1.0
S0,R0,PZ050,23,2332.725,0.0,0.0,2332.725,0.0,0.0,0.0,0.0,1.0
S0,R0,PZ052,0,4079.3,0.0,0.0,4079.3,0.0,0.0,0.0,0.0,1.0
S0,R0,PZ052,1,4079.3,0.0,0.0,4079.3,0.0,0.0,0.0,0.0,1.0
S0,R0,PZ052,2,3671.37,0.0,0.0,3671.37,0.0,0.0,0.0,0.0,1.0
S0,R0,PZ052,3,3263.44,0.0,0.0,3263.44,0.0,0.0,0.0,0.0,1.0
S0,R0,PZ052,4,2855.51,0.0,0.0,2855.51,0.0,0.0,0.0,0.0,1.0
S0,R0,PZ052,5,1631.72,0.0,0.0,1631.72,0.0,0.0,0.0,0.0,1.0
S0,R0,PZ052,6,0.0,0.0,0.0,0.0,0.0,0.0,0.0,0.0,1.0
S0,R0,PZ052,7,0.0,0.0,0.0,0.0,0.0,0.0,0.0,0.0,1.0
S0,R0,PZ052,8,0.0,0.0,0.0,0.0,0.0,0.0,0.0,0.0,1.0
S0,R0,PZ052,9,0.0,0.0,0.0,0.0,0.0,0.0,0.0,0.0,1.0
S0,R0,PZ052,10,0.0,0.0,0.0,0.0,0.0,0.0,0.0,0.0,1.0
S0,R0,PZ052,11,0.0,0.0,0.0,0.0,0.0,0.0,0.0,0.0,1.0
S0,R0,PZ052,12,0.0,0.0,0.0,0.0,0.0,0.0,0.0,0.0,1.0
S0,R0,PZ052,13,0.0,0.0,0.0,0.0,0.0,0.0,0.0,0.0,1.0
S0,R0,PZ052,14,0.0,0.0,0.0,0.0,0.0,0.0,0.0,0.0,1.0
S0,R0,PZ052,15,0.0,0.0,0.0,0.0,0.0,0.0,0.0,0.0,1.0
S0,R0,PZ052,16,0.0,0.0,0.0,0.0,0.0,0.0,0.0,0.0,1.0
S0,R0,PZ052,17,0.0,0.0,0.0,0.0,0.0,0.0,0.0,0.0,1.0
S0,R0,PZ052,18,1631.72,0.0,0.0,1631.72,0.0,0.0,0.0,0.0,1.0
S0,R0,PZ052,19,3263.44,0.0,0.0,3263.44,0.0,0.0,0.0,0.0,1.0
S0,R0,PZ052,20,4895.16,0.0,0.0,4895.16,0.0,0.0,0.0,0.0,1.0
S0,R0,PZ052,21,5303.09,0.0,0.0,5303.09,0.0,0.0,0.0,0.0,1.0
S0,R0,PZ052,22,4079.3,0.0,0.0,4079.3,0.0,0.0,0.0,0.0,1.0
S0,R0,PZ052,23,2039.65,0.0,0.0,2039.65,0.0,0.0,0.0,0.0,1.0
S1,R0,PZ001,0,1565.1999999999998,0.0,0.0,1565.1999999999998,0.0,0.0,0.0,0.0,1.0
S1,R0,PZ001,1,1565.1999999999998,0.0,0.0,1565.1999999999998,0.0,0.0,0.0,0.0,1.0
S1,R0,PZ001,2,1565.1999999999998,0.0,0.0,1565.1999999999998,0.0,0.0,0.0,0.0,1.0
S1,R0,PZ001,3,1565.1999999999998,0.0,0.0,1565.1999999999998,0.0,0.0,0.0,0.0,1.0
S1,R0,PZ001,4,1565.1999999999998,0.0,0.0,1565.1999999999998,0.0,0.0,0.0,0.0,1.0
S1,R0,PZ001,5,1565.1999999999998,0.0,0.0,1565.1999999999998,0.0,0.0,0.0,0.0,1.0
S1,R0,PZ001,6,0.0,0.0,0.0,0.0,0.0,0.0,0.0,0.0,1.0
S1,R0,PZ001,7,0.0,0.0,0.0,0.0,0.0,0.0,0.0,0.0,1.0
S1,R0,PZ001,8,0.0,0.0,0.0,0.0,0.0,0.0,0.0,0.0,1.0
S1,R0,PZ001,9,0.0,0.0,0.0,0.0,0.0,0.0,0.0,0.0,1.0
S1,R0,PZ001,10,1565.1999999999998,0.0,0.0,1565.1999999999998,0.0,0.0,0.0,0.0,1.0
S1,R0,PZ001,11,1565.1999999999998,0.0,0.0,1565.1999999999998,0.0,0.0,0.0,0.0,1.0
S1,R0,PZ001,12,1565.199999999998,0.0,0.0,1565.199999999998,0.0,0.0,0.0,0.0,1.0
S1,R0,PZ001,13,1565.2,0.0,0.0,1565.2,0.0,0.0,0.0,0.0,1.0
S1,R0,PZ001,14,1565.1999999999998,0.0,0.0,1565.1999999999998,0.0,0.0,0.0,0.0,1.0
S1,R0,PZ001,15,1565.1999999999996,0.0,0.0,1565.1999999999996,0.0,0.0,0.0,0.0,1.0
S1,R0,PZ001,16,0.0,0.0,0.0,0.0,0.0,0.0,0.0,0.0,1.0
S1,R0,PZ001,17,0.0,0.0,0.0,0.0,0.0,0.0,0.0,0.0,1.0
S1,R0,PZ001,18,0.0,0.0,0.0,0.0,0.0,0.0,0.0,0.0,1.0
S1,R0,PZ001,19,0.0,0.0,0.0,0.0,0.0,0.0,0.0,0.0,1.0
S1,R0,PZ001,20,0.0,0.0,0.0,0.0,0.0,0.0,0.0,0.0,1.0
S1,R0,PZ001,21,1565.1999999999998,0.0,0.0,1565.1999999999998,0.0,0.0,0.0,0.0,1.0
S1,R0,PZ001,22,1565.2,0.0,0.0,1565.2,0.0,0.0,0.0,0.0,1.0
S1,R0,PZ001,23,1565.1999999999998,0.0,0.0,1565.1999999999998,0.0,0.0,0.0,0.0,1.0
S1,R0,PZ006,0,223.6,0.0,0.0,223.6,0.0,0.0,0.0,0.0,1.0
S1,R0,PZ006,1,223.6,0.0,0.0,223.6,0.0,0.0,0.0,0.0,1.0
S1,R0,PZ006,2,223.6,0.0,0.0,223.6,0.0,0.0,0.0,0.0,1.0
S1,R0,PZ006,3,223.6,0.0,0.0,223.6,0.0,0.0,0.0,0.0,1.0
S1,R0,PZ006,4,223.6,0.0,0.0,223.6,0.0,0.0,0.0,0.0,1.0
S1,R0,PZ006,5,223.6,0.0,0.0,223.6,0.0,0.0,0.0,0.0,1.0
S1,R0,PZ006,6,0.0,0.0,0.0,0.0,0.0,0.0,0.0,0.0,1.0
S1,R0,PZ006,7,0.0,0.0,0.0,0.0,0.0,0.0,0.0,0.0,1.0
S1,R0,PZ006,8,0.0,0.0,0.0,0.0,0.0,0.0,0.0,0.0,1.0
S1,R0,PZ006,9,0.0,0.0,0.0,0.0,0.0,0.0,0.0,0.0,1.0
S1,R0,PZ006,10,223.60000000000062,0.0,0.0,223.60000000000062,0.0,0.0,0.0,0.0,1.0
S1,R0,PZ006,11,223.6,0.0,0.0,223.6,0.0,0.0,0.0,0.0,1.0
S1,R0,PZ006,12,223.6,0.0,0.0,223.6,0.0,0.0,0.0,0.0,1.0
S1,R0,PZ006,13,223.6,0.0,0.0,223.6,0.0,0.0,0.0,0.0,1.0
S1,R0,PZ006,14,223.6,0.0,0.0,223.6,0.0,0.0,0.0,0.0,1.0
S1,R0,PZ006,15,223.60000000000016,0.0,0.0,223.60000000000016,0.0,0.0,0.0,0.0,1.0
S1,R0,PZ006,16,0.0,0.0,0.0,0.0,0.0,0.0,0.0,0.0,1.0
S1,R0,PZ006,17,0.0,0.0,0.0,0.0,0.0,0.0,0.0,0.0,1.0
S1,R0,PZ006,18,0.0,0.0,0.0,0.0,0.0,0.0,0.0,0.0,1.0
S1,R0,PZ006,19,0.0,0.0,0.0,0.0,0.0,0.0,0.0,0.0,1.0
S1,R0,PZ006,20,0.0,0.0,0.0,0.0,0.0,0.0,0.0,0.0,1.0
S1,R0,PZ006,21,223.6,0.0,0.0,223.6,0.0,0.0,0.0,0.0,1.0
S1,R0,PZ006,22,223.6,0.0,0.0,223.6,0.0,0.0,0.0,0.0,1.0
S1,R0,PZ006,23,223.6,0.0,0.0,223.6,0.0,0.0,0.0,0.0,1.0
S1,R0,PZ039,0,1733.4375,0.0,0.0,1733.4375,0.0,0.0,0.0,0.0,1.0
S1,R0,PZ039,1,1733.4375,0.0,0.0,1733.4375,0.0,0.0,0.0,0.0,1.0
S1,R0,PZ039,2,1733.4375,0.0,0.0,1733.4375,0.0,0.0,0.0,0.0,1.0
S1,R0,PZ039,3,1733.4375,0.0,0.0,1733.4375,0.0,0.0,0.0,0.0,1.0
S1,R0,PZ039,4,1733.4375,0.0,0.0,1733.4375,0.0,0.0,0.0,0.0,1.0
S1,R0,PZ039,5,1733.4375,0.0,0.0,1733.4375,0.0,0.0,0.0,0.0,1.0
S1,R0,PZ039,6,0.0,0.0,0.0,0.0,0.0,0.0,0.0,0.0,1.0
S1,R0,PZ039,7,0.0,0.0,0.0,0.0,0.0,0.0,0.0,0.0,1.0
S1,R0,PZ039,8,0.0,0.0,0.0,0.0,0.0,0.0,0.0,0.0,1.0
S1,R0,PZ039,9,1733.4375,0.0,0.0,1733.4375,0.0,0.0,0.0,0.0,1.0
S1,R0,PZ039,10,1733.4375,0.0,0.0,1733.4375,0.0,0.0,0.0,0.0,1.0
S1,R0,PZ039,11,1733.4375,0.0,0.0,1733.4375,0.0,0.0,0.0,0.0,1.0
S1,R0,PZ039,12,1733.4375,0.0,0.0,1733.4375,0.0,0.0,0.0,0.0,1.0
S1,R0,PZ039,13,1733.4375,0.0,0.0,1733.4375,0.0,0.0,0.0,0.0,1.0
S1,R0,PZ039,14,1733.4375,0.0,0.0,1733.4375,0.0,0.0,0.0,0.0,1.0
S1,R0,PZ039,15,1733.4374999999998,0.0,0.0,1733.4374999999998,0.0,0.0,0.0,0.0,1.0
S1,R0,PZ039,16,0.0,0.0,0.0,0.0,0.0,0.0,0.0,0.0,1.0
S1,R0,PZ039,17,0.0,0.0,0.0,0.0,0.0,0.0,0.0,0.0,1.0
S1,R0,PZ039,18,0.0,0.0,0.0,0.0,0.0,0.0,0.0,0.0,1.0
S1,R0,PZ039,19,0.0,0.0,0.0,0.0,0.0,0.0,0.0,0.0,1.0
S1,R0,PZ039,20,0.0,0.0,0.0,0.0,0.0,0.0,0.0,0.0,1.0
S1,R0,PZ039,21,1733.4375,0.0,0.0,1733.4375,0.0,0.0,0.0,0.0,1.0
S1,R0,PZ039,22,1733.4375,0.0,0.0,1733.4375,0.0,0.0,0.0,0.0,1.0
S1,R0,PZ039,23,1733.4375,0.0,0.0,1733.4375,0.0,0.0,0.0,0.0,1.0
S1,R0,PZ040,0,1930.3999999999999,0.0,0.0,1930.3999999999999,0.0,0.0,0.0,0.0,1.0
S1,R0,PZ040,1,1930.3999999999999,0.0,0.0,1930.3999999999999,0.0,0.0,0.0,0.0,1.0
S1,R0,PZ040,2,1930.3999999999999,0.0,0.0,1930.3999999999999,0.0,0.0,0.0,0.0,1.0
S1,R0,PZ040,3,1930.3999999999999,0.0,0.0,1930.3999999999999,0.0,0.0,0.0,0.0,1.0
S1,R0,PZ040,4,1930.3999999999999,0.0,0.0,1930.3999999999999,0.0,0.0,0.0,0.0,1.0
S1,R0,PZ040,5,1930.3999999999999,0.0,0.0,1930.3999999999999,0.0,0.0,0.0,0.0,1.0
S1,R0,PZ040,6,0.0,0.0,0.0,0.0,0.0,0.0,0.0,0.0,1.0
S1,R0,PZ040,7,0.0,0.0,0.0,0.0,0.0,0.0,0.0,0.0,1.0
S1,R0,PZ040,8,0.0,0.0,0.0,0.0,0.0,0.0,0.0,0.0,1.0
S1,R0,PZ040,9,0.0,0.0,0.0,0.0,0.0,0.0,0.0,0.0,1.0
S1,R0,PZ040,10,1930.3999999999921,0.0,0.0,1930.3999999999921,0.0,0.0,0.0,0.0,1.0
S1,R0,PZ040,11,1930.3999999999999,0.0,0.0,1930.3999999999999,0.0,0.0,0.0,0.0,1.0
S1,R0,PZ040,12,1930.3999999999999,0.0,0.0,1930.3999999999999,0.0,0.0,0.0,0.0,1.0
S1,R0,PZ040,13,1930.3999999999999,0.0,0.0,1930.3999999999999,0.0,0.0,0.0,0.0,1.0
S1,R0,PZ040,14,1930.3999999999999,0.0,0.0,1930.3999999999999,0.0,0.0,0.0,0.0,1.0
S1,R0,PZ040,15,1930.4000000000012,0.0,0.0,1930.4000000000012,0.0,0.0,0.0,0.0,1.0
S1,R0,PZ040,16,0.0,0.0,0.0,0.0,0.0,0.0,0.0,0.0,1.0
S1,R0,PZ040,17,0.0,0.0,0.0,0.0,0.0,0.0,0.0,0.0,1.0
S1,R0,PZ040,18,0.0,0.0,0.0,0.0,0.0,0.0,0.0,0.0,1.0
S1,R0,PZ040,19,0.0,0.0,0.0,0.0,0.0,0.0,0.0,0.0,1.0
S1,R0,PZ040,20,0.0,0.0,0.0,0.0,0.0,0.0,0.0,0.0,1.0
S1,R0,PZ040,21,1930.4,0.0,0.0,1930.4,0.0,0.0,0.0,0.0,1.0
S1,R0,PZ040,22,1930.3999999999999,0.0,0.0,1930.3999999999999,0.0,0.0,0.0,0.0,1.0
S1,R0,PZ040,23,1930.3999999999999,0.0,0.0,1930.3999999999999,0.0,0.0,0.0,0.0,1.0
S1,R0,PZ041,0,1977.3676470588234,0.0,0.0,1977.3676470588234,0.0,0.0,0.0,0.0,1.0
S1,R0,PZ041,1,1977.3676470588234,0.0,0.0,1977.3676470588234,0.0,0.0,0.0,0.0,1.0
S1,R0,PZ041,2,1977.3676470588234,0.0,0.0,1977.3676470588234,0.0,0.0,0.0,0.0,1.0
S1,R0,PZ041,3,1977.3676470588234,0.0,0.0,1977.3676470588234,0.0,0.0,0.0,0.0,1.0
S1,R0,PZ041,4,1977.3676470588234,0.0,0.0,1977.3676470588234,0.0,0.0,0.0,0.0,1.0
S1,R0,PZ041,5,1977.3676470588234,0.0,0.0,1977.3676470588234,0.0,0.0,0.0,0.0,1.0
S1,R0,PZ041,6,0.0,0.0,0.0,0.0,0.0,0.0,0.0,0.0,1.0
S1,R0,PZ041,7,0.0,0.0,0.0,0.0,0.0,0.0,0.0,0.0,1.0
S1,R0,PZ041,8,0.0,0.0,0.0,0.0,0.0,0.0,0.0,0.0,1.0
S1,R0,PZ041,9,0.0,0.0,0.0,0.0,0.0,0.0,0.0,0.0,1.0
S1,R0,PZ041,10,1977.3676470588234,0.0,0.0,1977.3676470588234,0.0,0.0,0.0,0.0,1.0
S1,R0,PZ041,11,1977.3676470588234,0.0,0.0,1977.3676470588234,0.0,0.0,0.0,0.0,1.0
S1,R0,PZ041,12,1977.3676470588107,0.0,0.0,1977.3676470588107,0.0,0.0,0.0,0.0,1.0
S1,R0,PZ041,13,1977.3676470588234,0.0,0.0,1977.3676470588234,0.0,0.0,0.0,0.0,1.0
S1,R0,PZ041,14,1977.3676470588234,0.0,0.0,1977.3676470588234,0.0,0.0,0.0,0.0,1.0
S1,R0,PZ041,15,1977.3676470588234,0.0,0.0,1977.3676470588234,0.0,0.0,0.0,0.0,1.0
S1,R0,PZ041,16,1977.3676470588234,0.0,0.0,1977.3676470588234,0.0,0.0,0.0,0.0,1.0
S1,R0,PZ041,17,1977.3676470588234,0.0,0.0,1977.3676470588234,0.0,0.0,0.0,0.0,1.0
S1,R0,PZ041,18,0.0,0.0,0.0,0.0,0.0,0.0,0.0,0.0,1.0
S1,R0,PZ041,19,0.0,0.0,0.0,0.0,0.0,0.0,0.0,0.0,1.0
S1,R0,PZ041,20,0.0,0.0,0.0,0.0,0.0,0.0,0.0,0.0,1.0
S1,R0,PZ041,21,1977.3676470588234,0.0,0.0,1977.3676470588234,0.0,0.0,0.0,0.0,1.0
S1,R0,PZ041,22,1977.3676470588234,0.0,0.0,1977.3676470588234,0.0,0.0,0.0,0.0,1.0
S1,R0,PZ041,23,1977.3676470588234,0.0,0.0,1977.3676470588234,0.0,0.0,0.0,0.0,1.0
S1,R0,PZ047,0,2332.5666666666666,0.0,0.0,2332.5666666666666,0.0,0.0,0.0,0.0,1.0
S1,R0,PZ047,1,2332.5666666666666,0.0,0.0,2332.5666666666666,0.0,0.0,0.0,0.0,1.0
S1,R0,PZ047,2,2332.5666666666666,0.0,0.0,2332.5666666666666,0.0,0.0,0.0,0.0,1.0
S1,R0,PZ047,3,2332.5666666666666,0.0,0.0,2332.5666666666666,0.0,0.0,0.0,0.0,1.0
S1,R0,PZ047,4,2332.5666666666666,0.0,0.0,2332.5666666666666,0.0,0.0,0.0,0.0,1.0
S1,R0,PZ047,5,2332.5666666666666,0.0,0.0,2332.5666666666666,0.0,0.0,0.0,0.0,1.0
S1,R0,PZ047,6,0.0,0.0,0.0,0.0,0.0,0.0,0.0,0.0,1.0
S1,R0,PZ047,7,0.0,0.0,0.0,0.0,0.0,0.0,0.0,0.0,1.0
S1,R0,PZ047,8,0.0,0.0,0.0,0.0,0.0,0.0,0.0,0.0,1.0
S1,R0,PZ047,9,0.0,0.0,0.0,0.0,0.0,0.0,0.0,0.0,1.0
S1,R0,PZ047,10,2332.566666666674,0.0,0.0,2332.566666666674,0.0,0.0,0.0,0.0,1.0
S1,R0,PZ047,11,2332.5666666666666,0.0,0.0,2332.5666666666666,0.0,0.0,0.0,0.0,1.0
S1,R0,PZ047,12,2332.5666666666666,0.0,0.0,2332.5666666666666,0.0,0.0,0.0,0.0,1.0
S1,R0,PZ047,13,2332.5666666666666,0.0,0.0,2332.5666666666666,0.0,0.0,0.0,0.0,1.0
S1,R0,PZ047,14,2332.5666666666666,0.0,0.0,2332.5666666666666,0.0,0.0,0.0,0.0,1.0
S1,R0,PZ047,15,2332.5666666666702,0.0,0.0,2332.5666666666702,0.0,0.0,0.0,0.0,1.0
S1,R0,PZ047,16,0.0,0.0,0.0,0.0,0.0,0.0,0.0,0.0,1.0
S1,R0,PZ047,17,0.0,0.0,0.0,0.0,0.0,0.0,0.0,0.0,1.0
S1,R0,PZ047,18,0.0,0.0,0.0,0.0,0.0,0.0,0.0,0.0,1.0
S1,R0,PZ047,19,0.0,0.0,0.0,0.0,0.0,0.0,0.0,0.0,1.0
S1,R0,PZ047,20,0.0,0.0,0.0,0.0,0.0,0.0,0.0,0.0,1.0
S1,R0,PZ047,21,2332.5666666666666,0.0,0.0,2332.5666666666666,0.0,0.0,0.0,0.0,1.0
S1,R0,PZ047,22,2332.5666666666666,0.0,0.0,2332.5666666666666,0.0,0.0,0.0,0.0,1.0
S1,R0,PZ047,23,2332.5666666666666,0.0,0.0,2332.5666666666666,0.0,0.0,0.0,0.0,1.0
S1,R0,PZ048,0,2775.2666666666664,0.0,0.0,2775.2666666666664,0.0,0.0,0.0,0.0,1.0
S1,R0,PZ048,1,2775.2666666666664,0.0,0.0,2775.2666666666664,0.0,0.0,0.0,0.0,1.0
S1,R0,PZ048,2,2775.2666666666664,0.0,0.0,2775.2666666666664,0.0,0.0,0.0,0.0,1.0
S1,R0,PZ048,3,2775.2666666666664,0.0,0.0,2775.2666666666664,0.0,0.0,0.0,0.0,1.0
S1,R0,PZ048,4,2775.2666666666664,0.0,0.0,2775.2666666666664,0.0,0.0,0.0,0.0,1.0
S1,R0,PZ048,5,2775.2666666666664,0.0,0.0,2775.2666666666664,0.0,0.0,0.0,0.0,1.0
S1,R0,PZ048,6,0.0,0.0,0.0,0.0,0.0,0.0,0.0,0.0,1.0
S1,R0,PZ048,7,0.0,0.0,0.0,0.0,0.0,0.0,0.0,0.0,1.0
S1,R0,PZ048,8,0.0,0.0,0.0,0.0,0.0,0.0,0.0,0.0,1.0
S1,R0,PZ048,9,0.0,0.0,0.0,0.0,0.0,0.0,0.0,0.0,1.0
S1,R0,PZ048,10,2775.2666666666664,0.0,0.0,2775.2666666666664,0.0,0.0,0.0,0.0,1.0
S1,R0,PZ048,11,2775.2666666666664,0.0,0.0,2775.2666666666664,0.0,0.0,0.0,0.0,1.0
S1,R0,PZ048,12,2775.2666666666664,0.0,0.0,2775.2666666666664,0.0,0.0,0.0,0.0,1.0
S1,R0,PZ048,13,2775.2666666666664,0.0,0.0,2775.2666666666664,0.0,0.0,0.0,0.0,1.0
S1,R0,PZ048,14,2775.2666666666664,0.0,0.0,2775.2666666666664,0.0,0.0,0.0,0.0,1.0
S1,R0,PZ048,15,2775.2666666666664,0.0,0.0,2775.2666666666664,0.0,0.0,0.0,0.0,1.0
S1,R0,PZ048,16,0.0,0.0,0.0,0.0,0.0,0.0,0.0,0.0,1.0
S1,R0,PZ048,17,0.0,0.0,0.0,0.0,0.0,0.0,0.0,0.0,1.0
S1,R0,PZ048,18,0.0,0.0,0.0,0.0,0.0,0.0,0.0,0.0,1.0
S1,R0,PZ048,19,0.0,0.0,0.0,0.0,0.0,0.0,0.0,0.0,1.0
S1,R0,PZ048,20,0.0,0.0,0.0,0.0,0.0,0.0,0.0,0.0,1.0
S1,R0,PZ048,21,2775.266666666667,0.0,0.0,2775.266666666667,0.0,0.0,0.0,0.0,1.0
S1,R0,PZ048,22,2775.266666666667,0.0,0.0,2775.266666666667,0.0,0.0,0.0,0.0,1.0
S1,R0,PZ048,23,2775.2666666666664,0.0,0.0,2775.2666666666664,0.0,0.0,0.0,0.0,1.0
S1,R0,PZ049,0,2537.7666666666632,0.0,0.0,2537.7666666666632,0.0,0.0,0.0,0.0,1.0
S1,R0,PZ049,1,2537.766666666666,0.0,0.0,2537.766666666666,0.0,0.0,0.0,0.0,1.0
S1,R0,PZ049,2,2537.766666666666,0.0,0.0,2537.766666666666,0.0,0.0,0.0,0.0,1.0
S1,R0,PZ049,3,2537.766666666666,0.0,0.0,2537.766666666666,0.0,0.0,0.0,0.0,1.0
S1,R0,PZ049,4,2537.766666666666,0.0,0.0,2537.766666666666,0.0,0.0,0.0,0.0,1.0
S1,R0,PZ049,5,2537.766666666666,0.0,0.0,2537.766666666666,0.0,0.0,0.0,0.0,1.0
S1,R0,PZ049,6,0.0,0.0,0.0,0.0,0.0,0.0,0.0,0.0,1.0
S1,R0,PZ049,7,0.0,0.0,0.0,0.0,0.0,0.0,0.0,0.0,1.0
S1,R0,PZ049,8,0.0,0.0,0.0,0.0,0.0,0.0,0.0,0.0,1.0
S1,R0,PZ049,9,0.0,0.0,0.0,0.0,0.0,0.0,0.0,0.0,1.0
S1,R0,PZ049,10,2537.766666666666,0.0,0.0,2537.766666666666,0.0,0.0,0.0,0.0,1.0
S1,R0,PZ049,11,2537.766666666666,0.0,0.0,2537.766666666666,0.0,0.0,0.0,0.0,1.0
S1,R0,PZ049,12,2537.766666666667,0.0,0.0,2537.766666666667,0.0,0.0,0.0,0.0,1.0
S1,R0,PZ049,13,2537.766666666666,0.0,0.0,2537.766666666666,0.0,0.0,0.0,0.0,1.0
S1,R0,PZ049,14,2537.766666666667,0.0,0.0,2537.766666666667,0.0,0.0,0.0,0.0,1.0
S1,R0,PZ049,15,2537.766666666667,0.0,0.0,2537.766666666667,0.0,0.0,0.0,0.0,1.0
S1,R0,PZ049,16,0.0,0.0,0.0,0.0,0.0,0.0,0.0,0.0,1.0
S1,R0,PZ049,17,0.0,0.0,0.0,0.0,0.0,0.0,0.0,0.0,1.0
S1,R0,PZ049,18,0.0,0.0,0.0,0.0,0.0,0.0,0.0,0.0,1.0
S1,R0,PZ049,19,0.0,0.0,0.0,0.0,0.0,0.0,0.0,0.0,1.0
S1,R0,PZ049,20,0.0,0.0,0.0,0.0,0.0,0.0,0.0,0.0,1.0
S1,R0,PZ049,21,2537.7666666666664,0.0,0.0,2537.7666666666664,0.0,0.0,0.0,0.0,1.0
S1,R0,PZ049,22,2537.766666666667,0.0,0.0,2537.766666666667,0.0,0.0,0.0,0.0,1.0
S1,R0,PZ049,23,2537.766666666666,0.0,0.0,2537.766666666666,0.0,0.0,0.0,0.0,1.0
S1,R0,PZ050,0,3110.2999999999997,0.0,0.0,3110.2999999999997,0.0,0.0,0.0,0.0,1.0
S1,R0,PZ050,1,3110.2999999999997,0.0,0.0,3110.2999999999997,0.0,0.0,0.0,0.0,1.0
S1,R0,PZ050,2,3110.2999999999997,0.0,0.0,3110.2999999999997,0.0,0.0,0.0,0.0,1.0
S1,R0,PZ050,3,3110.2999999999997,0.0,0.0,3110.2999999999997,0.0,0.0,0.0,0.0,1.0
S1,R0,PZ050,4,3110.2999999999997,0.0,0.0,3110.2999999999997,0.0,0.0,0.0,0.0,1.0
S1,R0,PZ050,5,3110.2999999999997,0.0,0.0,3110.2999999999997,0.0,0.0,0.0,0.0,1.0
S1,R0,PZ050,6,0.0,0.0,0.0,0.0,0.0,0.0,0.0,0.0,1.0
S1,R0,PZ050,7,0.0,0.0,0.0,0.0,0.0,0.0,0.0,0.0,1.0
S1,R0,PZ050,8,0.0,0.0,0.0,0.0,0.0,0.0,0.0,0.0,1.0
S1,R0,PZ050,9,0.0,0.0,0.0,0.0,0.0,0.0,0.0,0.0,1.0
S1,R0,PZ050,10,3110.2999999999915,0.0,0.0,3110.2999999999915,0.0,0.0,0.0,0.0,1.0
S1,R0,PZ050,11,3110.2999999999997,0.0,0.0,3110.2999999999997,0.0,0.0,0.0,0.0,1.0
S1,R0,PZ050,12,3110.2999999999997,0.0,0.0,3110.2999999999997,0.0,0.0,0.0,0.0,1.0
S1,R0,PZ050,13,3110.2999999999997,0.0,0.0,3110.2999999999997,0.0,0.0,0.0,0.0,1.0
S1,R0,PZ050,14,3110.2999999999997,0.0,0.0,3110.2999999999997,0.0,0.0,0.0,0.0,1.0
S1,R0,PZ050,15,3110.3000000000025,0.0,0.0,3110.3000000000025,0.0,0.0,0.0,0.0,1.0
S1,R0,PZ050,16,0.0,0.0,0.0,0.0,0.0,0.0,0.0,0.0,1.0
S1,R0,PZ050,17,0.0,0.0,0.0,0.0,0.0,0.0,0.0,0.0,1.0
S1,R0,PZ050,18,0.0,0.0,0.0,0.0,0.0,0.0,0.0,0.0,1.0
S1,R0,PZ050,19,0.0,0.0,0.0,0.0,0.0,0.0,0.0,0.0,1.0
S1,R0,PZ050,20,0.0,0.0,0.0,0.0,0.0,0.0,0.0,0.0,1.0
S1,R0,PZ050,21,3110.2999999999997,0.0,0.0,3110.2999999999997,0.0,0.0,0.0,0.0,1.0
S1,R0,PZ050,22,3110.2999999999997,0.0,0.0,3110.2999999999997,0.0,0.0,0.0,0.0,1.0
S1,R0,PZ050,23,3110.2999999999997,0.0,0.0,3110.2999999999997,0.0,0.0,0.0,0.0,1.0
S1,R0,PZ052,0,2719.5333333333333,0.0,0.0,2719.5333333333333,0.0,0.0,0.0,0.0,1.0
S1,R0,PZ052,1,2719.5333333333333,0.0,0.0,2719.5333333333333,0.0,0.0,0.0,0.0,1.0
S1,R0,PZ052,2,2719.5333333333333,0.0,0.0,2719.5333333333333,0.0,0.0,0.0,0.0,1.0
S1,R0,PZ052,3,2719.5333333333333,0.0,0.0,2719.5333333333333,0.0,0.0,0.0,0.0,1.0
S1,R0,PZ052,4,2719.5333333333333,0.0,0.0,2719.5333333333333,0.0,0.0,0.0,0.0,1.0
S1,R0,PZ052,5,2719.533333333336,0.0,0.0,2719.533333333336,0.0,0.0,0.0,0.0,1.0
S1,R0,PZ052,6,0.0,0.0,0.0,0.0,0.0,0.0,0.0,0.0,1.0
S1,R0,PZ052,7,0.0,0.0,0.0,0.0,0.0,0.0,0.0,0.0,1.0
S1,R0,PZ052,8,0.0,0.0,0.0,0.0,0.0,0.0,0.0,0.0,1.0
S1,R0,PZ052,9,0.0,0.0,0.0,0.0,0.0,0.0,0.0,0.0,1.0
S1,R0,PZ052,10,2719.5333333333333,0.0,0.0,2719.5333333333333,0.0,0.0,0.0,0.0,1.0
S1,R0,PZ052,11,2719.5333333333333,0.0,0.0,2719.5333333333333,0.0,0.0,0.0,0.0,1.0
S1,R0,PZ052,12,2719.5333333333333,0.0,0.0,2719.5333333333333,0.0,0.0,0.0,0.0,1.0
S1,R0,PZ052,13,2719.5333333333333,0.0,0.0,2719.5333333333333,0.0,0.0,0.0,0.0,1.0
S1,R0,PZ052,14,2719.533333333336,0.0,0.0,2719.533333333336,0.0,0.0,0.0,0.0,1.0
S1,R0,PZ052,15,2719.5333333333333,0.0,0.0,2719.5333333333333,0.0,0.0,0.0,0.0,1.0
S1,R0,PZ052,16,0.0,0.0,0.0,0.0,0.0,0.0,0.0,0.0,1.0
S1,R0,PZ052,17,0.0,0.0,0.0,0.0,0.0,0.0,0.0,0.0,1.0
S1,R0,PZ052,18,0.0,0.0,0.0,0.0,0.0,0.0,0.0,0.0,1.0
S1,R0,PZ052,19,0.0,0.0,0.0,0.0,0.0,0.0,0.0,0.0,1.0
S1,R0,PZ052,20,0.0,0.0,0.0,0.0,0.0,0.0,0.0,0.0,1.0
S1,R0,PZ052,21,2719.5333333333333,0.0,0.0,2719.5333333333333,0.0,0.0,0.0,0.0,1.0
S1,R0,PZ052,22,2719.5333333333333,0.0,0.0,2719.5333333333333,0.0,0.0,0.0,0.0,1.0
S1,R0,PZ052,23,2719.5333333333333,0.0,0.0,2719.5333333333333,0.0,0.0,0.0,0.0,1.0
S2,R1,PZ001,0,1565.2,0.0,0.0,1565.2,0.0,0.0,0.0,0.0,1.0
S2,R1,PZ001,1,1565.2,0.0,0.0,1565.2,0.0,0.0,0.0,0.0,1.0
S2,R1,PZ001,2,1565.2,0.0,0.0,1565.2,0.0,0.0,0.0,0.0,1.0
S2,R1,PZ001,3,1565.2,0.0,0.0,1565.2,0.0,0.0,0.0,0.0,1.0
S2,R1,PZ001,4,1565.2,0.0,0.0,1565.2,0.0,0.0,0.0,0.0,1.0
S2,R1,PZ001,5,1565.2,0.0,0.0,1565.2,0.0,0.0,0.0,0.0,1.0
S2,R1,PZ001,6,0.0,0.0,0.0,0.0,0.0,0.0,0.0,0.0,1.0
S2,R1,PZ001,7,0.0,0.0,0.0,0.0,0.0,0.0,0.0,0.0,1.0
S2,R1,PZ001,8,0.0,0.0,0.0,0.0,0.0,0.0,0.0,0.0,1.0
S2,R1,PZ001,9,0.0,0.0,0.0,0.0,0.0,0.0,0.0,0.0,1.0
S2,R1,PZ001,10,1565.2,0.0,0.0,1565.2,0.0,0.0,0.0,0.0,1.0
S2,R1,PZ001,11,1565.2,-0.0,0.0,1565.2,0.0,0.0,0.0,0.0,1.0
S2,R1,PZ001,12,1565.2,-0.0,0.0,1565.2,0.0,0.0,0.0,0.0,1.0
S2,R1,PZ001,13,1565.2,-0.0,0.0,1565.2,0.0,0.0,0.0,0.0,1.0
S2,R1,PZ001,14,1565.2,-0.0,0.0,1565.2,0.0,0.0,0.0,0.0,1.0
S2,R1,PZ001,15,1565.2,-0.0,0.0,1565.2,0.0,0.0,0.0,0.0,1.0
S2,R1,PZ001,16,0.0,0.0,0.0,0.0,0.0,0.0,0.0,0.0,1.0
S2,R1,PZ001,17,0.0,0.0,0.0,0.0,0.0,0.0,0.0,0.0,1.0
S2,R1,PZ001,18,0.0,-0.0,0.0,-0.0,0.0,0.0,0.0,0.0,1.0
S2,R1,PZ001,19,0.0,-0.0,0.0,-0.0,0.0,0.0,0.0,0.0,1.0
S2,R1,PZ001,20,0.0,-0.0,0.0,-0.0,0.0,0.0,0.0,0.0,1.0
S2,R1,PZ001,21,1565.2,-0.0,0.0,1565.2,0.0,0.0,0.0,0.0,1.0
S2,R1,PZ001,22,1565.2,-0.0,0.0,1565.2,0.0,0.0,0.0,0.0,1.0
S2,R1,PZ001,23,1565.2,0.0,0.0,1565.2,0.0,0.0,0.0,0.0,1.0
S2,R1,PZ006,0,223.6,0.0,0.0,223.6,0.0,0.0,0.0,0.0,1.0
S2,R1,PZ006,1,223.6,0.0,0.0,223.6,0.0,0.0,0.0,0.0,1.0
S2,R1,PZ006,2,223.6,0.0,0.0,223.6,0.0,0.0,0.0,0.0,1.0
S2,R1,PZ006,3,223.6,0.0,0.0,223.6,0.0,0.0,0.0,0.0,1.0
S2,R1,PZ006,4,223.6,0.0,0.0,223.6,0.0,0.0,0.0,0.0,1.0
S2,R1,PZ006,5,223.6,0.0,0.0,223.6,0.0,0.0,0.0,0.0,1.0
S2,R1,PZ006,6,0.0,0.0,0.0,0.0,0.0,0.0,0.0,0.0,1.0
S2,R1,PZ006,7,0.0,0.0,0.0,0.0,0.0,0.0,0.0,0.0,1.0
S2,R1,PZ006,8,0.0,0.0,0.0,0.0,0.0,0.0,0.0,0.0,1.0
S2,R1,PZ006,9,0.0,0.0,0.0,0.0,0.0,0.0,0.0,0.0,1.0
S2,R1,PZ006,10,223.6,0.0,0.0,223.6,0.0,0.0,0.0,0.0,1.0
S2,R1,PZ006,11,223.6,-0.0,0.0,223.6,0.0,0.0,0.0,0.0,1.0
S2,R1,PZ006,12,223.6,-0.0,0.0,223.6,0.0,0.0,0.0,0.0,1.0
S2,R1,PZ006,13,223.6,-0.0,0.0,223.6,0.0,0.0,0.0,0.0,1.0
S2,R1,PZ006,14,223.6,-0.0,0.0,223.6,0.0,0.0,0.0,0.0,1.0
S2,R1,PZ006,15,223.6,-0.0,0.0,223.6,0.0,0.0,0.0,0.0,1.0
S2,R1,PZ006,16,0.0,0.0,0.0,0.0,0.0,0.0,0.0,0.0,1.0
S2,R1,PZ006,17,0.0,0.0,0.0,0.0,0.0,0.0,0.0,0.0,1.0
S2,R1,PZ006,18,0.0,-0.0,0.0,-0.0,0.0,0.0,0.0,0.0,1.0
S2,R1,PZ006,19,0.0,-0.0,0.0,-0.0,0.0,0.0,0.0,0.0,1.0
S2,R1,PZ006,20,0.0,-0.0,0.0,-0.0,0.0,0.0,0.0,0.0,1.0
S2,R1,PZ006,21,223.6,-0.0,0.0,223.6,0.0,0.0,0.0,0.0,1.0
S2,R1,PZ006,22,223.6,-0.0,0.0,223.6,0.0,0.0,0.0,0.0,1.0
S2,R1,PZ006,23,223.6,0.0,0.0,223.6,0.0,0.0,0.0,0.0,1.0
S2,R1,PZ039,0,1733.4375,0.0,0.0,1733.4375,0.0,0.0,0.0,0.0,1.0
S2,R1,PZ039,1,1733.4375,0.0,0.0,1733.4375,0.0,0.0,0.0,0.0,1.0
S2,R1,PZ039,2,1733.4375,0.0,0.0,1733.4375,0.0,0.0,0.0,0.0,1.0
S2,R1,PZ039,3,1733.4375,0.0,0.0,1733.4375,0.0,0.0,0.0,0.0,1.0
S2,R1,PZ039,4,1733.4375,0.0,0.0,1733.4375,0.0,0.0,0.0,0.0,1.0
S2,R1,PZ039,5,1733.4375,0.0,0.0,1733.4375,0.0,0.0,0.0,0.0,1.0
S2,R1,PZ039,6,0.0,0.0,0.0,0.0,0.0,0.0,0.0,0.0,1.0
S2,R1,PZ039,7,0.0,0.0,0.0,0.0,0.0,0.0,0.0,0.0,1.0
S2,R1,PZ039,8,0.0,0.0,0.0,0.0,0.0,0.0,0.0,0.0,1.0
S2,R1,PZ039,9,1733.4375,0.0,0.0,1733.4375,0.0,0.0,0.0,0.0,1.0
S2,R1,PZ039,10,1733.4375,0.0,0.0,1733.4375,0.0,0.0,0.0,0.0,1.0
S2,R1,PZ039,11,1733.4375,-0.0,0.0,1733.4375,0.0,0.0,0.0,0.0,1.0
S2,R1,PZ039,12,1733.4375,-0.0,0.0,1733.4375,0.0,0.0,0.0,0.0,1.0
S2,R1,PZ039,13,1733.4375,-0.0,0.0,1733.4375,0.0,0.0,0.0,0.0,1.0
S2,R1,PZ039,14,1733.4375,-0.0,0.0,1733.4375,0.0,0.0,0.0,0.0,1.0
S2,R1,PZ039,15,1733.4375,-0.0,0.0,1733.4375,0.0,0.0,0.0,0.0,1.0
S2,R1,PZ039,16,0.0,0.0,0.0,0.0,0.0,0.0,0.0,0.0,1.0
S2,R1,PZ039,17,0.0,0.0,0.0,0.0,0.0,0.0,0.0,0.0,1.0
S2,R1,PZ039,18,0.0,-0.0,0.0,-0.0,0.0,0.0,0.0,0.0,1.0
S2,R1,PZ039,19,0.0,-0.0,0.0,-0.0,0.0,0.0,0.0,0.0,1.0
S2,R1,PZ039,20,0.0,-0.0,0.0,-0.0,0.0,0.0,0.0,0.0,1.0
S2,R1,PZ039,21,1733.4375,-0.0,0.0,1733.4375,0.0,0.0,0.0,0.0,1.0
S2,R1,PZ039,22,1733.4375,-0.0,0.0,1733.4375,0.0,0.0,0.0,0.0,1.0
S2,R1,PZ039,23,1733.4375,0.0,0.0,1733.4375,0.0,0.0,0.0,0.0,1.0
S2,R1,PZ040,0,1930.4,0.0,0.0,1930.4,0.0,0.0,0.0,0.0,1.0
S2,R1,PZ040,1,1930.3999999999999,0.0,0.0,1930.3999999999999,0.0,0.0,0.0,0.0,1.0
S2,R1,PZ040,2,1930.3999999999999,0.0,0.0,1930.3999999999999,0.0,0.0,0.0,0.0,1.0
S2,R1,PZ040,3,1930.3999999999999,0.0,0.0,1930.3999999999999,0.0,0.0,0.0,0.0,1.0
S2,R1,PZ040,4,1930.3999999999999,0.0,0.0,1930.3999999999999,0.0,0.0,0.0,0.0,1.0
S2,R1,PZ040,5,1930.3999999999999,0.0,0.0,1930.3999999999999,0.0,0.0,0.0,0.0,1.0
S2,R1,PZ040,6,0.0,0.0,0.0,0.0,0.0,0.0,0.0,0.0,1.0
S2,R1,PZ040,7,0.0,0.0,0.0,0.0,0.0,0.0,0.0,0.0,1.0
S2,R1,PZ040,8,0.0,0.0,0.0,0.0,0.0,0.0,0.0,0.0,1.0
S2,R1,PZ040,9,0.0,0.0,0.0,0.0,0.0,0.0,0.0,0.0,1.0
S2,R1,PZ040,10,1930.3999999999999,0.0,0.0,1930.3999999999999,0.0,0.0,0.0,0.0,1.0
S2,R1,PZ040,11,1930.3999999999999,-0.0,0.0,1930.3999999999999,0.0,0.0,0.0,0.0,1.0
S2,R1,PZ040,12,1930.3999999999999,-0.0,0.0,1930.3999999999999,0.0,0.0,0.0,0.0,1.0
S2,R1,PZ040,13,1930.3999999999999,-0.0,0.0,1930.3999999999999,0.0,0.0,0.0,0.0,1.0
S2,R1,PZ040,14,1930.3999999999999,-0.0,0.0,1930.3999999999999,0.0,0.0,0.0,0.0,1.0
S2,R1,PZ040,15,1930.3999999999999,-0.0,0.0,1930.3999999999999,0.0,0.0,0.0,0.0,1.0
S2,R1,PZ040,16,0.0,0.0,0.0,0.0,0.0,0.0,0.0,0.0,1.0
S2,R1,PZ040,17,0.0,0.0,0.0,0.0,0.0,0.0,0.0,0.0,1.0
S2,R1,PZ040,18,0.0,-0.0,0.0,-0.0,0.0,0.0,0.0,0.0,1.0
S2,R1,PZ040,19,0.0,-0.0,0.0,-0.0,0.0,0.0,0.0,0.0,1.0
S2,R1,PZ040,20,0.0,-0.0,0.0,-0.0,0.0,0.0,0.0,0.0,1.0
S2,R1,PZ040,21,1930.3999999999999,-0.0,0.0,1930.3999999999999,0.0,0.0,0.0,0.0,1.0
S2,R1,PZ040,22,1930.3999999999999,-0.0,0.0,1930.3999999999999,0.0,0.0,0.0,0.0,1.0
S2,R1,PZ040,23,1930.3999999999999,0.0,0.0,1930.3999999999999,0.0,0.0,0.0,0.0,1.0
S2,R1,PZ041,0,1973.3902584084208,0.0,0.0,1973.3902584084208,0.0,0.0,0.0,0.0,1.0
S2,R1,PZ041,1,1973.3902584084208,0.0,0.0,1973.3902584084208,0.0,0.0,0.0,0.0,1.0
S2,R1,PZ041,2,1973.3902584084208,0.0,0.0,1973.3902584084208,0.0,0.0,0.0,0.0,1.0
S2,R1,PZ041,3,1973.3902584084208,0.0,0.0,1973.3902584084208,0.0,0.0,0.0,0.0,1.0
S2,R1,PZ041,4,1973.3902584084208,0.0,0.0,1973.3902584084208,0.0,0.0,0.0,0.0,1.0
S2,R1,PZ041,5,1973.3902584084208,0.0,0.0,1973.3902584084208,0.0,0.0,0.0,0.0,1.0
S2,R1,PZ041,6,0.0,0.0,0.0,0.0,0.0,0.0,0.0,0.0,1.0
S2,R1,PZ041,7,0.0,0.0,0.0,0.0,0.0,0.0,0.0,0.0,1.0
S2,R1,PZ041,8,0.0,0.0,0.0,0.0,0.0,0.0,0.0,0.0,1.0
S2,R1,PZ041,9,0.0,0.0,0.0,0.0,0.0,0.0,0.0,0.0,1.0
S2,R1,PZ041,10,1973.3902584084208,0.0,0.0,1973.3902584084208,0.0,0.0,0.0,0.0,1.0
S2,R1,PZ041,11,1973.3902584084208,0.4609355206698448,0.0,1973.8511939290906,0.0,0.0,0.0,0.0,1.0
S2,R1,PZ041,12,1973.3902584084208,2.6215840027873836,0.0,1976.0118424112081,0.0,0.0,0.0,0.0,1.0
S2,R1,PZ041,13,1973.3902584084208,5.336872099038961,0.0,1978.7271305074598,0.0,0.0,0.0,0.0,1.0
S2,R1,PZ041,14,1973.3902584084208,7.385493604851538,0.0,1980.7757520132723,0.0,0.0,0.0,0.0,1.0
S2,R1,PZ041,15,1973.3902584084208,8.639792380450801,0.0,1982.0300507888717,0.0,0.0,0.0,0.0,1.0
S2,R1,PZ041,16,1973.3902584084208,9.401434044620796,0.0,1982.7916924530416,0.0,0.0,0.0,0.0,1.0
S2,R1,PZ041,17,1973.3902584084208,9.441123473572832,0.0,1982.8313818819936,0.0,0.0,0.0,0.0,1.0
S2,R1,PZ041,18,0.0,8.823821936410727,0.0,8.823821936410727,0.0,0.0,0.0,0.0,1.0
S2,R1,PZ041,19,0.0,7.268032264373604,0.0,7.268032264373604,0.0,0.0,0.0,0.0,1.0
S2,R1,PZ041,20,0.0,5.201151274971588,0.0,5.201151274971588,0.0,0.0,0.0,0.0,1.0
S2,R1,PZ041,21,1973.3902584084208,2.6293646384662264,0.0,1976.019623046887,0.0,0.0,0.0,0.0,1.0
S2,R1,PZ041,22,1973.3902584084208,0.406001816616769,0.0,1973.7962602250375,0.0,0.0,0.0,0.0,1.0
S2,R1,PZ041,23,1973.3902584084208,0.0,0.0,1973.3902584084208,0.0,0.0,0.0,0.0,1.0
S2,R1,PZ047,0,2332.5666666666666,0.0,0.0,2332.5666666666666,0.0,0.0,0.0,0.0,1.0
S2,R1,PZ047,1,2332.5666666666666,0.0,0.0,2332.5666666666666,0.0,0.0,0.0,0.0,1.0
S2,R1,PZ047,2,2332.5666666666666,0.0,0.0,2332.5666666666666,0.0,0.0,0.0,0.0,1.0
S2,R1,PZ047,3,2332.5666666666666,0.0,0.0,2332.5666666666666,0.0,0.0,0.0,0.0,1.0
S2,R1,PZ047,4,2332.5666666666666,0.0,0.0,2332.5666666666666,0.0,0.0,0.0,0.0,1.0
S2,R1,PZ047,5,2332.5666666666666,0.0,0.0,2332.5666666666666,0.0,0.0,0.0,0.0,1.0
S2,R1,PZ047,6,0.0,0.0,0.0,0.0,0.0,0.0,0.0,0.0,1.0
S2,R1,PZ047,7,0.0,0.0,0.0,0.0,0.0,0.0,0.0,0.0,1.0
S2,R1,PZ047,8,0.0,0.0,0.0,0.0,0.0,0.0,0.0,0.0,1.0
S2,R1,PZ047,9,0.0,0.0,0.0,0.0,0.0,0.0,0.0,0.0,1.0
S2,R1,PZ047,10,2332.566666666674,0.0,0.0,2332.566666666674,0.0,0.0,0.0,0.0,1.0
S2,R1,PZ047,11,2332.5666666666666,0.0,0.0,2332.5666666666666,0.0,0.0,0.0,0.0,1.0
S2,R1,PZ047,12,2332.5666666666666,0.0,0.0,2332.5666666666666,0.0,0.0,0.0,0.0,1.0
S2,R1,PZ047,13,2332.5666666666666,0.0,0.0,2332.5666666666666,0.0,0.0,0.0,0.0,1.0
S2,R1,PZ047,14,2332.5666666666666,0.0,0.0,2332.5666666666666,0.0,0.0,0.0,0.0,1.0
S2,R1,PZ047,15,2332.5666666666702,0.0,0.0,2332.5666666666702,0.0,0.0,0.0,0.0,1.0
S2,R1,PZ047,16,0.0,0.0,0.0,0.0,0.0,0.0,0.0,0.0,1.0
S2,R1,PZ047,17,0.0,0.0,0.0,0.0,0.0,0.0,0.0,0.0,1.0
S2,R1,PZ047,18,0.0,0.0,0.0,0.0,0.0,0.0,0.0,0.0,1.0
S2,R1,PZ047,19,0.0,0.0,0.0,0.0,0.0,0.0,0.0,0.0,1.0
S2,R1,PZ047,20,0.0,0.0,0.0,0.0,0.0,0.0,0.0,0.0,1.0
S2,R1,PZ047,21,2332.5666666666666,0.0,0.0,2332.5666666666666,0.0,0.0,0.0,0.0,1.0
S2,R1,PZ047,22,2332.5666666666666,0.0,0.0,2332.5666666666666,0.0,0.0,0.0,0.0,1.0
S2,R1,PZ047,23,2332.5666666666666,0.0,0.0,2332.5666666666666,0.0,0.0,0.0,0.0,1.0
S2,R1,PZ048,0,2775.2666666666664,0.0,0.0,2775.2666666666664,0.0,0.0,0.0,0.0,1.0
S2,R1,PZ048,1,2775.2666666666664,0.0,0.0,2775.2666666666664,0.0,0.0,0.0,0.0,1.0
S2,R1,PZ048,2,2775.2666666666664,0.0,0.0,2775.2666666666664,0.0,0.0,0.0,0.0,1.0
S2,R1,PZ048,3,2775.2666666666664,0.0,0.0,2775.2666666666664,0.0,0.0,0.0,0.0,1.0
S2,R1,PZ048,4,2775.2666666666664,0.0,0.0,2775.2666666666664,0.0,0.0,0.0,0.0,1.0
S2,R1,PZ048,5,2775.2666666666664,0.0,0.0,2775.2666666666664,0.0,0.0,0.0,0.0,1.0
S2,R1,PZ048,6,0.0,0.0,0.0,0.0,0.0,0.0,0.0,0.0,1.0
S2,R1,PZ048,7,0.0,0.0,0.0,0.0,0.0,0.0,0.0,0.0,1.0
S2,R1,PZ048,8,0.0,0.0,0.0,0.0,0.0,0.0,0.0,0.0,1.0
S2,R1,PZ048,9,0.0,0.0,0.0,0.0,0.0,0.0,0.0,0.0,1.0
S2,R1,PZ048,10,2775.2666666666664,0.0,0.0,2775.2666666666664,0.0,0.0,0.0,0.0,1.0
S2,R1,PZ048,11,2775.2666666666664,0.0,0.0,2775.2666666666664,0.0,0.0,0.0,0.0,1.0
S2,R1,PZ048,12,2775.2666666666664,0.0,0.0,2775.2666666666664,0.0,0.0,0.0,0.0,1.0
S2,R1,PZ048,13,2775.2666666666664,0.0,0.0,2775.2666666666664,0.0,0.0,0.0,0.0,1.0
S2,R1,PZ048,14,2775.2666666666664,0.0,0.0,2775.2666666666664,0.0,0.0,0.0,0.0,1.0
S2,R1,PZ048,15,2775.2666666666664,0.0,0.0,2775.2666666666664,0.0,0.0,0.0,0.0,1.0
S2,R1,PZ048,16,0.0,0.0,0.0,0.0,0.0,0.0,0.0,0.0,1.0
S2,R1,PZ048,17,0.0,0.0,0.0,0.0,0.0,0.0,0.0,0.0,1.0
S2,R1,PZ048,18,0.0,0.0,0.0,0.0,0.0,0.0,0.0,0.0,1.0
S2,R1,PZ048,19,0.0,0.0,0.0,0.0,0.0,0.0,0.0,0.0,1.0
S2,R1,PZ048,20,0.0,0.0,0.0,0.0,0.0,0.0,0.0,0.0,1.0
S2,R1,PZ048,21,2775.266666666667,0.0,0.0,2775.266666666667,0.0,0.0,0.0,0.0,1.0
S2,R1,PZ048,22,2775.266666666667,0.0,0.0,2775.266666666667,0.0,0.0,0.0,0.0,1.0
S2,R1,PZ048,23,2775.2666666666664,0.0,0.0,2775.2666666666664,0.0,0.0,0.0,0.0,1.0
S2,R1,PZ049,0,2537.7666666666632,0.0,0.0,2537.7666666666632,0.0,0.0,0.0,0.0,1.0
S2,R1,PZ049,1,2537.766666666666,0.0,0.0,2537.766666666666,0.0,0.0,0.0,0.0,1.0
S2,R1,PZ049,2,2537.766666666666,0.0,0.0,2537.766666666666,0.0,0.0,0.0,0.0,1.0
S2,R1,PZ049,3,2537.766666666666,0.0,0.0,2537.766666666666,0.0,0.0,0.0,0.0,1.0
S2,R1,PZ049,4,2537.766666666666,0.0,0.0,2537.766666666666,0.0,0.0,0.0,0.0,1.0
S2,R1,PZ049,5,2537.766666666666,0.0,0.0,2537.766666666666,0.0,0.0,0.0,0.0,1.0
S2,R1,PZ049,6,0.0,0.0,0.0,0.0,0.0,0.0,0.0,0.0,1.0
S2,R1,PZ049,7,0.0,0.0,0.0,0.0,0.0,0.0,0.0,0.0,1.0
S2,R1,PZ049,8,0.0,0.0,0.0,0.0,0.0,0.0,0.0,0.0,1.0
S2,R1,PZ049,9,0.0,0.0,0.0,0.0,0.0,0.0,0.0,0.0,1.0
S2,R1,PZ049,10,2537.766666666666,0.0,0.0,2537.766666666666,0.0,0.0,0.0,0.0,1.0
S2,R1,PZ049,11,2537.766666666666,0.0,0.0,2537.766666666666,0.0,0.0,0.0,0.0,1.0
S2,R1,PZ049,12,2537.766666666667,0.0,0.0,2537.766666666667,0.0,0.0,0.0,0.0,1.0
S2,R1,PZ049,13,2537.766666666666,0.0,0.0,2537.766666666666,0.0,0.0,0.0,0.0,1.0
S2,R1,PZ049,14,2537.766666666667,0.0,0.0,2537.766666666667,0.0,0.0,0.0,0.0,1.0
S2,R1,PZ049,15,2537.766666666667,0.0,0.0,2537.766666666667,0.0,0.0,0.0,0.0,1.0
S2,R1,PZ049,16,0.0,0.0,0.0,0.0,0.0,0.0,0.0,0.0,1.0
S2,R1,PZ049,17,0.0,0.0,0.0,0.0,0.0,0.0,0.0,0.0,1.0
S2,R1,PZ049,18,0.0,0.0,0.0,0.0,0.0,0.0,0.0,0.0,1.0
S2,R1,PZ049,19,0.0,0.0,0.0,0.0,0.0,0.0,0.0,0.0,1.0
S2,R1,PZ049,20,0.0,0.0,0.0,0.0,0.0,0.0,0.0,0.0,1.0
S2,R1,PZ049,21,2537.7666666666664,0.0,0.0,2537.7666666666664,0.0,0.0,0.0,0.0,1.0
S2,R1,PZ049,22,2537.766666666667,0.0,0.0,2537.766666666667,0.0,0.0,0.0,0.0,1.0
S2,R1,PZ049,23,2537.766666666666,0.0,0.0,2537.766666666666,0.0,0.0,0.0,0.0,1.0
S2,R1,PZ050,0,3110.2999999999997,0.0,0.0,3110.2999999999997,0.0,0.0,0.0,0.0,1.0
S2,R1,PZ050,1,3110.2999999999997,0.0,0.0,3110.2999999999997,0.0,0.0,0.0,0.0,1.0
S2,R1,PZ050,2,3110.2999999999997,0.0,0.0,3110.2999999999997,0.0,0.0,0.0,0.0,1.0
S2,R1,PZ050,3,3110.2999999999997,0.0,0.0,3110.2999999999997,0.0,0.0,0.0,0.0,1.0
S2,R1,PZ050,4,3110.2999999999997,0.0,0.0,3110.2999999999997,0.0,0.0,0.0,0.0,1.0
S2,R1,PZ050,5,3110.2999999999997,0.0,0.0,3110.2999999999997,0.0,0.0,0.0,0.0,1.0
S2,R1,PZ050,6,0.0,0.0,0.0,0.0,0.0,0.0,0.0,0.0,1.0
S2,R1,PZ050,7,0.0,0.0,0.0,0.0,0.0,0.0,0.0,0.0,1.0
S2,R1,PZ050,8,0.0,0.0,0.0,0.0,0.0,0.0,0.0,0.0,1.0
S2,R1,PZ050,9,0.0,0.0,0.0,0.0,0.0,0.0,0.0,0.0,1.0
S2,R1,PZ050,10,3110.2999999999997,0.0,0.0,3110.2999999999997,0.0,0.0,0.0,0.0,1.0
S2,R1,PZ050,11,3110.2999999999997,-0.0,0.0,3110.2999999999997,0.0,0.0,0.0,0.0,1.0
S2,R1,PZ050,12,3110.2999999999997,-0.0,0.0,3110.2999999999997,0.0,0.0,0.0,0.0,1.0
S2,R1,PZ050,13,3110.2999999999997,-0.0,0.0,3110.2999999999997,0.0,0.0,0.0,0.0,1.0
S2,R1,PZ050,14,3110.2999999999997,-0.0,0.0,3110.2999999999997,0.0,0.0,0.0,0.0,1.0
S2,R1,PZ050,15,3110.2999999999997,-0.0,0.0,3110.2999999999997,0.0,0.0,0.0,0.0,1.0
S2,R1,PZ050,16,0.0,0.0,0.0,0.0,0.0,0.0,0.0,0.0,1.0
S2,R1,PZ050,17,0.0,0.0,0.0,0.0,0.0,0.0,0.0,0.0,1.0
S2,R1,PZ050,18,0.0,-0.0,0.0,-0.0,0.0,0.0,0.0,0.0,1.0
S2,R1,PZ050,19,0.0,-0.0,0.0,-0.0,0.0,0.0,0.0,0.0,1.0
S2,R1,PZ050,20,0.0,-0.0,0.0,-0.0,0.0,0.0,0.0,0.0,1.0
S2,R1,PZ050,21,3110.2999999999997,-0.0,0.0,3110.2999999999997,0.0,0.0,0.0,0.0,1.0
S2,R1,PZ050,22,3110.2999999999997,-0.0,0.0,3110.2999999999997,0.0,0.0,0.0,0.0,1.0
S2,R1,PZ050,23,3110.2999999999997,0.0,0.0,3110.2999999999997,0.0,0.0,0.0,0.0,1.0
S2,R1,PZ052,0,2719.5333333333333,0.0,0.0,2719.5333333333333,0.0,0.0,0.0,0.0,1.0
S2,R1,PZ052,1,2719.5333333333333,0.0,0.0,2719.5333333333333,0.0,0.0,0.0,0.0,1.0
S2,R1,PZ052,2,2719.5333333333333,0.0,0.0,2719.5333333333333,0.0,0.0,0.0,0.0,1.0
S2,R1,PZ052,3,2719.5333333333333,0.0,0.0,2719.5333333333333,0.0,0.0,0.0,0.0,1.0
S2,R1,PZ052,4,2719.5333333333333,0.0,0.0,2719.5333333333333,0.0,0.0,0.0,0.0,1.0
S2,R1,PZ052,5,2719.5333333333333,0.0,0.0,2719.5333333333333,0.0,0.0,0.0,0.0,1.0
S2,R1,PZ052,6,0.0,0.0,0.0,0.0,0.0,0.0,0.0,0.0,1.0
S2,R1,PZ052,7,0.0,0.0,0.0,0.0,0.0,0.0,0.0,0.0,1.0
S2,R1,PZ052,8,0.0,0.0,0.0,0.0,0.0,0.0,0.0,0.0,1.0
S2,R1,PZ052,9,0.0,0.0,0.0,0.0,0.0,0.0,0.0,0.0,1.0
S2,R1,PZ052,10,2719.5333333333333,0.0,0.0,2719.5333333333333,0.0,0.0,0.0,0.0,1.0
S2,R1,PZ052,11,2719.5333333333333,-0.0,0.0,2719.5333333333333,0.0,0.0,0.0,0.0,1.0
S2,R1,PZ052,12,2719.5333333333333,-0.0,0.0,2719.5333333333333,0.0,0.0,0.0,0.0,1.0
S2,R1,PZ052,13,2719.5333333333333,-0.0,0.0,2719.5333333333333,0.0,0.0,0.0,0.0,1.0
S2,R1,PZ052,14,2719.5333333333333,-0.0,0.0,2719.5333333333333,0.0,0.0,0.0,0.0,1.0
S2,R1,PZ052,15,2719.5333333333333,-0.0,0.0,2719.5333333333333,0.0,0.0,0.0,0.0,1.0
S2,R1,PZ052,16,0.0,0.0,0.0,0.0,0.0,0.0,0.0,0.0,1.0
S2,R1,PZ052,17,0.0,0.0,0.0,0.0,0.0,0.0,0.0,0.0,1.0
S2,R1,PZ052,18,0.0,-0.0,0.0,-0.0,0.0,0.0,0.0,0.0,1.0
S2,R1,PZ052,19,0.0,-0.0,0.0,-0.0,0.0,0.0,0.0,0.0,1.0
S2,R1,PZ052,20,0.0,-0.0,0.0,-0.0,0.0,0.0,0.0,0.0,1.0
S2,R1,PZ052,21,2719.5333333333333,-0.0,0.0,2719.5333333333333,0.0,0.0,0.0,0.0,1.0
S2,R1,PZ052,22,2719.5333333333333,-0.0,0.0,2719.5333333333333,0.0,0.0,0.0,0.0,1.0
S2,R1,PZ052,23,2719.5333333333333,0.0,0.0,2719.5333333333333,0.0,0.0,0.0,0.0,1.0
S2,R2,PZ001,0,1565.2,0.0,0.0,1565.2,0.0,0.0,0.0,0.0,1.0
S2,R2,PZ001,1,1565.2,0.0,0.0,1565.2,0.0,0.0,0.0,0.0,1.0
S2,R2,PZ001,2,1565.2,0.0,0.0,1565.2,0.0,0.0,0.0,0.0,1.0
S2,R2,PZ001,3,1565.2,0.0,0.0,1565.2,0.0,0.0,0.0,0.0,1.0
S2,R2,PZ001,4,1565.2,0.0,0.0,1565.2,0.0,0.0,0.0,0.0,1.0
S2,R2,PZ001,5,1565.2,0.0,0.0,1565.2,0.0,0.0,0.0,0.0,1.0
S2,R2,PZ001,6,0.0,0.0,0.0,0.0,0.0,0.0,0.0,0.0,1.0
S2,R2,PZ001,7,0.0,0.0,0.0,0.0,0.0,0.0,0.0,0.0,1.0
S2,R2,PZ001,8,0.0,0.0,0.0,0.0,0.0,0.0,0.0,0.0,1.0
S2,R2,PZ001,9,0.0,0.0,0.0,0.0,0.0,0.0,0.0,0.0,1.0
S2,R2,PZ001,10,1565.2,0.0,0.0,1565.2,0.0,0.0,0.0,0.0,1.0
S2,R2,PZ001,11,1565.2,-0.0,0.0,1565.2,0.0,0.0,0.0,0.0,1.0
S2,R2,PZ001,12,1565.2,-0.0,0.0,1565.2,0.0,0.0,0.0,0.0,1.0
S2,R2,PZ001,13,1565.2,-0.0,0.0,1565.2,0.0,0.0,0.0,0.0,1.0
S2,R2,PZ001,14,1565.2,-0.0,0.0,1565.2,0.0,0.0,0.0,0.0,1.0
S2,R2,PZ001,15,1565.2,-0.0,0.0,1565.2,0.0,0.0,0.0,0.0,1.0
S2,R2,PZ001,16,0.0,0.0,0.0,0.0,0.0,0.0,0.0,0.0,1.0
S2,R2,PZ001,17,0.0,0.0,0.0,0.0,0.0,0.0,0.0,0.0,1.0
S2,R2,PZ001,18,0.0,-0.0,0.0,-0.0,0.0,0.0,0.0,0.0,1.0
S2,R2,PZ001,19,0.0,-0.0,0.0,-0.0,0.0,0.0,0.0,0.0,1.0
S2,R2,PZ001,20,0.0,-0.0,0.0,-0.0,0.0,0.0,0.0,0.0,1.0
S2,R2,PZ001,21,1565.2,-0.0,0.0,1565.2,0.0,0.0,0.0,0.0,1.0
S2,R2,PZ001,22,1565.2,-0.0,0.0,1565.2,0.0,0.0,0.0,0.0,1.0
S2,R2,PZ001,23,1565.2,0.0,0.0,1565.2,0.0,0.0,0.0,0.0,1.0
S2,R2,PZ006,0,223.6,0.0,0.0,223.6,0.0,0.0,0.0,0.0,1.0
S2,R2,PZ006,1,223.6,0.0,0.0,223.6,0.0,0.0,0.0,0.0,1.0
S2,R2,PZ006,2,223.6,0.0,0.0,223.6,0.0,0.0,0.0,0.0,1.0
S2,R2,PZ006,3,223.6,0.0,0.0,223.6,0.0,0.0,0.0,0.0,1.0
S2,R2,PZ006,4,223.6,0.0,0.0,223.6,0.0,0.0,0.0,0.0,1.0
S2,R2,PZ006,5,223.6,0.0,0.0,223.6,0.0,0.0,0.0,0.0,1.0
S2,R2,PZ006,6,0.0,0.0,0.0,0.0,0.0,0.0,0.0,0.0,1.0
S2,R2,PZ006,7,0.0,0.0,0.0,0.0,0.0,0.0,0.0,0.0,1.0
S2,R2,PZ006,8,0.0,0.0,0.0,0.0,0.0,0.0,0.0,0.0,1.0
S2,R2,PZ006,9,0.0,0.0,0.0,0.0,0.0,0.0,0.0,0.0,1.0
S2,R2,PZ006,10,223.6,0.0,0.0,223.6,0.0,0.0,0.0,0.0,1.0
S2,R2,PZ006,11,223.6,-0.0,0.0,223.6,0.0,0.0,0.0,0.0,1.0
S2,R2,PZ006,12,223.6,-0.0,0.0,223.6,0.0,0.0,0.0,0.0,1.0
S2,R2,PZ006,13,223.6,-0.0,0.0,223.6,0.0,0.0,0.0,0.0,1.0
S2,R2,PZ006,14,223.6,-0.0,0.0,223.6,0.0,0.0,0.0,0.0,1.0
S2,R2,PZ006,15,223.6,-0.0,0.0,223.6,0.0,0.0,0.0,0.0,1.0
S2,R2,PZ006,16,0.0,0.0,0.0,0.0,0.0,0.0,0.0,0.0,1.0
S2,R2,PZ006,17,0.0,0.0,0.0,0.0,0.0,0.0,0.0,0.0,1.0
S2,R2,PZ006,18,0.0,-0.0,0.0,-0.0,0.0,0.0,0.0,0.0,1.0
S2,R2,PZ006,19,0.0,-0.0,0.0,-0.0,0.0,0.0,0.0,0.0,1.0
S2,R2,PZ006,20,0.0,-0.0,0.0,-0.0,0.0,0.0,0.0,0.0,1.0
S2,R2,PZ006,21,223.6,-0.0,0.0,223.6,0.0,0.0,0.0,0.0,1.0
S2,R2,PZ006,22,223.6,-0.0,0.0,223.6,0.0,0.0,0.0,0.0,1.0
S2,R2,PZ006,23,223.6,0.0,0.0,223.6,0.0,0.0,0.0,0.0,1.0
S2,R2,PZ039,0,1733.4375,0.0,0.0,1733.4375,0.0,0.0,0.0,0.0,1.0
S2,R2,PZ039,1,1733.4375,0.0,0.0,1733.4375,0.0,0.0,0.0,0.0,1.0
S2,R2,PZ039,2,1733.4375,0.0,0.0,1733.4375,0.0,0.0,0.0,0.0,1.0
S2,R2,PZ039,3,1733.4375,0.0,0.0,1733.4375,0.0,0.0,0.0,0.0,1.0
S2,R2,PZ039,4,1733.4375,0.0,0.0,1733.4375,0.0,0.0,0.0,0.0,1.0
S2,R2,PZ039,5,1733.4375,0.0,0.0,1733.4375,0.0,0.0,0.0,0.0,1.0
S2,R2,PZ039,6,0.0,0.0,0.0,0.0,0.0,0.0,0.0,0.0,1.0
S2,R2,PZ039,7,0.0,0.0,0.0,0.0,0.0,0.0,0.0,0.0,1.0
S2,R2,PZ039,8,0.0,0.0,0.0,0.0,0.0,0.0,0.0,0.0,1.0
S2,R2,PZ039,9,1733.4375,0.0,0.0,1733.4375,0.0,0.0,0.0,0.0,1.0
S2,R2,PZ039,10,1733.4375,0.0,0.0,1733.4375,0.0,0.0,0.0,0.0,1.0
S2,R2,PZ039,11,1733.4375,-0.0,0.0,1733.4375,0.0,0.0,0.0,0.0,1.0
S2,R2,PZ039,12,1733.4375,-0.0,0.0,1733.4375,0.0,0.0,0.0,0.0,1.0
S2,R2,PZ039,13,1733.4375,-0.0,0.0,1733.4375,0.0,0.0,0.0,0.0,1.0
S2,R2,PZ039,14,1733.4375,-0.0,0.0,1733.4375,0.0,0.0,0.0,0.0,1.0
S2,R2,PZ039,15,1733.4375,-0.0,0.0,1733.4375,0.0,0.0,0.0,0.0,1.0
S2,R2,PZ039,16,0.0,0.0,0.0,0.0,0.0,0.0,0.0,0.0,1.0
S2,R2,PZ039,17,0.0,0.0,0.0,0.0,0.0,0.0,0.0,0.0,1.0
S2,R2,PZ039,18,0.0,-0.0,0.0,-0.0,0.0,0.0,0.0,0.0,1.0
S2,R2,PZ039,19,0.0,-0.0,0.0,-0.0,0.0,0.0,0.0,0.0,1.0
S2,R2,PZ039,20,0.0,-0.0,0.0,-0.0,0.0,0.0,0.0,0.0,1.0
S2,R2,PZ039,21,1733.4375,-0.0,0.0,1733.4375,0.0,0.0,0.0,0.0,1.0
S2,R2,PZ039,22,1733.4375,-0.0,0.0,1733.4375,0.0,0.0,0.0,0.0,1.0
S2,R2,PZ039,23,1733.4375,0.0,0.0,1733.4375,0.0,0.0,0.0,0.0,1.0
S2,R2,PZ040,0,1930.4,0.0,0.0,1930.4,0.0,0.0,0.0,0.0,1.0
S2,R2,PZ040,1,1930.3999999999999,0.0,0.0,1930.3999999999999,0.0,0.0,0.0,0.0,1.0
S2,R2,PZ040,2,1930.3999999999999,0.0,0.0,1930.3999999999999,0.0,0.0,0.0,0.0,1.0
S2,R2,PZ040,3,1930.3999999999999,0.0,0.0,1930.3999999999999,0.0,0.0,0.0,0.0,1.0
S2,R2,PZ040,4,1930.3999999999999,0.0,0.0,1930.3999999999999,0.0,0.0,0.0,0.0,1.0
S2,R2,PZ040,5,1930.3999999999999,0.0,0.0,1930.3999999999999,0.0,0.0,0.0,0.0,1.0
S2,R2,PZ040,6,0.0,0.0,0.0,0.0,0.0,0.0,0.0,0.0,1.0
S2,R2,PZ040,7,0.0,0.0,0.0,0.0,0.0,0.0,0.0,0.0,1.0
S2,R2,PZ040,8,0.0,0.0,0.0,0.0,0.0,0.0,0.0,0.0,1.0
S2,R2,PZ040,9,0.0,0.0,0.0,0.0,0.0,0.0,0.0,0.0,1.0
S2,R2,PZ040,10,1930.3999999999999,0.0,0.0,1930.3999999999999,0.0,0.0,0.0,0.0,1.0
S2,R2,PZ040,11,1930.3999999999999,-0.0,0.0,1930.3999999999999,0.0,0.0,0.0,0.0,1.0
S2,R2,PZ040,12,1930.3999999999999,-0.0,0.0,1930.3999999999999,0.0,0.0,0.0,0.0,1.0
S2,R2,PZ040,13,1930.3999999999999,-0.0,0.0,1930.3999999999999,0.0,0.0,0.0,0.0,1.0
S2,R2,PZ040,14,1930.3999999999999,-0.0,0.0,1930.3999999999999,0.0,0.0,0.0,0.0,1.0
S2,R2,PZ040,15,1930.3999999999999,-0.0,0.0,1930.3999999999999,0.0,0.0,0.0,0.0,1.0
S2,R2,PZ040,16,0.0,0.0,0.0,0.0,0.0,0.0,0.0,0.0,1.0
S2,R2,PZ040,17,0.0,0.0,0.0,0.0,0.0,0.0,0.0,0.0,1.0
S2,R2,PZ040,18,0.0,-0.0,0.0,-0.0,0.0,0.0,0.0,0.0,1.0
S2,R2,PZ040,19,0.0,-0.0,0.0,-0.0,0.0,0.0,0.0,0.0,1.0
S2,R2,PZ040,20,0.0,-0.0,0.0,-0.0,0.0,0.0,0.0,0.0,1.0
S2,R2,PZ040,21,1930.3999999999999,-0.0,0.0,1930.3999999999999,0.0,0.0,0.0,0.0,1.0
S2,R2,PZ040,22,1930.3999999999999,-0.0,0.0,1930.3999999999999,0.0,0.0,0.0,0.0,1.0
S2,R2,PZ040,23,1930.3999999999999,0.0,0.0,1930.3999999999999,0.0,0.0,0.0,0.0,1.0
S2,R2,PZ041,0,1971.003825218181,0.0,0.0,1971.003825218181,0.0,0.0,0.0,0.0,1.0
S2,R2,PZ041,1,1971.003825218181,0.0,0.0,1971.003825218181,0.0,0.0,0.0,0.0,1.0
S2,R2,PZ041,2,1971.003825218181,0.0,0.0,1971.003825218181,0.0,0.0,0.0,0.0,1.0
S2,R2,PZ041,3,1971.003825218181,0.0,0.0,1971.003825218181,0.0,0.0,0.0,0.0,1.0
S2,R2,PZ041,4,1971.003825218181,0.0,0.0,1971.003825218181,0.0,0.0,0.0,0.0,1.0
S2,R2,PZ041,5,1971.003825218181,0.0,0.0,1971.003825218181,0.0,0.0,0.0,0.0,1.0
S2,R2,PZ041,6,0.0,0.0,0.0,0.0,0.0,0.0,0.0,0.0,1.0
S2,R2,PZ041,7,0.0,0.0,0.0,0.0,0.0,0.0,0.0,0.0,1.0
S2,R2,PZ041,8,0.0,0.0,0.0,0.0,0.0,0.0,0.0,0.0,1.0
S2,R2,PZ041,9,0.0,0.0,0.0,0.0,0.0,0.0,0.0,0.0,1.0
S2,R2,PZ041,10,1971.003825218181,0.0,0.0,1971.003825218181,0.0,0.0,0.0,0.0,1.0
S2,R2,PZ041,11,1971.003825218181,0.7374968330717517,0.0,1971.7413220512526,0.0,0.0,0.0,0.0,1.0
S2,R2,PZ041,12,1971.003825218181,4.194534404459814,0.0,1975.1983596226407,0.0,0.0,0.0,0.0,1.0
S2,R2,PZ041,13,1971.003825218181,8.538995358462339,0.0,1979.5428205766434,0.0,0.0,0.0,0.0,1.0
S2,R2,PZ041,14,1971.003825218181,11.816789767762463,0.0,1982.8206149859434,0.0,0.0,0.0,0.0,1.0
S2,R2,PZ041,15,1971.003825218181,13.823667808721284,0.0,1984.8274930269022,0.0,0.0,0.0,0.0,1.0
S2,R2,PZ041,16,1971.003825218181,15.042294471393275,0.0,1986.0461196895742,0.0,0.0,0.0,0.0,1.0
S2,R2,PZ041,17,1971.003825218181,15.105797557716532,0.0,1986.1096227758976,0.0,0.0,0.0,0.0,1.0
S2,R2,PZ041,18,0.0,14.118115098257165,0.0,14.118115098257165,0.0,0.0,0.0,0.0,1.0
S2,R2,PZ041,19,0.0,11.628851622997768,0.0,11.628851622997768,0.0,0.0,0.0,0.0,1.0
S2,R2,PZ041,20,0.0,8.321842039954541,0.0,8.321842039954541,0.0,0.0,0.0,0.0,1.0
S2,R2,PZ041,21,1971.003825218181,4.206983421545963,0.0,1975.210808639727,0.0,0.0,0.0,0.0,1.0
S2,R2,PZ041,22,1971.003825218181,0.6496029065868305,0.0,1971.6534281247677,0.0,0.0,0.0,0.0,1.0
S2,R2,PZ041,23,1971.003825218181,0.0,0.0,1971.003825218181,0.0,0.0,0.0,0.0,1.0
S2,R2,PZ047,0,2332.5666666666666,0.0,0.0,2332.5666666666666,0.0,0.0,0.0,0.0,1.0
S2,R2,PZ047,1,2332.5666666666666,0.0,0.0,2332.5666666666666,0.0,0.0,0.0,0.0,1.0
S2,R2,PZ047,2,2332.5666666666666,0.0,0.0,2332.5666666666666,0.0,0.0,0.0,0.0,1.0
S2,R2,PZ047,3,2332.5666666666666,0.0,0.0,2332.5666666666666,0.0,0.0,0.0,0.0,1.0
S2,R2,PZ047,4,2332.5666666666666,0.0,0.0,2332.5666666666666,0.0,0.0,0.0,0.0,1.0
S2,R2,PZ047,5,2332.5666666666666,0.0,0.0,2332.5666666666666,0.0,0.0,0.0,0.0,1.0
S2,R2,PZ047,6,0.0,0.0,0.0,0.0,0.0,0.0,0.0,0.0,1.0
S2,R2,PZ047,7,0.0,0.0,0.0,0.0,0.0,0.0,0.0,0.0,1.0
S2,R2,PZ047,8,0.0,0.0,0.0,0.0,0.0,0.0,0.0,0.0,1.0
S2,R2,PZ047,9,0.0,0.0,0.0,0.0,0.0,0.0,0.0,0.0,1.0
S2,R2,PZ047,10,2332.566666666674,0.0,0.0,2332.566666666674,0.0,0.0,0.0,0.0,1.0
S2,R2,PZ047,11,2332.5666666666666,0.0,0.0,2332.5666666666666,0.0,0.0,0.0,0.0,1.0
S2,R2,PZ047,12,2332.5666666666666,0.0,0.0,2332.5666666666666,0.0,0.0,0.0,0.0,1.0
S2,R2,PZ047,13,2332.5666666666666,0.0,0.0,2332.5666666666666,0.0,0.0,0.0,0.0,1.0
S2,R2,PZ047,14,2332.5666666666666,0.0,0.0,2332.5666666666666,0.0,0.0,0.0,0.0,1.0
S2,R2,PZ047,15,2332.5666666666702,0.0,0.0,2332.5666666666702,0.0,0.0,0.0,0.0,1.0
S2,R2,PZ047,16,0.0,0.0,0.0,0.0,0.0,0.0,0.0,0.0,1.0
S2,R2,PZ047,17,0.0,0.0,0.0,0.0,0.0,0.0,0.0,0.0,1.0
S2,R2,PZ047,18,0.0,0.0,0.0,0.0,0.0,0.0,0.0,0.0,1.0
S2,R2,PZ047,19,0.0,0.0,0.0,0.0,0.0,0.0,0.0,0.0,1.0
S2,R2,PZ047,20,0.0,0.0,0.0,0.0,0.0,0.0,0.0,0.0,1.0
S2,R2,PZ047,21,2332.5666666666666,0.0,0.0,2332.5666666666666,0.0,0.0,0.0,0.0,1.0
S2,R2,PZ047,22,2332.5666666666666,0.0,0.0,2332.5666666666666,0.0,0.0,0.0,0.0,1.0
S2,R2,PZ047,23,2332.5666666666666,0.0,0.0,2332.5666666666666,0.0,0.0,0.0,0.0,1.0
S2,R2,PZ048,0,2775.2666666666664,0.0,0.0,2775.2666666666664,0.0,0.0,0.0,0.0,1.0
S2,R2,PZ048,1,2775.2666666666664,0.0,0.0,2775.2666666666664,0.0,0.0,0.0,0.0,1.0
S2,R2,PZ048,2,2775.2666666666664,0.0,0.0,2775.2666666666664,0.0,0.0,0.0,0.0,1.0
S2,R2,PZ048,3,2775.2666666666664,0.0,0.0,2775.2666666666664,0.0,0.0,0.0,0.0,1.0
S2,R2,PZ048,4,2775.2666666666664,0.0,0.0,2775.2666666666664,0.0,0.0,0.0,0.0,1.0
S2,R2,PZ048,5,2775.2666666666664,0.0,0.0,2775.2666666666664,0.0,0.0,0.0,0.0,1.0
S2,R2,PZ048,6,0.0,0.0,0.0,0.0,0.0,0.0,0.0,0.0,1.0
S2,R2,PZ048,7,0.0,0.0,0.0,0.0,0.0,0.0,0.0,0.0,1.0
S2,R2,PZ048,8,0.0,0.0,0.0,0.0,0.0,0.0,0.0,0.0,1.0
S2,R2,PZ048,9,0.0,0.0,0.0,0.0,0.0,0.0,0.0,0.0,1.0
S2,R2,PZ048,10,2775.2666666666664,0.0,0.0,2775.2666666666664,0.0,0.0,0.0,0.0,1.0
S2,R2,PZ048,11,2775.2666666666664,0.0,0.0,2775.2666666666664,0.0,0.0,0.0,0.0,1.0
S2,R2,PZ048,12,2775.2666666666664,0.0,0.0,2775.2666666666664,0.0,0.0,0.0,0.0,1.0
S2,R2,PZ048,13,2775.2666666666664,0.0,0.0,2775.2666666666664,0.0,0.0,0.0,0.0,1.0
S2,R2,PZ048,14,2775.2666666666664,0.0,0.0,2775.2666666666664,0.0,0.0,0.0,0.0,1.0
S2,R2,PZ048,15,2775.2666666666664,0.0,0.0,2775.2666666666664,0.0,0.0,0.0,0.0,1.0
S2,R2,PZ048,16,0.0,0.0,0.0,0.0,0.0,0.0,0.0,0.0,1.0
S2,R2,PZ048,17,0.0,0.0,0.0,0.0,0.0,0.0,0.0,0.0,1.0
S2,R2,PZ048,18,0.0,0.0,0.0,0.0,0.0,0.0,0.0,0.0,1.0
S2,R2,PZ048,19,0.0,0.0,0.0,0.0,0.0,0.0,0.0,0.0,1.0
S2,R2,PZ048,20,0.0,0.0,0.0,0.0,0.0,0.0,0.0,0.0,1.0
S2,R2,PZ048,21,2775.266666666667,0.0,0.0,2775.266666666667,0.0,0.0,0.0,0.0,1.0
S2,R2,PZ048,22,2775.266666666667,0.0,0.0,2775.266666666667,0.0,0.0,0.0,0.0,1.0
S2,R2,PZ048,23,2775.2666666666664,0.0,0.0,2775.2666666666664,0.0,0.0,0.0,0.0,1.0
S2,R2,PZ049,0,2537.7666666666632,0.0,0.0,2537.7666666666632,0.0,0.0,0.0,0.0,1.0
S2,R2,PZ049,1,2537.766666666666,0.0,0.0,2537.766666666666,0.0,0.0,0.0,0.0,1.0
S2,R2,PZ049,2,2537.766666666666,0.0,0.0,2537.766666666666,0.0,0.0,0.0,0.0,1.0
S2,R2,PZ049,3,2537.766666666666,0.0,0.0,2537.766666666666,0.0,0.0,0.0,0.0,1.0
S2,R2,PZ049,4,2537.766666666666,0.0,0.0,2537.766666666666,0.0,0.0,0.0,0.0,1.0
S2,R2,PZ049,5,2537.766666666666,0.0,0.0,2537.766666666666,0.0,0.0,0.0,0.0,1.0
S2,R2,PZ049,6,0.0,0.0,0.0,0.0,0.0,0.0,0.0,0.0,1.0
S2,R2,PZ049,7,0.0,0.0,0.0,0.0,0.0,0.0,0.0,0.0,1.0
S2,R2,PZ049,8,0.0,0.0,0.0,0.0,0.0,0.0,0.0,0.0,1.0
S2,R2,PZ049,9,0.0,0.0,0.0,0.0,0.0,0.0,0.0,0.0,1.0
S2,R2,PZ049,10,2537.766666666666,0.0,0.0,2537.766666666666,0.0,0.0,0.0,0.0,1.0
S2,R2,PZ049,11,2537.766666666666,0.0,0.0,2537.766666666666,0.0,0.0,0.0,0.0,1.0
S2,R2,PZ049,12,2537.766666666667,0.0,0.0,2537.766666666667,0.0,0.0,0.0,0.0,1.0
S2,R2,PZ049,13,2537.766666666666,0.0,0.0,2537.766666666666,0.0,0.0,0.0,0.0,1.0
S2,R2,PZ049,14,2537.766666666667,0.0,0.0,2537.766666666667,0.0,0.0,0.0,0.0,1.0
S2,R2,PZ049,15,2537.766666666667,0.0,0.0,2537.766666666667,0.0,0.0,0.0,0.0,1.0
S2,R2,PZ049,16,0.0,0.0,0.0,0.0,0.0,0.0,0.0,0.0,1.0
S2,R2,PZ049,17,0.0,0.0,0.0,0.0,0.0,0.0,0.0,0.0,1.0
S2,R2,PZ049,18,0.0,0.0,0.0,0.0,0.0,0.0,0.0,0.0,1.0
S2,R2,PZ049,19,0.0,0.0,0.0,0.0,0.0,0.0,0.0,0.0,1.0
S2,R2,PZ049,20,0.0,0.0,0.0,0.0,0.0,0.0,0.0,0.0,1.0
S2,R2,PZ049,21,2537.7666666666664,0.0,0.0,2537.7666666666664,0.0,0.0,0.0,0.0,1.0
S2,R2,PZ049,22,2537.766666666667,0.0,0.0,2537.766666666667,0.0,0.0,0.0,0.0,1.0
S2,R2,PZ049,23,2537.766666666666,0.0,0.0,2537.766666666666,0.0,0.0,0.0,0.0,1.0
S2,R2,PZ050,0,3110.2999999999997,0.0,0.0,3110.2999999999997,0.0,0.0,0.0,0.0,1.0
S2,R2,PZ050,1,3110.2999999999997,0.0,0.0,3110.2999999999997,0.0,0.0,0.0,0.0,1.0
S2,R2,PZ050,2,3110.2999999999997,0.0,0.0,3110.2999999999997,0.0,0.0,0.0,0.0,1.0
S2,R2,PZ050,3,3110.2999999999997,0.0,0.0,3110.2999999999997,0.0,0.0,0.0,0.0,1.0
S2,R2,PZ050,4,3110.2999999999997,0.0,0.0,3110.2999999999997,0.0,0.0,0.0,0.0,1.0
S2,R2,PZ050,5,3110.2999999999997,0.0,0.0,3110.2999999999997,0.0,0.0,0.0,0.0,1.0
S2,R2,PZ050,6,0.0,0.0,0.0,0.0,0.0,0.0,0.0,0.0,1.0
S2,R2,PZ050,7,0.0,0.0,0.0,0.0,0.0,0.0,0.0,0.0,1.0
S2,R2,PZ050,8,0.0,0.0,0.0,0.0,0.0,0.0,0.0,0.0,1.0
S2,R2,PZ050,9,0.0,0.0,0.0,0.0,0.0,0.0,0.0,0.0,1.0
S2,R2,PZ050,10,3110.2999999999997,0.0,0.0,3110.2999999999997,0.0,0.0,0.0,0.0,1.0
S2,R2,PZ050,11,3110.2999999999997,-0.0,0.0,3110.2999999999997,0.0,0.0,0.0,0.0,1.0
S2,R2,PZ050,12,3110.2999999999997,-0.0,0.0,3110.2999999999997,0.0,0.0,0.0,0.0,1.0
S2,R2,PZ050,13,3110.2999999999997,-0.0,0.0,3110.2999999999997,0.0,0.0,0.0,0.0,1.0
S2,R2,PZ050,14,3110.2999999999997,-0.0,0.0,3110.2999999999997,0.0,0.0,0.0,0.0,1.0
S2,R2,PZ050,15,3110.2999999999997,-0.0,0.0,3110.2999999999997,0.0,0.0,0.0,0.0,1.0
S2,R2,PZ050,16,0.0,0.0,0.0,0.0,0.0,0.0,0.0,0.0,1.0
S2,R2,PZ050,17,0.0,0.0,0.0,0.0,0.0,0.0,0.0,0.0,1.0
S2,R2,PZ050,18,0.0,-0.0,0.0,-0.0,0.0,0.0,0.0,0.0,1.0
S2,R2,PZ050,19,0.0,-0.0,0.0,-0.0,0.0,0.0,0.0,0.0,1.0
S2,R2,PZ050,20,0.0,-0.0,0.0,-0.0,0.0,0.0,0.0,0.0,1.0
S2,R2,PZ050,21,3110.2999999999997,-0.0,0.0,3110.2999999999997,0.0,0.0,0.0,0.0,1.0
S2,R2,PZ050,22,3110.2999999999997,-0.0,0.0,3110.2999999999997,0.0,0.0,0.0,0.0,1.0
S2,R2,PZ050,23,3110.2999999999997,0.0,0.0,3110.2999999999997,0.0,0.0,0.0,0.0,1.0
S2,R2,PZ052,0,2719.5333333333333,0.0,0.0,2719.5333333333333,0.0,0.0,0.0,0.0,1.0
S2,R2,PZ052,1,2719.5333333333333,0.0,0.0,2719.5333333333333,0.0,0.0,0.0,0.0,1.0
S2,R2,PZ052,2,2719.5333333333333,0.0,0.0,2719.5333333333333,0.0,0.0,0.0,0.0,1.0
S2,R2,PZ052,3,2719.5333333333333,0.0,0.0,2719.5333333333333,0.0,0.0,0.0,0.0,1.0
S2,R2,PZ052,4,2719.5333333333333,0.0,0.0,2719.5333333333333,0.0,0.0,0.0,0.0,1.0
S2,R2,PZ052,5,2719.5333333333333,0.0,0.0,2719.5333333333333,0.0,0.0,0.0,0.0,1.0
S2,R2,PZ052,6,0.0,0.0,0.0,0.0,0.0,0.0,0.0,0.0,1.0
S2,R2,PZ052,7,0.0,0.0,0.0,0.0,0.0,0.0,0.0,0.0,1.0
S2,R2,PZ052,8,0.0,0.0,0.0,0.0,0.0,0.0,0.0,0.0,1.0
S2,R2,PZ052,9,0.0,0.0,0.0,0.0,0.0,0.0,0.0,0.0,1.0
S2,R2,PZ052,10,2719.5333333333333,0.0,0.0,2719.5333333333333,0.0,0.0,0.0,0.0,1.0
S2,R2,PZ052,11,2719.5333333333333,-0.0,0.0,2719.5333333333333,0.0,0.0,0.0,0.0,1.0
S2,R2,PZ052,12,2719.5333333333333,-0.0,0.0,2719.5333333333333,0.0,0.0,0.0,0.0,1.0
S2,R2,PZ052,13,2719.5333333333333,-0.0,0.0,2719.5333333333333,0.0,0.0,0.0,0.0,1.0
S2,R2,PZ052,14,2719.5333333333333,-0.0,0.0,2719.5333333333333,0.0,0.0,0.0,0.0,1.0
S2,R2,PZ052,15,2719.5333333333333,-0.0,0.0,2719.5333333333333,0.0,0.0,0.0,0.0,1.0
S2,R2,PZ052,16,0.0,0.0,0.0,0.0,0.0,0.0,0.0,0.0,1.0
S2,R2,PZ052,17,0.0,0.0,0.0,0.0,0.0,0.0,0.0,0.0,1.0
S2,R2,PZ052,18,0.0,-0.0,0.0,-0.0,0.0,0.0,0.0,0.0,1.0
S2,R2,PZ052,19,0.0,-0.0,0.0,-0.0,0.0,0.0,0.0,0.0,1.0
S2,R2,PZ052,20,0.0,-0.0,0.0,-0.0,0.0,0.0,0.0,0.0,1.0
S2,R2,PZ052,21,2719.5333333333333,-0.0,0.0,2719.5333333333333,0.0,0.0,0.0,0.0,1.0
S2,R2,PZ052,22,2719.5333333333333,-0.0,0.0,2719.5333333333333,0.0,0.0,0.0,0.0,1.0
S2,R2,PZ052,23,2719.5333333333333,0.0,0.0,2719.5333333333333,0.0,0.0,0.0,0.0,1.0
S2,R3,PZ001,0,1565.2,0.0,0.0,1565.2,0.0,0.0,0.0,0.0,1.0
S2,R3,PZ001,1,1565.2,0.0,0.0,1565.2,0.0,0.0,0.0,0.0,1.0
S2,R3,PZ001,2,1565.2,0.0,0.0,1565.2,0.0,0.0,0.0,0.0,1.0
S2,R3,PZ001,3,1565.2,0.0,0.0,1565.2,0.0,0.0,0.0,0.0,1.0
S2,R3,PZ001,4,1565.2,0.0,0.0,1565.2,0.0,0.0,0.0,0.0,1.0
S2,R3,PZ001,5,1565.2,0.0,0.0,1565.2,0.0,0.0,0.0,0.0,1.0
S2,R3,PZ001,6,0.0,0.0,0.0,0.0,0.0,0.0,0.0,0.0,1.0
S2,R3,PZ001,7,0.0,0.0,0.0,0.0,0.0,0.0,0.0,0.0,1.0
S2,R3,PZ001,8,0.0,0.0,0.0,0.0,0.0,0.0,0.0,0.0,1.0
S2,R3,PZ001,9,0.0,0.0,0.0,0.0,0.0,0.0,0.0,0.0,1.0
S2,R3,PZ001,10,1565.2,0.0,0.0,1565.2,0.0,0.0,0.0,0.0,1.0
S2,R3,PZ001,11,1565.2,-0.0,0.0,1565.2,0.0,0.0,0.0,0.0,1.0
S2,R3,PZ001,12,1565.2,-0.0,0.0,1565.2,0.0,0.0,0.0,0.0,1.0
S2,R3,PZ001,13,1565.2,-0.0,0.0,1565.2,0.0,0.0,0.0,0.0,1.0
S2,R3,PZ001,14,1565.2,-0.0,0.0,1565.2,0.0,0.0,0.0,0.0,1.0
S2,R3,PZ001,15,1565.2,-0.0,0.0,1565.2,0.0,0.0,0.0,0.0,1.0
S2,R3,PZ001,16,0.0,0.0,0.0,0.0,0.0,0.0,0.0,0.0,1.0
S2,R3,PZ001,17,0.0,0.0,0.0,0.0,0.0,0.0,0.0,0.0,1.0
S2,R3,PZ001,18,0.0,-0.0,0.0,-0.0,0.0,0.0,0.0,0.0,1.0
S2,R3,PZ001,19,0.0,-0.0,0.0,-0.0,0.0,0.0,0.0,0.0,1.0
S2,R3,PZ001,20,0.0,-0.0,0.0,-0.0,0.0,0.0,0.0,0.0,1.0
S2,R3,PZ001,21,1565.2,-0.0,0.0,1565.2,0.0,0.0,0.0,0.0,1.0
S2,R3,PZ001,22,1565.2,-0.0,0.0,1565.2,0.0,0.0,0.0,0.0,1.0
S2,R3,PZ001,23,1565.2,0.0,0.0,1565.2,0.0,0.0,0.0,0.0,1.0
S2,R3,PZ006,0,223.6,0.0,0.0,223.6,0.0,0.0,0.0,0.0,1.0
S2,R3,PZ006,1,223.6,0.0,0.0,223.6,0.0,0.0,0.0,0.0,1.0
S2,R3,PZ006,2,223.6,0.0,0.0,223.6,0.0,0.0,0.0,0.0,1.0
S2,R3,PZ006,3,223.6,0.0,0.0,223.6,0.0,0.0,0.0,0.0,1.0
S2,R3,PZ006,4,223.6,0.0,0.0,223.6,0.0,0.0,0.0,0.0,1.0
S2,R3,PZ006,5,223.6,0.0,0.0,223.6,0.0,0.0,0.0,0.0,1.0
S2,R3,PZ006,6,0.0,0.0,0.0,0.0,0.0,0.0,0.0,0.0,1.0
S2,R3,PZ006,7,0.0,0.0,0.0,0.0,0.0,0.0,0.0,0.0,1.0
S2,R3,PZ006,8,0.0,0.0,0.0,0.0,0.0,0.0,0.0,0.0,1.0
S2,R3,PZ006,9,0.0,0.0,0.0,0.0,0.0,0.0,0.0,0.0,1.0
S2,R3,PZ006,10,223.6,0.0,0.0,223.6,0.0,0.0,0.0,0.0,1.0
S2,R3,PZ006,11,223.6,-0.0,0.0,223.6,0.0,0.0,0.0,0.0,1.0
S2,R3,PZ006,12,223.6,-0.0,0.0,223.6,0.0,0.0,0.0,0.0,1.0
S2,R3,PZ006,13,223.6,-0.0,0.0,223.6,0.0,0.0,0.0,0.0,1.0
S2,R3,PZ006,14,223.6,-0.0,0.0,223.6,0.0,0.0,0.0,0.0,1.0
S2,R3,PZ006,15,223.6,-0.0,0.0,223.6,0.0,0.0,0.0,0.0,1.0
S2,R3,PZ006,16,0.0,0.0,0.0,0.0,0.0,0.0,0.0,0.0,1.0
S2,R3,PZ006,17,0.0,0.0,0.0,0.0,0.0,0.0,0.0,0.0,1.0
S2,R3,PZ006,18,0.0,-0.0,0.0,-0.0,0.0,0.0,0.0,0.0,1.0
S2,R3,PZ006,19,0.0,-0.0,0.0,-0.0,0.0,0.0,0.0,0.0,1.0
S2,R3,PZ006,20,0.0,-0.0,0.0,-0.0,0.0,0.0,0.0,0.0,1.0
S2,R3,PZ006,21,223.6,-0.0,0.0,223.6,0.0,0.0,0.0,0.0,1.0
S2,R3,PZ006,22,223.6,-0.0,0.0,223.6,0.0,0.0,0.0,0.0,1.0
S2,R3,PZ006,23,223.6,0.0,0.0,223.6,0.0,0.0,0.0,0.0,1.0
S2,R3,PZ039,0,1733.4375,0.0,0.0,1733.4375,0.0,0.0,0.0,0.0,1.0
S2,R3,PZ039,1,1733.4375,0.0,0.0,1733.4375,0.0,0.0,0.0,0.0,1.0
S2,R3,PZ039,2,1733.4375,0.0,0.0,1733.4375,0.0,0.0,0.0,0.0,1.0
S2,R3,PZ039,3,1733.4375,0.0,0.0,1733.4375,0.0,0.0,0.0,0.0,1.0
S2,R3,PZ039,4,1733.4375,0.0,0.0,1733.4375,0.0,0.0,0.0,0.0,1.0
S2,R3,PZ039,5,1733.4375,0.0,0.0,1733.4375,0.0,0.0,0.0,0.0,1.0
S2,R3,PZ039,6,0.0,0.0,0.0,0.0,0.0,0.0,0.0,0.0,1.0
S2,R3,PZ039,7,0.0,0.0,0.0,0.0,0.0,0.0,0.0,0.0,1.0
S2,R3,PZ039,8,0.0,0.0,0.0,0.0,0.0,0.0,0.0,0.0,1.0
S2,R3,PZ039,9,1733.4375,0.0,0.0,1733.4375,0.0,0.0,0.0,0.0,1.0
S2,R3,PZ039,10,1733.4375,0.0,0.0,1733.4375,0.0,0.0,0.0,0.0,1.0
S2,R3,PZ039,11,1733.4375,-0.0,0.0,1733.4375,0.0,0.0,0.0,0.0,1.0
S2,R3,PZ039,12,1733.4375,-0.0,0.0,1733.4375,0.0,0.0,0.0,0.0,1.0
S2,R3,PZ039,13,1733.4375,-0.0,0.0,1733.4375,0.0,0.0,0.0,0.0,1.0
S2,R3,PZ039,14,1733.4375,-0.0,0.0,1733.4375,0.0,0.0,0.0,0.0,1.0
S2,R3,PZ039,15,1733.4375,-0.0,0.0,1733.4375,0.0,0.0,0.0,0.0,1.0
S2,R3,PZ039,16,0.0,0.0,0.0,0.0,0.0,0.0,0.0,0.0,1.0
S2,R3,PZ039,17,0.0,0.0,0.0,0.0,0.0,0.0,0.0,0.0,1.0
S2,R3,PZ039,18,0.0,-0.0,0.0,-0.0,0.0,0.0,0.0,0.0,1.0
S2,R3,PZ039,19,0.0,-0.0,0.0,-0.0,0.0,0.0,0.0,0.0,1.0
S2,R3,PZ039,20,0.0,-0.0,0.0,-0.0,0.0,0.0,0.0,0.0,1.0
S2,R3,PZ039,21,1733.4375,-0.0,0.0,1733.4375,0.0,0.0,0.0,0.0,1.0
S2,R3,PZ039,22,1733.4375,-0.0,0.0,1733.4375,0.0,0.0,0.0,0.0,1.0
S2,R3,PZ039,23,1733.4375,0.0,0.0,1733.4375,0.0,0.0,0.0,0.0,1.0
S2,R3,PZ040,0,1930.4,0.0,0.0,1930.4,0.0,0.0,0.0,0.0,1.0
S2,R3,PZ040,1,1930.3999999999999,0.0,0.0,1930.3999999999999,0.0,0.0,0.0,0.0,1.0
S2,R3,PZ040,2,1930.3999999999999,0.0,0.0,1930.3999999999999,0.0,0.0,0.0,0.0,1.0
S2,R3,PZ040,3,1930.3999999999999,0.0,0.0,1930.3999999999999,0.0,0.0,0.0,0.0,1.0
S2,R3,PZ040,4,1930.3999999999999,0.0,0.0,1930.3999999999999,0.0,0.0,0.0,0.0,1.0
S2,R3,PZ040,5,1930.3999999999999,0.0,0.0,1930.3999999999999,0.0,0.0,0.0,0.0,1.0
S2,R3,PZ040,6,0.0,0.0,0.0,0.0,0.0,0.0,0.0,0.0,1.0
S2,R3,PZ040,7,0.0,0.0,0.0,0.0,0.0,0.0,0.0,0.0,1.0
S2,R3,PZ040,8,0.0,0.0,0.0,0.0,0.0,0.0,0.0,0.0,1.0
S2,R3,PZ040,9,0.0,0.0,0.0,0.0,0.0,0.0,0.0,0.0,1.0
S2,R3,PZ040,10,1930.3999999999999,0.0,0.0,1930.3999999999999,0.0,0.0,0.0,0.0,1.0
S2,R3,PZ040,11,1930.3999999999999,-0.0,0.0,1930.3999999999999,0.0,0.0,0.0,0.0,1.0
S2,R3,PZ040,12,1930.3999999999999,-0.0,0.0,1930.3999999999999,0.0,0.0,0.0,0.0,1.0
S2,R3,PZ040,13,1930.3999999999999,-0.0,0.0,1930.3999999999999,0.0,0.0,0.0,0.0,1.0
S2,R3,PZ040,14,1930.3999999999999,-0.0,0.0,1930.3999999999999,0.0,0.0,0.0,0.0,1.0
S2,R3,PZ040,15,1930.3999999999999,-0.0,0.0,1930.3999999999999,0.0,0.0,0.0,0.0,1.0
S2,R3,PZ040,16,0.0,0.0,0.0,0.0,0.0,0.0,0.0,0.0,1.0
S2,R3,PZ040,17,0.0,0.0,0.0,0.0,0.0,0.0,0.0,0.0,1.0
S2,R3,PZ040,18,0.0,-0.0,0.0,-0.0,0.0,0.0,0.0,0.0,1.0
S2,R3,PZ040,19,0.0,-0.0,0.0,-0.0,0.0,0.0,0.0,0.0,1.0
S2,R3,PZ040,20,0.0,-0.0,0.0,-0.0,0.0,0.0,0.0,0.0,1.0
S2,R3,PZ040,21,1930.3999999999999,-0.0,0.0,1930.3999999999999,0.0,0.0,0.0,0.0,1.0
S2,R3,PZ040,22,1930.3999999999999,-0.0,0.0,1930.3999999999999,0.0,0.0,0.0,0.0,1.0
S2,R3,PZ040,23,1930.3999999999999,0.0,0.0,1930.3999999999999,0.0,0.0,0.0,0.0,1.0
S2,R3,PZ041,0,1968.6173920279389,0.0,0.0,1968.6173920279389,0.0,0.0,0.0,0.0,1.0
S2,R3,PZ041,1,1968.6173920279389,0.0,0.0,1968.6173920279389,0.0,0.0,0.0,0.0,1.0
S2,R3,PZ041,2,1968.6173920279389,0.0,0.0,1968.6173920279389,0.0,0.0,0.0,0.0,1.0
S2,R3,PZ041,3,1968.6173920279389,0.0,0.0,1968.6173920279389,0.0,0.0,0.0,0.0,1.0
S2,R3,PZ041,4,1968.6173920279389,0.0,0.0,1968.6173920279389,0.0,0.0,0.0,0.0,1.0
S2,R3,PZ041,5,1968.6173920279389,0.0,0.0,1968.6173920279389,0.0,0.0,0.0,0.0,1.0
S2,R3,PZ041,6,0.0,0.0,0.0,0.0,0.0,0.0,0.0,0.0,1.0
S2,R3,PZ041,7,0.0,0.0,0.0,0.0,0.0,0.0,0.0,0.0,1.0
S2,R3,PZ041,8,0.0,0.0,0.0,0.0,0.0,0.0,0.0,0.0,1.0
S2,R3,PZ041,9,0.0,0.0,0.0,0.0,0.0,0.0,0.0,0.0,1.0
S2,R3,PZ041,10,1968.6173920279389,0.0,0.0,1968.6173920279389,0.0,0.0,0.0,0.0,1.0
S2,R3,PZ041,11,1968.6173920279389,1.0140581454736586,0.0,1969.6314501734125,0.0,0.0,0.0,0.0,1.0
S2,R3,PZ041,12,1968.6173920279389,5.767484806132244,0.0,1974.384876834071,0.0,0.0,0.0,0.0,1.0
S2,R3,PZ041,13,1968.6173920279389,11.741118617885714,0.0,1980.3585106458245,0.0,0.0,0.0,0.0,1.0
S2,R3,PZ041,14,1968.6173920279389,16.248085930673387,0.0,1984.8654779586122,0.0,0.0,0.0,0.0,1.0
S2,R3,PZ041,15,1968.6173920279389,19.007543236991765,0.0,1987.6249352649306,0.0,0.0,0.0,0.0,1.0
S2,R3,PZ041,16,1968.6173920279389,20.68315489816575,0.0,1989.3005469261045,0.0,0.0,0.0,0.0,1.0
S2,R3,PZ041,17,1968.6173920279389,20.77047164186023,0.0,1989.3878636697991,0.0,0.0,0.0,0.0,1.0
S2,R3,PZ041,18,0.0,19.412408260103604,0.0,19.412408260103604,0.0,0.0,0.0,0.0,1.0
S2,R3,PZ041,19,0.0,15.989670981621929,0.0,15.989670981621929,0.0,0.0,0.0,0.0,1.0
S2,R3,PZ041,20,0.0,11.442532804937494,0.0,11.442532804937494,0.0,0.0,0.0,0.0,1.0
S2,R3,PZ041,21,1968.6173920279389,5.784602204625699,0.0,1974.4019942325647,0.0,0.0,0.0,0.0,1.0
S2,R3,PZ041,22,1968.6173920279389,0.8932039965568919,0.0,1969.5105960244957,0.0,0.0,0.0,0.0,1.0
S2,R3,PZ041,23,1968.6173920279389,0.0,0.0,1968.6173920279389,0.0,0.0,0.0,0.0,1.0
S2,R3,PZ047,0,2332.5666666666666,0.0,0.0,2332.5666666666666,0.0,0.0,0.0,0.0,1.0
S2,R3,PZ047,1,2332.5666666666666,0.0,0.0,2332.5666666666666,0.0,0.0,0.0,0.0,1.0
S2,R3,PZ047,2,2332.5666666666666,0.0,0.0,2332.5666666666666,0.0,0.0,0.0,0.0,1.0
S2,R3,PZ047,3,2332.5666666666666,0.0,0.0,2332.5666666666666,0.0,0.0,0.0,0.0,1.0
S2,R3,PZ047,4,2332.5666666666666,0.0,0.0,2332.5666666666666,0.0,0.0,0.0,0.0,1.0
S2,R3,PZ047,5,2332.5666666666666,0.0,0.0,2332.5666666666666,0.0,0.0,0.0,0.0,1.0
S2,R3,PZ047,6,0.0,0.0,0.0,0.0,0.0,0.0,0.0,0.0,1.0
S2,R3,PZ047,7,0.0,0.0,0.0,0.0,0.0,0.0,0.0,0.0,1.0
S2,R3,PZ047,8,0.0,0.0,0.0,0.0,0.0,0.0,0.0,0.0,1.0
S2,R3,PZ047,9,0.0,0.0,0.0,0.0,0.0,0.0,0.0,0.0,1.0
S2,R3,PZ047,10,2332.566666666674,0.0,0.0,2332.566666666674,0.0,0.0,0.0,0.0,1.0
S2,R3,PZ047,11,2332.5666666666666,0.0,0.0,2332.5666666666666,0.0,0.0,0.0,0.0,1.0
S2,R3,PZ047,12,2332.5666666666666,0.0,0.0,2332.5666666666666,0.0,0.0,0.0,0.0,1.0
S2,R3,PZ047,13,2332.5666666666666,0.0,0.0,2332.5666666666666,0.0,0.0,0.0,0.0,1.0
S2,R3,PZ047,14,2332.5666666666666,0.0,0.0,2332.5666666666666,0.0,0.0,0.0,0.0,1.0
S2,R3,PZ047,15,2332.5666666666702,0.0,0.0,2332.5666666666702,0.0,0.0,0.0,0.0,1.0
S2,R3,PZ047,16,0.0,0.0,0.0,0.0,0.0,0.0,0.0,0.0,1.0
S2,R3,PZ047,17,0.0,0.0,0.0,0.0,0.0,0.0,0.0,0.0,1.0
S2,R3,PZ047,18,0.0,0.0,0.0,0.0,0.0,0.0,0.0,0.0,1.0
S2,R3,PZ047,19,0.0,0.0,0.0,0.0,0.0,0.0,0.0,0.0,1.0
S2,R3,PZ047,20,0.0,0.0,0.0,0.0,0.0,0.0,0.0,0.0,1.0
S2,R3,PZ047,21,2332.5666666666666,0.0,0.0,2332.5666666666666,0.0,0.0,0.0,0.0,1.0
S2,R3,PZ047,22,2332.5666666666666,0.0,0.0,2332.5666666666666,0.0,0.0,0.0,0.0,1.0
S2,R3,PZ047,23,2332.5666666666666,0.0,0.0,2332.5666666666666,0.0,0.0,0.0,0.0,1.0
S2,R3,PZ048,0,2775.2666666666664,0.0,0.0,2775.2666666666664,0.0,0.0,0.0,0.0,1.0
S2,R3,PZ048,1,2775.2666666666664,0.0,0.0,2775.2666666666664,0.0,0.0,0.0,0.0,1.0
S2,R3,PZ048,2,2775.2666666666664,0.0,0.0,2775.2666666666664,0.0,0.0,0.0,0.0,1.0
S2,R3,PZ048,3,2775.2666666666664,0.0,0.0,2775.2666666666664,0.0,0.0,0.0,0.0,1.0
S2,R3,PZ048,4,2775.2666666666664,0.0,0.0,2775.2666666666664,0.0,0.0,0.0,0.0,1.0
S2,R3,PZ048,5,2775.2666666666664,0.0,0.0,2775.2666666666664,0.0,0.0,0.0,0.0,1.0
S2,R3,PZ048,6,0.0,0.0,0.0,0.0,0.0,0.0,0.0,0.0,1.0
S2,R3,PZ048,7,0.0,0.0,0.0,0.0,0.0,0.0,0.0,0.0,1.0
S2,R3,PZ048,8,0.0,0.0,0.0,0.0,0.0,0.0,0.0,0.0,1.0
S2,R3,PZ048,9,0.0,0.0,0.0,0.0,0.0,0.0,0.0,0.0,1.0
S2,R3,PZ048,10,2775.2666666666664,0.0,0.0,2775.2666666666664,0.0,0.0,0.0,0.0,1.0
S2,R3,PZ048,11,2775.2666666666664,0.0,0.0,2775.2666666666664,0.0,0.0,0.0,0.0,1.0
S2,R3,PZ048,12,2775.2666666666664,0.0,0.0,2775.2666666666664,0.0,0.0,0.0,0.0,1.0
S2,R3,PZ048,13,2775.2666666666664,0.0,0.0,2775.2666666666664,0.0,0.0,0.0,0.0,1.0
S2,R3,PZ048,14,2775.2666666666664,0.0,0.0,2775.2666666666664,0.0,0.0,0.0,0.0,1.0
S2,R3,PZ048,15,2775.2666666666664,0.0,0.0,2775.2666666666664,0.0,0.0,0.0,0.0,1.0
S2,R3,PZ048,16,0.0,0.0,0.0,0.0,0.0,0.0,0.0,0.0,1.0
S2,R3,PZ048,17,0.0,0.0,0.0,0.0,0.0,0.0,0.0,0.0,1.0
S2,R3,PZ048,18,0.0,0.0,0.0,0.0,0.0,0.0,0.0,0.0,1.0
S2,R3,PZ048,19,0.0,0.0,0.0,0.0,0.0,0.0,0.0,0.0,1.0
S2,R3,PZ048,20,0.0,0.0,0.0,0.0,0.0,0.0,0.0,0.0,1.0
S2,R3,PZ048,21,2775.266666666667,0.0,0.0,2775.266666666667,0.0,0.0,0.0,0.0,1.0
S2,R3,PZ048,22,2775.266666666667,0.0,0.0,2775.266666666667,0.0,0.0,0.0,0.0,1.0
S2,R3,PZ048,23,2775.2666666666664,0.0,0.0,2775.2666666666664,0.0,0.0,0.0,0.0,1.0
S2,R3,PZ049,0,2537.7666666666632,0.0,0.0,2537.7666666666632,0.0,0.0,0.0,0.0,1.0
S2,R3,PZ049,1,2537.766666666666,0.0,0.0,2537.766666666666,0.0,0.0,0.0,0.0,1.0
S2,R3,PZ049,2,2537.766666666666,0.0,0.0,2537.766666666666,0.0,0.0,0.0,0.0,1.0
S2,R3,PZ049,3,2537.766666666666,0.0,0.0,2537.766666666666,0.0,0.0,0.0,0.0,1.0
S2,R3,PZ049,4,2537.766666666666,0.0,0.0,2537.766666666666,0.0,0.0,0.0,0.0,1.0
S2,R3,PZ049,5,2537.766666666666,0.0,0.0,2537.766666666666,0.0,0.0,0.0,0.0,1.0
S2,R3,PZ049,6,0.0,0.0,0.0,0.0,0.0,0.0,0.0,0.0,1.0
S2,R3,PZ049,7,0.0,0.0,0.0,0.0,0.0,0.0,0.0,0.0,1.0
S2,R3,PZ049,8,0.0,0.0,0.0,0.0,0.0,0.0,0.0,0.0,1.0
S2,R3,PZ049,9,0.0,0.0,0.0,0.0,0.0,0.0,0.0,0.0,1.0
S2,R3,PZ049,10,2537.766666666666,0.0,0.0,2537.766666666666,0.0,0.0,0.0,0.0,1.0
S2,R3,PZ049,11,2537.766666666666,0.0,0.0,2537.766666666666,0.0,0.0,0.0,0.0,1.0
S2,R3,PZ049,12,2537.766666666667,0.0,0.0,2537.766666666667,0.0,0.0,0.0,0.0,1.0
S2,R3,PZ049,13,2537.766666666666,0.0,0.0,2537.766666666666,0.0,0.0,0.0,0.0,1.0
S2,R3,PZ049,14,2537.766666666667,0.0,0.0,2537.766666666667,0.0,0.0,0.0,0.0,1.0
S2,R3,PZ049,15,2537.766666666667,0.0,0.0,2537.766666666667,0.0,0.0,0.0,0.0,1.0
S2,R3,PZ049,16,0.0,0.0,0.0,0.0,0.0,0.0,0.0,0.0,1.0
S2,R3,PZ049,17,0.0,0.0,0.0,0.0,0.0,0.0,0.0,0.0,1.0
S2,R3,PZ049,18,0.0,0.0,0.0,0.0,0.0,0.0,0.0,0.0,1.0
S2,R3,PZ049,19,0.0,0.0,0.0,0.0,0.0,0.0,0.0,0.0,1.0
S2,R3,PZ049,20,0.0,0.0,0.0,0.0,0.0,0.0,0.0,0.0,1.0
S2,R3,PZ049,21,2537.7666666666664,0.0,0.0,2537.7666666666664,0.0,0.0,0.0,0.0,1.0
S2,R3,PZ049,22,2537.766666666667,0.0,0.0,2537.766666666667,0.0,0.0,0.0,0.0,1.0
S2,R3,PZ049,23,2537.766666666666,0.0,0.0,2537.766666666666,0.0,0.0,0.0,0.0,1.0
S2,R3,PZ050,0,3110.2999999999997,0.0,0.0,3110.2999999999997,0.0,0.0,0.0,0.0,1.0
S2,R3,PZ050,1,3110.2999999999997,0.0,0.0,3110.2999999999997,0.0,0.0,0.0,0.0,1.0
S2,R3,PZ050,2,3110.2999999999997,0.0,0.0,3110.2999999999997,0.0,0.0,0.0,0.0,1.0
S2,R3,PZ050,3,3110.2999999999997,0.0,0.0,3110.2999999999997,0.0,0.0,0.0,0.0,1.0
S2,R3,PZ050,4,3110.2999999999997,0.0,0.0,3110.2999999999997,0.0,0.0,0.0,0.0,1.0
S2,R3,PZ050,5,3110.2999999999997,0.0,0.0,3110.2999999999997,0.0,0.0,0.0,0.0,1.0
S2,R3,PZ050,6,0.0,0.0,0.0,0.0,0.0,0.0,0.0,0.0,1.0
S2,R3,PZ050,7,0.0,0.0,0.0,0.0,0.0,0.0,0.0,0.0,1.0
S2,R3,PZ050,8,0.0,0.0,0.0,0.0,0.0,0.0,0.0,0.0,1.0
S2,R3,PZ050,9,0.0,0.0,0.0,0.0,0.0,0.0,0.0,0.0,1.0
S2,R3,PZ050,10,3110.2999999999997,0.0,0.0,3110.2999999999997,0.0,0.0,0.0,0.0,1.0
S2,R3,PZ050,11,3110.2999999999997,-0.0,0.0,3110.2999999999997,0.0,0.0,0.0,0.0,1.0
S2,R3,PZ050,12,3110.2999999999997,-0.0,0.0,3110.2999999999997,0.0,0.0,0.0,0.0,1.0
S2,R3,PZ050,13,3110.2999999999997,-0.0,0.0,3110.2999999999997,0.0,0.0,0.0,0.0,1.0
S2,R3,PZ050,14,3110.2999999999997,-0.0,0.0,3110.2999999999997,0.0,0.0,0.0,0.0,1.0
S2,R3,PZ050,15,3110.2999999999997,-0.0,0.0,3110.2999999999997,0.0,0.0,0.0,0.0,1.0
S2,R3,PZ050,16,0.0,0.0,0.0,0.0,0.0,0.0,0.0,0.0,1.0
S2,R3,PZ050,17,0.0,0.0,0.0,0.0,0.0,0.0,0.0,0.0,1.0
S2,R3,PZ050,18,0.0,-0.0,0.0,-0.0,0.0,0.0,0.0,0.0,1.0
S2,R3,PZ050,19,0.0,-0.0,0.0,-0.0,0.0,0.0,0.0,0.0,1.0
S2,R3,PZ050,20,0.0,-0.0,0.0,-0.0,0.0,0.0,0.0,0.0,1.0
S2,R3,PZ050,21,3110.2999999999997,-0.0,0.0,3110.2999999999997,0.0,0.0,0.0,0.0,1.0
S2,R3,PZ050,22,3110.2999999999997,-0.0,0.0,3110.2999999999997,0.0,0.0,0.0,0.0,1.0
S2,R3,PZ050,23,3110.2999999999997,0.0,0.0,3110.2999999999997,0.0,0.0,0.0,0.0,1.0
S2,R3,PZ052,0,2719.5333333333333,0.0,0.0,2719.5333333333333,0.0,0.0,0.0,0.0,1.0
S2,R3,PZ052,1,2719.5333333333333,0.0,0.0,2719.5333333333333,0.0,0.0,0.0,0.0,1.0
S2,R3,PZ052,2,2719.5333333333333,0.0,0.0,2719.5333333333333,0.0,0.0,0.0,0.0,1.0
S2,R3,PZ052,3,2719.5333333333333,0.0,0.0,2719.5333333333333,0.0,0.0,0.0,0.0,1.0
S2,R3,PZ052,4,2719.5333333333333,0.0,0.0,2719.5333333333333,0.0,0.0,0.0,0.0,1.0
S2,R3,PZ052,5,2719.5333333333333,0.0,0.0,2719.5333333333333,0.0,0.0,0.0,0.0,1.0
S2,R3,PZ052,6,0.0,0.0,0.0,0.0,0.0,0.0,0.0,0.0,1.0
S2,R3,PZ052,7,0.0,0.0,0.0,0.0,0.0,0.0,0.0,0.0,1.0
S2,R3,PZ052,8,0.0,0.0,0.0,0.0,0.0,0.0,0.0,0.0,1.0
S2,R3,PZ052,9,0.0,0.0,0.0,0.0,0.0,0.0,0.0,0.0,1.0
S2,R3,PZ052,10,2719.5333333333333,0.0,0.0,2719.5333333333333,0.0,0.0,0.0,0.0,1.0
S2,R3,PZ052,11,2719.5333333333333,-0.0,0.0,2719.5333333333333,0.0,0.0,0.0,0.0,1.0
S2,R3,PZ052,12,2719.5333333333333,-0.0,0.0,2719.5333333333333,0.0,0.0,0.0,0.0,1.0
S2,R3,PZ052,13,2719.5333333333333,-0.0,0.0,2719.5333333333333,0.0,0.0,0.0,0.0,1.0
S2,R3,PZ052,14,2719.5333333333333,-0.0,0.0,2719.5333333333333,0.0,0.0,0.0,0.0,1.0
S2,R3,PZ052,15,2719.5333333333333,-0.0,0.0,2719.5333333333333,0.0,0.0,0.0,0.0,1.0
S2,R3,PZ052,16,0.0,0.0,0.0,0.0,0.0,0.0,0.0,0.0,1.0
S2,R3,PZ052,17,0.0,0.0,0.0,0.0,0.0,0.0,0.0,0.0,1.0
S2,R3,PZ052,18,0.0,-0.0,0.0,-0.0,0.0,0.0,0.0,0.0,1.0
S2,R3,PZ052,19,0.0,-0.0,0.0,-0.0,0.0,0.0,0.0,0.0,1.0
S2,R3,PZ052,20,0.0,-0.0,0.0,-0.0,0.0,0.0,0.0,0.0,1.0
S2,R3,PZ052,21,2719.5333333333333,-0.0,0.0,2719.5333333333333,0.0,0.0,0.0,0.0,1.0
S2,R3,PZ052,22,2719.5333333333333,-0.0,0.0,2719.5333333333333,0.0,0.0,0.0,0.0,1.0
S2,R3,PZ052,23,2719.5333333333333,0.0,0.0,2719.5333333333333,0.0,0.0,0.0,0.0,1.0
S2,R4,PZ001,0,1565.2,0.0,0.0,1565.2,0.0,0.0,0.0,0.0,1.0
S2,R4,PZ001,1,1565.2,0.0,0.0,1565.2,0.0,0.0,0.0,0.0,1.0
S2,R4,PZ001,2,1565.2,0.0,0.0,1565.2,0.0,0.0,0.0,0.0,1.0
S2,R4,PZ001,3,1565.2,0.0,0.0,1565.2,0.0,0.0,0.0,0.0,1.0
S2,R4,PZ001,4,1565.2,0.0,0.0,1565.2,0.0,0.0,0.0,0.0,1.0
S2,R4,PZ001,5,1565.2,0.0,0.0,1565.2,0.0,0.0,0.0,0.0,1.0
S2,R4,PZ001,6,0.0,0.0,0.0,0.0,0.0,0.0,0.0,0.0,1.0
S2,R4,PZ001,7,0.0,0.0,0.0,0.0,0.0,0.0,0.0,0.0,1.0
S2,R4,PZ001,8,0.0,0.0,0.0,0.0,0.0,0.0,0.0,0.0,1.0
S2,R4,PZ001,9,0.0,0.0,0.0,0.0,0.0,0.0,0.0,0.0,1.0
S2,R4,PZ001,10,1565.2,0.0,0.0,1565.2,0.0,0.0,0.0,0.0,1.0
S2,R4,PZ001,11,1565.2,-0.0,0.0,1565.2,0.0,0.0,0.0,0.0,1.0
S2,R4,PZ001,12,1565.2,-0.0,0.0,1565.2,0.0,0.0,0.0,0.0,1.0
S2,R4,PZ001,13,1565.2,-0.0,0.0,1565.2,0.0,0.0,0.0,0.0,1.0
S2,R4,PZ001,14,1565.2,-0.0,0.0,1565.2,0.0,0.0,0.0,0.0,1.0
S2,R4,PZ001,15,1565.2,-0.0,0.0,1565.2,0.0,0.0,0.0,0.0,1.0
S2,R4,PZ001,16,0.0,0.0,0.0,0.0,0.0,0.0,0.0,0.0,1.0
S2,R4,PZ001,17,0.0,0.0,0.0,0.0,0.0,0.0,0.0,0.0,1.0
S2,R4,PZ001,18,0.0,-0.0,0.0,-0.0,0.0,0.0,0.0,0.0,1.0
S2,R4,PZ001,19,0.0,-0.0,0.0,-0.0,0.0,0.0,0.0,0.0,1.0
S2,R4,PZ001,20,0.0,-0.0,0.0,-0.0,0.0,0.0,0.0,0.0,1.0
S2,R4,PZ001,21,1565.2,-0.0,0.0,1565.2,0.0,0.0,0.0,0.0,1.0
S2,R4,PZ001,22,1565.2,-0.0,0.0,1565.2,0.0,0.0,0.0,0.0,1.0
S2,R4,PZ001,23,1565.2,0.0,0.0,1565.2,0.0,0.0,0.0,0.0,1.0
S2,R4,PZ006,0,223.60000000000048,0.0,0.0,223.60000000000048,0.0,0.0,0.0,0.0,1.0
S2,R4,PZ006,1,223.60000000000002,0.0,0.0,223.60000000000002,0.0,0.0,0.0,0.0,1.0
S2,R4,PZ006,2,223.60000000000002,0.0,0.0,223.60000000000002,0.0,0.0,0.0,0.0,1.0
S2,R4,PZ006,3,223.60000000000002,0.0,0.0,223.60000000000002,0.0,0.0,0.0,0.0,1.0
S2,R4,PZ006,4,223.60000000000002,0.0,0.0,223.60000000000002,0.0,0.0,0.0,0.0,1.0
S2,R4,PZ006,5,223.60000000000002,0.0,0.0,223.60000000000002,0.0,0.0,0.0,0.0,1.0
S2,R4,PZ006,6,0.0,0.0,0.0,0.0,0.0,0.0,0.0,0.0,1.0
S2,R4,PZ006,7,0.0,0.0,0.0,0.0,0.0,0.0,0.0,0.0,1.0
S2,R4,PZ006,8,0.0,0.0,0.0,0.0,0.0,0.0,0.0,0.0,1.0
S2,R4,PZ006,9,0.0,0.0,0.0,0.0,0.0,0.0,0.0,0.0,1.0
S2,R4,PZ006,10,223.60000000000002,0.0,0.0,223.60000000000002,0.0,0.0,0.0,0.0,1.0
S2,R4,PZ006,11,223.60000000000002,-0.0,0.0,223.60000000000002,0.0,0.0,0.0,0.0,1.0
S2,R4,PZ006,12,223.60000000000036,-0.0,0.0,223.60000000000036,0.0,0.0,0.0,0.0,1.0
S2,R4,PZ006,13,223.60000000000002,-0.0,0.0,223.60000000000002,0.0,0.0,0.0,0.0,1.0
S2,R4,PZ006,14,223.60000000000002,-0.0,0.0,223.60000000000002,0.0,0.0,0.0,0.0,1.0
S2,R4,PZ006,15,223.60000000000002,-0.0,0.0,223.60000000000002,0.0,0.0,0.0,0.0,1.0
S2,R4,PZ006,16,0.0,0.0,0.0,0.0,0.0,0.0,0.0,0.0,1.0
S2,R4,PZ006,17,0.0,0.0,0.0,0.0,0.0,0.0,0.0,0.0,1.0
S2,R4,PZ006,18,0.0,-0.0,0.0,-0.0,0.0,0.0,0.0,0.0,1.0
S2,R4,PZ006,19,0.0,-0.0,0.0,-0.0,0.0,0.0,0.0,0.0,1.0
S2,R4,PZ006,20,0.0,-0.0,0.0,-0.0,0.0,0.0,0.0,0.0,1.0
S2,R4,PZ006,21,223.60000000000002,-0.0,0.0,223.60000000000002,0.0,0.0,0.0,0.0,1.0
S2,R4,PZ006,22,223.60000000000002,-0.0,0.0,223.60000000000002,0.0,0.0,0.0,0.0,1.0
S2,R4,PZ006,23,223.60000000000002,0.0,0.0,223.60000000000002,0.0,0.0,0.0,0.0,1.0
S2,R4,PZ039,0,1733.4375,0.0,0.0,1733.4375,0.0,0.0,0.0,0.0,1.0
S2,R4,PZ039,1,1733.4375,0.0,0.0,1733.4375,0.0,0.0,0.0,0.0,1.0
S2,R4,PZ039,2,1733.4375,0.0,0.0,1733.4375,0.0,0.0,0.0,0.0,1.0
S2,R4,PZ039,3,1733.4375,0.0,0.0,1733.4375,0.0,0.0,0.0,0.0,1.0
S2,R4,PZ039,4,1733.4375,0.0,0.0,1733.4375,0.0,0.0,0.0,0.0,1.0
S2,R4,PZ039,5,1733.4375,0.0,0.0,1733.4375,0.0,0.0,0.0,0.0,1.0
S2,R4,PZ039,6,0.0,0.0,0.0,0.0,0.0,0.0,0.0,0.0,1.0
S2,R4,PZ039,7,0.0,0.0,0.0,0.0,0.0,0.0,0.0,0.0,1.0
S2,R4,PZ039,8,0.0,0.0,0.0,0.0,0.0,0.0,0.0,0.0,1.0
S2,R4,PZ039,9,1733.4375,0.0,0.0,1733.4375,0.0,0.0,0.0,0.0,1.0
S2,R4,PZ039,10,1733.4375,0.0,0.0,1733.4375,0.0,0.0,0.0,0.0,1.0
S2,R4,PZ039,11,1733.4375,-0.0,0.0,1733.4375,0.0,0.0,0.0,0.0,1.0
S2,R4,PZ039,12,1733.4375,-0.0,0.0,1733.4374999999998,0.0,0.0,0.0,0.0,1.0
S2,R4,PZ039,13,1733.4375,-0.0,0.0,1733.4374999999998,0.0,0.0,0.0,0.0,1.0
S2,R4,PZ039,14,1733.4375,-0.0,0.0,1733.4374999999984,0.0,0.0,0.0,0.0,1.0
S2,R4,PZ039,15,1733.4375000000002,-0.0,0.0,1733.4375000000002,0.0,0.0,0.0,0.0,1.0
S2,R4,PZ039,16,0.0,0.0,0.0,0.0,0.0,0.0,0.0,0.0,1.0
S2,R4,PZ039,17,0.0,0.0,0.0,0.0,0.0,0.0,0.0,0.0,1.0
S2,R4,PZ039,18,0.0,-0.0,0.0,-0.0,0.0,0.0,0.0,0.0,1.0
S2,R4,PZ039,19,0.0,-0.0,0.0,-0.0,0.0,0.0,0.0,0.0,1.0
S2,R4,PZ039,20,0.0,-2.2737367544323206e-13,0.0,-2.2737367544323206e-13,0.0,0.0,0.0,0.0,1.0
S2,R4,PZ039,21,1733.4375000000002,-0.0,0.0,1733.4375000000002,0.0,0.0,0.0,0.0,1.0
S2,R4,PZ039,22,1733.4375000000002,-0.0,0.0,1733.4375000000002,0.0,0.0,0.0,0.0,1.0
S2,R4,PZ039,23,1733.4375,0.0,0.0,1733.4375,0.0,0.0,0.0,0.0,1.0
S2,R4,PZ040,0,1930.3999999999999,0.0,0.0,1930.3999999999999,0.0,0.0,0.0,0.0,1.0
S2,R4,PZ040,1,1930.3999999999999,0.0,0.0,1930.3999999999999,0.0,0.0,0.0,0.0,1.0
S2,R4,PZ040,2,1930.3999999999999,0.0,0.0,1930.3999999999999,0.0,0.0,0.0,0.0,1.0
S2,R4,PZ040,3,1930.4000000000035,0.0,0.0,1930.4000000000035,0.0,0.0,0.0,0.0,1.0
S2,R4,PZ040,4,1930.399999999994,0.0,0.0,1930.399999999994,0.0,0.0,0.0,0.0,1.0
S2,R4,PZ040,5,1930.3999999999999,0.0,0.0,1930.3999999999999,0.0,0.0,0.0,0.0,1.0
S2,R4,PZ040,6,0.0,0.0,0.0,0.0,0.0,0.0,0.0,0.0,1.0
S2,R4,PZ040,7,0.0,0.0,0.0,0.0,0.0,0.0,0.0,0.0,1.0
S2,R4,PZ040,8,0.0,0.0,0.0,0.0,0.0,0.0,0.0,0.0,1.0
S2,R4,PZ040,9,0.0,0.0,0.0,0.0,0.0,0.0,0.0,0.0,1.0
S2,R4,PZ040,10,1930.3999999999999,0.0,0.0,1930.3999999999999,0.0,0.0,0.0,0.0,1.0
S2,R4,PZ040,11,1930.3999999999994,-0.0,0.0,1930.3999999999994,0.0,0.0,0.0,0.0,1.0
S2,R4,PZ040,12,1930.3999999999999,-0.0,0.0,1930.3999999999999,0.0,0.0,0.0,0.0,1.0
S2,R4,PZ040,13,1930.3999999999999,-0.0,0.0,1930.3999999999999,0.0,0.0,0.0,0.0,1.0
S2,R4,PZ040,14,1930.4000000000003,-0.0,0.0,1930.4000000000003,0.0,0.0,0.0,0.0,1.0
S2,R4,PZ040,15,1930.3999999999994,-0.0,0.0,1930.3999999999994,0.0,0.0,0.0,0.0,1.0
S2,R4,PZ040,16,0.0,0.0,0.0,0.0,0.0,0.0,0.0,0.0,1.0
S2,R4,PZ040,17,0.0,0.0,0.0,0.0,0.0,0.0,0.0,0.0,1.0
S2,R4,PZ040,18,0.0,-0.0,0.0,-4.547473508864641e-13,0.0,0.0,0.0,0.0,1.0
S2,R4,PZ040,19,0.0,-0.0,0.0,-0.0,0.0,0.0,0.0,0.0,1.0
S2,R4,PZ040,20,0.0,-0.0,0.0,-0.0,0.0,0.0,0.0,0.0,1.0
S2,R4,PZ040,21,1930.4000000000003,-0.0,0.0,1930.4000000000003,0.0,0.0,0.0,0.0,1.0
S2,R4,PZ040,22,1930.3999999999999,-0.0,0.0,1930.3999999999953,0.0,0.0,0.0,0.0,1.0
S2,R4,PZ040,23,1930.3999999999999,0.0,0.0,1930.3999999999999,0.0,0.0,0.0,0.0,1.0
S2,R4,PZ041,0,-0.0,0.0,0.0,0.0,0.0,0.0,0.0,0.0,1.0
S2,R4,PZ041,1,-0.0,0.0,0.0,0.0,0.0,0.0,0.0,0.0,1.0
S2,R4,PZ041,2,-0.0,0.0,0.0,0.0,0.0,0.0,0.0,0.0,1.0
S2,R4,PZ041,3,-0.0,0.0,0.0,0.0,0.0,0.0,0.0,0.0,1.0
S2,R4,PZ041,4,-0.0,0.0,0.0,0.0,0.0,0.0,0.0,0.0,1.0
S2,R4,PZ041,5,-0.0,0.0,0.0,0.0,0.0,0.0,0.0,0.0,1.0
S2,R4,PZ041,6,0.0,0.0,0.0,0.0,0.0,0.0,0.0,0.0,1.0
S2,R4,PZ041,7,0.0,0.0,0.0,0.0,0.0,0.0,0.0,0.0,1.0
S2,R4,PZ041,8,0.0,0.0,0.0,0.0,0.0,0.0,0.0,0.0,1.0
S2,R4,PZ041,9,0.0,0.0,0.0,0.0,0.0,0.0,0.0,0.0,1.0
S2,R4,PZ041,10,-0.0,0.0,0.0,0.0,0.0,0.0,0.0,0.0,1.0
S2,R4,PZ041,11,-0.0,229.15512313856573,0.0,229.15512313856573,0.0,0.0,0.0,0.0,1.0
S2,R4,PZ041,12,-0.0,1303.3263396663606,0.0,1303.3263396663606,0.0,0.0,0.0,0.0,1.0
S2,R4,PZ041,13,-0.0,2653.2378785926308,0.0,2653.2378785926308,0.0,0.0,0.0,0.0,1.0
S2,R4,PZ041,14,0.0,3671.7146337504323,0.0,3671.7146337504323,0.0,0.0,0.0,0.0,1.0
S2,R4,PZ041,15,0.0,4295.292070258908,0.0,4295.292070258908,0.0,0.0,0.0,0.0,1.0
S2,R4,PZ041,16,0.0,4673.943923964387,0.0,4673.943923964387,0.0,0.0,0.0,0.0,1.0
S2,R4,PZ041,17,0.0,4693.675612174457,0.0,4693.675612174457,0.0,0.0,0.0,0.0,1.0
S2,R4,PZ041,18,0.0,4386.78277484997,0.0,4386.78277484997,0.0,0.0,0.0,0.0,1.0
S2,R4,PZ041,19,0.0,3613.3184660996385,0.0,3613.3184660996385,0.0,0.0,0.0,0.0,1.0
S2,R4,PZ041,20,0.0,2585.7639679110903,0.0,2585.7639679110903,0.0,0.0,0.0,0.0,1.0
S2,R4,PZ041,21,0.0,1307.1945000643498,0.0,1307.1945000643498,0.0,0.0,0.0,0.0,1.0
S2,R4,PZ041,22,0.0,201.84470952920367,0.0,201.84470952920367,0.0,0.0,0.0,0.0,1.0
S2,R4,PZ041,23,-0.0,0.0,0.0,0.0,0.0,0.0,0.0,0.0,1.0
S2,R4,PZ047,0,2332.5666666666666,0.0,0.0,2332.5666666666666,0.0,0.0,0.0,0.0,1.0
S2,R4,PZ047,1,2332.5666666666666,0.0,0.0,2332.5666666666666,0.0,0.0,0.0,0.0,1.0
S2,R4,PZ047,2,2332.5666666666666,0.0,0.0,2332.5666666666666,0.0,0.0,0.0,0.0,1.0
S2,R4,PZ047,3,2332.5666666666666,0.0,0.0,2332.5666666666666,0.0,0.0,0.0,0.0,1.0
S2,R4,PZ047,4,2332.5666666666666,0.0,0.0,2332.5666666666666,0.0,0.0,0.0,0.0,1.0
S2,R4,PZ047,5,2332.5666666666666,0.0,0.0,2332.5666666666666,0.0,0.0,0.0,0.0,1.0
S2,R4,PZ047,6,0.0,0.0,0.0,0.0,0.0,0.0,0.0,0.0,1.0
S2,R4,PZ047,7,0.0,0.0,0.0,0.0,0.0,0.0,0.0,0.0,1.0
S2,R4,PZ047,8,0.0,0.0,0.0,0.0,0.0,0.0,0.0,0.0,1.0
S2,R4,PZ047,9,0.0,0.0,0.0,0.0,0.0,0.0,0.0,0.0,1.0
S2,R4,PZ047,10,2332.5666666666666,0.0,0.0,2332.5666666666666,0.0,0.0,0.0,0.0,1.0
S2,R4,PZ047,11,2332.5666666666666,-0.0,0.0,2332.5666666666666,0.0,0.0,0.0,0.0,1.0
S2,R4,PZ047,12,2332.5666666666666,-0.0,0.0,2332.5666666666666,0.0,0.0,0.0,0.0,1.0
S2,R4,PZ047,13,2332.5666666666666,-0.0,0.0,2332.5666666666666,0.0,0.0,0.0,0.0,1.0
S2,R4,PZ047,14,2332.5666666666666,-0.0,0.0,2332.5666666666666,0.0,0.0,0.0,0.0,1.0
S2,R4,PZ047,15,2332.5666666666666,-0.0,0.0,2332.5666666666666,0.0,0.0,0.0,0.0,1.0
S2,R4,PZ047,16,0.0,0.0,0.0,0.0,0.0,0.0,0.0,0.0,1.0
S2,R4,PZ047,17,0.0,0.0,0.0,0.0,0.0,0.0,0.0,0.0,1.0
S2,R4,PZ047,18,0.0,-0.0,0.0,-0.0,0.0,0.0,0.0,0.0,1.0
S2,R4,PZ047,19,0.0,-0.0,0.0,-0.0,0.0,0.0,0.0,0.0,1.0
S2,R4,PZ047,20,0.0,-0.0,0.0,-0.0,0.0,0.0,0.0,0.0,1.0
S2,R4,PZ047,21,2332.5666666666666,-0.0,0.0,2332.5666666666666,0.0,0.0,0.0,0.0,1.0
S2,R4,PZ047,22,2332.5666666666666,-0.0,0.0,2332.5666666666666,0.0,0.0,0.0,0.0,1.0
S2,R4,PZ047,23,2332.5666666666666,0.0,0.0,2332.5666666666666,0.0,0.0,0.0,0.0,1.0
S2,R4,PZ048,0,2775.266666666667,0.0,0.0,2775.266666666667,0.0,0.0,0.0,0.0,1.0
S2,R4,PZ048,1,2775.2666666666664,0.0,0.0,2775.2666666666664,0.0,0.0,0.0,0.0,1.0
S2,R4,PZ048,2,2775.2666666666664,0.0,0.0,2775.2666666666664,0.0,0.0,0.0,0.0,1.0
S2,R4,PZ048,3,2775.2666666666664,0.0,0.0,2775.2666666666664,0.0,0.0,0.0,0.0,1.0
S2,R4,PZ048,4,2775.2666666666664,0.0,0.0,2775.2666666666664,0.0,0.0,0.0,0.0,1.0
S2,R4,PZ048,5,2775.2666666666664,0.0,0.0,2775.2666666666664,0.0,0.0,0.0,0.0,1.0
S2,R4,PZ048,6,0.0,0.0,0.0,0.0,0.0,0.0,0.0,0.0,1.0
S2,R4,PZ048,7,0.0,0.0,0.0,0.0,0.0,0.0,0.0,0.0,1.0
S2,R4,PZ048,8,0.0,0.0,0.0,0.0,0.0,0.0,0.0,0.0,1.0
S2,R4,PZ048,9,0.0,0.0,0.0,0.0,0.0,0.0,0.0,0.0,1.0
S2,R4,PZ048,10,2775.2666666666664,0.0,0.0,2775.2666666666664,0.0,0.0,0.0,0.0,1.0
S2,R4,PZ048,11,2775.2666666666664,-0.0,0.0,2775.2666666666664,0.0,0.0,0.0,0.0,1.0
S2,R4,PZ048,12,2775.2666666666664,-0.0,0.0,2775.2666666666664,0.0,0.0,0.0,0.0,1.0
S2,R4,PZ048,13,2775.2666666666664,-0.0,0.0,2775.2666666666664,0.0,0.0,0.0,0.0,1.0
S2,R4,PZ048,14,2775.2666666666664,-0.0,0.0,2775.2666666666664,0.0,0.0,0.0,0.0,1.0
S2,R4,PZ048,15,2775.2666666666664,-0.0,0.0,2775.2666666666664,0.0,0.0,0.0,0.0,1.0
S2,R4,PZ048,16,0.0,0.0,0.0,0.0,0.0,0.0,0.0,0.0,1.0
S2,R4,PZ048,17,0.0,0.0,0.0,0.0,0.0,0.0,0.0,0.0,1.0
S2,R4,PZ048,18,0.0,-0.0,0.0,-0.0,0.0,0.0,0.0,0.0,1.0
S2,R4,PZ048,19,0.0,-0.0,0.0,-0.0,0.0,0.0,0.0,0.0,1.0
S2,R4,PZ048,20,0.0,-0.0,0.0,-0.0,0.0,0.0,0.0,0.0,1.0
S2,R4,PZ048,21,2775.2666666666664,-0.0,0.0,2775.2666666666664,0.0,0.0,0.0,0.0,1.0
S2,R4,PZ048,22,2775.2666666666664,-0.0,0.0,2775.2666666666664,0.0,0.0,0.0,0.0,1.0
S2,R4,PZ048,23,2775.2666666666664,0.0,0.0,2775.2666666666664,0.0,0.0,0.0,0.0,1.0
S2,R4,PZ049,0,2537.766666666666,0.0,0.0,2537.766666666666,0.0,0.0,0.0,0.0,1.0
S2,R4,PZ049,1,2537.766666666667,0.0,0.0,2537.766666666667,0.0,0.0,0.0,0.0,1.0
S2,R4,PZ049,2,2537.766666666666,0.0,0.0,2537.766666666666,0.0,0.0,0.0,0.0,1.0
S2,R4,PZ049,3,2537.766666666666,0.0,0.0,2537.766666666666,0.0,0.0,0.0,0.0,1.0
S2,R4,PZ049,4,2537.766666666666,0.0,0.0,2537.766666666666,0.0,0.0,0.0,0.0,1.0
S2,R4,PZ049,5,2537.7666666666632,0.0,0.0,2537.7666666666632,0.0,0.0,0.0,0.0,1.0
S2,R4,PZ049,6,0.0,0.0,0.0,0.0,0.0,0.0,0.0,0.0,1.0
S2,R4,PZ049,7,0.0,0.0,0.0,0.0,0.0,0.0,0.0,0.0,1.0
S2,R4,PZ049,8,0.0,0.0,0.0,0.0,0.0,0.0,0.0,0.0,1.0
S2,R4,PZ049,9,0.0,0.0,0.0,0.0,0.0,0.0,0.0,0.0,1.0
S2,R4,PZ049,10,2537.766666666666,0.0,0.0,2537.766666666666,0.0,0.0,0.0,0.0,1.0
S2,R4,PZ049,11,2537.766666666667,-0.0,0.0,2537.766666666667,0.0,0.0,0.0,0.0,1.0
S2,R4,PZ049,12,2537.766666666666,-0.0,0.0,2537.766666666667,0.0,0.0,0.0,0.0,1.0
S2,R4,PZ049,13,2537.766666666666,-0.0,0.0,2537.766666666666,0.0,0.0,0.0,0.0,1.0
S2,R4,PZ049,14,2537.766666666667,-0.0,0.0,2537.766666666667,0.0,0.0,0.0,0.0,1.0
S2,R4,PZ049,15,2537.766666666667,-0.0,0.0,2537.766666666667,0.0,0.0,0.0,0.0,1.0
S2,R4,PZ049,16,0.0,0.0,0.0,0.0,0.0,0.0,0.0,0.0,1.0
S2,R4,PZ049,17,0.0,0.0,0.0,0.0,0.0,0.0,0.0,0.0,1.0
S2,R4,PZ049,18,0.0,-0.0,0.0,-0.0,0.0,0.0,0.0,0.0,1.0
S2,R4,PZ049,19,0.0,-0.0,0.0,-9.094947017729282e-13,0.0,0.0,0.0,0.0,1.0
S2,R4,PZ049,20,0.0,-0.0,0.0,-0.0,0.0,0.0,0.0,0.0,1.0
S2,R4,PZ049,21,2537.7666666666664,-0.0,0.0,2537.7666666666664,0.0,0.0,0.0,0.0,1.0
S2,R4,PZ049,22,2537.766666666667,-0.0,0.0,2537.766666666667,0.0,0.0,0.0,0.0,1.0
S2,R4,PZ049,23,2537.766666666666,0.0,0.0,2537.766666666666,0.0,0.0,0.0,0.0,1.0
S2,R4,PZ050,0,3110.2999999999997,0.0,0.0,3110.2999999999997,0.0,0.0,0.0,0.0,1.0
S2,R4,PZ050,1,3110.2999999999997,0.0,0.0,3110.2999999999997,0.0,0.0,0.0,0.0,1.0
S2,R4,PZ050,2,3110.2999999999997,0.0,0.0,3110.2999999999997,0.0,0.0,0.0,0.0,1.0
S2,R4,PZ050,3,3110.2999999999997,0.0,0.0,3110.2999999999997,0.0,0.0,0.0,0.0,1.0
S2,R4,PZ050,4,3110.2999999999997,0.0,0.0,3110.2999999999997,0.0,0.0,0.0,0.0,1.0
S2,R4,PZ050,5,3110.2999999999997,0.0,0.0,3110.2999999999997,0.0,0.0,0.0,0.0,1.0
S2,R4,PZ050,6,0.0,0.0,0.0,0.0,0.0,0.0,0.0,0.0,1.0
S2,R4,PZ050,7,0.0,0.0,0.0,0.0,0.0,0.0,0.0,0.0,1.0
S2,R4,PZ050,8,0.0,0.0,0.0,0.0,0.0,0.0,0.0,0.0,1.0
S2,R4,PZ050,9,0.0,0.0,0.0,0.0,0.0,0.0,0.0,0.0,1.0
S2,R4,PZ050,10,3110.2999999999997,0.0,0.0,3110.2999999999997,0.0,0.0,0.0,0.0,1.0
S2,R4,PZ050,11,3110.2999999999997,-0.0,0.0,3110.2999999999997,0.0,0.0,0.0,0.0,1.0
S2,R4,PZ050,12,3110.2999999999997,-0.0,0.0,3110.2999999999997,0.0,0.0,0.0,0.0,1.0
S2,R4,PZ050,13,3110.2999999999997,-0.0,0.0,3110.2999999999997,0.0,0.0,0.0,0.0,1.0
S2,R4,PZ050,14,3110.2999999999997,-0.0,0.0,3110.2999999999997,0.0,0.0,0.0,0.0,1.0
S2,R4,PZ050,15,3110.2999999999997,-0.0,0.0,3110.2999999999997,0.0,0.0,0.0,0.0,1.0
S2,R4,PZ050,16,0.0,0.0,0.0,0.0,0.0,0.0,0.0,0.0,1.0
S2,R4,PZ050,17,0.0,0.0,0.0,0.0,0.0,0.0,0.0,0.0,1.0
S2,R4,PZ050,18,0.0,-0.0,0.0,-0.0,0.0,0.0,0.0,0.0,1.0
S2,R4,PZ050,19,0.0,-0.0,0.0,-0.0,0.0,0.0,0.0,0.0,1.0
S2,R4,PZ050,20,0.0,-0.0,0.0,-0.0,0.0,0.0,0.0,0.0,1.0
S2,R4,PZ050,21,3110.2999999999997,-0.0,0.0,3110.2999999999997,0.0,0.0,0.0,0.0,1.0
S2,R4,PZ050,22,3110.2999999999997,-0.0,0.0,3110.2999999999997,0.0,0.0,0.0,0.0,1.0
S2,R4,PZ050,23,3110.2999999999997,0.0,0.0,3110.2999999999997,0.0,0.0,0.0,0.0,1.0
S2,R4,PZ052,0,2719.5333333333333,0.0,0.0,2719.5333333333333,0.0,0.0,0.0,0.0,1.0
S2,R4,PZ052,1,2719.5333333333333,0.0,0.0,2719.5333333333333,0.0,0.0,0.0,0.0,1.0
S2,R4,PZ052,2,2719.5333333333333,0.0,0.0,2719.5333333333333,0.0,0.0,0.0,0.0,1.0
S2,R4,PZ052,3,2719.5333333333333,0.0,0.0,2719.5333333333333,0.0,0.0,0.0,0.0,1.0
S2,R4,PZ052,4,2719.5333333333333,0.0,0.0,2719.5333333333333,0.0,0.0,0.0,0.0,1.0
S2,R4,PZ052,5,2719.5333333333333,0.0,0.0,2719.5333333333333,0.0,0.0,0.0,0.0,1.0
S2,R4,PZ052,6,0.0,0.0,0.0,0.0,0.0,0.0,0.0,0.0,1.0
S2,R4,PZ052,7,0.0,0.0,0.0,0.0,0.0,0.0,0.0,0.0,1.0
S2,R4,PZ052,8,0.0,0.0,0.0,0.0,0.0,0.0,0.0,0.0,1.0
S2,R4,PZ052,9,0.0,0.0,0.0,0.0,0.0,0.0,0.0,0.0,1.0
S2,R4,PZ052,10,2719.5333333333333,0.0,0.0,2719.5333333333333,0.0,0.0,0.0,0.0,1.0
S2,R4,PZ052,11,2719.5333333333333,-0.0,0.0,2719.5333333333333,0.0,0.0,0.0,0.0,1.0
S2,R4,PZ052,12,2719.5333333333333,-0.0,0.0,2719.5333333333333,0.0,0.0,0.0,0.0,1.0
S2,R4,PZ052,13,2719.5333333333333,-0.0,0.0,2719.5333333333333,0.0,0.0,0.0,0.0,1.0
S2,R4,PZ052,14,2719.5333333333333,-0.0,0.0,2719.5333333333333,0.0,0.0,0.0,0.0,1.0
S2,R4,PZ052,15,2719.5333333333333,-0.0,0.0,2719.5333333333333,0.0,0.0,0.0,0.0,1.0
S2,R4,PZ052,16,0.0,0.0,0.0,0.0,0.0,0.0,0.0,0.0,1.0
S2,R4,PZ052,17,0.0,0.0,0.0,0.0,0.0,0.0,0.0,0.0,1.0
S2,R4,PZ052,18,0.0,-0.0,0.0,-0.0,0.0,0.0,0.0,0.0,1.0
S2,R4,PZ052,19,0.0,-0.0,0.0,-0.0,0.0,0.0,0.0,0.0,1.0
S2,R4,PZ052,20,0.0,-0.0,0.0,-0.0,0.0,0.0,0.0,0.0,1.0
S2,R4,PZ052,21,2719.5333333333333,-0.0,0.0,2719.5333333333333,0.0,0.0,0.0,0.0,1.0
S2,R4,PZ052,22,2719.5333333333333,-0.0,0.0,2719.5333333333333,0.0,0.0,0.0,0.0,1.0
S2,R4,PZ052,23,2719.5333333333333,0.0,0.0,2719.5333333333333,0.0,0.0,0.0,0.0,1.0
S2,R5,PZ001,0,1565.2,0.0,0.0,1565.2,0.0,0.0,0.0,0.0,1.0
S2,R5,PZ001,1,1565.1999999999987,0.0,0.0,1565.1999999999987,0.0,0.0,0.0,0.0,1.0
S2,R5,PZ001,2,1565.2,0.0,0.0,1565.2,0.0,0.0,0.0,0.0,1.0
S2,R5,PZ001,3,1565.2,0.0,0.0,1565.2,0.0,0.0,0.0,0.0,1.0
S2,R5,PZ001,4,1565.2,0.0,0.0,1565.2,0.0,0.0,0.0,0.0,1.0
S2,R5,PZ001,5,1565.2,0.0,0.0,1565.2,0.0,0.0,0.0,0.0,1.0
S2,R5,PZ001,6,0.0,0.0,0.0,0.0,0.0,0.0,0.0,0.0,1.0
S2,R5,PZ001,7,0.0,0.0,0.0,0.0,0.0,0.0,0.0,0.0,1.0
S2,R5,PZ001,8,0.0,0.0,0.0,0.0,0.0,0.0,0.0,0.0,1.0
S2,R5,PZ001,9,0.0,0.0,0.0,0.0,0.0,0.0,0.0,0.0,1.0
S2,R5,PZ001,10,1565.2,0.0,0.0,1565.2,0.0,0.0,0.0,0.0,1.0
S2,R5,PZ001,11,1565.2,-0.0,0.0,1565.2,0.0,0.0,0.0,0.0,1.0
S2,R5,PZ001,12,1565.1999999999969,-0.0,0.0,1565.1999999999969,0.0,0.0,0.0,0.0,1.0
S2,R5,PZ001,13,1565.2,-0.0,0.0,1565.2,0.0,0.0,0.0,0.0,1.0
S2,R5,PZ001,14,1565.2000000000003,-0.0,0.0,1565.2000000000003,0.0,0.0,0.0,0.0,1.0
S2,R5,PZ001,15,1565.1999999999987,-0.0,0.0,1565.1999999999985,0.0,0.0,0.0,0.0,1.0
S2,R5,PZ001,16,0.0,0.0,0.0,0.0,0.0,0.0,0.0,0.0,1.0
S2,R5,PZ001,17,0.0,0.0,0.0,0.0,0.0,0.0,0.0,0.0,1.0
S2,R5,PZ001,18,0.0,-0.0,0.0,-0.0,0.0,0.0,0.0,0.0,1.0
S2,R5,PZ001,19,0.0,-0.0,0.0,-0.0,0.0,0.0,0.0,0.0,1.0
S2,R5,PZ001,20,0.0,-0.0,0.0,-0.0,0.0,0.0,0.0,0.0,1.0
S2,R5,PZ001,21,1565.2000000000003,-0.0,0.0,1565.2000000000003,0.0,0.0,0.0,0.0,1.0
S2,R5,PZ001,22,1565.2,-0.0,0.0,1565.200000000001,0.0,0.0,0.0,0.0,1.0
S2,R5,PZ001,23,1565.2,0.0,0.0,1565.2,0.0,0.0,0.0,0.0,1.0
S2,R5,PZ006,0,223.60000000000048,0.0,0.0,223.60000000000048,0.0,0.0,0.0,0.0,1.0
S2,R5,PZ006,1,223.60000000000002,0.0,0.0,223.60000000000002,0.0,0.0,0.0,0.0,1.0
S2,R5,PZ006,2,223.60000000000002,0.0,0.0,223.60000000000002,0.0,0.0,0.0,0.0,1.0
S2,R5,PZ006,3,223.60000000000002,0.0,0.0,223.60000000000002,0.0,0.0,0.0,0.0,1.0
S2,R5,PZ006,4,223.60000000000002,0.0,0.0,223.60000000000002,0.0,0.0,0.0,0.0,1.0
S2,R5,PZ006,5,223.60000000000002,0.0,0.0,223.60000000000002,0.0,0.0,0.0,0.0,1.0
S2,R5,PZ006,6,0.0,0.0,0.0,0.0,0.0,0.0,0.0,0.0,1.0
S2,R5,PZ006,7,0.0,0.0,0.0,0.0,0.0,0.0,0.0,0.0,1.0
S2,R5,PZ006,8,0.0,0.0,0.0,0.0,0.0,0.0,0.0,0.0,1.0
S2,R5,PZ006,9,0.0,0.0,0.0,0.0,0.0,0.0,0.0,0.0,1.0
S2,R5,PZ006,10,223.60000000000002,0.0,0.0,223.60000000000002,0.0,0.0,0.0,0.0,1.0
S2,R5,PZ006,11,223.60000000000002,-0.0,0.0,223.60000000000002,0.0,0.0,0.0,0.0,1.0
S2,R5,PZ006,12,223.60000000000036,-0.0,0.0,223.60000000000036,0.0,0.0,0.0,0.0,1.0
S2,R5,PZ006,13,223.60000000000002,-0.0,0.0,223.60000000000002,0.0,0.0,0.0,0.0,1.0
S2,R5,PZ006,14,223.60000000000002,-0.0,0.0,223.60000000000002,0.0,0.0,0.0,0.0,1.0
S2,R5,PZ006,15,223.60000000000002,-0.0,0.0,223.60000000000002,0.0,0.0,0.0,0.0,1.0
S2,R5,PZ006,16,0.0,0.0,0.0,0.0,0.0,0.0,0.0,0.0,1.0
S2,R5,PZ006,17,0.0,0.0,0.0,0.0,0.0,0.0,0.0,0.0,1.0
S2,R5,PZ006,18,0.0,-0.0,0.0,-0.0,0.0,0.0,0.0,0.0,1.0
S2,R5,PZ006,19,0.0,-0.0,0.0,-0.0,0.0,0.0,0.0,0.0,1.0
S2,R5,PZ006,20,0.0,-0.0,0.0,-0.0,0.0,0.0,0.0,0.0,1.0
S2,R5,PZ006,21,223.60000000000002,-0.0,0.0,223.60000000000002,0.0,0.0,0.0,0.0,1.0
S2,R5,PZ006,22,223.60000000000002,-0.0,0.0,223.60000000000002,0.0,0.0,0.0,0.0,1.0
S2,R5,PZ006,23,223.60000000000002,0.0,0.0,223.60000000000002,0.0,0.0,0.0,0.0,1.0
S2,R5,PZ039,0,1733.4375,0.0,0.0,1733.4375,0.0,0.0,0.0,0.0,1.0
S2,R5,PZ039,1,1733.4375,0.0,0.0,1733.4375,0.0,0.0,0.0,0.0,1.0
S2,R5,PZ039,2,1733.4375,0.0,0.0,1733.4375,0.0,0.0,0.0,0.0,1.0
S2,R5,PZ039,3,1733.4375,0.0,0.0,1733.4375,0.0,0.0,0.0,0.0,1.0
S2,R5,PZ039,4,1733.4375,0.0,0.0,1733.4375,0.0,0.0,0.0,0.0,1.0
S2,R5,PZ039,5,1733.4375,0.0,0.0,1733.4375,0.0,0.0,0.0,0.0,1.0
S2,R5,PZ039,6,0.0,0.0,0.0,0.0,0.0,0.0,0.0,0.0,1.0
S2,R5,PZ039,7,0.0,0.0,0.0,0.0,0.0,0.0,0.0,0.0,1.0
S2,R5,PZ039,8,0.0,0.0,0.0,0.0,0.0,0.0,0.0,0.0,1.0
S2,R5,PZ039,9,1733.4375,0.0,0.0,1733.4375,0.0,0.0,0.0,0.0,1.0
S2,R5,PZ039,10,1733.4375,0.0,0.0,1733.4375,0.0,0.0,0.0,0.0,1.0
S2,R5,PZ039,11,1733.4375,-0.0,0.0,1733.4375,0.0,0.0,0.0,0.0,1.0
S2,R5,PZ039,12,1733.4375,-0.0,0.0,1733.4375,0.0,0.0,0.0,0.0,1.0
S2,R5,PZ039,13,1733.4375,-0.0,0.0,1733.4375,0.0,0.0,0.0,0.0,1.0
S2,R5,PZ039,14,1733.4375,-0.0,0.0,1733.4375,0.0,0.0,0.0,0.0,1.0
S2,R5,PZ039,15,1733.4375,-0.0,0.0,1733.4375,0.0,0.0,0.0,0.0,1.0
S2,R5,PZ039,16,0.0,0.0,0.0,0.0,0.0,0.0,0.0,0.0,1.0
S2,R5,PZ039,17,0.0,0.0,0.0,0.0,0.0,0.0,0.0,0.0,1.0
S2,R5,PZ039,18,0.0,-0.0,0.0,-0.0,0.0,0.0,0.0,0.0,1.0
S2,R5,PZ039,19,0.0,-0.0,0.0,-0.0,0.0,0.0,0.0,0.0,1.0
S2,R5,PZ039,20,0.0,-0.0,0.0,-0.0,0.0,0.0,0.0,0.0,1.0
S2,R5,PZ039,21,1733.4375,-0.0,0.0,1733.4375,0.0,0.0,0.0,0.0,1.0
S2,R5,PZ039,22,1733.4375,-0.0,0.0,1733.4375,0.0,0.0,0.0,0.0,1.0
S2,R5,PZ039,23,1733.4375,0.0,0.0,1733.4375,0.0,0.0,0.0,0.0,1.0
S2,R5,PZ040,0,1930.3999999999942,0.0,0.0,1930.3999999999942,0.0,0.0,0.0,0.0,1.0
S2,R5,PZ040,1,1930.3999999999996,0.0,0.0,1930.3999999999996,0.0,0.0,0.0,0.0,1.0
S2,R5,PZ040,2,1930.3999999999996,0.0,0.0,1930.3999999999996,0.0,0.0,0.0,0.0,1.0
S2,R5,PZ040,3,1930.3999999999996,0.0,0.0,1930.3999999999996,0.0,0.0,0.0,0.0,1.0
S2,R5,PZ040,4,1930.3999999999996,0.0,0.0,1930.3999999999996,0.0,0.0,0.0,0.0,1.0
S2,R5,PZ040,5,1930.3999999999996,0.0,0.0,1930.3999999999996,0.0,0.0,0.0,0.0,1.0
S2,R5,PZ040,6,0.0,0.0,0.0,0.0,0.0,0.0,0.0,0.0,1.0
S2,R5,PZ040,7,0.0,0.0,0.0,0.0,0.0,0.0,0.0,0.0,1.0
S2,R5,PZ040,8,0.0,0.0,0.0,0.0,0.0,0.0,0.0,0.0,1.0
S2,R5,PZ040,9,0.0,0.0,0.0,0.0,0.0,0.0,0.0,0.0,1.0
S2,R5,PZ040,10,1930.3999999999996,0.0,0.0,1930.3999999999996,0.0,0.0,0.0,0.0,1.0
S2,R5,PZ040,11,1930.3999999999996,-0.0,0.0,1930.3999999999996,0.0,0.0,0.0,0.0,1.0
S2,R5,PZ040,12,1930.3999999999996,-0.0,0.0,1930.3999999999996,0.0,0.0,0.0,0.0,1.0
S2,R5,PZ040,13,1930.3999999999996,-0.0,0.0,1930.3999999999996,0.0,0.0,0.0,0.0,1.0
S2,R5,PZ040,14,1930.4,-0.0,0.0,1930.4,0.0,0.0,0.0,0.0,1.0
S2,R5,PZ040,15,1930.3999999999999,-0.0,0.0,1930.3999999999994,0.0,0.0,0.0,0.0,1.0
S2,R5,PZ040,16,0.0,0.0,0.0,0.0,0.0,0.0,0.0,0.0,1.0
S2,R5,PZ040,17,0.0,0.0,0.0,0.0,0.0,0.0,0.0,0.0,1.0
S2,R5,PZ040,18,0.0,-0.0,0.0,-0.0,0.0,0.0,0.0,0.0,1.0
S2,R5,PZ040,19,0.0,-0.0,0.0,-0.0,0.0,0.0,0.0,0.0,1.0
S2,R5,PZ040,20,0.0,-0.0,0.0,-0.0,0.0,0.0,0.0,0.0,1.0
S2,R5,PZ040,21,1930.3999999999999,-0.0,0.0,1930.3999999999999,0.0,0.0,0.0,0.0,1.0
S2,R5,PZ040,22,1930.3999999999996,-0.0,0.0,1930.3999999999996,0.0,0.0,0.0,0.0,1.0
S2,R5,PZ040,23,1930.3999999999996,0.0,0.0,1930.3999999999996,0.0,0.0,0.0,0.0,1.0
S2,R5,PZ041,0,-0.0,0.0,0.0,0.0,0.0,0.0,0.0,0.0,1.0
S2,R5,PZ041,1,-0.0,0.0,0.0,0.0,0.0,0.0,0.0,0.0,1.0
S2,R5,PZ041,2,-0.0,0.0,0.0,0.0,0.0,0.0,0.0,0.0,1.0
S2,R5,PZ041,3,-0.0,0.0,0.0,0.0,0.0,0.0,0.0,0.0,1.0
S2,R5,PZ041,4,-0.0,0.0,0.0,0.0,0.0,0.0,0.0,0.0,1.0
S2,R5,PZ041,5,-0.0,0.0,0.0,0.0,0.0,0.0,0.0,0.0,1.0
S2,R5,PZ041,6,0.0,0.0,0.0,0.0,0.0,0.0,0.0,0.0,1.0
S2,R5,PZ041,7,0.0,0.0,0.0,0.0,0.0,0.0,0.0,0.0,1.0
S2,R5,PZ041,8,0.0,0.0,0.0,0.0,0.0,0.0,0.0,0.0,1.0
S2,R5,PZ041,9,0.0,0.0,0.0,0.0,0.0,0.0,0.0,0.0,1.0
S2,R5,PZ041,10,-0.0,0.0,0.0,0.0,0.0,0.0,0.0,0.0,1.0
S2,R5,PZ041,11,-0.0,229.15512313856573,0.0,229.15512313856573,0.0,0.0,0.0,0.0,1.0
S2,R5,PZ041,12,-0.0,1303.3263396663606,0.0,1303.3263396663606,0.0,0.0,0.0,0.0,1.0
S2,R5,PZ041,13,-0.0,2653.2378785926308,0.0,2653.2378785926308,0.0,0.0,0.0,0.0,1.0
S2,R5,PZ041,14,0.0,3671.7146337504323,0.0,3671.7146337504323,0.0,0.0,0.0,0.0,1.0
S2,R5,PZ041,15,0.0,4295.292070258908,0.0,4295.292070258908,0.0,0.0,0.0,0.0,1.0
S2,R5,PZ041,16,0.0,4673.943923964387,0.0,4673.943923964387,0.0,0.0,0.0,0.0,1.0
S2,R5,PZ041,17,0.0,4693.675612174457,0.0,4693.675612174457,0.0,0.0,0.0,0.0,1.0
S2,R5,PZ041,18,0.0,4386.78277484997,0.0,4386.78277484997,0.0,0.0,0.0,0.0,1.0
S2,R5,PZ041,19,0.0,3613.3184660996385,0.0,3613.3184660996385,0.0,0.0,0.0,0.0,1.0
S2,R5,PZ041,20,0.0,2585.7639679110903,0.0,2585.7639679110903,0.0,0.0,0.0,0.0,1.0
S2,R5,PZ041,21,0.0,1307.1945000643498,0.0,1307.1945000643498,0.0,0.0,0.0,0.0,1.0
S2,R5,PZ041,22,0.0,201.84470952920367,0.0,201.84470952920367,0.0,0.0,0.0,0.0,1.0
S2,R5,PZ041,23,-0.0,0.0,0.0,0.0,0.0,0.0,0.0,0.0,1.0
S2,R5,PZ047,0,2332.5666666666666,0.0,0.0,2332.5666666666666,0.0,0.0,0.0,0.0,1.0
S2,R5,PZ047,1,2332.5666666666666,0.0,0.0,2332.5666666666666,0.0,0.0,0.0,0.0,1.0
S2,R5,PZ047,2,2332.5666666666666,0.0,0.0,2332.5666666666666,0.0,0.0,0.0,0.0,1.0
S2,R5,PZ047,3,2332.5666666666666,0.0,0.0,2332.5666666666666,0.0,0.0,0.0,0.0,1.0
S2,R5,PZ047,4,2332.5666666666702,0.0,0.0,2332.5666666666702,0.0,0.0,0.0,0.0,1.0
S2,R5,PZ047,5,2332.5666666666666,0.0,0.0,2332.5666666666666,0.0,0.0,0.0,0.0,1.0
S2,R5,PZ047,6,0.0,0.0,0.0,0.0,0.0,0.0,0.0,0.0,1.0
S2,R5,PZ047,7,0.0,0.0,0.0,0.0,0.0,0.0,0.0,0.0,1.0
S2,R5,PZ047,8,0.0,0.0,0.0,0.0,0.0,0.0,0.0,0.0,1.0
S2,R5,PZ047,9,0.0,0.0,0.0,0.0,0.0,0.0,0.0,0.0,1.0
S2,R5,PZ047,10,2332.5666666666666,0.0,0.0,2332.5666666666666,0.0,0.0,0.0,0.0,1.0
S2,R5,PZ047,11,2332.5666666666702,-0.0,0.0,2332.5666666666702,0.0,0.0,0.0,0.0,1.0
S2,R5,PZ047,12,2332.5666666666666,-0.0,0.0,2332.5666666666666,0.0,0.0,0.0,0.0,1.0
S2,R5,PZ047,13,2332.5666666666666,-0.0,0.0,2332.5666666666666,0.0,0.0,0.0,0.0,1.0
S2,R5,PZ047,14,2332.5666666666666,-0.0,0.0,2332.5666666666666,0.0,0.0,0.0,0.0,1.0
S2,R5,PZ047,15,2332.5666666666666,-0.0,0.0,2332.5666666666666,0.0,0.0,0.0,0.0,1.0
S2,R5,PZ047,16,0.0,0.0,0.0,0.0,0.0,0.0,0.0,0.0,1.0
S2,R5,PZ047,17,0.0,0.0,0.0,0.0,0.0,0.0,0.0,0.0,1.0
S2,R5,PZ047,18,0.0,-0.0,0.0,-0.0,0.0,0.0,0.0,0.0,1.0
S2,R5,PZ047,19,0.0,-0.0,0.0,-0.0,0.0,0.0,0.0,0.0,1.0
S2,R5,PZ047,20,0.0,-0.0,0.0,-0.0,0.0,0.0,0.0,0.0,1.0
S2,R5,PZ047,21,2332.5666666666702,-0.0,0.0,2332.5666666666702,0.0,0.0,0.0,0.0,1.0
S2,R5,PZ047,22,2332.5666666666666,-0.0,0.0,2332.5666666666666,0.0,0.0,0.0,0.0,1.0
S2,R5,PZ047,23,2332.5666666666666,0.0,0.0,2332.5666666666666,0.0,0.0,0.0,0.0,1.0
S2,R5,PZ048,0,2775.266666666666,0.0,0.0,2775.266666666666,0.0,0.0,0.0,0.0,1.0
S2,R5,PZ048,1,2775.2666666666705,0.0,0.0,2775.2666666666705,0.0,0.0,0.0,0.0,1.0
S2,R5,PZ048,2,2775.266666666666,0.0,0.0,2775.266666666666,0.0,0.0,0.0,0.0,1.0
S2,R5,PZ048,3,2775.266666666666,0.0,0.0,2775.266666666666,0.0,0.0,0.0,0.0,1.0
S2,R5,PZ048,4,2775.266666666666,0.0,0.0,2775.266666666666,0.0,0.0,0.0,0.0,1.0
S2,R5,PZ048,5,2775.266666666666,0.0,0.0,2775.266666666666,0.0,0.0,0.0,0.0,1.0
S2,R5,PZ048,6,0.0,0.0,0.0,0.0,0.0,0.0,0.0,0.0,1.0
S2,R5,PZ048,7,0.0,0.0,0.0,0.0,0.0,0.0,0.0,0.0,1.0
S2,R5,PZ048,8,0.0,0.0,0.0,0.0,0.0,0.0,0.0,0.0,1.0
S2,R5,PZ048,9,0.0,0.0,0.0,0.0,0.0,0.0,0.0,0.0,1.0
S2,R5,PZ048,10,2775.266666666666,0.0,0.0,2775.266666666666,0.0,0.0,0.0,0.0,1.0
S2,R5,PZ048,11,2775.266666666666,-0.0,0.0,2775.266666666666,0.0,0.0,0.0,0.0,1.0
S2,R5,PZ048,12,2775.2666666666632,-0.0,0.0,2775.2666666666632,0.0,0.0,0.0,0.0,1.0
S2,R5,PZ048,13,2775.266666666666,-0.0,0.0,2775.266666666666,0.0,0.0,0.0,0.0,1.0
S2,R5,PZ048,14,2775.2666666666673,-0.0,0.0,2775.2666666666673,0.0,0.0,0.0,0.0,1.0
S2,R5,PZ048,15,2775.266666666667,-0.0,0.0,2775.266666666667,0.0,0.0,0.0,0.0,1.0
S2,R5,PZ048,16,0.0,0.0,0.0,0.0,0.0,0.0,0.0,0.0,1.0
S2,R5,PZ048,17,0.0,0.0,0.0,0.0,0.0,0.0,0.0,0.0,1.0
S2,R5,PZ048,18,0.0,-0.0,0.0,-0.0,0.0,0.0,0.0,0.0,1.0
S2,R5,PZ048,19,0.0,-0.0,0.0,-0.0,0.0,0.0,0.0,0.0,1.0
S2,R5,PZ048,20,0.0,-0.0,0.0,-0.0,0.0,0.0,0.0,0.0,1.0
S2,R5,PZ048,21,2775.266666666667,-0.0,0.0,2775.266666666667,0.0,0.0,0.0,0.0,1.0
S2,R5,PZ048,22,2775.266666666666,-0.0,0.0,2775.266666666666,0.0,0.0,0.0,0.0,1.0
S2,R5,PZ048,23,2775.266666666666,0.0,0.0,2775.266666666666,0.0,0.0,0.0,0.0,1.0
S2,R5,PZ049,0,2537.7666666666664,0.0,0.0,2537.7666666666664,0.0,0.0,0.0,0.0,1.0
S2,R5,PZ049,1,2537.7666666666664,0.0,0.0,2537.7666666666664,0.0,0.0,0.0,0.0,1.0
S2,R5,PZ049,2,2537.766666666663,0.0,0.0,2537.766666666663,0.0,0.0,0.0,0.0,1.0
S2,R5,PZ049,3,2537.7666666666664,0.0,0.0,2537.7666666666664,0.0,0.0,0.0,0.0,1.0
S2,R5,PZ049,4,2537.7666666666664,0.0,0.0,2537.7666666666664,0.0,0.0,0.0,0.0,1.0
S2,R5,PZ049,5,2537.7666666666664,0.0,0.0,2537.7666666666664,0.0,0.0,0.0,0.0,1.0
S2,R5,PZ049,6,0.0,0.0,0.0,0.0,0.0,0.0,0.0,0.0,1.0
S2,R5,PZ049,7,0.0,0.0,0.0,0.0,0.0,0.0,0.0,0.0,1.0
S2,R5,PZ049,8,0.0,0.0,0.0,0.0,0.0,0.0,0.0,0.0,1.0
S2,R5,PZ049,9,0.0,0.0,0.0,0.0,0.0,0.0,0.0,0.0,1.0
S2,R5,PZ049,10,2537.7666666666664,0.0,0.0,2537.7666666666664,0.0,0.0,0.0,0.0,1.0
S2,R5,PZ049,11,2537.7666666666664,-0.0,0.0,2537.7666666666664,0.0,0.0,0.0,0.0,1.0
S2,R5,PZ049,12,2537.7666666666664,-0.0,0.0,2537.7666666666664,0.0,0.0,0.0,0.0,1.0
S2,R5,PZ049,13,2537.7666666666664,-0.0,0.0,2537.7666666666664,0.0,0.0,0.0,0.0,1.0
S2,R5,PZ049,14,2537.766666666667,-0.0,0.0,2537.766666666667,0.0,0.0,0.0,0.0,1.0
S2,R5,PZ049,15,2537.7666666666664,-0.0,0.0,2537.7666666666664,0.0,0.0,0.0,0.0,1.0
S2,R5,PZ049,16,0.0,0.0,0.0,0.0,0.0,0.0,0.0,0.0,1.0
S2,R5,PZ049,17,0.0,0.0,0.0,0.0,0.0,0.0,0.0,0.0,1.0
S2,R5,PZ049,18,0.0,-0.0,0.0,-0.0,0.0,0.0,0.0,0.0,1.0
S2,R5,PZ049,19,0.0,-0.0,0.0,-0.0,0.0,0.0,0.0,0.0,1.0
S2,R5,PZ049,20,0.0,-0.0,0.0,-0.0,0.0,0.0,0.0,0.0,1.0
S2,R5,PZ049,21,2537.7666666666664,-0.0,0.0,2537.7666666666664,0.0,0.0,0.0,0.0,1.0
S2,R5,PZ049,22,2537.7666666666664,-0.0,0.0,2537.7666666666664,0.0,0.0,0.0,0.0,1.0
S2,R5,PZ049,23,2537.7666666666664,0.0,0.0,2537.7666666666664,0.0,0.0,0.0,0.0,1.0
S2,R5,PZ050,0,3110.2999999999997,0.0,0.0,3110.2999999999997,0.0,0.0,0.0,0.0,1.0
S2,R5,PZ050,1,3110.2999999999997,0.0,0.0,3110.2999999999997,0.0,0.0,0.0,0.0,1.0
S2,R5,PZ050,2,3110.2999999999997,0.0,0.0,3110.2999999999997,0.0,0.0,0.0,0.0,1.0
S2,R5,PZ050,3,3110.2999999999997,0.0,0.0,3110.2999999999997,0.0,0.0,0.0,0.0,1.0
S2,R5,PZ050,4,3110.2999999999997,0.0,0.0,3110.2999999999997,0.0,0.0,0.0,0.0,1.0
S2,R5,PZ050,5,3110.2999999999997,0.0,0.0,3110.2999999999997,0.0,0.0,0.0,0.0,1.0
S2,R5,PZ050,6,0.0,0.0,0.0,0.0,0.0,0.0,0.0,0.0,1.0
S2,R5,PZ050,7,0.0,0.0,0.0,0.0,0.0,0.0,0.0,0.0,1.0
S2,R5,PZ050,8,0.0,0.0,0.0,0.0,0.0,0.0,0.0,0.0,1.0
S2,R5,PZ050,9,0.0,0.0,0.0,0.0,0.0,0.0,0.0,0.0,1.0
S2,R5,PZ050,10,3110.2999999999997,0.0,0.0,3110.2999999999997,0.0,0.0,0.0,0.0,1.0
S2,R5,PZ050,11,3110.2999999999997,-0.0,0.0,3110.2999999999997,0.0,0.0,0.0,0.0,1.0
S2,R5,PZ050,12,3110.2999999999997,-0.0,0.0,3110.2999999999997,0.0,0.0,0.0,0.0,1.0
S2,R5,PZ050,13,3110.2999999999997,-0.0,0.0,3110.2999999999997,0.0,0.0,0.0,0.0,1.0
S2,R5,PZ050,14,3110.2999999999997,-0.0,0.0,3110.2999999999997,0.0,0.0,0.0,0.0,1.0
S2,R5,PZ050,15,3110.2999999999997,-0.0,0.0,3110.2999999999997,0.0,0.0,0.0,0.0,1.0
S2,R5,PZ050,16,0.0,0.0,0.0,0.0,0.0,0.0,0.0,0.0,1.0
S2,R5,PZ050,17,0.0,0.0,0.0,0.0,0.0,0.0,0.0,0.0,1.0
S2,R5,PZ050,18,0.0,-0.0,0.0,-0.0,0.0,0.0,0.0,0.0,1.0
S2,R5,PZ050,19,0.0,-0.0,0.0,-0.0,0.0,0.0,0.0,0.0,1.0
S2,R5,PZ050,20,0.0,-0.0,0.0,-0.0,0.0,0.0,0.0,0.0,1.0
S2,R5,PZ050,21,3110.2999999999997,-0.0,0.0,3110.2999999999997,0.0,0.0,0.0,0.0,1.0
S2,R5,PZ050,22,3110.2999999999997,-0.0,0.0,3110.2999999999997,0.0,0.0,0.0,0.0,1.0
S2,R5,PZ050,23,3110.2999999999997,0.0,0.0,3110.2999999999997,0.0,0.0,0.0,0.0,1.0
S2,R5,PZ052,0,2719.5333333333333,0.0,0.0,2719.5333333333333,0.0,0.0,0.0,0.0,1.0
S2,R5,PZ052,1,2719.5333333333333,0.0,0.0,2719.5333333333333,0.0,0.0,0.0,0.0,1.0
S2,R5,PZ052,2,2719.5333333333324,0.0,0.0,2719.5333333333324,0.0,0.0,0.0,0.0,1.0
S2,R5,PZ052,3,2719.5333333333333,0.0,0.0,2719.5333333333333,0.0,0.0,0.0,0.0,1.0
S2,R5,PZ052,4,2719.5333333333333,0.0,0.0,2719.5333333333333,0.0,0.0,0.0,0.0,1.0
S2,R5,PZ052,5,2719.533333333336,0.0,0.0,2719.533333333336,0.0,0.0,0.0,0.0,1.0
S2,R5,PZ052,6,0.0,0.0,0.0,0.0,0.0,0.0,0.0,0.0,1.0
S2,R5,PZ052,7,0.0,0.0,0.0,0.0,0.0,0.0,0.0,0.0,1.0
S2,R5,PZ052,8,0.0,0.0,0.0,0.0,0.0,0.0,0.0,0.0,1.0
S2,R5,PZ052,9,0.0,0.0,0.0,0.0,0.0,0.0,0.0,0.0,1.0
S2,R5,PZ052,10,2719.5333333333333,0.0,0.0,2719.5333333333333,0.0,0.0,0.0,0.0,1.0
S2,R5,PZ052,11,2719.5333333333333,-0.0,0.0,2719.5333333333333,0.0,0.0,0.0,0.0,1.0
S2,R5,PZ052,12,2719.5333333333333,-0.0,0.0,2719.5333333333333,0.0,0.0,0.0,0.0,1.0
S2,R5,PZ052,13,2719.5333333333324,-0.0,0.0,2719.5333333333324,0.0,0.0,0.0,0.0,1.0
S2,R5,PZ052,14,2719.5333333333333,-0.0,0.0,2719.5333333333333,0.0,0.0,0.0,0.0,1.0
S2,R5,PZ052,15,2719.5333333333333,-0.0,0.0,2719.5333333333324,0.0,0.0,0.0,0.0,1.0
S2,R5,PZ052,16,0.0,0.0,0.0,0.0,0.0,0.0,0.0,0.0,1.0
S2,R5,PZ052,17,0.0,0.0,0.0,0.0,0.0,0.0,0.0,0.0,1.0
S2,R5,PZ052,18,0.0,-0.0,0.0,-0.0,0.0,0.0,0.0,0.0,1.0
S2,R5,PZ052,19,0.0,-0.0,0.0,-0.0,0.0,0.0,0.0,0.0,1.0
S2,R5,PZ052,20,0.0,-0.0,0.0,-0.0,0.0,0.0,0.0,0.0,1.0
S2,R5,PZ052,21,2719.533333333336,-0.0,0.0,2719.533333333336,0.0,0.0,0.0,0.0,1.0
S2,R5,PZ052,22,2719.5333333333333,-0.0,0.0,2719.5333333333333,0.0,0.0,0.0,0.0,1.0
S2,R5,PZ052,23,2719.5333333333333,0.0,0.0,2719.5333333333333,0.0,0.0,0.0,0.0,1.0
S3,R0,PZ001,0,1565.1999999999998,0.0,0.0,1565.1999999999998,0.0,-0.0,0.0,0.0,1.0
S3,R0,PZ001,1,1565.1999999999998,0.0,0.0,1565.1999999999998,0.0,-0.0,0.0,0.0,1.0
S3,R0,PZ001,2,1565.1999999999998,0.0,0.0,1565.1999999999998,0.0,-0.0,0.0,0.0,1.0
S3,R0,PZ001,3,1565.1999999999998,0.0,0.0,1565.1999999999998,0.0,-0.0,0.0,0.0,1.0
S3,R0,PZ001,4,1565.1999999999998,0.0,0.0,1565.1999999999998,0.0,-0.0,0.0,0.0,1.0
S3,R0,PZ001,5,1565.2,0.0,0.0,1565.2,0.0,-0.0,0.0,0.0,1.0
S3,R0,PZ001,6,0.0,0.0,0.0,0.0,0.0,0.0,0.0,0.0,1.0
S3,R0,PZ001,7,0.0,0.0,0.0,0.0,0.0,0.0,0.0,0.0,1.0
S3,R0,PZ001,8,0.0,0.0,0.0,0.0,0.0,0.0,0.0,0.0,1.0
S3,R0,PZ001,9,0.0,0.0,0.0,0.0,0.0,0.0,0.0,0.0,1.0
S3,R0,PZ001,10,1565.1999999999998,0.0,0.0,1565.1999999999998,0.0,-0.0,0.0,0.0,1.0
S3,R0,PZ001,11,1565.1999999999998,0.0,0.0,1565.1999999999998,0.0,-0.0,0.0,0.0,1.0
S3,R0,PZ001,12,1565.1999999999998,0.0,0.0,1565.1999999999998,0.0,-0.0,0.0,0.0,1.0
S3,R0,PZ001,13,1565.1999999999998,0.0,0.0,1565.1999999999998,0.0,-0.0,0.0,0.0,1.0
S3,R0,PZ001,14,1565.1999999999998,0.0,0.0,1565.1999999999998,0.0,-0.0,0.0,0.0,1.0
S3,R0,PZ001,15,1565.1999999999998,0.0,0.0,1565.1999999999998,0.0,-0.0,0.0,0.0,1.0
S3,R0,PZ001,16,0.0,0.0,0.0,0.0,0.0,0.0,0.0,0.0,1.0
S3,R0,PZ001,17,0.0,0.0,0.0,0.0,0.0,0.0,0.0,0.0,1.0
S3,R0,PZ001,18,0.0,0.0,0.0,-0.0,0.0,-0.0,0.0,0.0,1.0
S3,R0,PZ001,19,0.0,0.0,0.0,-0.0,0.0,0.0,-0.0,0.0,1.0
S3,R0,PZ001,20,0.0,0.0,0.0,-0.0,0.0,-0.0,0.0,0.0,1.0
S3,R0,PZ001,21,1565.2,0.0,0.0,1565.2,0.0,-0.0,0.0,0.0,1.0
S3,R0,PZ001,22,1565.1999999999998,0.0,0.0,1565.1999999999998,0.0,-0.0,0.0,0.0,1.0
S3,R0,PZ001,23,1565.1999999999998,0.0,0.0,1565.1999999999998,0.0,-0.0,0.0,0.0,1.0
S3,R0,PZ006,0,223.6,0.0,0.0,223.6,0.0,-0.0,0.0,0.0,1.0
S3,R0,PZ006,1,223.6,0.0,0.0,223.6,0.0,-0.0,0.0,0.0,1.0
S3,R0,PZ006,2,223.6,0.0,0.0,223.6,0.0,-0.0,0.0,0.0,1.0
S3,R0,PZ006,3,223.6,0.0,0.0,223.6,0.0,-0.0,0.0,0.0,1.0
S3,R0,PZ006,4,223.6,0.0,0.0,223.6,0.0,-0.0,0.0,0.0,1.0
S3,R0,PZ006,5,223.6,0.0,0.0,223.6,0.0,-0.0,0.0,0.0,1.0
S3,R0,PZ006,6,0.0,0.0,0.0,0.0,0.0,0.0,0.0,0.0,1.0
S3,R0,PZ006,7,0.0,0.0,0.0,0.0,0.0,0.0,0.0,0.0,1.0
S3,R0,PZ006,8,0.0,0.0,0.0,0.0,0.0,0.0,0.0,0.0,1.0
S3,R0,PZ006,9,0.0,0.0,0.0,0.0,0.0,0.0,0.0,0.0,1.0
S3,R0,PZ006,10,223.6,0.0,0.0,223.6,0.0,-0.0,0.0,0.0,1.0
S3,R0,PZ006,11,223.6,0.0,0.0,223.6,0.0,-0.0,0.0,0.0,1.0
S3,R0,PZ006,12,223.6,0.0,0.0,223.6,0.0,-0.0,0.0,0.0,1.0
S3,R0,PZ006,13,223.6,0.0,0.0,223.6,0.0,-0.0,0.0,0.0,1.0
S3,R0,PZ006,14,223.6,0.0,0.0,223.6,0.0,-0.0,0.0,0.0,1.0
S3,R0,PZ006,15,223.6,0.0,0.0,223.6,0.0,-0.0,0.0,0.0,1.0
S3,R0,PZ006,16,-0.0,0.0,0.0,0.0,0.0,0.0,-0.0,0.0,1.0
S3,R0,PZ006,17,0.0,0.0,0.0,0.0,0.0,0.0,0.0,0.0,1.0
S3,R0,PZ006,18,0.0,0.0,0.0,0.0,0.0,-0.0,0.0,0.0,1.0
S3,R0,PZ006,19,0.0,0.0,0.0,-0.0,0.0,0.0,-0.0,0.0,1.0
S3,R0,PZ006,20,0.0,0.0,0.0,-0.0,0.0,0.0,-0.0,0.0,1.0
S3,R0,PZ006,21,223.6,0.0,0.0,223.6,0.0,-0.0,0.0,0.0,1.0
S3,R0,PZ006,22,223.6,0.0,0.0,223.6,0.0,-0.0,0.0,0.0,1.0
S3,R0,PZ006,23,223.6,0.0,0.0,223.6,0.0,-0.0,0.0,0.0,1.0
S3,R0,PZ039,0,1733.4375,0.0,0.0,1733.4375,0.0,-0.0,0.0,0.0,1.0
S3,R0,PZ039,1,1733.4375,0.0,0.0,1733.4375,0.0,-0.0,0.0,0.0,1.0
S3,R0,PZ039,2,1733.4375,0.0,0.0,1733.4375,0.0,-0.0,0.0,0.0,1.0
S3,R0,PZ039,3,1733.4375,0.0,0.0,1733.4375,0.0,-0.0,0.0,0.0,1.0
S3,R0,PZ039,4,1733.4375,0.0,0.0,1733.4375,0.0,-0.0,0.0,0.0,1.0
S3,R0,PZ039,5,1733.4375,0.0,0.0,1733.4375,0.0,-0.0,0.0,0.0,1.0
S3,R0,PZ039,6,-0.0,0.0,0.0,0.0,0.0,0.0,0.0,0.0,1.0
S3,R0,PZ039,7,-0.0,0.0,0.0,0.0,0.0,0.0,0.0,0.0,1.0
S3,R0,PZ039,8,-0.0,0.0,0.0,0.0,0.0,0.0,0.0,0.0,1.0
S3,R0,PZ039,9,1733.4375,0.0,0.0,1733.4375,0.0,-0.0,0.0,0.0,1.0
S3,R0,PZ039,10,1733.4375,0.0,0.0,1733.4375,0.0,-0.0,-0.0,0.0,1.0
S3,R0,PZ039,11,1733.4375,0.0,0.0,1733.4375,0.0,-0.0,-0.0,0.0,1.0
S3,R0,PZ039,12,1733.4375,0.0,0.0,1733.4375,0.0,-0.0,0.0,0.0,1.0
S3,R0,PZ039,13,1733.4375,0.0,0.0,1733.4375,0.0,-0.0,0.0,0.0,1.0
S3,R0,PZ039,14,1733.4375000000002,0.0,0.0,1733.4375000000002,0.0,-0.0,0.0,0.0,1.0
S3,R0,PZ039,15,1733.4375000000002,0.0,0.0,1733.4375000000002,0.0,-0.0,0.0,0.0,1.0
S3,R0,PZ039,16,0.0,0.0,0.0,0.0,0.0,0.0,0.0,0.0,1.0
S3,R0,PZ039,17,0.0,0.0,0.0,0.0,0.0,0.0,0.0,0.0,1.0
S3,R0,PZ039,18,0.0,0.0,0.0,-0.0,0.0,-0.0,0.0,0.0,1.0
S3,R0,PZ039,19,0.0,0.0,0.0,-0.0,0.0,-0.0,0.0,0.0,1.0
S3,R0,PZ039,20,0.0,0.0,0.0,-0.0,0.0,-0.0,0.0,0.0,1.0
S3,R0,PZ039,21,1733.4375,0.0,0.0,1733.4375,0.0,-0.0,0.0,0.0,1.0
S3,R0,PZ039,22,1733.4375000000002,0.0,0.0,1733.4375000000002,0.0,0.0,-0.0,0.0,1.0
S3,R0,PZ039,23,1733.4375,0.0,0.0,1733.4375,0.0,-0.0,0.0,0.0,1.0
S3,R0,PZ040,0,1930.4,0.0,0.0,1930.4,0.0,-0.0,0.0,0.0,1.0
S3,R0,PZ040,1,1930.4,0.0,0.0,1930.4,0.0,-0.0,0.0,0.0,1.0
S3,R0,PZ040,2,1930.4,0.0,0.0,1930.4,0.0,-0.0,0.0,0.0,1.0
S3,R0,PZ040,3,1930.4,0.0,0.0,1930.4,0.0,-0.0,0.0,0.0,1.0
S3,R0,PZ040,4,1930.4,0.0,0.0,1930.4,0.0,-0.0,0.0,0.0,1.0
S3,R0,PZ040,5,1930.4,0.0,0.0,1930.4,0.0,-0.0,0.0,0.0,1.0
S3,R0,PZ040,6,0.0,0.0,0.0,0.0,0.0,0.0,0.0,0.0,1.0
S3,R0,PZ040,7,0.0,0.0,0.0,0.0,0.0,0.0,0.0,0.0,1.0
S3,R0,PZ040,8,0.0,0.0,0.0,0.0,0.0,0.0,0.0,0.0,1.0
S3,R0,PZ040,9,0.0,0.0,0.0,0.0,0.0,0.0,0.0,0.0,1.0
S3,R0,PZ040,10,1930.4,0.0,0.0,1930.4,0.0,-0.0,0.0,0.0,1.0
S3,R0,PZ040,11,1930.4,0.0,0.0,1930.4,0.0,-0.0,0.0,0.0,1.0
S3,R0,PZ040,12,1930.4,0.0,0.0,1930.4,0.0,-0.0,0.0,0.0,1.0
S3,R0,PZ040,13,1930.4,0.0,0.0,1930.4,0.0,-0.0,0.0,0.0,1.0
S3,R0,PZ040,14,1930.4,0.0,0.0,1930.4,0.0,-0.0,0.0,0.0,1.0
S3,R0,PZ040,15,1930.4,0.0,0.0,1930.4,0.0,-0.0,0.0,0.0,1.0
S3,R0,PZ040,16,0.0,0.0,0.0,0.0,0.0,0.0,0.0,0.0,1.0
S3,R0,PZ040,17,0.0,0.0,0.0,0.0,0.0,0.0,0.0,0.0,1.0
S3,R0,PZ040,18,0.0,0.0,0.0,-0.0,0.0,-0.0,0.0,0.0,1.0
S3,R0,PZ040,19,0.0,0.0,0.0,-0.0,0.0,-0.0,0.0,0.0,1.0
S3,R0,PZ040,20,0.0,0.0,0.0,-0.0,0.0,-0.0,0.0,0.0,1.0
S3,R0,PZ040,21,1930.3999999999987,0.0,0.0,1930.3999999999987,0.0,-0.0,0.0,0.0,1.0
S3,R0,PZ040,22,1930.4,0.0,0.0,1930.4,0.0,-0.0,0.0,0.0,1.0
S3,R0,PZ040,23,1930.4,0.0,0.0,1930.4,0.0,-0.0,0.0,0.0,1.0
S3,R0,PZ041,0,1977.367647058823,0.0,0.0,1977.367647058823,0.0,-0.0,0.0,0.0,1.0
S3,R0,PZ041,1,1977.367647058823,0.0,0.0,1977.367647058823,0.0,-0.0,0.0,0.0,1.0
S3,R0,PZ041,2,1977.367647058823,0.0,0.0,1977.367647058823,0.0,-0.0,0.0,0.0,1.0
S3,R0,PZ041,3,1977.367647058823,0.0,0.0,1977.367647058823,0.0,-0.0,0.0,0.0,1.0
S3,R0,PZ041,4,1977.367647058823,0.0,0.0,1977.367647058823,0.0,-0.0,0.0,0.0,1.0
S3,R0,PZ041,5,1977.367647058823,0.0,0.0,1977.367647058823,0.0,-0.0,0.0,0.0,1.0
S3,R0,PZ041,6,0.0,0.0,0.0,0.0,0.0,0.0,0.0,0.0,1.0
S3,R0,PZ041,7,0.0,0.0,0.0,0.0,0.0,0.0,0.0,0.0,1.0
S3,R0,PZ041,8,0.0,0.0,0.0,0.0,0.0,0.0,0.0,0.0,1.0
S3,R0,PZ041,9,-0.0,0.0,0.0,0.0,0.0,0.0,0.0,0.0,1.0
S3,R0,PZ041,10,1977.367647058823,0.0,0.0,1977.367647058823,0.0,-0.0,0.0,0.0,1.0
S3,R0,PZ041,11,1977.367647058823,0.0,0.0,1977.367647058823,0.0,0.0,-0.0,0.0,1.0
S3,R0,PZ041,12,1977.367647058823,0.0,0.0,1977.367647058823,0.0,-0.0,0.0,0.0,1.0
S3,R0,PZ041,13,1977.367647058823,0.0,0.0,1977.367647058823,0.0,-0.0,0.0,0.0,1.0
S3,R0,PZ041,14,1977.367647058823,0.0,0.0,1977.367647058823,0.0,-0.0,0.0,0.0,1.0
S3,R0,PZ041,15,1977.3676470588239,0.0,0.0,1977.3676470588239,0.0,-0.0,0.0,0.0,1.0
S3,R0,PZ041,16,1977.3676470588243,0.0,0.0,1977.3676470588243,0.0,-0.0,0.0,0.0,1.0
S3,R0,PZ041,17,1977.3676470588239,0.0,0.0,1977.3676470588239,0.0,-0.0,0.0,0.0,1.0
S3,R0,PZ041,18,0.0,0.0,0.0,-0.0,0.0,-0.0,0.0,0.0,1.0
S3,R0,PZ041,19,0.0,0.0,0.0,-0.0,0.0,-0.0,0.0,0.0,1.0
S3,R0,PZ041,20,0.0,0.0,0.0,-0.0,0.0,-0.0,0.0,0.0,1.0
S3,R0,PZ041,21,1977.3676470588243,0.0,0.0,1977.3676470588243,0.0,-0.0,0.0,0.0,1.0
S3,R0,PZ041,22,1977.3676470588225,0.0,0.0,1977.3676470588225,0.0,-0.0,0.0,0.0,1.0
S3,R0,PZ041,23,1977.367647058823,0.0,0.0,1977.367647058823,0.0,-0.0,0.0,0.0,1.0
S3,R0,PZ047,0,2332.566666666667,0.0,0.0,2332.566666666667,0.0,-0.0,0.0,0.0,1.0
S3,R0,PZ047,1,2332.5666666666666,0.0,0.0,2332.5666666666666,0.0,-0.0,0.0,0.0,1.0
S3,R0,PZ047,2,2332.5666666666666,0.0,0.0,2332.5666666666666,0.0,-0.0,0.0,0.0,1.0
S3,R0,PZ047,3,2332.5666666666666,0.0,0.0,2332.5666666666666,0.0,-0.0,0.0,0.0,1.0
S3,R0,PZ047,4,2332.5666666666666,0.0,0.0,2332.5666666666666,0.0,-0.0,0.0,0.0,1.0
S3,R0,PZ047,5,2332.5666666666666,0.0,0.0,2332.5666666666666,0.0,-0.0,0.0,0.0,1.0
S3,R0,PZ047,6,0.0,0.0,0.0,0.0,0.0,0.0,0.0,0.0,1.0
S3,R0,PZ047,7,0.0,0.0,0.0,0.0,0.0,0.0,0.0,0.0,1.0
S3,R0,PZ047,8,0.0,0.0,0.0,0.0,0.0,0.0,0.0,0.0,1.0
S3,R0,PZ047,9,0.0,0.0,0.0,0.0,0.0,0.0,0.0,0.0,1.0
S3,R0,PZ047,10,2332.5666666666666,0.0,0.0,2332.5666666666666,0.0,-0.0,0.0,0.0,1.0
S3,R0,PZ047,11,2332.5666666666666,0.0,0.0,2332.5666666666666,0.0,-0.0,0.0,0.0,1.0
S3,R0,PZ047,12,2332.5666666666666,0.0,0.0,2332.5666666666666,0.0,-0.0,0.0,0.0,1.0
S3,R0,PZ047,13,2332.5666666666666,0.0,0.0,2332.5666666666666,0.0,-0.0,0.0,0.0,1.0
S3,R0,PZ047,14,2332.5666666666666,0.0,0.0,2332.5666666666666,0.0,-0.0,0.0,0.0,1.0
S3,R0,PZ047,15,2332.5666666666666,0.0,0.0,2332.5666666666666,0.0,-0.0,0.0,0.0,1.0
S3,R0,PZ047,16,0.0,0.0,0.0,0.0,0.0,0.0,0.0,0.0,1.0
S3,R0,PZ047,17,0.0,0.0,0.0,0.0,0.0,0.0,0.0,0.0,1.0
S3,R0,PZ047,18,0.0,0.0,0.0,-0.0,0.0,-0.0,0.0,0.0,1.0
S3,R0,PZ047,19,0.0,0.0,0.0,-0.0,0.0,-0.0,0.0,0.0,1.0
S3,R0,PZ047,20,0.0,0.0,0.0,-0.0,0.0,-0.0,0.0,0.0,1.0
S3,R0,PZ047,21,2332.566666666667,0.0,0.0,2332.566666666667,0.0,-0.0,0.0,0.0,1.0
S3,R0,PZ047,22,2332.5666666666666,0.0,0.0,2332.5666666666666,0.0,-0.0,0.0,0.0,1.0
S3,R0,PZ047,23,2332.5666666666666,0.0,0.0,2332.5666666666666,0.0,-0.0,0.0,0.0,1.0
S3,R0,PZ048,0,2775.266666666667,0.0,0.0,2775.266666666667,0.0,-0.0,0.0,0.0,1.0
S3,R0,PZ048,1,2775.266666666666,0.0,0.0,2775.266666666666,0.0,-0.0,0.0,0.0,1.0
S3,R0,PZ048,2,2775.266666666666,0.0,0.0,2775.266666666666,0.0,-0.0,0.0,0.0,1.0
S3,R0,PZ048,3,2775.266666666666,0.0,0.0,2775.266666666666,0.0,-0.0,0.0,0.0,1.0
S3,R0,PZ048,4,2775.266666666666,0.0,0.0,2775.266666666666,0.0,-0.0,0.0,0.0,1.0
S3,R0,PZ048,5,2775.266666666666,0.0,0.0,2775.266666666666,0.0,-0.0,0.0,0.0,1.0
S3,R0,PZ048,6,0.0,0.0,0.0,0.0,0.0,0.0,0.0,0.0,1.0
S3,R0,PZ048,7,0.0,0.0,0.0,0.0,0.0,0.0,0.0,0.0,1.0
S3,R0,PZ048,8,0.0,0.0,0.0,0.0,0.0,0.0,0.0,0.0,1.0
S3,R0,PZ048,9,0.0,0.0,0.0,0.0,0.0,0.0,0.0,0.0,1.0
S3,R0,PZ048,10,2775.266666666666,0.0,0.0,2775.266666666666,0.0,-0.0,0.0,0.0,1.0
S3,R0,PZ048,11,2775.266666666666,0.0,0.0,2775.266666666666,0.0,-0.0,0.0,0.0,1.0
S3,R0,PZ048,12,2775.266666666666,0.0,0.0,2775.266666666666,0.0,-0.0,0.0,0.0,1.0
S3,R0,PZ048,13,2775.266666666666,0.0,0.0,2775.266666666666,0.0,-0.0,0.0,0.0,1.0
S3,R0,PZ048,14,2775.266666666666,0.0,0.0,2775.266666666666,0.0,-0.0,0.0,0.0,1.0
S3,R0,PZ048,15,2775.266666666666,0.0,0.0,2775.266666666666,0.0,-0.0,0.0,0.0,1.0
S3,R0,PZ048,16,0.0,0.0,0.0,0.0,0.0,0.0,0.0,0.0,1.0
S3,R0,PZ048,17,0.0,0.0,0.0,0.0,0.0,0.0,0.0,0.0,1.0
S3,R0,PZ048,18,0.0,0.0,0.0,-0.0,0.0,-0.0,0.0,0.0,1.0
S3,R0,PZ048,19,0.0,0.0,0.0,-0.0,0.0,-0.0,0.0,0.0,1.0
S3,R0,PZ048,20,0.0,0.0,0.0,-0.0,0.0,-0.0,0.0,0.0,1.0
S3,R0,PZ048,21,2775.2666666666673,0.0,0.0,2775.2666666666673,0.0,-0.0,0.0,0.0,1.0
S3,R0,PZ048,22,2775.266666666666,0.0,0.0,2775.266666666666,0.0,-0.0,0.0,0.0,1.0
S3,R0,PZ048,23,2775.266666666666,0.0,0.0,2775.266666666666,0.0,-0.0,0.0,0.0,1.0
S3,R0,PZ049,0,2537.766666666667,0.0,0.0,2537.766666666667,0.0,-0.0,0.0,0.0,1.0
S3,R0,PZ049,1,2537.766666666666,0.0,0.0,2537.766666666666,0.0,-0.0,0.0,0.0,1.0
S3,R0,PZ049,2,2537.766666666666,0.0,0.0,2537.766666666666,0.0,-0.0,0.0,0.0,1.0
S3,R0,PZ049,3,2537.766666666666,0.0,0.0,2537.766666666666,0.0,-0.0,0.0,0.0,1.0
S3,R0,PZ049,4,2537.766666666666,0.0,0.0,2537.766666666666,0.0,-0.0,0.0,0.0,1.0
S3,R0,PZ049,5,2537.766666666666,0.0,0.0,2537.766666666666,0.0,-0.0,0.0,0.0,1.0
S3,R0,PZ049,6,0.0,0.0,0.0,0.0,0.0,0.0,0.0,0.0,1.0
S3,R0,PZ049,7,0.0,0.0,0.0,0.0,0.0,0.0,0.0,0.0,1.0
S3,R0,PZ049,8,0.0,0.0,0.0,0.0,0.0,0.0,0.0,0.0,1.0
S3,R0,PZ049,9,0.0,0.0,0.0,0.0,0.0,0.0,0.0,0.0,1.0
S3,R0,PZ049,10,2537.766666666666,0.0,0.0,2537.766666666666,0.0,-0.0,0.0,0.0,1.0
S3,R0,PZ049,11,2537.766666666666,0.0,0.0,2537.766666666666,0.0,-0.0,0.0,0.0,1.0
S3,R0,PZ049,12,2537.766666666666,0.0,0.0,2537.766666666666,0.0,-0.0,0.0,0.0,1.0
S3,R0,PZ049,13,2537.766666666666,0.0,0.0,2537.766666666666,0.0,-0.0,0.0,0.0,1.0
S3,R0,PZ049,14,2537.766666666666,0.0,0.0,2537.766666666666,0.0,-0.0,0.0,0.0,1.0
S3,R0,PZ049,15,2537.766666666667,0.0,0.0,2537.766666666667,0.0,-0.0,0.0,0.0,1.0
S3,R0,PZ049,16,0.0,0.0,0.0,0.0,0.0,0.0,0.0,0.0,1.0
S3,R0,PZ049,17,0.0,0.0,0.0,0.0,0.0,0.0,0.0,0.0,1.0
S3,R0,PZ049,18,0.0,0.0,0.0,-0.0,0.0,-0.0,0.0,0.0,1.0
S3,R0,PZ049,19,0.0,0.0,0.0,-0.0,0.0,-0.0,0.0,0.0,1.0
S3,R0,PZ049,20,0.0,0.0,0.0,-0.0,0.0,-0.0,0.0,0.0,1.0
S3,R0,PZ049,21,2537.766666666666,0.0,0.0,2537.766666666666,0.0,-0.0,0.0,0.0,1.0
S3,R0,PZ049,22,2537.766666666666,0.0,0.0,2537.766666666666,0.0,-0.0,0.0,0.0,1.0
S3,R0,PZ049,23,2537.766666666666,0.0,0.0,2537.766666666666,0.0,-0.0,0.0,0.0,1.0
S3,R0,PZ050,0,3110.3,0.0,0.0,3110.3,0.0,-0.0,0.0,0.0,1.0
S3,R0,PZ050,1,3110.2999999999997,0.0,0.0,3110.2999999999997,0.0,-0.0,0.0,0.0,1.0
S3,R0,PZ050,2,3110.2999999999997,0.0,0.0,3110.2999999999997,0.0,-0.0,0.0,0.0,1.0
S3,R0,PZ050,3,3110.2999999999997,0.0,0.0,3110.2999999999997,0.0,-0.0,0.0,0.0,1.0
S3,R0,PZ050,4,3110.2999999999997,0.0,0.0,3110.2999999999997,0.0,-0.0,0.0,0.0,1.0
S3,R0,PZ050,5,3110.2999999999997,0.0,0.0,3110.2999999999997,0.0,-0.0,0.0,0.0,1.0
S3,R0,PZ050,6,0.0,0.0,0.0,0.0,0.0,0.0,0.0,0.0,1.0
S3,R0,PZ050,7,0.0,0.0,0.0,0.0,0.0,0.0,0.0,0.0,1.0
S3,R0,PZ050,8,0.0,0.0,0.0,0.0,0.0,0.0,0.0,0.0,1.0
S3,R0,PZ050,9,0.0,0.0,0.0,0.0,0.0,0.0,0.0,0.0,1.0
S3,R0,PZ050,10,3110.2999999999997,0.0,0.0,3110.2999999999997,0.0,-0.0,0.0,0.0,1.0
S3,R0,PZ050,11,3110.2999999999997,0.0,0.0,3110.2999999999997,0.0,-0.0,0.0,0.0,1.0
S3,R0,PZ050,12,3110.2999999999997,0.0,0.0,3110.2999999999997,0.0,-0.0,0.0,0.0,1.0
S3,R0,PZ050,13,3110.2999999999997,0.0,0.0,3110.2999999999997,0.0,-0.0,0.0,0.0,1.0
S3,R0,PZ050,14,3110.2999999999997,0.0,0.0,3110.2999999999997,0.0,-0.0,0.0,0.0,1.0
S3,R0,PZ050,15,3110.2999999999997,0.0,0.0,3110.2999999999997,0.0,-0.0,0.0,0.0,1.0
S3,R0,PZ050,16,0.0,0.0,0.0,0.0,0.0,0.0,0.0,0.0,1.0
S3,R0,PZ050,17,0.0,0.0,0.0,0.0,0.0,0.0,0.0,0.0,1.0
S3,R0,PZ050,18,0.0,0.0,0.0,-0.0,0.0,-0.0,0.0,0.0,1.0
S3,R0,PZ050,19,0.0,0.0,0.0,-0.0,0.0,-0.0,0.0,0.0,1.0
S3,R0,PZ050,20,0.0,0.0,0.0,-0.0,0.0,-0.0,0.0,0.0,1.0
S3,R0,PZ050,21,3110.3,0.0,0.0,3110.3,0.0,-0.0,0.0,0.0,1.0
S3,R0,PZ050,22,3110.2999999999997,0.0,0.0,3110.2999999999997,0.0,-0.0,0.0,0.0,1.0
S3,R0,PZ050,23,3110.2999999999997,0.0,0.0,3110.2999999999997,0.0,-0.0,0.0,0.0,1.0
S3,R0,PZ052,0,2719.5333333333333,0.0,0.0,2719.5333333333333,0.0,-0.0,0.0,0.0,1.0
S3,R0,PZ052,1,2719.5333333333333,0.0,0.0,2719.5333333333333,0.0,-0.0,0.0,0.0,1.0
S3,R0,PZ052,2,2719.5333333333333,0.0,0.0,2719.5333333333333,0.0,-0.0,0.0,0.0,1.0
S3,R0,PZ052,3,2719.5333333333333,0.0,0.0,2719.5333333333333,0.0,-0.0,0.0,0.0,1.0
S3,R0,PZ052,4,2719.5333333333333,0.0,0.0,2719.5333333333333,0.0,-0.0,0.0,0.0,1.0
S3,R0,PZ052,5,2719.5333333333333,0.0,0.0,2719.5333333333333,0.0,-0.0,0.0,0.0,1.0
S3,R0,PZ052,6,0.0,0.0,0.0,0.0,0.0,0.0,0.0,0.0,1.0
S3,R0,PZ052,7,0.0,0.0,0.0,0.0,0.0,0.0,0.0,0.0,1.0
S3,R0,PZ052,8,0.0,0.0,0.0,0.0,0.0,0.0,0.0,0.0,1.0
S3,R0,PZ052,9,0.0,0.0,0.0,0.0,0.0,0.0,0.0,0.0,1.0
S3,R0,PZ052,10,2719.5333333333333,0.0,0.0,2719.5333333333333,0.0,-0.0,0.0,0.0,1.0
S3,R0,PZ052,11,2719.5333333333333,0.0,0.0,2719.5333333333333,0.0,-0.0,0.0,0.0,1.0
S3,R0,PZ052,12,2719.5333333333333,0.0,0.0,2719.5333333333333,0.0,-0.0,0.0,0.0,1.0
S3,R0,PZ052,13,2719.5333333333333,0.0,0.0,2719.5333333333333,0.0,-0.0,0.0,0.0,1.0
S3,R0,PZ052,14,2719.5333333333333,0.0,0.0,2719.5333333333333,0.0,-0.0,0.0,0.0,1.0
S3,R0,PZ052,15,2719.5333333333333,0.0,0.0,2719.5333333333333,0.0,0.0,-0.0,0.0,1.0
S3,R0,PZ052,16,-0.0,0.0,0.0,0.0,0.0,0.0,-0.0,0.0,1.0
S3,R0,PZ052,17,0.0,0.0,0.0,0.0,0.0,0.0,0.0,0.0,1.0
S3,R0,PZ052,18,0.0,0.0,0.0,0.0,0.0,-0.0,0.0,0.0,1.0
S3,R0,PZ052,19,0.0,0.0,0.0,-0.0,0.0,-0.0,0.0,0.0,1.0
S3,R0,PZ052,20,0.0,0.0,0.0,-0.0,0.0,-0.0,0.0,0.0,1.0
S3,R0,PZ052,21,2719.5333333333333,0.0,0.0,2719.5333333333333,0.0,-0.0,0.0,0.0,1.0
S3,R0,PZ052,22,2719.5333333333333,0.0,0.0,2719.5333333333333,0.0,-0.0,0.0,0.0,1.0
S3,R0,PZ052,23,2719.5333333333333,0.0,0.0,2719.5333333333333,0.0,-0.0,0.0,0.0,1.0
S4,R1,PZ001,0,1565.1999999999998,0.0,0.0,1565.1999999999998,0.0,-0.0,0.0,0.0,1.0
S4,R1,PZ001,1,1565.2000000000003,0.0,0.0,1565.2000000000003,0.0,-0.0,0.0,0.0,1.0
S4,R1,PZ001,2,1565.1999999999998,0.0,0.0,1565.1999999999998,0.0,-0.0,0.0,0.0,1.0
S4,R1,PZ001,3,1565.1999999999998,0.0,0.0,1565.1999999999998,0.0,-0.0,0.0,0.0,1.0
S4,R1,PZ001,4,1565.1999999999998,0.0,0.0,1565.1999999999998,0.0,-0.0,0.0,0.0,1.0
S4,R1,PZ001,5,1565.1999999999998,0.0,0.0,1565.1999999999998,0.0,-0.0,0.0,0.0,1.0
S4,R1,PZ001,6,0.0,0.0,0.0,0.0,0.0,0.0,0.0,0.0,1.0
S4,R1,PZ001,7,0.0,0.0,0.0,0.0,0.0,0.0,0.0,0.0,1.0
S4,R1,PZ001,8,0.0,0.0,0.0,0.0,0.0,0.0,0.0,0.0,1.0
S4,R1,PZ001,9,-0.0,0.0,0.0,0.0,0.0,0.0,0.0,0.0,1.0
S4,R1,PZ001,10,1565.1999999999998,0.0,0.0,1565.1999999999998,0.0,-0.0,0.0,0.0,1.0
S4,R1,PZ001,11,1565.1999999999998,-0.0,0.0,1565.1999999999998,0.0,-0.0,0.0,0.0,1.0
S4,R1,PZ001,12,1565.1999999999998,-0.0,0.0,1565.1999999999998,0.0,-0.0,0.0,0.0,1.0
S4,R1,PZ001,13,1565.1999999999998,-0.0,0.0,1565.1999999999998,0.0,-0.0,0.0,0.0,1.0
S4,R1,PZ001,14,1565.1999999999998,-0.0,0.0,1565.1999999999998,0.0,-0.0,0.0,0.0,1.0
S4,R1,PZ001,15,1565.2,-0.0,0.0,1565.2,0.0,-0.0,0.0,0.0,1.0
S4,R1,PZ001,16,0.0,0.0,0.0,0.0,0.0,0.0,0.0,0.0,1.0
S4,R1,PZ001,17,0.0,-0.0,0.0,0.0,0.0,0.0,0.0,0.0,1.0
S4,R1,PZ001,18,0.0,-0.0,0.0,-0.0,0.0,-0.0,-0.0,0.0,1.0
S4,R1,PZ001,19,0.0,-0.0,0.0,-0.0,0.0,-0.0,0.0,0.0,1.0
S4,R1,PZ001,20,0.0,-0.0,0.0,-0.0,0.0,-0.0,0.0,0.0,1.0
S4,R1,PZ001,21,1565.2,-0.0,0.0,1565.2,0.0,-0.0,0.0,0.0,1.0
S4,R1,PZ001,22,1565.2,-0.0,0.0,1565.2,0.0,-0.0,0.0,0.0,1.0
S4,R1,PZ001,23,1565.1999999999998,0.0,0.0,1565.1999999999998,0.0,-0.0,0.0,0.0,1.0
S4,R1,PZ006,0,223.60000000000005,0.0,0.0,223.60000000000005,0.0,-0.0,0.0,0.0,1.0
S4,R1,PZ006,1,223.60000000000005,0.0,0.0,223.60000000000005,0.0,-0.0,0.0,0.0,1.0
S4,R1,PZ006,2,223.60000000000005,0.0,0.0,223.60000000000005,0.0,-0.0,0.0,0.0,1.0
S4,R1,PZ006,3,223.60000000000005,0.0,0.0,223.60000000000005,0.0,-0.0,0.0,0.0,1.0
S4,R1,PZ006,4,223.59999999999997,0.0,0.0,223.59999999999997,0.0,-0.0,0.0,0.0,1.0
S4,R1,PZ006,5,223.60000000000005,0.0,0.0,223.60000000000005,0.0,-0.0,0.0,0.0,1.0
S4,R1,PZ006,6,0.0,0.0,0.0,0.0,0.0,0.0,0.0,0.0,1.0
S4,R1,PZ006,7,0.0,0.0,0.0,0.0,0.0,0.0,0.0,0.0,1.0
S4,R1,PZ006,8,0.0,0.0,0.0,0.0,0.0,0.0,0.0,0.0,1.0
S4,R1,PZ006,9,-0.0,0.0,0.0,0.0,0.0,0.0,0.0,0.0,1.0
S4,R1,PZ006,10,223.60000000000005,0.0,0.0,223.60000000000005,0.0,-0.0,0.0,0.0,1.0
S4,R1,PZ006,11,223.60000000000005,-0.0,0.0,223.60000000000005,0.0,-0.0,0.0,0.0,1.0
S4,R1,PZ006,12,223.60000000000005,-0.0,0.0,223.60000000000005,0.0,-0.0,0.0,0.0,1.0
S4,R1,PZ006,13,223.60000000000005,-0.0,0.0,223.60000000000005,0.0,-0.0,0.0,0.0,1.0
S4,R1,PZ006,14,223.60000000000005,-0.0,0.0,223.60000000000005,0.0,-0.0,0.0,0.0,1.0
S4,R1,PZ006,15,223.60000000000002,-0.0,0.0,223.60000000000002,0.0,-0.0,0.0,0.0,1.0
S4,R1,PZ006,16,0.0,0.0,0.0,0.0,0.0,0.0,0.0,0.0,1.0
S4,R1,PZ006,17,0.0,-0.0,0.0,0.0,0.0,0.0,0.0,0.0,1.0
S4,R1,PZ006,18,0.0,-0.0,0.0,-0.0,0.0,-0.0,-0.0,0.0,1.0
S4,R1,PZ006,19,0.0,-0.0,0.0,-0.0,0.0,-0.0,0.0,0.0,1.0
S4,R1,PZ006,20,0.0,-0.0,0.0,-0.0,0.0,-0.0,0.0,0.0,1.0
S4,R1,PZ006,21,223.60000000000002,-0.0,0.0,223.60000000000002,0.0,-0.0,0.0,0.0,1.0
S4,R1,PZ006,22,223.60000000000002,-0.0,0.0,223.60000000000002,0.0,-0.0,0.0,0.0,1.0
S4,R1,PZ006,23,223.60000000000005,0.0,0.0,223.60000000000005,0.0,-0.0,0.0,0.0,1.0
S4,R1,PZ039,0,1733.4375,0.0,0.0,1733.4375,0.0,-0.0,0.0,0.0,1.0
S4,R1,PZ039,1,1733.4375,0.0,0.0,1733.4375,0.0,-0.0,0.0,0.0,1.0
S4,R1,PZ039,2,1733.4375,0.0,0.0,1733.4375,0.0,-0.0,0.0,0.0,1.0
S4,R1,PZ039,3,1733.4375,0.0,0.0,1733.4375,0.0,-0.0,0.0,0.0,1.0
S4,R1,PZ039,4,1733.4375,0.0,0.0,1733.4375,0.0,-0.0,0.0,0.0,1.0
S4,R1,PZ039,5,1733.4375,0.0,0.0,1733.4375,0.0,-0.0,0.0,0.0,1.0
S4,R1,PZ039,6,0.0,0.0,0.0,0.0,0.0,0.0,0.0,0.0,1.0
S4,R1,PZ039,7,0.0,0.0,0.0,0.0,0.0,0.0,0.0,0.0,1.0
S4,R1,PZ039,8,-0.0,0.0,0.0,0.0,0.0,0.0,0.0,0.0,1.0
S4,R1,PZ039,9,1733.4375,0.0,0.0,1733.4375,0.0,-0.0,0.0,0.0,1.0
S4,R1,PZ039,10,1733.4375,0.0,0.0,1733.4375,0.0,-0.0,0.0,0.0,1.0
S4,R1,PZ039,11,1733.4375,-0.0,0.0,1733.4375,0.0,-0.0,0.0,0.0,1.0
S4,R1,PZ039,12,1733.4375,-0.0,0.0,1733.4375,0.0,-0.0,0.0,0.0,1.0
S4,R1,PZ039,13,1733.4375,-0.0,0.0,1733.4375,0.0,-0.0,0.0,0.0,1.0
S4,R1,PZ039,14,1733.4375,-0.0,0.0,1733.4375,0.0,-0.0,0.0,0.0,1.0
S4,R1,PZ039,15,1733.4375,-0.0,0.0,1733.4375,0.0,-0.0,0.0,0.0,1.0
S4,R1,PZ039,16,0.0,-0.0,0.0,0.0,0.0,0.0,0.0,0.0,1.0
S4,R1,PZ039,17,0.0,-0.0,0.0,0.0,0.0,0.0,0.0,0.0,1.0
S4,R1,PZ039,18,0.0,-0.0,0.0,-0.0,0.0,-0.0,-0.0,0.0,1.0
S4,R1,PZ039,19,0.0,-0.0,0.0,-0.0,0.0,-0.0,0.0,0.0,1.0
S4,R1,PZ039,20,0.0,-0.0,0.0,-0.0,0.0,-0.0,0.0,0.0,1.0
S4,R1,PZ039,21,1733.4375,-0.0,0.0,1733.4375,0.0,-0.0,0.0,0.0,1.0
S4,R1,PZ039,22,1733.4375,-0.0,0.0,1733.4375,0.0,-0.0,0.0,0.0,1.0
S4,R1,PZ039,23,1733.4375,0.0,0.0,1733.4375,0.0,-0.0,0.0,0.0,1.0
S4,R1,PZ040,0,1930.3999999999999,0.0,0.0,1930.3999999999999,0.0,-0.0,0.0,0.0,1.0
S4,R1,PZ040,1,1930.3999999999999,0.0,0.0,1930.3999999999999,0.0,-0.0,0.0,0.0,1.0
S4,R1,PZ040,2,1930.3999999999999,0.0,0.0,1930.3999999999999,0.0,-0.0,0.0,0.0,1.0
S4,R1,PZ040,3,1930.3999999999999,0.0,0.0,1930.3999999999999,0.0,0.0,-0.0,0.0,1.0
S4,R1,PZ040,4,1930.3999999999999,0.0,0.0,1930.3999999999999,0.0,-0.0,0.0,0.0,1.0
S4,R1,PZ040,5,1930.3999999999999,0.0,0.0,1930.3999999999999,0.0,-0.0,0.0,0.0,1.0
S4,R1,PZ040,6,0.0,0.0,0.0,0.0,0.0,0.0,0.0,0.0,1.0
S4,R1,PZ040,7,0.0,0.0,0.0,0.0,0.0,0.0,0.0,0.0,1.0
S4,R1,PZ040,8,0.0,0.0,0.0,0.0,0.0,0.0,0.0,0.0,1.0
S4,R1,PZ040,9,-0.0,0.0,0.0,0.0,0.0,0.0,0.0,0.0,1.0
S4,R1,PZ040,10,1930.3999999999999,0.0,0.0,1930.3999999999999,0.0,-0.0,0.0,0.0,1.0
S4,R1,PZ040,11,1930.3999999999999,-0.0,0.0,1930.3999999999999,0.0,-0.0,0.0,0.0,1.0
S4,R1,PZ040,12,1930.3999999999999,-0.0,0.0,1930.3999999999999,0.0,-0.0,0.0,0.0,1.0
S4,R1,PZ040,13,1930.3999999999999,-0.0,0.0,1930.3999999999999,0.0,-0.0,0.0,0.0,1.0
S4,R1,PZ040,14,1930.3999999999999,-0.0,0.0,1930.3999999999999,0.0,-0.0,0.0,0.0,1.0
S4,R1,PZ040,15,1930.4000000000012,-0.0,0.0,1930.4000000000012,0.0,-0.0,0.0,0.0,1.0
S4,R1,PZ040,16,0.0,-0.0,0.0,0.0,0.0,0.0,0.0,0.0,1.0
S4,R1,PZ040,17,0.0,-0.0,0.0,0.0,0.0,0.0,0.0,0.0,1.0
S4,R1,PZ040,18,0.0,-0.0,0.0,-0.0,0.0,-0.0,-0.0,0.0,1.0
S4,R1,PZ040,19,0.0,-0.0,0.0,-0.0,0.0,-0.0,0.0,0.0,1.0
S4,R1,PZ040,20,0.0,-0.0,0.0,-0.0,0.0,-0.0,0.0,0.0,1.0
S4,R1,PZ040,21,1930.4,-0.0,0.0,1930.4,0.0,-0.0,0.0,0.0,1.0
S4,R1,PZ040,22,1930.3999999999999,-0.0,0.0,1930.3999999999999,0.0,-0.0,0.0,0.0,1.0
S4,R1,PZ040,23,1930.3999999999999,0.0,0.0,1930.3999999999999,0.0,-0.0,0.0,0.0,1.0
S4,R1,PZ041,0,1973.3902584084208,0.0,0.0,1973.3902584084208,0.0,-0.0,0.0,0.0,1.0
S4,R1,PZ041,1,1973.3902584084208,0.0,0.0,1973.3902584084208,0.0,-0.0,0.0,0.0,1.0
S4,R1,PZ041,2,1973.3902584084208,0.0,0.0,1973.3902584084208,0.0,-0.0,0.0,0.0,1.0
S4,R1,PZ041,3,1973.3902584084208,0.0,0.0,1973.3902584084208,0.0,-0.0,0.0,0.0,1.0
S4,R1,PZ041,4,1973.3902584084208,0.0,0.0,1973.3902584084208,0.0,-0.0,0.0,0.0,1.0
S4,R1,PZ041,5,1973.3902584084208,0.0,0.0,1973.3902584084208,0.0,-0.0,0.0,0.0,1.0
S4,R1,PZ041,6,0.0,0.0,0.0,0.0,0.0,0.0,0.0,0.0,1.0
S4,R1,PZ041,7,0.0,0.0,0.0,0.0,0.0,0.0,0.0,0.0,1.0
S4,R1,PZ041,8,0.0,0.0,0.0,0.0,0.0,0.0,0.0,0.0,1.0
S4,R1,PZ041,9,0.0,0.0,0.0,0.0,0.0,0.0,0.0,0.0,1.0
S4,R1,PZ041,10,1973.3902584084208,0.0,0.0,1973.3902584084208,0.0,-0.0,0.0,0.0,1.0
S4,R1,PZ041,11,1973.3902584084328,0.4609355206698448,0.0,1973.8511939291027,0.0,-0.0,0.0,0.0,1.0
S4,R1,PZ041,12,1973.3902584084208,2.6215840027873836,0.0,1976.0118424112081,0.0,-0.0,0.0,0.0,1.0
S4,R1,PZ041,13,1973.3902584084208,5.336872099038961,0.0,1978.7271305074598,0.0,-0.0,0.0,0.0,1.0
S4,R1,PZ041,14,1973.3902584084208,7.385493604851538,0.0,1980.7757520132723,0.0,-0.0,0.0,0.0,1.0
S4,R1,PZ041,15,1973.3902584084208,8.639792380450801,0.0,1982.0300507888717,0.0,-0.0,0.0,0.0,1.0
S4,R1,PZ041,16,1973.3902584084208,9.401434044620796,0.0,1982.7916924530416,0.0,-0.0,0.0,0.0,1.0
S4,R1,PZ041,17,1973.3902584084208,9.441123473572832,0.0,1982.8313818819936,0.0,-0.0,0.0,0.0,1.0
S4,R1,PZ041,18,0.0,8.823821936410727,0.0,8.823821936410727,0.0,-0.0,0.0,0.0,1.0
S4,R1,PZ041,19,0.0,7.268032264373604,0.0,7.268032264373604,0.0,-0.0,0.0,0.0,1.0
S4,R1,PZ041,20,0.0,5.201151274971588,0.0,5.201151274971588,0.0,-0.0,0.0,0.0,1.0
S4,R1,PZ041,21,1973.3902584084208,2.6293646384662264,0.0,1976.019623046887,0.0,-0.0,0.0,0.0,1.0
S4,R1,PZ041,22,1973.3902584084208,0.406001816616769,0.0,1973.7962602250375,0.0,-0.0,0.0,0.0,1.0
S4,R1,PZ041,23,1973.3902584084208,0.0,0.0,1973.3902584084208,0.0,-0.0,0.0,0.0,1.0
S4,R1,PZ047,0,2332.566666666667,0.0,0.0,2332.566666666667,0.0,-0.0,0.0,0.0,1.0
S4,R1,PZ047,1,2332.5666666666666,0.0,0.0,2332.5666666666666,0.0,-0.0,0.0,0.0,1.0
S4,R1,PZ047,2,2332.5666666666666,0.0,0.0,2332.5666666666666,0.0,-0.0,0.0,0.0,1.0
S4,R1,PZ047,3,2332.5666666666666,0.0,0.0,2332.5666666666666,0.0,-0.0,0.0,0.0,1.0
S4,R1,PZ047,4,2332.5666666666666,0.0,0.0,2332.5666666666666,0.0,-0.0,0.0,0.0,1.0
S4,R1,PZ047,5,2332.5666666666666,0.0,0.0,2332.5666666666666,0.0,-0.0,0.0,0.0,1.0
S4,R1,PZ047,6,0.0,0.0,0.0,0.0,0.0,0.0,0.0,0.0,1.0
S4,R1,PZ047,7,0.0,0.0,0.0,0.0,0.0,0.0,0.0,0.0,1.0
S4,R1,PZ047,8,0.0,0.0,0.0,0.0,0.0,0.0,0.0,0.0,1.0
S4,R1,PZ047,9,0.0,0.0,0.0,0.0,0.0,0.0,0.0,0.0,1.0
S4,R1,PZ047,10,2332.5666666666666,0.0,0.0,2332.5666666666666,0.0,-0.0,0.0,0.0,1.0
S4,R1,PZ047,11,2332.5666666666666,0.0,0.0,2332.5666666666666,0.0,-0.0,0.0,0.0,1.0
S4,R1,PZ047,12,2332.5666666666666,0.0,0.0,2332.5666666666666,0.0,-0.0,0.0,0.0,1.0
S4,R1,PZ047,13,2332.5666666666666,0.0,0.0,2332.5666666666666,0.0,-0.0,0.0,0.0,1.0
S4,R1,PZ047,14,2332.5666666666666,0.0,0.0,2332.5666666666666,0.0,-0.0,0.0,0.0,1.0
S4,R1,PZ047,15,2332.5666666666666,0.0,0.0,2332.5666666666666,0.0,-0.0,0.0,0.0,1.0
S4,R1,PZ047,16,0.0,0.0,0.0,0.0,0.0,0.0,0.0,0.0,1.0
S4,R1,PZ047,17,0.0,0.0,0.0,0.0,0.0,0.0,0.0,0.0,1.0
S4,R1,PZ047,18,0.0,0.0,0.0,-0.0,0.0,-0.0,0.0,0.0,1.0
S4,R1,PZ047,19,0.0,0.0,0.0,-0.0,0.0,-0.0,0.0,0.0,1.0
S4,R1,PZ047,20,0.0,0.0,0.0,-0.0,0.0,-0.0,0.0,0.0,1.0
S4,R1,PZ047,21,2332.566666666667,0.0,0.0,2332.566666666667,0.0,-0.0,0.0,0.0,1.0
S4,R1,PZ047,22,2332.5666666666666,0.0,0.0,2332.5666666666666,0.0,-0.0,0.0,0.0,1.0
S4,R1,PZ047,23,2332.5666666666666,0.0,0.0,2332.5666666666666,0.0,-0.0,0.0,0.0,1.0
S4,R1,PZ048,0,2775.266666666667,0.0,0.0,2775.266666666667,0.0,-0.0,0.0,0.0,1.0
S4,R1,PZ048,1,2775.266666666666,0.0,0.0,2775.266666666666,0.0,-0.0,0.0,0.0,1.0
S4,R1,PZ048,2,2775.266666666666,0.0,0.0,2775.266666666666,0.0,-0.0,0.0,0.0,1.0
S4,R1,PZ048,3,2775.266666666666,0.0,0.0,2775.266666666666,0.0,-0.0,0.0,0.0,1.0
S4,R1,PZ048,4,2775.266666666666,0.0,0.0,2775.266666666666,0.0,-0.0,0.0,0.0,1.0
S4,R1,PZ048,5,2775.266666666666,0.0,0.0,2775.266666666666,0.0,-0.0,0.0,0.0,1.0
S4,R1,PZ048,6,0.0,0.0,0.0,0.0,0.0,0.0,0.0,0.0,1.0
S4,R1,PZ048,7,0.0,0.0,0.0,0.0,0.0,0.0,0.0,0.0,1.0
S4,R1,PZ048,8,0.0,0.0,0.0,0.0,0.0,0.0,0.0,0.0,1.0
S4,R1,PZ048,9,0.0,0.0,0.0,0.0,0.0,0.0,0.0,0.0,1.0
S4,R1,PZ048,10,2775.266666666666,0.0,0.0,2775.266666666666,0.0,-0.0,0.0,0.0,1.0
S4,R1,PZ048,11,2775.266666666666,0.0,0.0,2775.266666666666,0.0,-0.0,0.0,0.0,1.0
S4,R1,PZ048,12,2775.266666666666,0.0,0.0,2775.266666666666,0.0,-0.0,0.0,0.0,1.0
S4,R1,PZ048,13,2775.266666666666,0.0,0.0,2775.266666666666,0.0,-0.0,0.0,0.0,1.0
S4,R1,PZ048,14,2775.266666666666,0.0,0.0,2775.266666666666,0.0,-0.0,0.0,0.0,1.0
S4,R1,PZ048,15,2775.266666666666,0.0,0.0,2775.266666666666,0.0,-0.0,0.0,0.0,1.0
S4,R1,PZ048,16,0.0,0.0,0.0,0.0,0.0,0.0,0.0,0.0,1.0
S4,R1,PZ048,17,0.0,0.0,0.0,0.0,0.0,0.0,0.0,0.0,1.0
S4,R1,PZ048,18,0.0,0.0,0.0,-0.0,0.0,-0.0,0.0,0.0,1.0
S4,R1,PZ048,19,0.0,0.0,0.0,-0.0,0.0,-0.0,0.0,0.0,1.0
S4,R1,PZ048,20,0.0,0.0,0.0,-0.0,0.0,-0.0,0.0,0.0,1.0
S4,R1,PZ048,21,2775.2666666666673,0.0,0.0,2775.2666666666673,0.0,-0.0,0.0,0.0,1.0
S4,R1,PZ048,22,2775.266666666666,0.0,0.0,2775.266666666666,0.0,-0.0,0.0,0.0,1.0
S4,R1,PZ048,23,2775.266666666666,0.0,0.0,2775.266666666666,0.0,-0.0,0.0,0.0,1.0
S4,R1,PZ049,0,2537.766666666667,0.0,0.0,2537.766666666667,0.0,-0.0,0.0,0.0,1.0
S4,R1,PZ049,1,2537.766666666666,0.0,0.0,2537.766666666666,0.0,-0.0,0.0,0.0,1.0
S4,R1,PZ049,2,2537.766666666666,0.0,0.0,2537.766666666666,0.0,-0.0,0.0,0.0,1.0
S4,R1,PZ049,3,2537.766666666666,0.0,0.0,2537.766666666666,0.0,-0.0,0.0,0.0,1.0
S4,R1,PZ049,4,2537.766666666666,0.0,0.0,2537.766666666666,0.0,-0.0,0.0,0.0,1.0
S4,R1,PZ049,5,2537.766666666666,0.0,0.0,2537.766666666666,0.0,-0.0,0.0,0.0,1.0
S4,R1,PZ049,6,0.0,0.0,0.0,0.0,0.0,0.0,0.0,0.0,1.0
S4,R1,PZ049,7,0.0,0.0,0.0,0.0,0.0,0.0,0.0,0.0,1.0
S4,R1,PZ049,8,0.0,0.0,0.0,0.0,0.0,0.0,0.0,0.0,1.0
S4,R1,PZ049,9,0.0,0.0,0.0,0.0,0.0,0.0,0.0,0.0,1.0
S4,R1,PZ049,10,2537.766666666666,0.0,0.0,2537.766666666666,0.0,-0.0,0.0,0.0,1.0
S4,R1,PZ049,11,2537.766666666666,0.0,0.0,2537.766666666666,0.0,-0.0,0.0,0.0,1.0
S4,R1,PZ049,12,2537.766666666666,0.0,0.0,2537.766666666666,0.0,-0.0,0.0,0.0,1.0
S4,R1,PZ049,13,2537.766666666666,0.0,0.0,2537.766666666666,0.0,-0.0,0.0,0.0,1.0
S4,R1,PZ049,14,2537.766666666666,0.0,0.0,2537.766666666666,0.0,-0.0,0.0,0.0,1.0
S4,R1,PZ049,15,2537.766666666667,0.0,0.0,2537.766666666667,0.0,-0.0,0.0,0.0,1.0
S4,R1,PZ049,16,0.0,0.0,0.0,0.0,0.0,0.0,0.0,0.0,1.0
S4,R1,PZ049,17,0.0,0.0,0.0,0.0,0.0,0.0,0.0,0.0,1.0
S4,R1,PZ049,18,0.0,0.0,0.0,-0.0,0.0,-0.0,0.0,0.0,1.0
S4,R1,PZ049,19,0.0,0.0,0.0,-0.0,0.0,-0.0,0.0,0.0,1.0
S4,R1,PZ049,20,0.0,0.0,0.0,-0.0,0.0,-0.0,0.0,0.0,1.0
S4,R1,PZ049,21,2537.766666666666,0.0,0.0,2537.766666666666,0.0,-0.0,0.0,0.0,1.0
S4,R1,PZ049,22,2537.766666666666,0.0,0.0,2537.766666666666,0.0,-0.0,0.0,0.0,1.0
S4,R1,PZ049,23,2537.766666666666,0.0,0.0,2537.766666666666,0.0,-0.0,0.0,0.0,1.0
S4,R1,PZ050,0,3110.2999999999997,0.0,0.0,3110.2999999999997,0.0,-0.0,0.0,0.0,1.0
S4,R1,PZ050,1,3110.2999999999997,0.0,0.0,3110.2999999999997,0.0,-0.0,0.0,0.0,1.0
S4,R1,PZ050,2,3110.2999999999997,0.0,0.0,3110.2999999999997,0.0,-0.0,0.0,0.0,1.0
S4,R1,PZ050,3,3110.2999999999997,0.0,0.0,3110.2999999999997,0.0,-0.0,0.0,0.0,1.0
S4,R1,PZ050,4,3110.2999999999997,0.0,0.0,3110.2999999999997,0.0,-0.0,0.0,0.0,1.0
S4,R1,PZ050,5,3110.2999999999997,0.0,0.0,3110.2999999999997,0.0,-0.0,0.0,0.0,1.0
S4,R1,PZ050,6,0.0,0.0,0.0,0.0,0.0,0.0,0.0,0.0,1.0
S4,R1,PZ050,7,0.0,0.0,0.0,0.0,0.0,0.0,0.0,0.0,1.0
S4,R1,PZ050,8,0.0,0.0,0.0,0.0,0.0,0.0,0.0,0.0,1.0
S4,R1,PZ050,9,-4.547473508864641e-13,0.0,0.0,0.0,-4.547473508864641e-13,0.0,0.0,0.0,1.0
S4,R1,PZ050,10,3110.2999999999997,0.0,0.0,3110.2999999999993,0.0,-4.1040948417503385e-13,-4.320099833421409e-13,0.0,1.0
S4,R1,PZ050,11,3110.2999999999997,-0.0,0.0,3110.2999999999997,0.0,-0.0,0.0,0.0,1.0
S4,R1,PZ050,12,3110.2999999999997,-0.0,0.0,3110.2999999999997,0.0,-0.0,0.0,0.0,1.0
S4,R1,PZ050,13,3110.2999999999997,-0.0,0.0,3110.2999999999997,0.0,-0.0,0.0,0.0,1.0
S4,R1,PZ050,14,3110.2999999999997,-0.0,0.0,3110.2999999999997,0.0,-0.0,0.0,0.0,1.0
S4,R1,PZ050,15,3110.300000000001,-0.0,0.0,3110.300000000001,0.0,-0.0,0.0,0.0,1.0
S4,R1,PZ050,16,0.0,-0.0,0.0,0.0,0.0,0.0,0.0,0.0,1.0
S4,R1,PZ050,17,0.0,-0.0,0.0,0.0,0.0,0.0,0.0,0.0,1.0
S4,R1,PZ050,18,0.0,-0.0,0.0,-0.0,0.0,-0.0,-0.0,0.0,1.0
S4,R1,PZ050,19,0.0,-0.0,0.0,-0.0,0.0,-0.0,0.0,0.0,1.0
S4,R1,PZ050,20,0.0,-0.0,0.0,-0.0,0.0,-0.0,0.0,0.0,1.0
S4,R1,PZ050,21,3110.2999999999997,-0.0,0.0,3110.2999999999997,0.0,-0.0,0.0,0.0,1.0
S4,R1,PZ050,22,3110.2999999999997,-0.0,0.0,3110.2999999999997,0.0,-0.0,0.0,0.0,1.0
S4,R1,PZ050,23,3110.2999999999997,0.0,0.0,3110.2999999999997,0.0,-0.0,0.0,0.0,1.0
S4,R1,PZ052,0,2719.5333333333333,0.0,0.0,2719.5333333333333,0.0,-0.0,0.0,0.0,1.0
S4,R1,PZ052,1,2719.5333333333333,0.0,0.0,2719.5333333333333,0.0,-0.0,0.0,0.0,1.0
S4,R1,PZ052,2,2719.5333333333333,0.0,0.0,2719.5333333333333,0.0,-0.0,0.0,0.0,1.0
S4,R1,PZ052,3,2719.5333333333333,0.0,0.0,2719.5333333333333,0.0,-0.0,0.0,0.0,1.0
S4,R1,PZ052,4,2719.5333333333333,0.0,0.0,2719.5333333333333,0.0,-0.0,0.0,0.0,1.0
S4,R1,PZ052,5,2719.5333333333333,0.0,0.0,2719.5333333333333,0.0,-0.0,0.0,0.0,1.0
S4,R1,PZ052,6,0.0,0.0,0.0,0.0,0.0,0.0,0.0,0.0,1.0
S4,R1,PZ052,7,0.0,0.0,0.0,0.0,0.0,0.0,0.0,0.0,1.0
S4,R1,PZ052,8,0.0,0.0,0.0,0.0,0.0,0.0,0.0,0.0,1.0
S4,R1,PZ052,9,-0.0,0.0,0.0,0.0,0.0,0.0,0.0,0.0,1.0
S4,R1,PZ052,10,2719.5333333333333,0.0,0.0,2719.5333333333333,0.0,-0.0,0.0,0.0,1.0
S4,R1,PZ052,11,2719.5333333333333,-0.0,0.0,2719.5333333333333,0.0,-0.0,0.0,0.0,1.0
S4,R1,PZ052,12,2719.5333333333333,-0.0,0.0,2719.5333333333333,0.0,-0.0,0.0,0.0,1.0
S4,R1,PZ052,13,2719.5333333333333,-0.0,0.0,2719.5333333333333,0.0,-0.0,0.0,0.0,1.0
S4,R1,PZ052,14,2719.5333333333333,-0.0,0.0,2719.5333333333333,0.0,-0.0,0.0,0.0,1.0
S4,R1,PZ052,15,2719.5333333333333,-0.0,0.0,2719.5333333333333,0.0,-0.0,0.0,0.0,1.0
S4,R1,PZ052,16,0.0,-0.0,0.0,0.0,0.0,0.0,0.0,0.0,1.0
S4,R1,PZ052,17,0.0,-0.0,0.0,0.0,0.0,0.0,0.0,0.0,1.0
S4,R1,PZ052,18,0.0,-0.0,0.0,-0.0,0.0,-0.0,-0.0,0.0,1.0
S4,R1,PZ052,19,0.0,-0.0,0.0,-0.0,0.0,-0.0,0.0,0.0,1.0
S4,R1,PZ052,20,0.0,-0.0,0.0,-0.0,0.0,-0.0,0.0,0.0,1.0
S4,R1,PZ052,21,2719.533333333336,-0.0,0.0,2719.533333333336,0.0,-0.0,0.0,0.0,1.0
S4,R1,PZ052,22,2719.5333333333333,-0.0,0.0,2719.5333333333333,0.0,-0.0,0.0,0.0,1.0
S4,R1,PZ052,23,2719.5333333333333,0.0,0.0,2719.5333333333333,0.0,-0.0,0.0,0.0,1.0
S4,R2,PZ001,0,1565.1999999999998,0.0,0.0,1565.1999999999998,0.0,-0.0,0.0,0.0,1.0
S4,R2,PZ001,1,1565.2000000000003,0.0,0.0,1565.2000000000003,0.0,-0.0,0.0,0.0,1.0
S4,R2,PZ001,2,1565.1999999999998,0.0,0.0,1565.1999999999998,0.0,-0.0,0.0,0.0,1.0
S4,R2,PZ001,3,1565.1999999999998,0.0,0.0,1565.1999999999998,0.0,-0.0,0.0,0.0,1.0
S4,R2,PZ001,4,1565.1999999999998,0.0,0.0,1565.1999999999998,0.0,-0.0,0.0,0.0,1.0
S4,R2,PZ001,5,1565.1999999999998,0.0,0.0,1565.1999999999998,0.0,-0.0,0.0,0.0,1.0
S4,R2,PZ001,6,0.0,0.0,0.0,0.0,0.0,0.0,0.0,0.0,1.0
S4,R2,PZ001,7,0.0,0.0,0.0,0.0,0.0,0.0,0.0,0.0,1.0
S4,R2,PZ001,8,0.0,0.0,0.0,0.0,0.0,0.0,0.0,0.0,1.0
S4,R2,PZ001,9,-0.0,0.0,0.0,0.0,0.0,0.0,0.0,0.0,1.0
S4,R2,PZ001,10,1565.1999999999998,0.0,0.0,1565.1999999999998,0.0,-0.0,0.0,0.0,1.0
S4,R2,PZ001,11,1565.1999999999998,-0.0,0.0,1565.1999999999998,0.0,-0.0,0.0,0.0,1.0
S4,R2,PZ001,12,1565.1999999999998,-0.0,0.0,1565.1999999999998,0.0,-0.0,0.0,0.0,1.0
S4,R2,PZ001,13,1565.1999999999998,-0.0,0.0,1565.1999999999998,0.0,-0.0,0.0,0.0,1.0
S4,R2,PZ001,14,1565.1999999999998,-0.0,0.0,1565.1999999999998,0.0,-0.0,0.0,0.0,1.0
S4,R2,PZ001,15,1565.2,-0.0,0.0,1565.2,0.0,-0.0,0.0,0.0,1.0
S4,R2,PZ001,16,0.0,0.0,0.0,0.0,0.0,0.0,0.0,0.0,1.0
S4,R2,PZ001,17,0.0,-0.0,0.0,0.0,0.0,0.0,0.0,0.0,1.0
S4,R2,PZ001,18,0.0,-0.0,0.0,-0.0,0.0,-0.0,-0.0,0.0,1.0
S4,R2,PZ001,19,0.0,-0.0,0.0,-0.0,0.0,-0.0,0.0,0.0,1.0
S4,R2,PZ001,20,0.0,-0.0,0.0,-0.0,0.0,-0.0,0.0,0.0,1.0
S4,R2,PZ001,21,1565.2,-0.0,0.0,1565.2,0.0,-0.0,0.0,0.0,1.0
S4,R2,PZ001,22,1565.2,-0.0,0.0,1565.2,0.0,-0.0,0.0,0.0,1.0
S4,R2,PZ001,23,1565.1999999999998,0.0,0.0,1565.1999999999998,0.0,-0.0,0.0,0.0,1.0
S4,R2,PZ006,0,223.60000000000002,0.0,0.0,223.60000000000002,0.0,-0.0,0.0,0.0,1.0
S4,R2,PZ006,1,223.60000000000002,0.0,0.0,223.60000000000002,0.0,-0.0,0.0,0.0,1.0
S4,R2,PZ006,2,223.60000000000002,0.0,0.0,223.60000000000002,0.0,-0.0,0.0,0.0,1.0
S4,R2,PZ006,3,223.60000000000002,0.0,0.0,223.60000000000002,0.0,-0.0,0.0,0.0,1.0
S4,R2,PZ006,4,223.60000000000002,0.0,0.0,223.60000000000002,0.0,-0.0,0.0,0.0,1.0
S4,R2,PZ006,5,223.60000000000002,0.0,0.0,223.60000000000002,0.0,-0.0,0.0,0.0,1.0
S4,R2,PZ006,6,0.0,0.0,0.0,0.0,0.0,0.0,0.0,0.0,1.0
S4,R2,PZ006,7,0.0,0.0,0.0,0.0,0.0,0.0,0.0,0.0,1.0
S4,R2,PZ006,8,0.0,0.0,0.0,0.0,0.0,0.0,0.0,0.0,1.0
S4,R2,PZ006,9,-0.0,0.0,0.0,0.0,0.0,0.0,0.0,0.0,1.0
S4,R2,PZ006,10,223.60000000000002,0.0,0.0,223.60000000000002,0.0,-0.0,0.0,0.0,1.0
S4,R2,PZ006,11,223.60000000000002,-0.0,0.0,223.60000000000002,0.0,-0.0,0.0,0.0,1.0
S4,R2,PZ006,12,223.60000000000002,-0.0,0.0,223.60000000000002,0.0,-0.0,0.0,0.0,1.0
S4,R2,PZ006,13,223.60000000000002,-0.0,0.0,223.60000000000002,0.0,-0.0,0.0,0.0,1.0
S4,R2,PZ006,14,223.60000000000002,-0.0,0.0,223.60000000000002,0.0,-0.0,0.0,0.0,1.0
S4,R2,PZ006,15,223.60000000000002,-0.0,0.0,223.60000000000002,0.0,-0.0,0.0,0.0,1.0
S4,R2,PZ006,16,0.0,0.0,0.0,0.0,0.0,0.0,0.0,0.0,1.0
S4,R2,PZ006,17,0.0,-0.0,0.0,0.0,0.0,0.0,0.0,0.0,1.0
S4,R2,PZ006,18,0.0,-0.0,0.0,-0.0,0.0,-0.0,-0.0,0.0,1.0
S4,R2,PZ006,19,0.0,-0.0,0.0,-0.0,0.0,-0.0,0.0,0.0,1.0
S4,R2,PZ006,20,0.0,-0.0,0.0,-0.0,0.0,-0.0,0.0,0.0,1.0
S4,R2,PZ006,21,223.60000000000002,-0.0,0.0,223.60000000000002,0.0,-0.0,0.0,0.0,1.0
S4,R2,PZ006,22,223.60000000000002,-0.0,0.0,223.60000000000002,0.0,-0.0,0.0,0.0,1.0
S4,R2,PZ006,23,223.60000000000002,0.0,0.0,223.60000000000002,0.0,-0.0,0.0,0.0,1.0
S4,R2,PZ039,0,1733.4375,0.0,0.0,1733.4375,0.0,-0.0,0.0,0.0,1.0
S4,R2,PZ039,1,1733.4375,0.0,0.0,1733.4375,0.0,-0.0,0.0,0.0,1.0
S4,R2,PZ039,2,1733.4375,0.0,0.0,1733.4375,0.0,-0.0,0.0,0.0,1.0
S4,R2,PZ039,3,1733.4375,0.0,0.0,1733.4375,0.0,-0.0,0.0,0.0,1.0
S4,R2,PZ039,4,1733.4375,0.0,0.0,1733.4375,0.0,-0.0,0.0,0.0,1.0
S4,R2,PZ039,5,1733.4375,0.0,0.0,1733.4375,0.0,-0.0,0.0,0.0,1.0
S4,R2,PZ039,6,0.0,0.0,0.0,0.0,0.0,0.0,0.0,0.0,1.0
S4,R2,PZ039,7,0.0,0.0,0.0,0.0,0.0,0.0,0.0,0.0,1.0
S4,R2,PZ039,8,-0.0,0.0,0.0,0.0,0.0,0.0,0.0,0.0,1.0
S4,R2,PZ039,9,1733.4375,0.0,0.0,1733.4375,0.0,-0.0,0.0,0.0,1.0
S4,R2,PZ039,10,1733.4375,0.0,0.0,1733.4375,0.0,-0.0,0.0,0.0,1.0
S4,R2,PZ039,11,1733.4375,-0.0,0.0,1733.4375,0.0,-0.0,0.0,0.0,1.0
S4,R2,PZ039,12,1733.4375,-0.0,0.0,1733.4375,0.0,-0.0,0.0,0.0,1.0
S4,R2,PZ039,13,1733.4375,-0.0,0.0,1733.4375,0.0,-0.0,0.0,0.0,1.0
S4,R2,PZ039,14,1733.4375,-0.0,0.0,1733.4375,0.0,-0.0,0.0,0.0,1.0
S4,R2,PZ039,15,1733.4375,-0.0,0.0,1733.4375,0.0,-0.0,0.0,0.0,1.0
S4,R2,PZ039,16,0.0,-0.0,0.0,0.0,0.0,0.0,0.0,0.0,1.0
S4,R2,PZ039,17,0.0,-0.0,0.0,0.0,0.0,0.0,0.0,0.0,1.0
S4,R2,PZ039,18,0.0,-0.0,0.0,-0.0,0.0,-0.0,-0.0,0.0,1.0
S4,R2,PZ039,19,0.0,-0.0,0.0,-0.0,0.0,-0.0,0.0,0.0,1.0
S4,R2,PZ039,20,0.0,-0.0,0.0,-0.0,0.0,-0.0,0.0,0.0,1.0
S4,R2,PZ039,21,1733.4375,-0.0,0.0,1733.4375,0.0,-0.0,0.0,0.0,1.0
S4,R2,PZ039,22,1733.4375,-0.0,0.0,1733.4375,0.0,-0.0,0.0,0.0,1.0
S4,R2,PZ039,23,1733.4375,0.0,0.0,1733.4375,0.0,-0.0,0.0,0.0,1.0
S4,R2,PZ040,0,1930.3999999999999,0.0,0.0,1930.3999999999999,0.0,-0.0,0.0,0.0,1.0
S4,R2,PZ040,1,1930.3999999999999,0.0,0.0,1930.3999999999999,0.0,-0.0,0.0,0.0,1.0
S4,R2,PZ040,2,1930.3999999999999,0.0,0.0,1930.3999999999999,0.0,-0.0,0.0,0.0,1.0
S4,R2,PZ040,3,1930.3999999999999,0.0,0.0,1930.3999999999999,0.0,-0.0,0.0,0.0,1.0
S4,R2,PZ040,4,1930.3999999999999,0.0,0.0,1930.3999999999999,0.0,-0.0,0.0,0.0,1.0
S4,R2,PZ040,5,1930.3999999999999,0.0,0.0,1930.3999999999999,0.0,-0.0,0.0,0.0,1.0
S4,R2,PZ040,6,0.0,0.0,0.0,0.0,0.0,0.0,0.0,0.0,1.0
S4,R2,PZ040,7,0.0,0.0,0.0,0.0,0.0,0.0,0.0,0.0,1.0
S4,R2,PZ040,8,0.0,0.0,0.0,0.0,0.0,0.0,0.0,0.0,1.0
S4,R2,PZ040,9,-0.0,0.0,0.0,0.0,0.0,0.0,0.0,0.0,1.0
S4,R2,PZ040,10,1930.3999999999999,0.0,0.0,1930.3999999999999,0.0,-0.0,0.0,0.0,1.0
S4,R2,PZ040,11,1930.3999999999999,-0.0,0.0,1930.3999999999999,0.0,-0.0,0.0,0.0,1.0
S4,R2,PZ040,12,1930.3999999999999,-0.0,0.0,1930.3999999999999,0.0,-0.0,0.0,0.0,1.0
S4,R2,PZ040,13,1930.3999999999999,-0.0,0.0,1930.3999999999999,0.0,-0.0,0.0,0.0,1.0
S4,R2,PZ040,14,1930.3999999999999,-0.0,0.0,1930.3999999999999,0.0,-0.0,0.0,0.0,1.0
S4,R2,PZ040,15,1930.4000000000012,-0.0,0.0,1930.4000000000012,0.0,-0.0,0.0,0.0,1.0
S4,R2,PZ040,16,0.0,-0.0,0.0,0.0,0.0,0.0,0.0,0.0,1.0
S4,R2,PZ040,17,0.0,-0.0,0.0,0.0,0.0,0.0,0.0,0.0,1.0
S4,R2,PZ040,18,0.0,-0.0,0.0,-0.0,0.0,-0.0,-0.0,0.0,1.0
S4,R2,PZ040,19,0.0,-0.0,0.0,-0.0,0.0,-0.0,0.0,0.0,1.0
S4,R2,PZ040,20,0.0,-0.0,0.0,-0.0,0.0,-0.0,0.0,0.0,1.0
S4,R2,PZ040,21,1930.4,-0.0,0.0,1930.4,0.0,-0.0,0.0,0.0,1.0
S4,R2,PZ040,22,1930.3999999999999,-0.0,0.0,1930.3999999999999,0.0,-0.0,0.0,0.0,1.0
S4,R2,PZ040,23,1930.3999999999999,0.0,0.0,1930.3999999999999,0.0,-0.0,0.0,0.0,1.0
S4,R2,PZ041,0,1971.003825218181,0.0,0.0,1971.003825218181,0.0,-0.0,0.0,0.0,1.0
S4,R2,PZ041,1,1971.003825218181,0.0,0.0,1971.003825218181,0.0,-0.0,0.0,0.0,1.0
S4,R2,PZ041,2,1971.003825218181,0.0,0.0,1971.003825218181,0.0,-0.0,0.0,0.0,1.0
S4,R2,PZ041,3,1971.003825218181,0.0,0.0,1971.003825218181,0.0,-0.0,0.0,0.0,1.0
S4,R2,PZ041,4,1971.003825218181,0.0,0.0,1971.003825218181,0.0,-0.0,0.0,0.0,1.0
S4,R2,PZ041,5,1971.003825218181,0.0,0.0,1971.003825218181,0.0,-0.0,0.0,0.0,1.0
S4,R2,PZ041,6,0.0,0.0,0.0,0.0,0.0,0.0,0.0,0.0,1.0
S4,R2,PZ041,7,0.0,0.0,0.0,0.0,0.0,0.0,0.0,0.0,1.0
S4,R2,PZ041,8,0.0,0.0,0.0,0.0,0.0,0.0,0.0,0.0,1.0
S4,R2,PZ041,9,0.0,0.0,0.0,0.0,0.0,0.0,0.0,0.0,1.0
S4,R2,PZ041,10,1971.003825218181,0.0,0.0,1971.003825218181,0.0,-0.0,0.0,0.0,1.0
S4,R2,PZ041,11,1971.0038252181744,0.7374968330717517,0.0,1971.741322051246,0.0,-0.0,0.0,0.0,1.0
S4,R2,PZ041,12,1971.003825218181,4.194534404459814,0.0,1975.1983596226407,0.0,-0.0,0.0,0.0,1.0
S4,R2,PZ041,13,1971.003825218181,8.538995358462339,0.0,1979.5428205766434,0.0,-0.0,0.0,0.0,1.0
S4,R2,PZ041,14,1971.003825218181,11.816789767762463,0.0,1982.8206149859434,0.0,-0.0,0.0,0.0,1.0
S4,R2,PZ041,15,1971.003825218181,13.823667808721284,0.0,1984.8274930269022,0.0,-0.0,0.0,0.0,1.0
S4,R2,PZ041,16,1971.003825218181,15.042294471393275,0.0,1986.0461196895742,0.0,-0.0,0.0,0.0,1.0
S4,R2,PZ041,17,1971.003825218181,15.105797557716532,0.0,1986.1096227758976,0.0,-0.0,0.0,0.0,1.0
S4,R2,PZ041,18,0.0,14.118115098257165,0.0,14.118115098257165,0.0,-0.0,0.0,0.0,1.0
S4,R2,PZ041,19,0.0,11.628851622997768,0.0,11.628851622997768,0.0,-0.0,0.0,0.0,1.0
S4,R2,PZ041,20,0.0,8.321842039954541,0.0,8.321842039954541,0.0,-0.0,0.0,0.0,1.0
S4,R2,PZ041,21,1971.0038252181823,4.206983421545963,0.0,1975.2108086397284,0.0,-0.0,0.0,0.0,1.0
S4,R2,PZ041,22,1971.003825218181,0.6496029065868305,0.0,1971.6534281247677,0.0,-0.0,0.0,0.0,1.0
S4,R2,PZ041,23,1971.003825218181,0.0,0.0,1971.003825218181,0.0,-0.0,0.0,0.0,1.0
S4,R2,PZ047,0,2332.566666666667,0.0,0.0,2332.566666666667,0.0,-0.0,0.0,0.0,1.0
S4,R2,PZ047,1,2332.5666666666666,0.0,0.0,2332.5666666666666,0.0,-0.0,0.0,0.0,1.0
S4,R2,PZ047,2,2332.5666666666666,0.0,0.0,2332.5666666666666,0.0,-0.0,0.0,0.0,1.0
S4,R2,PZ047,3,2332.5666666666666,0.0,0.0,2332.5666666666666,0.0,-0.0,0.0,0.0,1.0
S4,R2,PZ047,4,2332.5666666666666,0.0,0.0,2332.5666666666666,0.0,-0.0,0.0,0.0,1.0
S4,R2,PZ047,5,2332.5666666666666,0.0,0.0,2332.5666666666666,0.0,-0.0,0.0,0.0,1.0
S4,R2,PZ047,6,0.0,0.0,0.0,0.0,0.0,0.0,0.0,0.0,1.0
S4,R2,PZ047,7,0.0,0.0,0.0,0.0,0.0,0.0,0.0,0.0,1.0
S4,R2,PZ047,8,0.0,0.0,0.0,0.0,0.0,0.0,0.0,0.0,1.0
S4,R2,PZ047,9,0.0,0.0,0.0,0.0,0.0,0.0,0.0,0.0,1.0
S4,R2,PZ047,10,2332.5666666666666,0.0,0.0,2332.5666666666666,0.0,-0.0,0.0,0.0,1.0
S4,R2,PZ047,11,2332.5666666666666,0.0,0.0,2332.5666666666666,0.0,-0.0,0.0,0.0,1.0
S4,R2,PZ047,12,2332.5666666666666,0.0,0.0,2332.5666666666666,0.0,-0.0,0.0,0.0,1.0
S4,R2,PZ047,13,2332.5666666666666,0.0,0.0,2332.5666666666666,0.0,-0.0,0.0,0.0,1.0
S4,R2,PZ047,14,2332.5666666666666,0.0,0.0,2332.5666666666666,0.0,-0.0,0.0,0.0,1.0
S4,R2,PZ047,15,2332.5666666666666,0.0,0.0,2332.5666666666666,0.0,-0.0,0.0,0.0,1.0
S4,R2,PZ047,16,0.0,0.0,0.0,0.0,0.0,0.0,0.0,0.0,1.0
S4,R2,PZ047,17,0.0,0.0,0.0,0.0,0.0,0.0,0.0,0.0,1.0
S4,R2,PZ047,18,0.0,0.0,0.0,-0.0,0.0,-0.0,0.0,0.0,1.0
S4,R2,PZ047,19,0.0,0.0,0.0,-0.0,0.0,-0.0,0.0,0.0,1.0
S4,R2,PZ047,20,0.0,0.0,0.0,-0.0,0.0,-0.0,0.0,0.0,1.0
S4,R2,PZ047,21,2332.566666666667,0.0,0.0,2332.566666666667,0.0,-0.0,0.0,0.0,1.0
S4,R2,PZ047,22,2332.5666666666666,0.0,0.0,2332.5666666666666,0.0,-0.0,0.0,0.0,1.0
S4,R2,PZ047,23,2332.5666666666666,0.0,0.0,2332.5666666666666,0.0,-0.0,0.0,0.0,1.0
S4,R2,PZ048,0,2775.266666666667,0.0,0.0,2775.266666666667,0.0,-0.0,0.0,0.0,1.0
S4,R2,PZ048,1,2775.266666666666,0.0,0.0,2775.266666666666,0.0,-0.0,0.0,0.0,1.0
S4,R2,PZ048,2,2775.266666666666,0.0,0.0,2775.266666666666,0.0,-0.0,0.0,0.0,1.0
S4,R2,PZ048,3,2775.266666666666,0.0,0.0,2775.266666666666,0.0,-0.0,0.0,0.0,1.0
S4,R2,PZ048,4,2775.266666666666,0.0,0.0,2775.266666666666,0.0,-0.0,0.0,0.0,1.0
S4,R2,PZ048,5,2775.266666666666,0.0,0.0,2775.266666666666,0.0,-0.0,0.0,0.0,1.0
S4,R2,PZ048,6,0.0,0.0,0.0,0.0,0.0,0.0,0.0,0.0,1.0
S4,R2,PZ048,7,0.0,0.0,0.0,0.0,0.0,0.0,0.0,0.0,1.0
S4,R2,PZ048,8,0.0,0.0,0.0,0.0,0.0,0.0,0.0,0.0,1.0
S4,R2,PZ048,9,0.0,0.0,0.0,0.0,0.0,0.0,0.0,0.0,1.0
S4,R2,PZ048,10,2775.266666666666,0.0,0.0,2775.266666666666,0.0,-0.0,0.0,0.0,1.0
S4,R2,PZ048,11,2775.266666666666,0.0,0.0,2775.266666666666,0.0,-0.0,0.0,0.0,1.0
S4,R2,PZ048,12,2775.266666666666,0.0,0.0,2775.266666666666,0.0,-0.0,0.0,0.0,1.0
S4,R2,PZ048,13,2775.266666666666,0.0,0.0,2775.266666666666,0.0,-0.0,0.0,0.0,1.0
S4,R2,PZ048,14,2775.266666666666,0.0,0.0,2775.266666666666,0.0,-0.0,0.0,0.0,1.0
S4,R2,PZ048,15,2775.266666666666,0.0,0.0,2775.266666666666,0.0,-0.0,0.0,0.0,1.0
S4,R2,PZ048,16,0.0,0.0,0.0,0.0,0.0,0.0,0.0,0.0,1.0
S4,R2,PZ048,17,0.0,0.0,0.0,0.0,0.0,0.0,0.0,0.0,1.0
S4,R2,PZ048,18,0.0,0.0,0.0,-0.0,0.0,-0.0,0.0,0.0,1.0
S4,R2,PZ048,19,0.0,0.0,0.0,-0.0,0.0,-0.0,0.0,0.0,1.0
S4,R2,PZ048,20,0.0,0.0,0.0,-0.0,0.0,-0.0,0.0,0.0,1.0
S4,R2,PZ048,21,2775.2666666666673,0.0,0.0,2775.2666666666673,0.0,-0.0,0.0,0.0,1.0
S4,R2,PZ048,22,2775.266666666666,0.0,0.0,2775.266666666666,0.0,-0.0,0.0,0.0,1.0
S4,R2,PZ048,23,2775.266666666666,0.0,0.0,2775.266666666666,0.0,-0.0,0.0,0.0,1.0
S4,R2,PZ049,0,2537.766666666667,0.0,0.0,2537.766666666667,0.0,-0.0,0.0,0.0,1.0
S4,R2,PZ049,1,2537.766666666666,0.0,0.0,2537.766666666666,0.0,-0.0,0.0,0.0,1.0
S4,R2,PZ049,2,2537.766666666666,0.0,0.0,2537.766666666666,0.0,-0.0,0.0,0.0,1.0
S4,R2,PZ049,3,2537.766666666666,0.0,0.0,2537.766666666666,0.0,-0.0,0.0,0.0,1.0
S4,R2,PZ049,4,2537.766666666666,0.0,0.0,2537.766666666666,0.0,-0.0,0.0,0.0,1.0
S4,R2,PZ049,5,2537.766666666666,0.0,0.0,2537.766666666666,0.0,-0.0,0.0,0.0,1.0
S4,R2,PZ049,6,0.0,0.0,0.0,0.0,0.0,0.0,0.0,0.0,1.0
S4,R2,PZ049,7,0.0,0.0,0.0,0.0,0.0,0.0,0.0,0.0,1.0
S4,R2,PZ049,8,0.0,0.0,0.0,0.0,0.0,0.0,0.0,0.0,1.0
S4,R2,PZ049,9,0.0,0.0,0.0,0.0,0.0,0.0,0.0,0.0,1.0
S4,R2,PZ049,10,2537.766666666666,0.0,0.0,2537.766666666666,0.0,-0.0,0.0,0.0,1.0
S4,R2,PZ049,11,2537.766666666666,0.0,0.0,2537.766666666666,0.0,-0.0,0.0,0.0,1.0
S4,R2,PZ049,12,2537.766666666666,0.0,0.0,2537.766666666666,0.0,-0.0,0.0,0.0,1.0
S4,R2,PZ049,13,2537.766666666666,0.0,0.0,2537.766666666666,0.0,-0.0,0.0,0.0,1.0
S4,R2,PZ049,14,2537.766666666666,0.0,0.0,2537.766666666666,0.0,-0.0,0.0,0.0,1.0
S4,R2,PZ049,15,2537.766666666667,0.0,0.0,2537.766666666667,0.0,-0.0,0.0,0.0,1.0
S4,R2,PZ049,16,0.0,0.0,0.0,0.0,0.0,0.0,0.0,0.0,1.0
S4,R2,PZ049,17,0.0,0.0,0.0,0.0,0.0,0.0,0.0,0.0,1.0
S4,R2,PZ049,18,0.0,0.0,0.0,-0.0,0.0,-0.0,0.0,0.0,1.0
S4,R2,PZ049,19,0.0,0.0,0.0,-0.0,0.0,-0.0,0.0,0.0,1.0
S4,R2,PZ049,20,0.0,0.0,0.0,-0.0,0.0,-0.0,0.0,0.0,1.0
S4,R2,PZ049,21,2537.766666666666,0.0,0.0,2537.766666666666,0.0,-0.0,0.0,0.0,1.0
S4,R2,PZ049,22,2537.766666666666,0.0,0.0,2537.766666666666,0.0,-0.0,0.0,0.0,1.0
S4,R2,PZ049,23,2537.766666666666,0.0,0.0,2537.766666666666,0.0,-0.0,0.0,0.0,1.0
S4,R2,PZ050,0,3110.2999999999997,0.0,0.0,3110.2999999999997,0.0,-0.0,0.0,0.0,1.0
S4,R2,PZ050,1,3110.2999999999997,0.0,0.0,3110.2999999999997,0.0,-0.0,0.0,0.0,1.0
S4,R2,PZ050,2,3110.2999999999997,0.0,0.0,3110.2999999999997,0.0,-0.0,0.0,0.0,1.0
S4,R2,PZ050,3,3110.2999999999997,0.0,0.0,3110.2999999999997,0.0,-0.0,0.0,0.0,1.0
S4,R2,PZ050,4,3110.2999999999997,0.0,0.0,3110.2999999999997,0.0,-0.0,0.0,0.0,1.0
S4,R2,PZ050,5,3110.2999999999997,0.0,0.0,3110.2999999999997,0.0,-0.0,0.0,0.0,1.0
S4,R2,PZ050,6,0.0,0.0,0.0,0.0,0.0,0.0,0.0,0.0,1.0
S4,R2,PZ050,7,0.0,0.0,0.0,0.0,0.0,0.0,0.0,0.0,1.0
S4,R2,PZ050,8,0.0,0.0,0.0,0.0,0.0,0.0,0.0,0.0,1.0
S4,R2,PZ050,9,-4.547473508864641e-13,0.0,0.0,0.0,-4.547473508864641e-13,0.0,0.0,0.0,1.0
S4,R2,PZ050,10,3110.2999999999997,0.0,0.0,3110.2999999999993,0.0,-4.1040948417503385e-13,-4.320099833421409e-13,0.0,1.0
S4,R2,PZ050,11,3110.2999999999997,-0.0,0.0,3110.2999999999997,0.0,-0.0,0.0,0.0,1.0
S4,R2,PZ050,12,3110.2999999999997,-0.0,0.0,3110.2999999999997,0.0,-0.0,0.0,0.0,1.0
S4,R2,PZ050,13,3110.2999999999997,-0.0,0.0,3110.2999999999997,0.0,-0.0,0.0,0.0,1.0
S4,R2,PZ050,14,3110.2999999999997,-0.0,0.0,3110.2999999999997,0.0,-0.0,0.0,0.0,1.0
S4,R2,PZ050,15,3110.300000000001,-0.0,0.0,3110.300000000001,0.0,-0.0,0.0,0.0,1.0
S4,R2,PZ050,16,0.0,-0.0,0.0,0.0,0.0,0.0,0.0,0.0,1.0
S4,R2,PZ050,17,0.0,-0.0,0.0,0.0,0.0,0.0,0.0,0.0,1.0
S4,R2,PZ050,18,0.0,-0.0,0.0,-0.0,0.0,-0.0,-0.0,0.0,1.0
S4,R2,PZ050,19,0.0,-0.0,0.0,-0.0,0.0,-0.0,0.0,0.0,1.0
S4,R2,PZ050,20,0.0,-0.0,0.0,-0.0,0.0,-0.0,0.0,0.0,1.0
S4,R2,PZ050,21,3110.2999999999997,-0.0,0.0,3110.2999999999997,0.0,-0.0,0.0,0.0,1.0
S4,R2,PZ050,22,3110.2999999999997,-0.0,0.0,3110.2999999999997,0.0,-0.0,0.0,0.0,1.0
S4,R2,PZ050,23,3110.2999999999997,0.0,0.0,3110.2999999999997,0.0,-0.0,0.0,0.0,1.0
S4,R2,PZ052,0,2719.5333333333333,0.0,0.0,2719.5333333333333,0.0,-0.0,0.0,0.0,1.0
S4,R2,PZ052,1,2719.5333333333333,0.0,0.0,2719.5333333333333,0.0,-0.0,0.0,0.0,1.0
S4,R2,PZ052,2,2719.5333333333333,0.0,0.0,2719.5333333333333,0.0,-0.0,0.0,0.0,1.0
S4,R2,PZ052,3,2719.5333333333333,0.0,0.0,2719.5333333333333,0.0,-0.0,0.0,0.0,1.0
S4,R2,PZ052,4,2719.5333333333333,0.0,0.0,2719.5333333333333,0.0,-0.0,0.0,0.0,1.0
S4,R2,PZ052,5,2719.5333333333333,0.0,0.0,2719.5333333333333,0.0,-0.0,0.0,0.0,1.0
S4,R2,PZ052,6,0.0,0.0,0.0,0.0,0.0,0.0,0.0,0.0,1.0
S4,R2,PZ052,7,0.0,0.0,0.0,0.0,0.0,0.0,0.0,0.0,1.0
S4,R2,PZ052,8,0.0,0.0,0.0,0.0,0.0,0.0,0.0,0.0,1.0
S4,R2,PZ052,9,-0.0,0.0,0.0,0.0,0.0,0.0,0.0,0.0,1.0
S4,R2,PZ052,10,2719.5333333333333,0.0,0.0,2719.5333333333333,0.0,-0.0,0.0,0.0,1.0
S4,R2,PZ052,11,2719.5333333333333,-0.0,0.0,2719.5333333333333,0.0,-0.0,0.0,0.0,1.0
S4,R2,PZ052,12,2719.5333333333333,-0.0,0.0,2719.5333333333333,0.0,-0.0,0.0,0.0,1.0
S4,R2,PZ052,13,2719.5333333333333,-0.0,0.0,2719.5333333333333,0.0,-0.0,0.0,0.0,1.0
S4,R2,PZ052,14,2719.5333333333333,-0.0,0.0,2719.5333333333333,0.0,-0.0,0.0,0.0,1.0
S4,R2,PZ052,15,2719.5333333333333,-0.0,0.0,2719.5333333333333,0.0,-0.0,0.0,0.0,1.0
S4,R2,PZ052,16,0.0,-0.0,0.0,0.0,0.0,0.0,0.0,0.0,1.0
S4,R2,PZ052,17,0.0,-0.0,0.0,0.0,0.0,0.0,0.0,0.0,1.0
S4,R2,PZ052,18,0.0,-0.0,0.0,-0.0,0.0,-0.0,-0.0,0.0,1.0
S4,R2,PZ052,19,0.0,-0.0,0.0,-0.0,0.0,-0.0,0.0,0.0,1.0
S4,R2,PZ052,20,0.0,-0.0,0.0,-0.0,0.0,-0.0,0.0,0.0,1.0
S4,R2,PZ052,21,2719.533333333336,-0.0,0.0,2719.533333333336,0.0,-0.0,0.0,0.0,1.0
S4,R2,PZ052,22,2719.5333333333333,-0.0,0.0,2719.5333333333333,0.0,-0.0,0.0,0.0,1.0
S4,R2,PZ052,23,2719.5333333333333,0.0,0.0,2719.5333333333333,0.0,-0.0,0.0,0.0,1.0
S4,R3,PZ001,0,1565.1999999999998,0.0,0.0,1565.1999999999998,0.0,-0.0,0.0,0.0,1.0
S4,R3,PZ001,1,1565.2000000000003,0.0,0.0,1565.2000000000003,0.0,-0.0,0.0,0.0,1.0
S4,R3,PZ001,2,1565.1999999999998,0.0,0.0,1565.1999999999998,0.0,-0.0,0.0,0.0,1.0
S4,R3,PZ001,3,1565.1999999999998,0.0,0.0,1565.1999999999998,0.0,-0.0,0.0,0.0,1.0
S4,R3,PZ001,4,1565.1999999999998,0.0,0.0,1565.1999999999998,0.0,-0.0,0.0,0.0,1.0
S4,R3,PZ001,5,1565.1999999999998,0.0,0.0,1565.1999999999998,0.0,-0.0,0.0,0.0,1.0
S4,R3,PZ001,6,0.0,0.0,0.0,0.0,0.0,0.0,0.0,0.0,1.0
S4,R3,PZ001,7,0.0,0.0,0.0,0.0,0.0,0.0,0.0,0.0,1.0
S4,R3,PZ001,8,0.0,0.0,0.0,0.0,0.0,0.0,0.0,0.0,1.0
S4,R3,PZ001,9,-0.0,0.0,0.0,0.0,0.0,0.0,0.0,0.0,1.0
S4,R3,PZ001,10,1565.1999999999998,0.0,0.0,1565.1999999999998,0.0,-0.0,0.0,0.0,1.0
S4,R3,PZ001,11,1565.1999999999998,-0.0,0.0,1565.1999999999998,0.0,-0.0,0.0,0.0,1.0
S4,R3,PZ001,12,1565.1999999999998,-0.0,0.0,1565.1999999999998,0.0,-0.0,0.0,0.0,1.0
S4,R3,PZ001,13,1565.1999999999998,-0.0,0.0,1565.1999999999998,0.0,-0.0,0.0,0.0,1.0
S4,R3,PZ001,14,1565.1999999999998,-0.0,0.0,1565.1999999999998,0.0,-0.0,0.0,0.0,1.0
S4,R3,PZ001,15,1565.2,-0.0,0.0,1565.2,0.0,-0.0,0.0,0.0,1.0
S4,R3,PZ001,16,0.0,0.0,0.0,0.0,0.0,0.0,0.0,0.0,1.0
S4,R3,PZ001,17,0.0,-0.0,0.0,0.0,0.0,0.0,0.0,0.0,1.0
S4,R3,PZ001,18,0.0,-0.0,0.0,-0.0,0.0,-0.0,-0.0,0.0,1.0
S4,R3,PZ001,19,0.0,-0.0,0.0,-0.0,0.0,-0.0,0.0,0.0,1.0
S4,R3,PZ001,20,0.0,-0.0,0.0,-0.0,0.0,-0.0,0.0,0.0,1.0
S4,R3,PZ001,21,1565.2,-0.0,0.0,1565.2,0.0,-0.0,0.0,0.0,1.0
S4,R3,PZ001,22,1565.2,-0.0,0.0,1565.2,0.0,-0.0,0.0,0.0,1.0
S4,R3,PZ001,23,1565.1999999999998,0.0,0.0,1565.1999999999998,0.0,-0.0,0.0,0.0,1.0
S4,R3,PZ006,0,223.60000000000002,0.0,0.0,223.60000000000002,0.0,-0.0,0.0,0.0,1.0
S4,R3,PZ006,1,223.60000000000002,0.0,0.0,223.60000000000002,0.0,-0.0,0.0,0.0,1.0
S4,R3,PZ006,2,223.60000000000002,0.0,0.0,223.60000000000002,0.0,-0.0,0.0,0.0,1.0
S4,R3,PZ006,3,223.60000000000002,0.0,0.0,223.60000000000002,0.0,-0.0,0.0,0.0,1.0
S4,R3,PZ006,4,223.60000000000002,0.0,0.0,223.60000000000002,0.0,-0.0,0.0,0.0,1.0
S4,R3,PZ006,5,223.60000000000002,0.0,0.0,223.60000000000002,0.0,-0.0,0.0,0.0,1.0
S4,R3,PZ006,6,0.0,0.0,0.0,0.0,0.0,0.0,0.0,0.0,1.0
S4,R3,PZ006,7,0.0,0.0,0.0,0.0,0.0,0.0,0.0,0.0,1.0
S4,R3,PZ006,8,0.0,0.0,0.0,0.0,0.0,0.0,0.0,0.0,1.0
S4,R3,PZ006,9,-0.0,0.0,0.0,0.0,0.0,0.0,0.0,0.0,1.0
S4,R3,PZ006,10,223.60000000000002,0.0,0.0,223.60000000000002,0.0,-0.0,0.0,0.0,1.0
S4,R3,PZ006,11,223.60000000000002,-0.0,0.0,223.60000000000002,0.0,-0.0,0.0,0.0,1.0
S4,R3,PZ006,12,223.60000000000002,-0.0,0.0,223.60000000000002,0.0,-0.0,0.0,0.0,1.0
S4,R3,PZ006,13,223.60000000000002,-0.0,0.0,223.60000000000002,0.0,-0.0,0.0,0.0,1.0
S4,R3,PZ006,14,223.60000000000002,-0.0,0.0,223.60000000000002,0.0,-0.0,0.0,0.0,1.0
S4,R3,PZ006,15,223.60000000000002,-0.0,0.0,223.60000000000002,0.0,-0.0,0.0,0.0,1.0
S4,R3,PZ006,16,0.0,0.0,0.0,0.0,0.0,0.0,0.0,0.0,1.0
S4,R3,PZ006,17,0.0,-0.0,0.0,0.0,0.0,0.0,0.0,0.0,1.0
S4,R3,PZ006,18,0.0,-0.0,0.0,-0.0,0.0,-0.0,-0.0,0.0,1.0
S4,R3,PZ006,19,0.0,-0.0,0.0,-0.0,0.0,-0.0,0.0,0.0,1.0
S4,R3,PZ006,20,0.0,-0.0,0.0,-0.0,0.0,-0.0,0.0,0.0,1.0
S4,R3,PZ006,21,223.60000000000002,-0.0,0.0,223.60000000000002,0.0,-0.0,0.0,0.0,1.0
S4,R3,PZ006,22,223.60000000000002,-0.0,0.0,223.60000000000002,0.0,-0.0,0.0,0.0,1.0
S4,R3,PZ006,23,223.60000000000002,0.0,0.0,223.60000000000002,0.0,-0.0,0.0,0.0,1.0
S4,R3,PZ039,0,1733.4375,0.0,0.0,1733.4375,0.0,-0.0,0.0,0.0,1.0
S4,R3,PZ039,1,1733.4375,0.0,0.0,1733.4375,0.0,-0.0,0.0,0.0,1.0
S4,R3,PZ039,2,1733.4375,0.0,0.0,1733.4375,0.0,-0.0,0.0,0.0,1.0
S4,R3,PZ039,3,1733.4375,0.0,0.0,1733.4375,0.0,-0.0,0.0,0.0,1.0
S4,R3,PZ039,4,1733.4375,0.0,0.0,1733.4375,0.0,-0.0,0.0,0.0,1.0
S4,R3,PZ039,5,1733.4375,0.0,0.0,1733.4375,0.0,-0.0,0.0,0.0,1.0
S4,R3,PZ039,6,0.0,0.0,0.0,0.0,0.0,0.0,0.0,0.0,1.0
S4,R3,PZ039,7,0.0,0.0,0.0,0.0,0.0,0.0,0.0,0.0,1.0
S4,R3,PZ039,8,-0.0,0.0,0.0,0.0,0.0,0.0,0.0,0.0,1.0
S4,R3,PZ039,9,1733.4375,0.0,0.0,1733.4375,0.0,-0.0,0.0,0.0,1.0
S4,R3,PZ039,10,1733.4375,0.0,0.0,1733.4375,0.0,-0.0,0.0,0.0,1.0
S4,R3,PZ039,11,1733.4375,-0.0,0.0,1733.4375,0.0,-0.0,0.0,0.0,1.0
S4,R3,PZ039,12,1733.4375,-0.0,0.0,1733.4375,0.0,-0.0,0.0,0.0,1.0
S4,R3,PZ039,13,1733.4375,-0.0,0.0,1733.4375,0.0,-0.0,0.0,0.0,1.0
S4,R3,PZ039,14,1733.4375,-0.0,0.0,1733.4375,0.0,-0.0,0.0,0.0,1.0
S4,R3,PZ039,15,1733.4375,-0.0,0.0,1733.4375,0.0,-0.0,0.0,0.0,1.0
S4,R3,PZ039,16,0.0,-0.0,0.0,0.0,0.0,0.0,0.0,0.0,1.0
S4,R3,PZ039,17,0.0,-0.0,0.0,0.0,0.0,0.0,0.0,0.0,1.0
S4,R3,PZ039,18,0.0,-0.0,0.0,-0.0,0.0,-0.0,-0.0,0.0,1.0
S4,R3,PZ039,19,0.0,-0.0,0.0,-0.0,0.0,-0.0,0.0,0.0,1.0
S4,R3,PZ039,20,0.0,-0.0,0.0,-0.0,0.0,-0.0,0.0,0.0,1.0
S4,R3,PZ039,21,1733.4375,-0.0,0.0,1733.4375,0.0,-0.0,0.0,0.0,1.0
S4,R3,PZ039,22,1733.4375,-0.0,0.0,1733.4375,0.0,-0.0,0.0,0.0,1.0
S4,R3,PZ039,23,1733.4375,0.0,0.0,1733.4375,0.0,-0.0,0.0,0.0,1.0
S4,R3,PZ040,0,1930.3999999999999,0.0,0.0,1930.3999999999999,0.0,-0.0,0.0,0.0,1.0
S4,R3,PZ040,1,1930.3999999999999,0.0,0.0,1930.3999999999999,0.0,-0.0,0.0,0.0,1.0
S4,R3,PZ040,2,1930.3999999999999,0.0,0.0,1930.3999999999999,0.0,-0.0,0.0,0.0,1.0
S4,R3,PZ040,3,1930.3999999999999,0.0,0.0,1930.3999999999999,0.0,-0.0,0.0,0.0,1.0
S4,R3,PZ040,4,1930.3999999999999,0.0,0.0,1930.3999999999999,0.0,-0.0,0.0,0.0,1.0
S4,R3,PZ040,5,1930.3999999999999,0.0,0.0,1930.3999999999999,0.0,-0.0,0.0,0.0,1.0
S4,R3,PZ040,6,0.0,0.0,0.0,0.0,0.0,0.0,0.0,0.0,1.0
S4,R3,PZ040,7,0.0,0.0,0.0,0.0,0.0,0.0,0.0,0.0,1.0
S4,R3,PZ040,8,0.0,0.0,0.0,0.0,0.0,0.0,0.0,0.0,1.0
S4,R3,PZ040,9,-0.0,0.0,0.0,0.0,0.0,0.0,0.0,0.0,1.0
S4,R3,PZ040,10,1930.3999999999999,0.0,0.0,1930.3999999999999,0.0,-0.0,0.0,0.0,1.0
S4,R3,PZ040,11,1930.3999999999999,-0.0,0.0,1930.3999999999999,0.0,-0.0,0.0,0.0,1.0
S4,R3,PZ040,12,1930.3999999999999,-0.0,0.0,1930.3999999999999,0.0,-0.0,0.0,0.0,1.0
S4,R3,PZ040,13,1930.3999999999999,-0.0,0.0,1930.3999999999999,0.0,-0.0,0.0,0.0,1.0
S4,R3,PZ040,14,1930.3999999999999,-0.0,0.0,1930.3999999999999,0.0,-0.0,0.0,0.0,1.0
S4,R3,PZ040,15,1930.4000000000012,-0.0,0.0,1930.4000000000012,0.0,-0.0,0.0,0.0,1.0
S4,R3,PZ040,16,0.0,-0.0,0.0,0.0,0.0,0.0,0.0,0.0,1.0
S4,R3,PZ040,17,0.0,-0.0,0.0,0.0,0.0,0.0,0.0,0.0,1.0
S4,R3,PZ040,18,0.0,-0.0,0.0,-0.0,0.0,-0.0,-0.0,0.0,1.0
S4,R3,PZ040,19,0.0,-0.0,0.0,-0.0,0.0,-0.0,0.0,0.0,1.0
S4,R3,PZ040,20,0.0,-0.0,0.0,-0.0,0.0,-0.0,0.0,0.0,1.0
S4,R3,PZ040,21,1930.4,-0.0,0.0,1930.4,0.0,-0.0,0.0,0.0,1.0
S4,R3,PZ040,22,1930.3999999999999,-0.0,0.0,1930.3999999999999,0.0,-0.0,0.0,0.0,1.0
S4,R3,PZ040,23,1930.3999999999999,0.0,0.0,1930.3999999999999,0.0,-0.0,0.0,0.0,1.0
S4,R3,PZ041,0,1968.6173920279389,0.0,0.0,1968.6173920279389,0.0,-0.0,0.0,0.0,1.0
S4,R3,PZ041,1,1968.6173920279389,0.0,0.0,1968.6173920279389,0.0,-0.0,0.0,0.0,1.0
S4,R3,PZ041,2,1968.6173920279389,0.0,0.0,1968.6173920279389,0.0,-0.0,0.0,0.0,1.0
S4,R3,PZ041,3,1968.6173920279389,0.0,0.0,1968.6173920279389,0.0,-0.0,0.0,0.0,1.0
S4,R3,PZ041,4,1968.6173920279389,0.0,0.0,1968.6173920279389,0.0,-0.0,0.0,0.0,1.0
S4,R3,PZ041,5,1968.6173920279389,0.0,0.0,1968.6173920279389,0.0,-0.0,0.0,0.0,1.0
S4,R3,PZ041,6,0.0,0.0,0.0,0.0,0.0,0.0,0.0,0.0,1.0
S4,R3,PZ041,7,0.0,0.0,0.0,0.0,0.0,0.0,0.0,0.0,1.0
S4,R3,PZ041,8,0.0,0.0,0.0,0.0,0.0,0.0,0.0,0.0,1.0
S4,R3,PZ041,9,0.0,0.0,0.0,0.0,0.0,0.0,0.0,0.0,1.0
S4,R3,PZ041,10,1968.6173920279389,0.0,0.0,1968.6173920279389,0.0,-0.0,0.0,0.0,1.0
S4,R3,PZ041,11,1968.6173920279439,1.0140581454736586,0.0,1969.6314501734175,0.0,-0.0,0.0,0.0,1.0
S4,R3,PZ041,12,1968.6173920279389,5.767484806132244,0.0,1974.384876834071,0.0,-0.0,0.0,0.0,1.0
S4,R3,PZ041,13,1968.6173920279389,11.741118617885714,0.0,1980.3585106458245,0.0,-0.0,0.0,0.0,1.0
S4,R3,PZ041,14,1968.6173920279389,16.248085930673387,0.0,1984.8654779586122,0.0,-0.0,0.0,0.0,1.0
S4,R3,PZ041,15,1968.6173920279389,19.007543236991765,0.0,1987.6249352649306,0.0,-0.0,0.0,0.0,1.0
S4,R3,PZ041,16,1968.6173920279389,20.68315489816575,0.0,1989.3005469261045,0.0,-0.0,0.0,0.0,1.0
S4,R3,PZ041,17,1968.6173920279389,20.77047164186023,0.0,1989.3878636697991,0.0,-0.0,0.0,0.0,1.0
S4,R3,PZ041,18,0.0,19.412408260103604,0.0,19.412408260103604,0.0,-0.0,0.0,0.0,1.0
S4,R3,PZ041,19,0.0,15.989670981621929,0.0,15.989670981621929,0.0,-0.0,0.0,0.0,1.0
S4,R3,PZ041,20,0.0,11.442532804937494,0.0,11.442532804937494,0.0,-0.0,0.0,0.0,1.0
S4,R3,PZ041,21,1968.6173920279361,5.784602204625699,0.0,1974.401994232562,0.0,-0.0,0.0,0.0,1.0
S4,R3,PZ041,22,1968.6173920279389,0.8932039965568919,0.0,1969.5105960244957,0.0,-0.0,0.0,0.0,1.0
S4,R3,PZ041,23,1968.6173920279389,0.0,0.0,1968.6173920279389,0.0,-0.0,0.0,0.0,1.0
S4,R3,PZ047,0,2332.566666666667,0.0,0.0,2332.566666666667,0.0,-0.0,0.0,0.0,1.0
S4,R3,PZ047,1,2332.5666666666666,0.0,0.0,2332.5666666666666,0.0,-0.0,0.0,0.0,1.0
S4,R3,PZ047,2,2332.5666666666666,0.0,0.0,2332.5666666666666,0.0,-0.0,0.0,0.0,1.0
S4,R3,PZ047,3,2332.5666666666666,0.0,0.0,2332.5666666666666,0.0,-0.0,0.0,0.0,1.0
S4,R3,PZ047,4,2332.5666666666666,0.0,0.0,2332.5666666666666,0.0,-0.0,0.0,0.0,1.0
S4,R3,PZ047,5,2332.5666666666666,0.0,0.0,2332.5666666666666,0.0,-0.0,0.0,0.0,1.0
S4,R3,PZ047,6,0.0,0.0,0.0,0.0,0.0,0.0,0.0,0.0,1.0
S4,R3,PZ047,7,0.0,0.0,0.0,0.0,0.0,0.0,0.0,0.0,1.0
S4,R3,PZ047,8,0.0,0.0,0.0,0.0,0.0,0.0,0.0,0.0,1.0
S4,R3,PZ047,9,0.0,0.0,0.0,0.0,0.0,0.0,0.0,0.0,1.0
S4,R3,PZ047,10,2332.5666666666666,0.0,0.0,2332.5666666666666,0.0,-0.0,0.0,0.0,1.0
S4,R3,PZ047,11,2332.5666666666666,0.0,0.0,2332.5666666666666,0.0,-0.0,0.0,0.0,1.0
S4,R3,PZ047,12,2332.5666666666666,0.0,0.0,2332.5666666666666,0.0,-0.0,0.0,0.0,1.0
S4,R3,PZ047,13,2332.5666666666666,0.0,0.0,2332.5666666666666,0.0,-0.0,0.0,0.0,1.0
S4,R3,PZ047,14,2332.5666666666666,0.0,0.0,2332.5666666666666,0.0,-0.0,0.0,0.0,1.0
S4,R3,PZ047,15,2332.5666666666666,0.0,0.0,2332.5666666666666,0.0,-0.0,0.0,0.0,1.0
S4,R3,PZ047,16,0.0,0.0,0.0,0.0,0.0,0.0,0.0,0.0,1.0
S4,R3,PZ047,17,0.0,0.0,0.0,0.0,0.0,0.0,0.0,0.0,1.0
S4,R3,PZ047,18,0.0,0.0,0.0,-0.0,0.0,-0.0,0.0,0.0,1.0
S4,R3,PZ047,19,0.0,0.0,0.0,-0.0,0.0,-0.0,0.0,0.0,1.0
S4,R3,PZ047,20,0.0,0.0,0.0,-0.0,0.0,-0.0,0.0,0.0,1.0
S4,R3,PZ047,21,2332.566666666667,0.0,0.0,2332.566666666667,0.0,-0.0,0.0,0.0,1.0
S4,R3,PZ047,22,2332.5666666666666,0.0,0.0,2332.5666666666666,0.0,-0.0,0.0,0.0,1.0
S4,R3,PZ047,23,2332.5666666666666,0.0,0.0,2332.5666666666666,0.0,-0.0,0.0,0.0,1.0
S4,R3,PZ048,0,2775.266666666667,0.0,0.0,2775.266666666667,0.0,-0.0,0.0,0.0,1.0
S4,R3,PZ048,1,2775.266666666666,0.0,0.0,2775.266666666666,0.0,-0.0,0.0,0.0,1.0
S4,R3,PZ048,2,2775.266666666666,0.0,0.0,2775.266666666666,0.0,-0.0,0.0,0.0,1.0
S4,R3,PZ048,3,2775.266666666666,0.0,0.0,2775.266666666666,0.0,-0.0,0.0,0.0,1.0
S4,R3,PZ048,4,2775.266666666666,0.0,0.0,2775.266666666666,0.0,-0.0,0.0,0.0,1.0
S4,R3,PZ048,5,2775.266666666666,0.0,0.0,2775.266666666666,0.0,-0.0,0.0,0.0,1.0
S4,R3,PZ048,6,0.0,0.0,0.0,0.0,0.0,0.0,0.0,0.0,1.0
S4,R3,PZ048,7,0.0,0.0,0.0,0.0,0.0,0.0,0.0,0.0,1.0
S4,R3,PZ048,8,0.0,0.0,0.0,0.0,0.0,0.0,0.0,0.0,1.0
S4,R3,PZ048,9,0.0,0.0,0.0,0.0,0.0,0.0,0.0,0.0,1.0
S4,R3,PZ048,10,2775.266666666666,0.0,0.0,2775.266666666666,0.0,-0.0,0.0,0.0,1.0
S4,R3,PZ048,11,2775.266666666666,0.0,0.0,2775.266666666666,0.0,-0.0,0.0,0.0,1.0
S4,R3,PZ048,12,2775.266666666666,0.0,0.0,2775.266666666666,0.0,-0.0,0.0,0.0,1.0
S4,R3,PZ048,13,2775.266666666666,0.0,0.0,2775.266666666666,0.0,-0.0,0.0,0.0,1.0
S4,R3,PZ048,14,2775.266666666666,0.0,0.0,2775.266666666666,0.0,-0.0,0.0,0.0,1.0
S4,R3,PZ048,15,2775.266666666666,0.0,0.0,2775.266666666666,0.0,-0.0,0.0,0.0,1.0
S4,R3,PZ048,16,0.0,0.0,0.0,0.0,0.0,0.0,0.0,0.0,1.0
S4,R3,PZ048,17,0.0,0.0,0.0,0.0,0.0,0.0,0.0,0.0,1.0
S4,R3,PZ048,18,0.0,0.0,0.0,-0.0,0.0,-0.0,0.0,0.0,1.0
S4,R3,PZ048,19,0.0,0.0,0.0,-0.0,0.0,-0.0,0.0,0.0,1.0
S4,R3,PZ048,20,0.0,0.0,0.0,-0.0,0.0,-0.0,0.0,0.0,1.0
S4,R3,PZ048,21,2775.2666666666673,0.0,0.0,2775.2666666666673,0.0,-0.0,0.0,0.0,1.0
S4,R3,PZ048,22,2775.266666666666,0.0,0.0,2775.266666666666,0.0,-0.0,0.0,0.0,1.0
S4,R3,PZ048,23,2775.266666666666,0.0,0.0,2775.266666666666,0.0,-0.0,0.0,0.0,1.0
S4,R3,PZ049,0,2537.766666666667,0.0,0.0,2537.766666666667,0.0,-0.0,0.0,0.0,1.0
S4,R3,PZ049,1,2537.766666666666,0.0,0.0,2537.766666666666,0.0,-0.0,0.0,0.0,1.0
S4,R3,PZ049,2,2537.766666666666,0.0,0.0,2537.766666666666,0.0,-0.0,0.0,0.0,1.0
S4,R3,PZ049,3,2537.766666666666,0.0,0.0,2537.766666666666,0.0,-0.0,0.0,0.0,1.0
S4,R3,PZ049,4,2537.766666666666,0.0,0.0,2537.766666666666,0.0,-0.0,0.0,0.0,1.0
S4,R3,PZ049,5,2537.766666666666,0.0,0.0,2537.766666666666,0.0,-0.0,0.0,0.0,1.0
S4,R3,PZ049,6,0.0,0.0,0.0,0.0,0.0,0.0,0.0,0.0,1.0
S4,R3,PZ049,7,0.0,0.0,0.0,0.0,0.0,0.0,0.0,0.0,1.0
S4,R3,PZ049,8,0.0,0.0,0.0,0.0,0.0,0.0,0.0,0.0,1.0
S4,R3,PZ049,9,0.0,0.0,0.0,0.0,0.0,0.0,0.0,0.0,1.0
S4,R3,PZ049,10,2537.766666666666,0.0,0.0,2537.766666666666,0.0,-0.0,0.0,0.0,1.0
S4,R3,PZ049,11,2537.766666666666,0.0,0.0,2537.766666666666,0.0,-0.0,0.0,0.0,1.0
S4,R3,PZ049,12,2537.766666666666,0.0,0.0,2537.766666666666,0.0,-0.0,0.0,0.0,1.0
S4,R3,PZ049,13,2537.766666666666,0.0,0.0,2537.766666666666,0.0,-0.0,0.0,0.0,1.0
S4,R3,PZ049,14,2537.766666666666,0.0,0.0,2537.766666666666,0.0,-0.0,0.0,0.0,1.0
S4,R3,PZ049,15,2537.766666666667,0.0,0.0,2537.766666666667,0.0,-0.0,0.0,0.0,1.0
S4,R3,PZ049,16,0.0,0.0,0.0,0.0,0.0,0.0,0.0,0.0,1.0
S4,R3,PZ049,17,0.0,0.0,0.0,0.0,0.0,0.0,0.0,0.0,1.0
S4,R3,PZ049,18,0.0,0.0,0.0,-0.0,0.0,-0.0,0.0,0.0,1.0
S4,R3,PZ049,19,0.0,0.0,0.0,-0.0,0.0,-0.0,0.0,0.0,1.0
S4,R3,PZ049,20,0.0,0.0,0.0,-0.0,0.0,-0.0,0.0,0.0,1.0
S4,R3,PZ049,21,2537.766666666666,0.0,0.0,2537.766666666666,0.0,-0.0,0.0,0.0,1.0
S4,R3,PZ049,22,2537.766666666666,0.0,0.0,2537.766666666666,0.0,-0.0,0.0,0.0,1.0
S4,R3,PZ049,23,2537.766666666666,0.0,0.0,2537.766666666666,0.0,-0.0,0.0,0.0,1.0
S4,R3,PZ050,0,3110.2999999999997,0.0,0.0,3110.2999999999997,0.0,-0.0,0.0,0.0,1.0
S4,R3,PZ050,1,3110.2999999999997,0.0,0.0,3110.2999999999997,0.0,-0.0,0.0,0.0,1.0
S4,R3,PZ050,2,3110.2999999999997,0.0,0.0,3110.2999999999997,0.0,-0.0,0.0,0.0,1.0
S4,R3,PZ050,3,3110.2999999999997,0.0,0.0,3110.2999999999997,0.0,-0.0,0.0,0.0,1.0
S4,R3,PZ050,4,3110.2999999999997,0.0,0.0,3110.2999999999997,0.0,-0.0,0.0,0.0,1.0
S4,R3,PZ050,5,3110.2999999999997,0.0,0.0,3110.2999999999997,0.0,-0.0,0.0,0.0,1.0
S4,R3,PZ050,6,0.0,0.0,0.0,0.0,0.0,0.0,0.0,0.0,1.0
S4,R3,PZ050,7,0.0,0.0,0.0,0.0,0.0,0.0,0.0,0.0,1.0
S4,R3,PZ050,8,0.0,0.0,0.0,0.0,0.0,0.0,0.0,0.0,1.0
S4,R3,PZ050,9,-4.547473508864641e-13,0.0,0.0,0.0,-4.547473508864641e-13,0.0,0.0,0.0,1.0
S4,R3,PZ050,10,3110.2999999999997,0.0,0.0,3110.2999999999993,0.0,-4.1040948417503385e-13,-4.320099833421409e-13,0.0,1.0
S4,R3,PZ050,11,3110.2999999999997,-0.0,0.0,3110.2999999999997,0.0,-0.0,0.0,0.0,1.0
S4,R3,PZ050,12,3110.2999999999997,-0.0,0.0,3110.2999999999997,0.0,-0.0,0.0,0.0,1.0
S4,R3,PZ050,13,3110.2999999999997,-0.0,0.0,3110.2999999999997,0.0,-0.0,0.0,0.0,1.0
S4,R3,PZ050,14,3110.2999999999997,-0.0,0.0,3110.2999999999997,0.0,-0.0,0.0,0.0,1.0
S4,R3,PZ050,15,3110.300000000001,-0.0,0.0,3110.300000000001,0.0,-0.0,0.0,0.0,1.0
S4,R3,PZ050,16,0.0,-0.0,0.0,0.0,0.0,0.0,0.0,0.0,1.0
S4,R3,PZ050,17,0.0,-0.0,0.0,0.0,0.0,0.0,0.0,0.0,1.0
S4,R3,PZ050,18,0.0,-0.0,0.0,-0.0,0.0,-0.0,-0.0,0.0,1.0
S4,R3,PZ050,19,0.0,-0.0,0.0,-0.0,0.0,-0.0,0.0,0.0,1.0
S4,R3,PZ050,20,0.0,-0.0,0.0,-0.0,0.0,-0.0,0.0,0.0,1.0
S4,R3,PZ050,21,3110.2999999999997,-0.0,0.0,3110.2999999999997,0.0,-0.0,0.0,0.0,1.0
S4,R3,PZ050,22,3110.2999999999997,-0.0,0.0,3110.2999999999997,0.0,-0.0,0.0,0.0,1.0
S4,R3,PZ050,23,3110.2999999999997,0.0,0.0,3110.2999999999997,0.0,-0.0,0.0,0.0,1.0
S4,R3,PZ052,0,2719.5333333333333,0.0,0.0,2719.5333333333333,0.0,-0.0,0.0,0.0,1.0
S4,R3,PZ052,1,2719.5333333333333,0.0,0.0,2719.5333333333333,0.0,-0.0,0.0,0.0,1.0
S4,R3,PZ052,2,2719.5333333333333,0.0,0.0,2719.5333333333333,0.0,-0.0,0.0,0.0,1.0
S4,R3,PZ052,3,2719.5333333333333,0.0,0.0,2719.5333333333333,0.0,-0.0,0.0,0.0,1.0
S4,R3,PZ052,4,2719.5333333333333,0.0,0.0,2719.5333333333333,0.0,-0.0,0.0,0.0,1.0
S4,R3,PZ052,5,2719.5333333333333,0.0,0.0,2719.5333333333333,0.0,-0.0,0.0,0.0,1.0
S4,R3,PZ052,6,0.0,0.0,0.0,0.0,0.0,0.0,0.0,0.0,1.0
S4,R3,PZ052,7,0.0,0.0,0.0,0.0,0.0,0.0,0.0,0.0,1.0
S4,R3,PZ052,8,0.0,0.0,0.0,0.0,0.0,0.0,0.0,0.0,1.0
S4,R3,PZ052,9,-0.0,0.0,0.0,0.0,0.0,0.0,0.0,0.0,1.0
S4,R3,PZ052,10,2719.5333333333333,0.0,0.0,2719.5333333333333,0.0,-0.0,0.0,0.0,1.0
S4,R3,PZ052,11,2719.5333333333333,-0.0,0.0,2719.5333333333333,0.0,-0.0,0.0,0.0,1.0
S4,R3,PZ052,12,2719.5333333333333,-0.0,0.0,2719.5333333333333,0.0,-0.0,0.0,0.0,1.0
S4,R3,PZ052,13,2719.5333333333333,-0.0,0.0,2719.5333333333333,0.0,-0.0,0.0,0.0,1.0
S4,R3,PZ052,14,2719.5333333333333,-0.0,0.0,2719.5333333333333,0.0,-0.0,0.0,0.0,1.0
S4,R3,PZ052,15,2719.5333333333333,-0.0,0.0,2719.5333333333333,0.0,-0.0,0.0,0.0,1.0
S4,R3,PZ052,16,0.0,-0.0,0.0,0.0,0.0,0.0,0.0,0.0,1.0
S4,R3,PZ052,17,0.0,-0.0,0.0,0.0,0.0,0.0,0.0,0.0,1.0
S4,R3,PZ052,18,0.0,-0.0,0.0,-0.0,0.0,-0.0,-0.0,0.0,1.0
S4,R3,PZ052,19,0.0,-0.0,0.0,-0.0,0.0,-0.0,0.0,0.0,1.0
S4,R3,PZ052,20,0.0,-0.0,0.0,-0.0,0.0,-0.0,0.0,0.0,1.0
S4,R3,PZ052,21,2719.533333333336,-0.0,0.0,2719.533333333336,0.0,-0.0,0.0,0.0,1.0
S4,R3,PZ052,22,2719.5333333333333,-0.0,0.0,2719.5333333333333,0.0,-0.0,0.0,0.0,1.0
S4,R3,PZ052,23,2719.5333333333333,0.0,0.0,2719.5333333333333,0.0,-0.0,0.0,0.0,1.0
S4,R4,PZ001,0,1565.1999999999962,0.0,0.0,1565.1999999999962,0.0,-0.0,0.0,0.0,1.0
S4,R4,PZ001,1,1565.1999999999998,0.0,0.0,1565.1999999999998,0.0,-0.0,0.0,0.0,1.0
S4,R4,PZ001,2,1565.1999999999998,0.0,0.0,1565.1999999999998,0.0,-0.0,0.0,0.0,1.0
S4,R4,PZ001,3,1565.1999999999998,0.0,0.0,1565.1999999999998,0.0,-0.0,0.0,0.0,1.0
S4,R4,PZ001,4,1565.1999999999998,0.0,0.0,1565.1999999999998,0.0,-0.0,0.0,0.0,1.0
S4,R4,PZ001,5,1565.1999999999998,0.0,0.0,1565.1999999999998,0.0,-0.0,0.0,0.0,1.0
S4,R4,PZ001,6,0.0,0.0,0.0,0.0,0.0,0.0,0.0,0.0,1.0
S4,R4,PZ001,7,0.0,0.0,0.0,0.0,0.0,0.0,0.0,0.0,1.0
S4,R4,PZ001,8,1.0077503620752668e-12,0.0,0.0,0.0,1.0077503620752668e-12,0.0,0.0,0.0,1.0
S4,R4,PZ001,9,-0.0,0.0,0.0,0.0,0.0,0.0,9.573628439715034e-13,0.0,1.0
S4,R4,PZ001,10,1565.1999999999998,0.0,0.0,1565.2000000000007,0.0,9.094947017729282e-13,9.573628439715034e-13,0.0,1.0
S4,R4,PZ001,11,1565.1999999999998,-0.0,0.0,1565.1999999999998,0.0,-0.0,0.0,0.0,1.0
S4,R4,PZ001,12,1565.1999999999998,-0.0,0.0,1565.1999999999998,0.0,-0.0,0.0,0.0,1.0
S4,R4,PZ001,13,1565.1999999999962,-0.0,0.0,1565.1999999999962,0.0,-0.0,0.0,0.0,1.0
S4,R4,PZ001,14,1565.1999999999998,-0.0,0.0,1565.1999999999998,0.0,-0.0,0.0,0.0,1.0
S4,R4,PZ001,15,1565.1999999999998,-0.0,0.0,1565.1999999999998,0.0,-4.141131881851833e-14,0.0,0.0,1.0
S4,R4,PZ001,16,0.0,8.183052319267846e-13,0.0,0.0,8.183052319267846e-13,0.0,0.0,0.0,1.0
S4,R4,PZ001,17,0.0,-0.0,0.0,0.0,0.0,0.0,7.773899703304454e-13,0.0,1.0
S4,R4,PZ001,18,0.0,-0.0,0.0,-0.0,0.0,-0.0,7.773899703304454e-13,0.0,1.0
S4,R4,PZ001,19,0.0,-0.0,0.0,7.385204718139232e-13,0.0,7.385204718139232e-13,7.773899703304454e-13,0.0,1.0
S4,R4,PZ001,20,0.0,-0.0,0.0,-0.0,0.0,-0.0,0.0,0.0,1.0
S4,R4,PZ001,21,1565.2,-0.0,0.0,1565.2,0.0,-0.0,0.0,0.0,1.0
S4,R4,PZ001,22,1565.1999999999998,-0.0,0.0,1565.1999999999998,0.0,-0.0,0.0,0.0,1.0
S4,R4,PZ001,23,1565.1999999999998,0.0,0.0,1565.1999999999998,0.0,-0.0,0.0,0.0,1.0
S4,R4,PZ006,0,223.6,0.0,0.0,223.6,0.0,-0.0,0.0,0.0,1.0
S4,R4,PZ006,1,223.6,0.0,0.0,223.6,0.0,-0.0,0.0,0.0,1.0
S4,R4,PZ006,2,223.6,0.0,0.0,223.6,0.0,-0.0,0.0,0.0,1.0
S4,R4,PZ006,3,223.60000000000005,0.0,0.0,223.60000000000005,0.0,-0.0,0.0,0.0,1.0
S4,R4,PZ006,4,223.6,0.0,0.0,223.6,0.0,-0.0,0.0,0.0,1.0
S4,R4,PZ006,5,223.6,0.0,0.0,223.6,0.0,-0.0,0.0,0.0,1.0
S4,R4,PZ006,6,0.0,0.0,0.0,0.0,0.0,0.0,0.0,0.0,1.0
S4,R4,PZ006,7,0.0,0.0,0.0,0.0,0.0,0.0,0.0,0.0,1.0
S4,R4,PZ006,8,9.447659644455626e-14,0.0,0.0,0.0,9.447659644455626e-14,0.0,0.0,0.0,1.0
S4,R4,PZ006,9,-0.0,0.0,0.0,0.0,0.0,0.0,8.975276662232845e-14,0.0,1.0
S4,R4,PZ006,10,223.6,0.0,0.0,223.60000000000008,0.0,8.526512829121202e-14,8.975276662232845e-14,0.0,1.0
S4,R4,PZ006,11,223.6,-0.0,0.0,223.6,0.0,-0.0,-0.0,0.0,1.0
S4,R4,PZ006,12,223.60000000000068,-0.0,0.0,223.60000000000068,0.0,-0.0,-0.0,0.0,1.0
S4,R4,PZ006,13,223.6,-0.0,0.0,223.6,0.0,-0.0,-0.0,0.0,1.0
S4,R4,PZ006,14,223.6,-0.0,0.0,223.6,0.0,-0.0,0.0,0.0,1.0
S4,R4,PZ006,15,223.6,-0.0,0.0,223.6,0.0,-0.0,0.0,0.0,1.0
S4,R4,PZ006,16,0.0,-0.0,0.0,0.0,0.0,0.0,0.0,0.0,1.0
S4,R4,PZ006,17,0.0,9.447659644455625e-14,0.0,0.0,9.447659644455626e-14,0.0,0.0,0.0,1.0
S4,R4,PZ006,18,0.0,-0.0,0.0,8.526512829121202e-14,0.0,8.526512829121202e-14,8.975276662232845e-14,0.0,1.0
S4,R4,PZ006,19,0.0,-0.0,0.0,-0.0,0.0,-0.0,0.0,0.0,1.0
S4,R4,PZ006,20,0.0,-0.0,0.0,-0.0,0.0,-0.0,0.0,0.0,1.0
S4,R4,PZ006,21,223.6,-0.0,0.0,223.6,0.0,-0.0,0.0,0.0,1.0
S4,R4,PZ006,22,223.6,-0.0,0.0,223.6,0.0,-0.0,0.0,0.0,1.0
S4,R4,PZ006,23,223.6,0.0,0.0,223.6,0.0,-0.0,0.0,0.0,1.0
S4,R4,PZ039,0,1733.4375,0.0,0.0,1733.4375,0.0,-0.0,0.0,0.0,1.0
S4,R4,PZ039,1,1733.4375,0.0,0.0,1733.4375,0.0,-0.0,0.0,0.0,1.0
S4,R4,PZ039,2,1733.4375,0.0,0.0,1733.4375,0.0,-0.0,0.0,0.0,1.0
S4,R4,PZ039,3,1733.4375,0.0,0.0,1733.4375,0.0,-0.0,0.0,0.0,1.0
S4,R4,PZ039,4,1733.4375,0.0,0.0,1733.4375,0.0,-0.0,0.0,0.0,1.0
S4,R4,PZ039,5,1733.4375,0.0,0.0,1733.4375,0.0,-0.0,0.0,0.0,1.0
S4,R4,PZ039,6,0.0,0.0,0.0,0.0,0.0,0.0,0.0,0.0,1.0
S4,R4,PZ039,7,0.0,0.0,0.0,0.0,0.0,0.0,0.0,0.0,1.0
S4,R4,PZ039,8,-0.0,0.0,0.0,0.0,0.0,0.0,0.0,0.0,1.0
S4,R4,PZ039,9,1733.4375,0.0,0.0,1733.4375,0.0,-0.0,0.0,0.0,1.0
S4,R4,PZ039,10,1733.4375,0.0,0.0,1733.4375,0.0,-0.0,0.0,0.0,1.0
S4,R4,PZ039,11,1733.4375,-0.0,0.0,1733.4375,0.0,-0.0,0.0,0.0,1.0
S4,R4,PZ039,12,1733.4375,-0.0,0.0,1733.4375,0.0,-0.0,0.0,0.0,1.0
S4,R4,PZ039,13,1733.4375,-0.0,0.0,1733.4375,0.0,-0.0,0.0,0.0,1.0
S4,R4,PZ039,14,1733.4375,-0.0,0.0,1733.4375,0.0,-0.0,0.0,0.0,1.0
S4,R4,PZ039,15,1733.4375,-0.0,0.0,1733.4375,0.0,-0.0,0.0,0.0,1.0
S4,R4,PZ039,16,0.0,-0.0,0.0,0.0,0.0,0.0,0.0,0.0,1.0
S4,R4,PZ039,17,0.0,-0.0,0.0,0.0,0.0,0.0,0.0,0.0,1.0
S4,R4,PZ039,18,0.0,-0.0,0.0,-0.0,0.0,-0.0,-0.0,0.0,1.0
S4,R4,PZ039,19,0.0,-0.0,0.0,-0.0,0.0,-0.0,0.0,0.0,1.0
S4,R4,PZ039,20,0.0,-0.0,0.0,-0.0,0.0,-0.0,0.0,0.0,1.0
S4,R4,PZ039,21,1733.4375,-0.0,0.0,1733.4375,0.0,-0.0,0.0,0.0,1.0
S4,R4,PZ039,22,1733.4375,-0.0,0.0,1733.4375,0.0,-0.0,0.0,0.0,1.0
S4,R4,PZ039,23,1733.4375,0.0,0.0,1733.4375,0.0,-0.0,0.0,0.0,1.0
S4,R4,PZ040,0,1930.3999999999999,0.0,0.0,1930.3999999999999,0.0,-0.0,0.0,0.0,1.0
S4,R4,PZ040,1,1930.3999999999999,0.0,0.0,1930.3999999999999,0.0,-0.0,0.0,0.0,1.0
S4,R4,PZ040,2,1930.3999999999999,0.0,0.0,1930.3999999999999,0.0,-0.0,0.0,0.0,1.0
S4,R4,PZ040,3,1930.400000000003,0.0,0.0,1930.400000000003,0.0,-0.0,0.0,0.0,1.0
S4,R4,PZ040,4,1930.3999999999999,0.0,0.0,1930.3999999999999,0.0,-0.0,0.0,0.0,1.0
S4,R4,PZ040,5,1930.3999999999999,0.0,0.0,1930.3999999999999,0.0,-0.0,0.0,0.0,1.0
S4,R4,PZ040,6,0.0,0.0,0.0,0.0,0.0,0.0,0.0,0.0,1.0
S4,R4,PZ040,7,0.0,0.0,0.0,0.0,0.0,0.0,0.0,0.0,1.0
S4,R4,PZ040,8,7.558127715564501e-13,0.0,0.0,0.0,7.558127715564501e-13,0.0,0.0,0.0,1.0
S4,R4,PZ040,9,-0.0,0.0,0.0,0.0,0.0,0.0,7.180221329786276e-13,0.0,1.0
S4,R4,PZ040,10,1930.3999999999999,0.0,0.0,1930.400000000001,0.0,1.1722878223707761e-12,7.180221329786276e-13,0.0,1.0
S4,R4,PZ040,11,1930.3999999999999,-0.0,0.0,1930.3999999999999,0.0,-0.0,-5.159650484642946e-13,0.0,1.0
S4,R4,PZ040,12,1930.3999999999926,-0.0,0.0,1930.3999999999926,0.0,-0.0,-5.159650484642946e-13,0.0,1.0
S4,R4,PZ040,13,1930.3999999999999,-0.0,0.0,1930.3999999999994,0.0,-4.901667960410799e-13,-5.159650484642946e-13,0.0,1.0
S4,R4,PZ040,14,1930.3999999999999,-0.0,0.0,1930.3999999999999,0.0,-0.0,0.0,0.0,1.0
S4,R4,PZ040,15,1930.3999999999999,-0.0,0.0,1930.3999999999999,0.0,-0.0,0.0,0.0,1.0
S4,R4,PZ040,16,0.0,-0.0,0.0,0.0,0.0,0.0,0.0,0.0,1.0
S4,R4,PZ040,17,0.0,7.5581277155645e-13,0.0,0.0,7.558127715564501e-13,0.0,0.0,0.0,1.0
S4,R4,PZ040,18,0.0,-0.0,0.0,6.821210263296962e-13,0.0,6.821210263296962e-13,7.180221329786276e-13,0.0,1.0
S4,R4,PZ040,19,0.0,-0.0,0.0,-0.0,0.0,-0.0,0.0,0.0,1.0
S4,R4,PZ040,20,0.0,-0.0,0.0,-0.0,0.0,-0.0,0.0,0.0,1.0
S4,R4,PZ040,21,1930.4,-0.0,0.0,1930.4,0.0,-0.0,0.0,0.0,1.0
S4,R4,PZ040,22,1930.3999999999999,-0.0,0.0,1930.3999999999999,0.0,-0.0,0.0,0.0,1.0
S4,R4,PZ040,23,1930.3999999999999,0.0,0.0,1930.3999999999999,0.0,-0.0,0.0,0.0,1.0
S4,R4,PZ041,0,-0.0,0.0,0.0,-0.0,0.0,-0.0,0.0,0.0,1.0
S4,R4,PZ041,1,-0.0,0.0,0.0,-0.0,0.0,-0.0,0.0,0.0,1.0
S4,R4,PZ041,2,-0.0,0.0,0.0,-0.0,0.0,-0.0,0.0,0.0,1.0
S4,R4,PZ041,3,-2.8829367282318338e-12,0.0,0.0,-2.8829367282318338e-12,0.0,-0.0,0.0,0.0,1.0
S4,R4,PZ041,4,-0.0,0.0,0.0,-0.0,0.0,-0.0,0.0,0.0,1.0
S4,R4,PZ041,5,-0.0,0.0,0.0,-0.0,0.0,-0.0,0.0,0.0,1.0
S4,R4,PZ041,6,0.0,0.0,0.0,0.0,0.0,0.0,0.0,0.0,1.0
S4,R4,PZ041,7,0.0,0.0,0.0,0.0,0.0,0.0,0.0,0.0,1.0
S4,R4,PZ041,8,0.0,0.0,0.0,0.0,0.0,0.0,0.0,0.0,1.0
S4,R4,PZ041,9,0.0,0.0,0.0,0.0,0.0,0.0,0.0,0.0,1.0
S4,R4,PZ041,10,-0.0,0.0,0.0,-2.2298191071357113e-12,0.0,-2.2298191071357113e-12,-2.347178007511275e-12,0.0,1.0
S4,R4,PZ041,11,-2.6618667769989543e-12,229.15512313856578,0.0,229.1551231385631,0.0,-0.0,0.0,0.0,1.0
S4,R4,PZ041,12,-0.0,1303.326339666361,0.0,1303.326339666361,0.0,-0.0,0.0,0.0,1.0
S4,R4,PZ041,13,-0.0,2653.237878592632,0.0,2653.237878592632,0.0,-0.0,0.0,0.0,1.0
S4,R4,PZ041,14,0.0,3671.7146337504337,0.0,3671.7146337504337,0.0,-0.0,0.0,0.0,1.0
S4,R4,PZ041,15,0.0,4295.29207025891,0.0,4295.29207025891,0.0,-0.0,-0.0,0.0,1.0
S4,R4,PZ041,16,0.0,4673.943923964389,0.0,4673.943923964389,0.0,-0.0,0.0,0.0,1.0
S4,R4,PZ041,17,0.0,4693.675612174458,0.0,4693.675612174458,0.0,-0.0,0.0,0.0,1.0
S4,R4,PZ041,18,0.0,4386.782774849972,0.0,4386.782774849972,0.0,-0.0,0.0,0.0,1.0
S4,R4,PZ041,19,0.0,3613.31846609964,0.0,3613.3184660996385,0.0,-1.3642420526593924e-12,0.0,0.0,1.0
S4,R4,PZ041,20,0.0,2585.7639679110916,0.0,2585.7639679110894,0.0,-2.2298191071357113e-12,-2.3471780075112747e-12,0.0,1.0
S4,R4,PZ041,21,0.0,1307.1945000643502,0.0,1307.1945000643502,0.0,-0.0,0.0,0.0,1.0
S4,R4,PZ041,22,0.0,201.84470952920378,0.0,201.84470952920378,0.0,-0.0,0.0,0.0,1.0
S4,R4,PZ041,23,-0.0,0.0,0.0,-0.0,0.0,-0.0,0.0,0.0,1.0
S4,R4,PZ047,0,2332.566666666667,0.0,0.0,2332.566666666667,0.0,-0.0,0.0,0.0,1.0
S4,R4,PZ047,1,2332.5666666666702,0.0,0.0,2332.5666666666702,0.0,-0.0,0.0,0.0,1.0
S4,R4,PZ047,2,2332.566666666667,0.0,0.0,2332.566666666667,0.0,-0.0,0.0,0.0,1.0
S4,R4,PZ047,3,2332.566666666667,0.0,0.0,2332.566666666667,0.0,-0.0,0.0,0.0,1.0
S4,R4,PZ047,4,2332.566666666667,0.0,0.0,2332.566666666667,0.0,-0.0,0.0,0.0,1.0
S4,R4,PZ047,5,2332.566666666667,0.0,0.0,2332.566666666667,0.0,-0.0,0.0,0.0,1.0
S4,R4,PZ047,6,0.0,0.0,0.0,0.0,0.0,0.0,0.0,0.0,1.0
S4,R4,PZ047,7,0.0,0.0,0.0,0.0,0.0,0.0,0.0,0.0,1.0
S4,R4,PZ047,8,-4.092726157978177e-12,0.0,0.0,0.0,-4.092726157978177e-12,0.0,0.0,0.0,1.0
S4,R4,PZ047,9,4.547473508864641e-13,0.0,0.0,0.0,4.547473508864641e-13,0.0,-3.888089850079268e-12,0.0,1.0
S4,R4,PZ047,10,2332.566666666667,0.0,0.0,2332.566666666664,0.0,-3.283275873400271e-12,-3.456079866737127e-12,0.0,1.0
S4,R4,PZ047,11,2332.566666666667,-0.0,0.0,2332.566666666667,0.0,-0.0,0.0,0.0,1.0
S4,R4,PZ047,12,2332.5666666666666,-0.0,0.0,2332.5666666666666,0.0,-0.0,0.0,0.0,1.0
S4,R4,PZ047,13,2332.566666666667,-0.0,0.0,2332.566666666667,0.0,-0.0,0.0,0.0,1.0
S4,R4,PZ047,14,2332.566666666667,-0.0,0.0,2332.566666666667,0.0,-0.0,0.0,0.0,1.0
S4,R4,PZ047,15,2332.566666666667,-0.0,0.0,2332.5666666666684,0.0,1.4895379374380012e-12,0.0,0.0,1.0
S4,R4,PZ047,16,0.0,-0.0,0.0,0.0,0.0,0.0,0.0,0.0,1.0
S4,R4,PZ047,17,0.0,-0.0,0.0,0.0,-2.460236795245784e-12,0.0,0.0,0.0,1.0
S4,R4,PZ047,18,0.0,-0.0,0.0,-2.2203637077093202e-12,0.0,-2.22036370770932e-12,-2.3372249554834946e-12,0.0,1.0
S4,R4,PZ047,19,0.0,-0.0,0.0,-0.0,0.0,-0.0,0.0,0.0,1.0
S4,R4,PZ047,20,0.0,-0.0,0.0,-0.0,0.0,-0.0,0.0,0.0,1.0
S4,R4,PZ047,21,2332.566666666667,-0.0,0.0,2332.566666666667,0.0,-0.0,0.0,0.0,1.0
S4,R4,PZ047,22,2332.566666666667,-0.0,0.0,2332.566666666667,0.0,-0.0,0.0,0.0,1.0
S4,R4,PZ047,23,2332.566666666667,0.0,0.0,2332.566666666667,0.0,-0.0,0.0,0.0,1.0
S4,R4,PZ048,0,2775.2666666666587,0.0,0.0,2775.2666666666587,0.0,-0.0,0.0,0.0,1.0
S4,R4,PZ048,1,2775.266666666667,0.0,0.0,2775.266666666667,0.0,-0.0,0.0,0.0,1.0
S4,R4,PZ048,2,2775.266666666667,0.0,0.0,2775.266666666667,0.0,-0.0,0.0,0.0,1.0
S4,R4,PZ048,3,2775.266666666667,0.0,0.0,2775.266666666667,0.0,-0.0,0.0,0.0,1.0
S4,R4,PZ048,4,2775.266666666667,0.0,0.0,2775.266666666667,0.0,-0.0,0.0,0.0,1.0
S4,R4,PZ048,5,2775.266666666667,0.0,0.0,2775.266666666667,0.0,-0.0,0.0,0.0,1.0
S4,R4,PZ048,6,0.0,0.0,0.0,0.0,0.0,0.0,0.0,0.0,1.0
S4,R4,PZ048,7,0.0,0.0,0.0,0.0,0.0,0.0,0.0,0.0,1.0
S4,R4,PZ048,8,0.0,0.0,0.0,0.0,0.0,0.0,0.0,0.0,1.0
S4,R4,PZ048,9,-5.65700017088825e-13,0.0,0.0,0.0,-5.65700017088825e-13,0.0,0.0,0.0,1.0
S4,R4,PZ048,10,2775.266666666667,0.0,0.0,2775.266666666667,0.0,-0.0,-5.374150162343838e-13,0.0,1.0
S4,R4,PZ048,11,2775.266666666667,-0.0,0.0,2775.2666666666664,0.0,-5.105442654226647e-13,-5.374150162343838e-13,0.0,1.0
S4,R4,PZ048,12,2775.266666666667,-0.0,0.0,2775.266666666667,0.0,-0.0,0.0,0.0,1.0
S4,R4,PZ048,13,2775.2666666666705,-0.0,0.0,2775.2666666666705,0.0,-0.0,0.0,0.0,1.0
S4,R4,PZ048,14,2775.266666666667,-0.0,0.0,2775.266666666667,0.0,-0.0,0.0,0.0,1.0
S4,R4,PZ048,15,2775.2666666666696,-0.0,0.0,2775.2666666666696,0.0,-0.0,0.0,0.0,1.0
S4,R4,PZ048,16,0.0,-0.0,0.0,0.0,0.0,0.0,0.0,0.0,1.0
S4,R4,PZ048,17,0.0,-5.65700017088825e-13,0.0,0.0,-5.65700017088825e-13,0.0,0.0,0.0,1.0
S4,R4,PZ048,18,0.0,-0.0,0.0,-5.105442654226647e-13,0.0,-5.105442654226647e-13,-5.374150162343838e-13,0.0,1.0
S4,R4,PZ048,19,0.0,-0.0,0.0,-0.0,0.0,-0.0,0.0,0.0,1.0
S4,R4,PZ048,20,0.0,-0.0,0.0,-0.0,0.0,-0.0,0.0,0.0,1.0
S4,R4,PZ048,21,2775.2666666666664,-0.0,0.0,2775.2666666666664,0.0,-0.0,0.0,0.0,1.0
S4,R4,PZ048,22,2775.266666666667,-0.0,0.0,2775.266666666667,0.0,-0.0,0.0,0.0,1.0
S4,R4,PZ048,23,2775.266666666667,0.0,0.0,2775.266666666667,0.0,-0.0,0.0,0.0,1.0
S4,R4,PZ049,0,2537.7666666666664,0.0,0.0,2537.7666666666664,0.0,-0.0,0.0,0.0,1.0
S4,R4,PZ049,1,2537.7666666666664,0.0,0.0,2537.7666666666664,0.0,-0.0,0.0,0.0,1.0
S4,R4,PZ049,2,2537.7666666666732,0.0,0.0,2537.7666666666732,0.0,-0.0,0.0,0.0,1.0
S4,R4,PZ049,3,2537.7666666666664,0.0,0.0,2537.7666666666664,0.0,-0.0,0.0,0.0,1.0
S4,R4,PZ049,4,2537.766666666667,0.0,0.0,2537.766666666667,0.0,-0.0,0.0,0.0,1.0
S4,R4,PZ049,5,2537.7666666666664,0.0,0.0,2537.7666666666664,0.0,-0.0,0.0,0.0,1.0
S4,R4,PZ049,6,0.0,0.0,0.0,0.0,0.0,0.0,0.0,0.0,1.0
S4,R4,PZ049,7,0.0,0.0,0.0,0.0,0.0,0.0,0.0,0.0,1.0
S4,R4,PZ049,8,3.0783500050529686e-13,0.0,0.0,0.0,3.0783500050529686e-13,0.0,0.0,0.0,1.0
S4,R4,PZ049,9,-4.547473508864641e-13,0.0,0.0,0.0,-4.547473508864641e-13,0.0,3.193105039637582e-13,0.0,1.0
S4,R4,PZ049,10,2537.7666666666664,0.0,0.0,2537.7666666666664,0.0,-0.0,-1.1269947937838271e-13,0.0,1.0
S4,R4,PZ049,11,2537.7666666666664,-0.0,0.0,2537.7666666666664,0.0,-1.0706450540946358e-13,-1.1269947937838271e-13,0.0,1.0
S4,R4,PZ049,12,2537.766666666666,-0.0,0.0,2537.766666666666,0.0,-0.0,0.0,0.0,1.0
S4,R4,PZ049,13,2537.7666666666664,-0.0,0.0,2537.7666666666664,0.0,-0.0,0.0,0.0,1.0
S4,R4,PZ049,14,2537.7666666666664,-0.0,0.0,2537.7666666666664,0.0,-0.0,0.0,0.0,1.0
S4,R4,PZ049,15,2537.766666666666,-0.0,0.0,2537.766666666666,0.0,-0.0,0.0,0.0,1.0
S4,R4,PZ049,16,0.0,-0.0,0.0,0.0,0.0,0.0,0.0,0.0,1.0
S4,R4,PZ049,17,0.0,-0.0,0.0,0.0,0.0,0.0,0.0,0.0,1.0
S4,R4,PZ049,18,0.0,-0.0,0.0,-0.0,0.0,-0.0,-0.0,0.0,1.0
S4,R4,PZ049,19,0.0,-0.0,0.0,-0.0,0.0,-0.0,-0.0,0.0,1.0
S4,R4,PZ049,20,0.0,-0.0,0.0,-0.0,0.0,-0.0,0.0,0.0,1.0
S4,R4,PZ049,21,2537.7666666666687,-0.0,0.0,2537.7666666666687,0.0,-0.0,0.0,0.0,1.0
S4,R4,PZ049,22,2537.7666666666664,-0.0,0.0,2537.7666666666664,0.0,-0.0,0.0,0.0,1.0
S4,R4,PZ049,23,2537.7666666666687,0.0,0.0,2537.7666666666687,0.0,-0.0,0.0,0.0,1.0
S4,R4,PZ050,0,3110.2999999999997,0.0,0.0,3110.2999999999997,0.0,-0.0,0.0,0.0,1.0
S4,R4,PZ050,1,3110.2999999999997,0.0,0.0,3110.2999999999997,0.0,-0.0,0.0,0.0,1.0
S4,R4,PZ050,2,3110.2999999999997,0.0,0.0,3110.2999999999997,0.0,0.0,-0.0,0.0,1.0
S4,R4,PZ050,3,3110.2999999999997,0.0,0.0,3110.2999999999997,0.0,-0.0,0.0,0.0,1.0
S4,R4,PZ050,4,3110.2999999999997,0.0,0.0,3110.2999999999997,0.0,-0.0,0.0,0.0,1.0
S4,R4,PZ050,5,3110.2999999999956,0.0,0.0,3110.2999999999956,0.0,-0.0,0.0,0.0,1.0
S4,R4,PZ050,6,0.0,0.0,0.0,0.0,0.0,0.0,0.0,0.0,1.0
S4,R4,PZ050,7,0.0,0.0,0.0,0.0,0.0,0.0,0.0,0.0,1.0
S4,R4,PZ050,8,-4.547473508864641e-13,0.0,0.0,0.0,-4.547473508864641e-13,0.0,0.0,0.0,1.0
S4,R4,PZ050,9,-4.547473508864641e-13,0.0,0.0,0.0,-4.547473508864641e-13,0.0,-4.320099833421409e-13,0.0,1.0
S4,R4,PZ050,10,3110.2999999999997,0.0,0.0,3110.299999999999,0.0,-8.208189683500677e-13,-8.640199666842818e-13,0.0,1.0
S4,R4,PZ050,11,3110.2999999999997,-0.0,0.0,3110.2999999999997,0.0,-0.0,0.0,0.0,1.0
S4,R4,PZ050,12,3110.2999999999997,-0.0,0.0,3110.2999999999997,0.0,-0.0,0.0,0.0,1.0
S4,R4,PZ050,13,3110.2999999999984,-0.0,0.0,3110.2999999999984,0.0,-0.0,0.0,0.0,1.0
S4,R4,PZ050,14,3110.2999999999997,-0.0,0.0,3110.2999999999997,0.0,-0.0,0.0,0.0,1.0
S4,R4,PZ050,15,3110.300000000004,-0.0,0.0,3110.300000000004,0.0,-0.0,0.0,0.0,1.0
S4,R4,PZ050,16,0.0,-5.395482170206927e-13,0.0,0.0,-5.395482170206927e-13,0.0,0.0,0.0,1.0
S4,R4,PZ050,17,0.0,-0.0,0.0,0.0,0.0,0.0,-5.12570806169658e-13,0.0,1.0
S4,R4,PZ050,18,0.0,-0.0,0.0,-4.869422658611751e-13,0.0,-4.869422658611751e-13,-5.12570806169658e-13,0.0,1.0
S4,R4,PZ050,19,0.0,-0.0,0.0,-0.0,0.0,-0.0,0.0,0.0,1.0
S4,R4,PZ050,20,0.0,-0.0,0.0,-0.0,0.0,-0.0,0.0,0.0,1.0
S4,R4,PZ050,21,3110.300000000003,-0.0,0.0,3110.300000000003,0.0,-0.0,0.0,0.0,1.0
S4,R4,PZ050,22,3110.2999999999997,-0.0,0.0,3110.2999999999997,0.0,-0.0,0.0,0.0,1.0
S4,R4,PZ050,23,3110.2999999999997,0.0,0.0,3110.2999999999997,0.0,-0.0,0.0,0.0,1.0
S4,R4,PZ052,0,2719.5333333333338,0.0,0.0,2719.5333333333338,0.0,-0.0,0.0,0.0,1.0
S4,R4,PZ052,1,2719.533333333337,0.0,0.0,2719.533333333337,0.0,-0.0,0.0,0.0,1.0
S4,R4,PZ052,2,2719.5333333333338,0.0,0.0,2719.5333333333338,0.0,-0.0,0.0,0.0,1.0
S4,R4,PZ052,3,2719.5333333333338,0.0,0.0,2719.5333333333338,0.0,-0.0,0.0,0.0,1.0
S4,R4,PZ052,4,2719.5333333333338,0.0,0.0,2719.5333333333338,0.0,-0.0,0.0,0.0,1.0
S4,R4,PZ052,5,2719.5333333333338,0.0,0.0,2719.5333333333338,0.0,-0.0,0.0,0.0,1.0
S4,R4,PZ052,6,0.0,0.0,0.0,0.0,0.0,0.0,0.0,0.0,1.0
S4,R4,PZ052,7,0.0,0.0,0.0,0.0,0.0,0.0,0.0,0.0,1.0
S4,R4,PZ052,8,6.923887454283035e-14,0.0,0.0,0.0,6.923887454283035e-14,0.0,0.0,0.0,1.0
S4,R4,PZ052,9,4.547473508864641e-13,0.0,0.0,0.0,4.547473508864641e-13,0.0,-3.594163074425851e-13,0.0,1.0
S4,R4,PZ052,10,2719.5333333333338,0.0,0.0,2719.533333333334,0.0,-0.0,7.259367589955578e-14,0.0,1.0
S4,R4,PZ052,11,2719.533333333338,-0.0,0.0,2719.533333333338,0.0,6.8963992104578e-14,7.259367589955578e-14,0.0,1.0
S4,R4,PZ052,12,2719.5333333333338,-0.0,0.0,2719.5333333333338,0.0,-0.0,0.0,0.0,1.0
S4,R4,PZ052,13,2719.5333333333338,-0.0,0.0,2719.5333333333338,0.0,-0.0,0.0,0.0,1.0
S4,R4,PZ052,14,2719.5333333333338,-0.0,0.0,2719.5333333333338,0.0,-0.0,0.0,0.0,1.0
S4,R4,PZ052,15,2719.5333333333297,-0.0,0.0,2719.5333333333297,0.0,-0.0,0.0,0.0,1.0
S4,R4,PZ052,16,0.0,-0.0,0.0,0.0,0.0,0.0,0.0,0.0,1.0
S4,R4,PZ052,17,0.0,-0.0,0.0,0.0,0.0,0.0,0.0,0.0,1.0
S4,R4,PZ052,18,0.0,-0.0,0.0,-0.0,0.0,-0.0,-0.0,0.0,1.0
S4,R4,PZ052,19,0.0,-0.0,0.0,-0.0,0.0,-0.0,0.0,0.0,1.0
S4,R4,PZ052,20,0.0,-0.0,0.0,-0.0,0.0,-0.0,0.0,0.0,1.0
S4,R4,PZ052,21,2719.5333333333333,-0.0,0.0,2719.5333333333333,0.0,-0.0,0.0,0.0,1.0
S4,R4,PZ052,22,2719.5333333333338,-0.0,0.0,2719.5333333333338,0.0,-0.0,0.0,0.0,1.0
S4,R4,PZ052,23,2719.5333333333338,0.0,0.0,2719.5333333333338,0.0,-0.0,0.0,0.0,1.0
S4,R5,PZ001,0,1565.1999999999996,0.0,0.0,1565.1999999999996,0.0,-0.0,0.0,0.0,1.0
S4,R5,PZ001,1,1565.1999999999996,0.0,0.0,1565.1999999999996,0.0,-0.0,0.0,0.0,1.0
S4,R5,PZ001,2,1565.1999999999996,0.0,0.0,1565.1999999999996,0.0,-0.0,0.0,0.0,1.0
S4,R5,PZ001,3,1565.1999999999996,0.0,0.0,1565.1999999999996,0.0,-0.0,0.0,0.0,1.0
S4,R5,PZ001,4,1565.2000000000057,0.0,0.0,1565.2000000000057,0.0,-0.0,0.0,0.0,1.0
S4,R5,PZ001,5,1565.1999999999996,0.0,0.0,1565.1999999999996,0.0,-0.0,0.0,0.0,1.0
S4,R5,PZ001,6,0.0,0.0,0.0,0.0,0.0,0.0,0.0,0.0,1.0
S4,R5,PZ001,7,0.0,0.0,0.0,0.0,0.0,0.0,0.0,0.0,1.0
S4,R5,PZ001,8,0.0,0.0,0.0,0.0,0.0,0.0,0.0,0.0,1.0
S4,R5,PZ001,9,9.569673462402953e-13,0.0,0.0,0.0,9.569673462402953e-13,0.0,0.0,0.0,1.0
S4,R5,PZ001,10,1565.1999999999996,0.0,0.0,1565.2000000000005,0.0,8.636630299818665e-13,9.091189789282805e-13,0.0,1.0
S4,R5,PZ001,11,1565.1999999999996,-0.0,0.0,1565.1999999999996,0.0,-0.0,0.0,0.0,1.0
S4,R5,PZ001,12,1565.1999999999996,-0.0,0.0,1565.1999999999996,0.0,-0.0,0.0,0.0,1.0
S4,R5,PZ001,13,1565.1999999999996,-0.0,0.0,1565.1999999999996,0.0,-0.0,0.0,0.0,1.0
S4,R5,PZ001,14,1565.1999999999996,-0.0,0.0,1565.1999999999996,0.0,-0.0,0.0,0.0,1.0
S4,R5,PZ001,15,1565.1999999999996,-0.0,0.0,1565.2000000000003,0.0,6.821210263296962e-13,0.0,0.0,1.0
S4,R5,PZ001,16,0.0,-0.0,0.0,0.0,0.0,0.0,0.0,0.0,1.0
S4,R5,PZ001,17,0.0,3.4789038378281926e-14,0.0,0.0,3.4789038378281926e-14,0.0,0.0,0.0,1.0
S4,R5,PZ001,18,0.0,-0.0,0.0,-3.438847540060408e-12,0.0,-3.438847540060408e-12,3.304958645936783e-14,0.0,1.0
S4,R5,PZ001,19,0.0,-0.0,0.0,-0.0,0.0,-0.0,3.652889102312429e-12,0.0,1.0
S4,R5,PZ001,20,0.0,-0.0,0.0,5.0071058410594775e-15,0.0,-0.0,-0.0,0.0,1.0
S4,R5,PZ001,21,1565.1999999999998,-0.0,0.0,1565.1999999999998,0.0,-0.0,0.0,0.0,1.0
S4,R5,PZ001,22,1565.1999999999996,-0.0,0.0,1565.1999999999996,0.0,-0.0,0.0,0.0,1.0
S4,R5,PZ001,23,1565.1999999999996,0.0,0.0,1565.1999999999996,0.0,-0.0,0.0,0.0,1.0
S4,R5,PZ006,0,223.6,0.0,0.0,223.6,0.0,-0.0,0.0,0.0,1.0
S4,R5,PZ006,1,223.6,0.0,0.0,223.6,0.0,-0.0,0.0,0.0,1.0
S4,R5,PZ006,2,223.6,0.0,0.0,223.6,0.0,-0.0,0.0,0.0,1.0
S4,R5,PZ006,3,223.60000000000005,0.0,0.0,223.60000000000005,0.0,-0.0,0.0,0.0,1.0
S4,R5,PZ006,4,223.6,0.0,0.0,223.6,0.0,-0.0,0.0,0.0,1.0
S4,R5,PZ006,5,223.6,0.0,0.0,223.6,0.0,-0.0,0.0,0.0,1.0
S4,R5,PZ006,6,0.0,0.0,0.0,0.0,0.0,0.0,0.0,0.0,1.0
S4,R5,PZ006,7,0.0,0.0,0.0,0.0,0.0,0.0,0.0,0.0,1.0
S4,R5,PZ006,8,9.447659644455626e-14,0.0,0.0,0.0,9.447659644455626e-14,0.0,0.0,0.0,1.0
S4,R5,PZ006,9,-0.0,0.0,0.0,0.0,0.0,0.0,8.975276662232845e-14,0.0,1.0
S4,R5,PZ006,10,223.6,0.0,0.0,223.60000000000008,0.0,8.526512829121202e-14,8.975276662232845e-14,0.0,1.0
S4,R5,PZ006,11,223.6,-0.0,0.0,223.6,0.0,-0.0,-0.0,0.0,1.0
S4,R5,PZ006,12,223.60000000000068,-0.0,0.0,223.60000000000068,0.0,-0.0,-0.0,0.0,1.0
S4,R5,PZ006,13,223.6,-0.0,0.0,223.6,0.0,-0.0,-0.0,0.0,1.0
S4,R5,PZ006,14,223.6,-0.0,0.0,223.6,0.0,-0.0,0.0,0.0,1.0
S4,R5,PZ006,15,223.6,-0.0,0.0,223.6,0.0,-0.0,0.0,0.0,1.0
S4,R5,PZ006,16,0.0,-0.0,0.0,0.0,0.0,0.0,0.0,0.0,1.0
S4,R5,PZ006,17,0.0,9.447659644455625e-14,0.0,0.0,9.447659644455626e-14,0.0,0.0,0.0,1.0
S4,R5,PZ006,18,0.0,-0.0,0.0,8.526512829121202e-14,0.0,8.526512829121202e-14,8.975276662232845e-14,0.0,1.0
S4,R5,PZ006,19,0.0,-0.0,0.0,-0.0,0.0,-0.0,0.0,0.0,1.0
S4,R5,PZ006,20,0.0,-0.0,0.0,-0.0,0.0,-0.0,0.0,0.0,1.0
S4,R5,PZ006,21,223.6,-0.0,0.0,223.6,0.0,-0.0,0.0,0.0,1.0
S4,R5,PZ006,22,223.6,-0.0,0.0,223.6,0.0,-0.0,0.0,0.0,1.0
S4,R5,PZ006,23,223.6,0.0,0.0,223.6,0.0,-0.0,0.0,0.0,1.0
S4,R5,PZ039,0,1733.4375,0.0,0.0,1733.4375,0.0,-0.0,0.0,0.0,1.0
S4,R5,PZ039,1,1733.4375,0.0,0.0,1733.4375,0.0,-0.0,0.0,0.0,1.0
S4,R5,PZ039,2,1733.4375,0.0,0.0,1733.4375,0.0,-0.0,0.0,0.0,1.0
S4,R5,PZ039,3,1733.4375,0.0,0.0,1733.4375,0.0,-0.0,0.0,0.0,1.0
S4,R5,PZ039,4,1733.4375,0.0,0.0,1733.4375,0.0,-0.0,0.0,0.0,1.0
S4,R5,PZ039,5,1733.4375,0.0,0.0,1733.4375,0.0,-0.0,0.0,0.0,1.0
S4,R5,PZ039,6,0.0,0.0,0.0,0.0,0.0,0.0,0.0,0.0,1.0
S4,R5,PZ039,7,0.0,0.0,0.0,0.0,0.0,0.0,0.0,0.0,1.0
S4,R5,PZ039,8,-0.0,0.0,0.0,0.0,0.0,0.0,0.0,0.0,1.0
S4,R5,PZ039,9,1733.4375,0.0,0.0,1733.4375,0.0,-0.0,0.0,0.0,1.0
S4,R5,PZ039,10,1733.4375,0.0,0.0,1733.4375,0.0,-0.0,0.0,0.0,1.0
S4,R5,PZ039,11,1733.4375,-0.0,0.0,1733.4375,0.0,-0.0,0.0,0.0,1.0
S4,R5,PZ039,12,1733.4375,-0.0,0.0,1733.4375,0.0,-0.0,0.0,0.0,1.0
S4,R5,PZ039,13,1733.4375,-0.0,0.0,1733.4375,0.0,-0.0,0.0,0.0,1.0
S4,R5,PZ039,14,1733.4375,-0.0,0.0,1733.4375,0.0,-0.0,0.0,0.0,1.0
S4,R5,PZ039,15,1733.4375,-0.0,0.0,1733.4375,0.0,-0.0,0.0,0.0,1.0
S4,R5,PZ039,16,0.0,-0.0,0.0,0.0,0.0,0.0,0.0,0.0,1.0
S4,R5,PZ039,17,0.0,-2.0368659487702668e-13,0.0,0.0,0.0,0.0,0.0,0.0,1.0
S4,R5,PZ039,18,0.0,-0.0,0.0,-0.0,0.0,-0.0,-0.0,0.0,1.0
S4,R5,PZ039,19,0.0,-0.0,0.0,-0.0,0.0,-0.0,-0.0,0.0,1.0
S4,R5,PZ039,20,0.0,-0.0,0.0,-0.0,0.0,-0.0,0.0,0.0,1.0
S4,R5,PZ039,21,1733.4375000000002,-0.0,0.0,1733.4375000000002,0.0,-0.0,0.0,0.0,1.0
S4,R5,PZ039,22,1733.4375,-0.0,0.0,1733.4375,0.0,-0.0,0.0,0.0,1.0
S4,R5,PZ039,23,1733.4375,0.0,0.0,1733.4375,0.0,-0.0,0.0,0.0,1.0
S4,R5,PZ040,0,1930.3999999999999,0.0,0.0,1930.3999999999999,0.0,-0.0,0.0,0.0,1.0
S4,R5,PZ040,1,1930.3999999999999,0.0,0.0,1930.3999999999999,0.0,-0.0,0.0,0.0,1.0
S4,R5,PZ040,2,1930.3999999999999,0.0,0.0,1930.3999999999999,0.0,-0.0,0.0,0.0,1.0
S4,R5,PZ040,3,1930.400000000003,0.0,0.0,1930.400000000003,0.0,-0.0,0.0,0.0,1.0
S4,R5,PZ040,4,1930.3999999999999,0.0,0.0,1930.3999999999999,0.0,-0.0,0.0,0.0,1.0
S4,R5,PZ040,5,1930.3999999999999,0.0,0.0,1930.3999999999999,0.0,-0.0,0.0,0.0,1.0
S4,R5,PZ040,6,0.0,0.0,0.0,0.0,0.0,0.0,0.0,0.0,1.0
S4,R5,PZ040,7,0.0,0.0,0.0,0.0,0.0,0.0,0.0,0.0,1.0
S4,R5,PZ040,8,7.558127715564501e-13,0.0,0.0,0.0,7.558127715564501e-13,0.0,0.0,0.0,1.0
S4,R5,PZ040,9,-0.0,0.0,0.0,0.0,0.0,0.0,7.180221329786276e-13,0.0,1.0
S4,R5,PZ040,10,1930.3999999999999,0.0,0.0,1930.400000000001,0.0,1.1722878223707761e-12,7.180221329786276e-13,0.0,1.0
S4,R5,PZ040,11,1930.3999999999999,-0.0,0.0,1930.3999999999999,0.0,-0.0,-5.159650484642946e-13,0.0,1.0
S4,R5,PZ040,12,1930.3999999999926,-0.0,0.0,1930.3999999999926,0.0,-0.0,-5.159650484642946e-13,0.0,1.0
S4,R5,PZ040,13,1930.3999999999999,-0.0,0.0,1930.3999999999994,0.0,-4.901667960410799e-13,-5.159650484642946e-13,0.0,1.0
S4,R5,PZ040,14,1930.3999999999999,-0.0,0.0,1930.3999999999999,0.0,-0.0,0.0,0.0,1.0
S4,R5,PZ040,15,1930.3999999999999,-0.0,0.0,1930.3999999999999,0.0,-0.0,0.0,0.0,1.0
S4,R5,PZ040,16,0.0,-0.0,0.0,0.0,0.0,0.0,0.0,0.0,1.0
S4,R5,PZ040,17,0.0,7.5581277155645e-13,0.0,0.0,7.558127715564501e-13,0.0,0.0,0.0,1.0
S4,R5,PZ040,18,0.0,-0.0,0.0,-0.0,0.0,-0.0,7.180221329786276e-13,0.0,1.0
S4,R5,PZ040,19,0.0,-0.0,0.0,6.821210263296962e-13,0.0,6.821210263296962e-13,7.180221329786276e-13,0.0,1.0
S4,R5,PZ040,20,0.0,-0.0,0.0,-0.0,0.0,-0.0,0.0,0.0,1.0
S4,R5,PZ040,21,1930.4,-0.0,0.0,1930.4,0.0,-0.0,0.0,0.0,1.0
S4,R5,PZ040,22,1930.3999999999999,-0.0,0.0,1930.3999999999999,0.0,-0.0,0.0,0.0,1.0
S4,R5,PZ040,23,1930.3999999999999,0.0,0.0,1930.3999999999999,0.0,-0.0,0.0,0.0,1.0
S4,R5,PZ041,0,-0.0,0.0,0.0,-0.0,0.0,0.0,-0.0,0.0,1.0
S4,R5,PZ041,1,-0.0,0.0,0.0,-0.0,0.0,0.0,-0.0,0.0,1.0
S4,R5,PZ041,2,-0.0,0.0,0.0,-0.0,0.0,0.0,-0.0,0.0,1.0
S4,R5,PZ041,3,-0.0,0.0,0.0,-0.0,0.0,0.0,-0.0,0.0,1.0
S4,R5,PZ041,4,-0.0,0.0,0.0,-0.0,0.0,0.0,-0.0,0.0,1.0
S4,R5,PZ041,5,-0.0,0.0,0.0,-0.0,0.0,0.0,-0.0,0.0,1.0
S4,R5,PZ041,6,-0.0,0.0,0.0,0.0,0.0,0.0,0.0,0.0,1.0
S4,R5,PZ041,7,0.0,0.0,0.0,0.0,0.0,0.0,0.0,0.0,1.0
S4,R5,PZ041,8,-0.0,0.0,0.0,0.0,0.0,0.0,0.0,0.0,1.0
S4,R5,PZ041,9,-0.0,0.0,0.0,0.0,0.0,0.0,0.0,0.0,1.0
S4,R5,PZ041,10,-0.0,0.0,0.0,0.0,0.0,-0.0,0.0,0.0,1.0
S4,R5,PZ041,11,-0.0,229.15512313856576,0.0,229.15512313856576,0.0,-0.0,0.0,0.0,1.0
S4,R5,PZ041,12,-0.0,1303.3263396663608,0.0,1303.3263396663608,0.0,-0.0,0.0,0.0,1.0
S4,R5,PZ041,13,-0.0,2653.2378785926317,0.0,2653.2378785926317,0.0,-0.0,0.0,0.0,1.0
S4,R5,PZ041,14,0.0,3671.7146337504328,0.0,3671.7146337504328,0.0,-0.0,0.0,0.0,1.0
S4,R5,PZ041,15,0.0,4295.292070258909,0.0,4295.292070258909,0.0,-0.0,0.0,0.0,1.0
S4,R5,PZ041,16,0.0,4673.943923964388,0.0,4673.943923964388,0.0,-0.0,0.0,0.0,1.0
S4,R5,PZ041,17,0.0,4693.6756121744575,0.0,4693.6756121744575,0.0,-0.0,-0.0,0.0,1.0
S4,R5,PZ041,18,0.0,4386.782774849971,0.0,4386.782774849971,0.0,-0.0,-0.0,0.0,1.0
S4,R5,PZ041,19,0.0,3613.3184660996394,0.0,3613.3184660996394,0.0,-0.0,-0.0,0.0,1.0
S4,R5,PZ041,20,0.0,2585.763967911091,0.0,2585.763967911091,0.0,0.0,-0.0,0.0,1.0
S4,R5,PZ041,21,0.0,1307.19450006435,0.0,1307.19450006435,0.0,0.0,-0.0,0.0,1.0
S4,R5,PZ041,22,0.0,201.8447095292037,0.0,201.8447095292037,0.0,0.0,-0.0,0.0,1.0
S4,R5,PZ041,23,-0.0,0.0,0.0,-0.0,0.0,0.0,-0.0,0.0,1.0
S4,R5,PZ047,0,2332.566666666667,0.0,0.0,2332.566666666667,0.0,-0.0,0.0,0.0,1.0
S4,R5,PZ047,1,2332.566666666667,0.0,0.0,2332.566666666667,0.0,-0.0,0.0,0.0,1.0
S4,R5,PZ047,2,2332.566666666667,0.0,0.0,2332.566666666667,0.0,-0.0,0.0,0.0,1.0
S4,R5,PZ047,3,2332.566666666667,0.0,0.0,2332.566666666667,0.0,-0.0,0.0,0.0,1.0
S4,R5,PZ047,4,2332.566666666667,0.0,0.0,2332.566666666667,0.0,-0.0,0.0,0.0,1.0
S4,R5,PZ047,5,2332.566666666667,0.0,0.0,2332.566666666667,0.0,-0.0,0.0,0.0,1.0
S4,R5,PZ047,6,0.0,0.0,0.0,0.0,0.0,0.0,0.0,0.0,1.0
S4,R5,PZ047,7,0.0,0.0,0.0,0.0,0.0,0.0,0.0,0.0,1.0
S4,R5,PZ047,8,-4.092726157978177e-12,0.0,0.0,0.0,-4.092726157978177e-12,0.0,0.0,0.0,1.0
S4,R5,PZ047,9,4.547473508864641e-13,0.0,0.0,0.0,4.547473508864641e-13,0.0,-3.888089850079268e-12,0.0,1.0
S4,R5,PZ047,10,2332.566666666667,0.0,0.0,2332.566666666664,0.0,-3.283275873400271e-12,-3.456079866737127e-12,0.0,1.0
S4,R5,PZ047,11,2332.566666666667,-0.0,0.0,2332.566666666667,0.0,-0.0,0.0,0.0,1.0
S4,R5,PZ047,12,2332.5666666666666,-0.0,0.0,2332.5666666666666,0.0,-0.0,0.0,0.0,1.0
S4,R5,PZ047,13,2332.566666666667,-0.0,0.0,2332.566666666667,0.0,-0.0,0.0,0.0,1.0
S4,R5,PZ047,14,2332.566666666667,-0.0,0.0,2332.566666666667,0.0,-0.0,0.0,0.0,1.0
S4,R5,PZ047,15,2332.566666666667,-0.0,0.0,2332.5666666666684,0.0,1.4895379374380012e-12,0.0,0.0,1.0
S4,R5,PZ047,16,0.0,-0.0,0.0,0.0,0.0,0.0,0.0,0.0,1.0
S4,R5,PZ047,17,0.0,-0.0,0.0,0.0,-2.460236795245784e-12,0.0,0.0,0.0,1.0
S4,R5,PZ047,18,0.0,-0.0,0.0,-2.2203637077093202e-12,0.0,-2.22036370770932e-12,-2.3372249554834946e-12,0.0,1.0
S4,R5,PZ047,19,0.0,-0.0,0.0,-0.0,0.0,-0.0,0.0,0.0,1.0
S4,R5,PZ047,20,0.0,-0.0,0.0,-0.0,0.0,-0.0,0.0,0.0,1.0
S4,R5,PZ047,21,2332.566666666667,-0.0,0.0,2332.566666666667,0.0,-0.0,0.0,0.0,1.0
S4,R5,PZ047,22,2332.566666666667,-0.0,0.0,2332.566666666667,0.0,-0.0,0.0,0.0,1.0
S4,R5,PZ047,23,2332.566666666667,0.0,0.0,2332.566666666667,0.0,-0.0,0.0,0.0,1.0
S4,R5,PZ048,0,2775.2666666666587,0.0,0.0,2775.2666666666587,0.0,-0.0,0.0,0.0,1.0
S4,R5,PZ048,1,2775.266666666667,0.0,0.0,2775.266666666667,0.0,-0.0,0.0,0.0,1.0
S4,R5,PZ048,2,2775.266666666667,0.0,0.0,2775.266666666667,0.0,-0.0,0.0,0.0,1.0
S4,R5,PZ048,3,2775.266666666667,0.0,0.0,2775.266666666667,0.0,-0.0,0.0,0.0,1.0
S4,R5,PZ048,4,2775.266666666667,0.0,0.0,2775.266666666667,0.0,-0.0,0.0,0.0,1.0
S4,R5,PZ048,5,2775.266666666667,0.0,0.0,2775.266666666667,0.0,-0.0,0.0,0.0,1.0
S4,R5,PZ048,6,0.0,0.0,0.0,0.0,0.0,0.0,0.0,0.0,1.0
S4,R5,PZ048,7,0.0,0.0,0.0,0.0,0.0,0.0,0.0,0.0,1.0
S4,R5,PZ048,8,0.0,0.0,0.0,0.0,0.0,0.0,0.0,0.0,1.0
S4,R5,PZ048,9,-5.65700017088825e-13,0.0,0.0,0.0,-5.65700017088825e-13,0.0,0.0,0.0,1.0
S4,R5,PZ048,10,2775.266666666667,0.0,0.0,2775.266666666667,0.0,-0.0,-5.374150162343838e-13,0.0,1.0
S4,R5,PZ048,11,2775.266666666667,-0.0,0.0,2775.2666666666664,0.0,-5.105442654226647e-13,-5.374150162343838e-13,0.0,1.0
S4,R5,PZ048,12,2775.266666666667,-0.0,0.0,2775.266666666667,0.0,-0.0,0.0,0.0,1.0
S4,R5,PZ048,13,2775.2666666666705,-0.0,0.0,2775.2666666666705,0.0,-0.0,0.0,0.0,1.0
S4,R5,PZ048,14,2775.266666666667,-0.0,0.0,2775.266666666667,0.0,-0.0,0.0,0.0,1.0
S4,R5,PZ048,15,2775.2666666666696,-0.0,0.0,2775.2666666666696,0.0,-0.0,0.0,0.0,1.0
S4,R5,PZ048,16,0.0,-0.0,0.0,0.0,0.0,0.0,0.0,0.0,1.0
S4,R5,PZ048,17,0.0,-5.65700017088825e-13,0.0,0.0,-5.65700017088825e-13,0.0,0.0,0.0,1.0
S4,R5,PZ048,18,0.0,-0.0,0.0,-5.105442654226647e-13,0.0,-5.105442654226647e-13,-5.374150162343838e-13,0.0,1.0
S4,R5,PZ048,19,0.0,-0.0,0.0,-0.0,0.0,-0.0,0.0,0.0,1.0
S4,R5,PZ048,20,0.0,-0.0,0.0,-0.0,0.0,-0.0,0.0,0.0,1.0
S4,R5,PZ048,21,2775.2666666666664,-0.0,0.0,2775.2666666666664,0.0,-0.0,0.0,0.0,1.0
S4,R5,PZ048,22,2775.266666666667,-0.0,0.0,2775.266666666667,0.0,-0.0,0.0,0.0,1.0
S4,R5,PZ048,23,2775.266666666667,0.0,0.0,2775.266666666667,0.0,-0.0,0.0,0.0,1.0
S4,R5,PZ049,0,2537.7666666666664,0.0,0.0,2537.7666666666664,0.0,-0.0,0.0,0.0,1.0
S4,R5,PZ049,1,2537.7666666666664,0.0,0.0,2537.7666666666664,0.0,-0.0,0.0,0.0,1.0
S4,R5,PZ049,2,2537.7666666666737,0.0,0.0,2537.7666666666737,0.0,-0.0,0.0,0.0,1.0
S4,R5,PZ049,3,2537.7666666666664,0.0,0.0,2537.7666666666664,0.0,-0.0,0.0,0.0,1.0
S4,R5,PZ049,4,2537.7666666666673,0.0,0.0,2537.7666666666673,0.0,-0.0,0.0,0.0,1.0
S4,R5,PZ049,5,2537.7666666666664,0.0,0.0,2537.7666666666664,0.0,-0.0,0.0,0.0,1.0
S4,R5,PZ049,6,0.0,0.0,0.0,0.0,0.0,0.0,0.0,0.0,1.0
S4,R5,PZ049,7,0.0,0.0,0.0,0.0,0.0,0.0,0.0,0.0,1.0
S4,R5,PZ049,8,-1.9604018053233645e-13,0.0,0.0,0.0,-1.9604018053233645e-13,0.0,0.0,0.0,1.0
S4,R5,PZ049,9,-4.547473508864641e-13,0.0,0.0,0.0,-4.547473508864641e-13,0.0,-1.8623817150571957e-13,0.0,1.0
S4,R5,PZ049,10,2537.7666666666664,0.0,0.0,2537.766666666666,0.0,-5.873357471054675e-13,-6.182481548478605e-13,0.0,1.0
S4,R5,PZ049,11,2537.7666666666664,-0.0,0.0,2537.7666666666664,0.0,-0.0,0.0,0.0,1.0
S4,R5,PZ049,12,2537.7666666666655,-0.0,0.0,2537.7666666666655,0.0,-0.0,0.0,0.0,1.0
S4,R5,PZ049,13,2537.7666666666664,-0.0,0.0,2537.7666666666664,0.0,-0.0,0.0,0.0,1.0
S4,R5,PZ049,14,2537.7666666666664,-0.0,0.0,2537.7666666666664,0.0,-0.0,0.0,0.0,1.0
S4,R5,PZ049,15,2537.7666666666664,-0.0,0.0,2537.7666666666664,0.0,-0.0,0.0,0.0,1.0
S4,R5,PZ049,16,0.0,-5.038751810376334e-13,0.0,0.0,-5.038751810376334e-13,0.0,0.0,0.0,1.0
S4,R5,PZ049,17,0.0,-0.0,0.0,0.0,0.0,0.0,-4.786814219857517e-13,0.0,1.0
S4,R5,PZ049,18,0.0,-0.0,0.0,-4.547473508864641e-13,0.0,-4.547473508864641e-13,-4.786814219857517e-13,0.0,1.0
S4,R5,PZ049,19,0.0,-0.0,0.0,-0.0,0.0,-0.0,0.0,0.0,1.0
S4,R5,PZ049,20,0.0,-0.0,0.0,-0.0,0.0,-0.0,0.0,0.0,1.0
S4,R5,PZ049,21,2537.76666666667,-0.0,0.0,2537.76666666667,0.0,-0.0,0.0,0.0,1.0
S4,R5,PZ049,22,2537.7666666666655,-0.0,0.0,2537.7666666666655,0.0,-0.0,0.0,0.0,1.0
S4,R5,PZ049,23,2537.7666666666673,0.0,0.0,2537.7666666666673,0.0,-0.0,0.0,0.0,1.0
S4,R5,PZ050,0,3110.3,0.0,0.0,3110.3,0.0,-0.0,0.0,0.0,1.0
S4,R5,PZ050,1,3110.2999999999865,0.0,0.0,3110.2999999999865,0.0,-0.0,0.0,0.0,1.0
S4,R5,PZ050,2,3110.3,0.0,0.0,3110.3,0.0,-0.0,0.0,0.0,1.0
S4,R5,PZ050,3,3110.3,0.0,0.0,3110.3,0.0,-0.0,0.0,0.0,1.0
S4,R5,PZ050,4,3110.3,0.0,0.0,3110.3,0.0,-0.0,0.0,0.0,1.0
S4,R5,PZ050,5,3110.3,0.0,0.0,3110.3,0.0,-0.0,0.0,0.0,1.0
S4,R5,PZ050,6,0.0,0.0,0.0,0.0,0.0,0.0,0.0,0.0,1.0
S4,R5,PZ050,7,0.0,0.0,0.0,0.0,0.0,0.0,0.0,0.0,1.0
S4,R5,PZ050,8,-1.5116255431129002e-12,0.0,0.0,0.0,-1.5116255431129002e-12,0.0,0.0,0.0,1.0
S4,R5,PZ050,9,4.547473508864641e-13,0.0,0.0,0.0,4.547473508864641e-13,0.0,-1.4360442659572551e-12,0.0,1.0
S4,R5,PZ050,10,3110.3,0.0,0.0,3110.2999999999993,0.0,-7.150706844539253e-13,-1.0040342826151141e-12,0.0,1.0
S4,R5,PZ050,11,3110.3000000000047,-0.0,0.0,3110.3000000000047,0.0,-0.0,-2.5132829897940345e-13,0.0,1.0
S4,R5,PZ050,12,3110.3,-0.0,0.0,3110.2999999999997,0.0,-2.387618840304333e-13,-2.5132829897940345e-13,0.0,1.0
S4,R5,PZ050,13,3110.3,-0.0,0.0,3110.3,0.0,-0.0,0.0,0.0,1.0
S4,R5,PZ050,14,3110.3,-0.0,0.0,3110.3,0.0,-0.0,0.0,0.0,1.0
S4,R5,PZ050,15,3110.3,-0.0,0.0,3110.3,0.0,-0.0,0.0,0.0,1.0
S4,R5,PZ050,16,0.0,-0.0,0.0,0.0,0.0,0.0,0.0,0.0,1.0
S4,R5,PZ050,17,0.0,-1.1416790583606645e-12,0.0,0.0,-1.1416790583606647e-12,0.0,0.0,0.0,1.0
S4,R5,PZ050,18,0.0,-0.0,0.0,-0.0,0.0,-0.0,-1.0845951054426314e-12,0.0,1.0
S4,R5,PZ050,19,0.0,-0.0,0.0,-1.0303653501704997e-12,0.0,-1.0303653501705e-12,-1.0845951054426314e-12,0.0,1.0
S4,R5,PZ050,20,0.0,-0.0,0.0,-0.0,0.0,-0.0,0.0,0.0,1.0
S4,R5,PZ050,21,3110.3,-0.0,0.0,3110.3,0.0,-0.0,0.0,0.0,1.0
S4,R5,PZ050,22,3110.3,-0.0,0.0,3110.3,0.0,-0.0,0.0,0.0,1.0
S4,R5,PZ050,23,3110.3,0.0,0.0,3110.3,0.0,-0.0,0.0,0.0,1.0
S4,R5,PZ052,0,2719.5333333333338,0.0,0.0,2719.5333333333338,0.0,-0.0,0.0,0.0,1.0
S4,R5,PZ052,1,2719.533333333337,0.0,0.0,2719.533333333337,0.0,-0.0,0.0,0.0,1.0
S4,R5,PZ052,2,2719.5333333333338,0.0,0.0,2719.5333333333338,0.0,-0.0,0.0,0.0,1.0
S4,R5,PZ052,3,2719.5333333333338,0.0,0.0,2719.5333333333338,0.0,-0.0,0.0,0.0,1.0
S4,R5,PZ052,4,2719.5333333333338,0.0,0.0,2719.5333333333338,0.0,-0.0,0.0,0.0,1.0
S4,R5,PZ052,5,2719.5333333333338,0.0,0.0,2719.5333333333338,0.0,-0.0,0.0,0.0,1.0
S4,R5,PZ052,6,0.0,0.0,0.0,0.0,0.0,0.0,0.0,0.0,1.0
S4,R5,PZ052,7,0.0,0.0,0.0,0.0,0.0,0.0,0.0,0.0,1.0
S4,R5,PZ052,8,6.923887454283035e-14,0.0,0.0,0.0,6.923887454283035e-14,0.0,0.0,0.0,1.0
S4,R5,PZ052,9,4.547473508864641e-13,0.0,0.0,0.0,4.547473508864641e-13,0.0,-3.594163074425851e-13,0.0,1.0
S4,R5,PZ052,10,2719.5333333333338,0.0,0.0,2719.533333333334,0.0,-0.0,7.259367589955578e-14,0.0,1.0
S4,R5,PZ052,11,2719.533333333338,-0.0,0.0,2719.533333333338,0.0,6.8963992104578e-14,7.259367589955578e-14,0.0,1.0
S4,R5,PZ052,12,2719.5333333333338,-0.0,0.0,2719.5333333333338,0.0,-0.0,0.0,0.0,1.0
S4,R5,PZ052,13,2719.5333333333338,-0.0,0.0,2719.5333333333338,0.0,-0.0,0.0,0.0,1.0
S4,R5,PZ052,14,2719.5333333333338,-0.0,0.0,2719.5333333333338,0.0,-0.0,0.0,0.0,1.0
S4,R5,PZ052,15,2719.5333333333297,-0.0,0.0,2719.5333333333297,0.0,-0.0,0.0,0.0,1.0
S4,R5,PZ052,16,0.0,-0.0,0.0,0.0,0.0,0.0,0.0,0.0,1.0
S4,R5,PZ052,17,0.0,-0.0,0.0,0.0,0.0,0.0,0.0,0.0,1.0
S4,R5,PZ052,18,0.0,-0.0,0.0,-0.0,0.0,-0.0,-0.0,0.0,1.0
S4,R5,PZ052,19,0.0,-0.0,0.0,-0.0,0.0,-0.0,0.0,0.0,1.0
S4,R5,PZ052,20,0.0,-0.0,0.0,-0.0,0.0,-0.0,0.0,0.0,1.0
S4,R5,PZ052,21,2719.5333333333333,-0.0,0.0,2719.5333333333333,0.0,-0.0,0.0,0.0,1.0
S4,R5,PZ052,22,2719.5333333333338,-0.0,0.0,2719.5333333333338,0.0,-0.0,0.0,0.0,1.0
S4,R5,PZ052,23,2719.5333333333338,0.0,0.0,2719.5333333333338,0.0,-0.0,0.0,0.0,1.0
S5,R1,PZ001,0,1565.1999999999998,0.0,0.0,1565.1999999999998,0.0,-0.0,0.0,0.0,1.0
S5,R1,PZ001,1,1565.2000000000003,0.0,0.0,1565.2000000000003,0.0,-0.0,0.0,0.0,1.0
S5,R1,PZ001,2,1565.1999999999998,0.0,0.0,1565.1999999999998,0.0,-0.0,0.0,0.0,1.0
S5,R1,PZ001,3,1565.1999999999998,0.0,0.0,1565.1999999999998,0.0,-0.0,0.0,0.0,1.0
S5,R1,PZ001,4,1565.1999999999998,0.0,0.0,1565.1999999999998,0.0,-0.0,0.0,0.0,1.0
S5,R1,PZ001,5,1565.1999999999998,0.0,0.0,1565.1999999999998,0.0,-0.0,0.0,0.0,1.0
S5,R1,PZ001,6,0.0,0.0,0.0,0.0,0.0,0.0,0.0,0.0,1.0
S5,R1,PZ001,7,0.0,0.0,0.0,0.0,0.0,0.0,0.0,0.0,1.0
S5,R1,PZ001,8,0.0,0.0,0.0,0.0,0.0,0.0,0.0,0.0,1.0
S5,R1,PZ001,9,-0.0,0.0,0.0,0.0,0.0,0.0,0.0,0.0,1.0
S5,R1,PZ001,10,1565.1999999999998,0.0,0.0,1565.1999999999998,0.0,-0.0,0.0,0.0,1.0
S5,R1,PZ001,11,1565.1999999999998,-0.0,0.0,1565.1999999999998,0.0,-0.0,0.0,0.0,1.0
S5,R1,PZ001,12,1565.1999999999998,-0.0,0.0,1565.1999999999998,0.0,-0.0,0.0,0.0,1.0
S5,R1,PZ001,13,1565.1999999999998,-0.0,0.0,1565.1999999999998,0.0,-0.0,0.0,0.0,1.0
S5,R1,PZ001,14,1565.1999999999998,-0.0,0.0,1565.1999999999998,0.0,-0.0,0.0,0.0,1.0
S5,R1,PZ001,15,1565.2,-0.0,0.0,1565.2,0.0,-0.0,0.0,0.0,1.0
S5,R1,PZ001,16,0.0,0.0,0.0,0.0,0.0,0.0,0.0,0.0,1.0
S5,R1,PZ001,17,0.0,-0.0,0.0,0.0,0.0,0.0,0.0,0.0,1.0
S5,R1,PZ001,18,0.0,-0.0,0.0,-0.0,0.0,-0.0,-0.0,0.0,1.0
S5,R1,PZ001,19,0.0,-0.0,0.0,-0.0,0.0,-0.0,0.0,0.0,1.0
S5,R1,PZ001,20,0.0,-0.0,0.0,-0.0,0.0,-0.0,0.0,0.0,1.0
S5,R1,PZ001,21,1565.2,-0.0,0.0,1565.2,0.0,-0.0,0.0,0.0,1.0
S5,R1,PZ001,22,1565.2,-0.0,0.0,1565.2,0.0,-0.0,0.0,0.0,1.0
S5,R1,PZ001,23,1565.1999999999998,0.0,0.0,1565.1999999999998,0.0,-0.0,0.0,0.0,1.0
S5,R1,PZ006,0,223.60000000000005,0.0,0.0,223.60000000000005,0.0,-0.0,0.0,0.0,1.0
S5,R1,PZ006,1,223.60000000000005,0.0,0.0,223.60000000000005,0.0,-0.0,0.0,0.0,1.0
S5,R1,PZ006,2,223.60000000000005,0.0,0.0,223.60000000000005,0.0,-0.0,0.0,0.0,1.0
S5,R1,PZ006,3,223.60000000000005,0.0,0.0,223.60000000000005,0.0,-0.0,0.0,0.0,1.0
S5,R1,PZ006,4,223.59999999999997,0.0,0.0,223.59999999999997,0.0,-0.0,0.0,0.0,1.0
S5,R1,PZ006,5,223.60000000000005,0.0,0.0,223.60000000000005,0.0,-0.0,0.0,0.0,1.0
S5,R1,PZ006,6,0.0,0.0,0.0,0.0,0.0,0.0,0.0,0.0,1.0
S5,R1,PZ006,7,0.0,0.0,0.0,0.0,0.0,0.0,0.0,0.0,1.0
S5,R1,PZ006,8,0.0,0.0,0.0,0.0,0.0,0.0,0.0,0.0,1.0
S5,R1,PZ006,9,-0.0,0.0,0.0,0.0,0.0,0.0,0.0,0.0,1.0
S5,R1,PZ006,10,223.60000000000005,0.0,0.0,223.60000000000005,0.0,-0.0,0.0,0.0,1.0
S5,R1,PZ006,11,223.60000000000005,-0.0,0.0,223.60000000000005,0.0,-0.0,0.0,0.0,1.0
S5,R1,PZ006,12,223.60000000000005,-0.0,0.0,223.60000000000005,0.0,-0.0,0.0,0.0,1.0
S5,R1,PZ006,13,223.60000000000005,-0.0,0.0,223.60000000000005,0.0,-0.0,0.0,0.0,1.0
S5,R1,PZ006,14,223.60000000000005,-0.0,0.0,223.60000000000005,0.0,-0.0,0.0,0.0,1.0
S5,R1,PZ006,15,223.60000000000002,-0.0,0.0,223.60000000000002,0.0,-0.0,0.0,0.0,1.0
S5,R1,PZ006,16,0.0,0.0,0.0,0.0,0.0,0.0,0.0,0.0,1.0
S5,R1,PZ006,17,0.0,-0.0,0.0,0.0,0.0,0.0,0.0,0.0,1.0
S5,R1,PZ006,18,0.0,-0.0,0.0,-0.0,0.0,-0.0,-0.0,0.0,1.0
S5,R1,PZ006,19,0.0,-0.0,0.0,-0.0,0.0,-0.0,0.0,0.0,1.0
S5,R1,PZ006,20,0.0,-0.0,0.0,-0.0,0.0,-0.0,0.0,0.0,1.0
S5,R1,PZ006,21,223.60000000000002,-0.0,0.0,223.60000000000002,0.0,-0.0,0.0,0.0,1.0
S5,R1,PZ006,22,223.60000000000002,-0.0,0.0,223.60000000000002,0.0,-0.0,0.0,0.0,1.0
S5,R1,PZ006,23,223.60000000000005,0.0,0.0,223.60000000000005,0.0,-0.0,0.0,0.0,1.0
S5,R1,PZ039,0,1733.4375,0.0,0.0,1733.4375,0.0,-0.0,0.0,0.0,1.0
S5,R1,PZ039,1,1733.4375,0.0,0.0,1733.4375,0.0,-0.0,0.0,0.0,1.0
S5,R1,PZ039,2,1733.4375,0.0,0.0,1733.4375,0.0,-0.0,0.0,0.0,1.0
S5,R1,PZ039,3,1733.4375,0.0,0.0,1733.4375,0.0,-0.0,0.0,0.0,1.0
S5,R1,PZ039,4,1733.4375,0.0,0.0,1733.4375,0.0,-0.0,0.0,0.0,1.0
S5,R1,PZ039,5,1733.4375,0.0,0.0,1733.4375,0.0,-0.0,0.0,0.0,1.0
S5,R1,PZ039,6,0.0,0.0,0.0,0.0,0.0,0.0,0.0,0.0,1.0
S5,R1,PZ039,7,0.0,0.0,0.0,0.0,0.0,0.0,0.0,0.0,1.0
S5,R1,PZ039,8,-0.0,0.0,0.0,0.0,0.0,0.0,0.0,0.0,1.0
S5,R1,PZ039,9,1733.4375,0.0,0.0,1733.4375,0.0,-0.0,0.0,0.0,1.0
S5,R1,PZ039,10,1733.4375,0.0,0.0,1733.4375,0.0,-0.0,0.0,0.0,1.0
S5,R1,PZ039,11,1733.4375,-0.0,0.0,1733.4375,0.0,-0.0,0.0,0.0,1.0
S5,R1,PZ039,12,1733.4375,-0.0,0.0,1733.4375,0.0,-0.0,0.0,0.0,1.0
S5,R1,PZ039,13,1733.4375,-0.0,0.0,1733.4375,0.0,-0.0,0.0,0.0,1.0
S5,R1,PZ039,14,1733.4375,-0.0,0.0,1733.4375,0.0,-0.0,0.0,0.0,1.0
S5,R1,PZ039,15,1733.4375,-0.0,0.0,1733.4375,0.0,-0.0,0.0,0.0,1.0
S5,R1,PZ039,16,0.0,-0.0,0.0,0.0,0.0,0.0,0.0,0.0,1.0
S5,R1,PZ039,17,0.0,-0.0,0.0,0.0,0.0,0.0,0.0,0.0,1.0
S5,R1,PZ039,18,0.0,-0.0,0.0,-0.0,0.0,-0.0,-0.0,0.0,1.0
S5,R1,PZ039,19,0.0,-0.0,0.0,-0.0,0.0,-0.0,0.0,0.0,1.0
S5,R1,PZ039,20,0.0,-0.0,0.0,-0.0,0.0,-0.0,0.0,0.0,1.0
S5,R1,PZ039,21,1733.4375,-0.0,0.0,1733.4375,0.0,-0.0,0.0,0.0,1.0
S5,R1,PZ039,22,1733.4375,-0.0,0.0,1733.4375,0.0,-0.0,0.0,0.0,1.0
S5,R1,PZ039,23,1733.4375,0.0,0.0,1733.4375,0.0,-0.0,0.0,0.0,1.0
S5,R1,PZ040,0,1930.3999999999999,0.0,0.0,1930.3999999999999,0.0,-0.0,0.0,0.0,1.0
S5,R1,PZ040,1,1930.3999999999999,0.0,0.0,1930.3999999999999,0.0,-0.0,0.0,0.0,1.0
S5,R1,PZ040,2,1930.3999999999999,0.0,0.0,1930.3999999999999,0.0,-0.0,0.0,0.0,1.0
S5,R1,PZ040,3,1930.3999999999999,0.0,0.0,1930.3999999999999,0.0,0.0,-0.0,0.0,1.0
S5,R1,PZ040,4,1930.3999999999999,0.0,0.0,1930.3999999999999,0.0,-0.0,0.0,0.0,1.0
S5,R1,PZ040,5,1930.3999999999999,0.0,0.0,1930.3999999999999,0.0,-0.0,0.0,0.0,1.0
S5,R1,PZ040,6,0.0,0.0,0.0,0.0,0.0,0.0,0.0,0.0,1.0
S5,R1,PZ040,7,0.0,0.0,0.0,0.0,0.0,0.0,0.0,0.0,1.0
S5,R1,PZ040,8,0.0,0.0,0.0,0.0,0.0,0.0,0.0,0.0,1.0
S5,R1,PZ040,9,-0.0,0.0,0.0,0.0,0.0,0.0,0.0,0.0,1.0
S5,R1,PZ040,10,1930.3999999999999,0.0,0.0,1930.3999999999999,0.0,-0.0,0.0,0.0,1.0
S5,R1,PZ040,11,1930.3999999999999,-0.0,0.0,1930.3999999999999,0.0,-0.0,0.0,0.0,1.0
S5,R1,PZ040,12,1930.3999999999999,-0.0,0.0,1930.3999999999999,0.0,-0.0,0.0,0.0,1.0
S5,R1,PZ040,13,1930.3999999999999,-0.0,0.0,1930.3999999999999,0.0,-0.0,0.0,0.0,1.0
S5,R1,PZ040,14,1930.3999999999999,-0.0,0.0,1930.3999999999999,0.0,-0.0,0.0,0.0,1.0
S5,R1,PZ040,15,1930.4000000000012,-0.0,0.0,1930.4000000000012,0.0,-0.0,0.0,0.0,1.0
S5,R1,PZ040,16,0.0,-0.0,0.0,0.0,0.0,0.0,0.0,0.0,1.0
S5,R1,PZ040,17,0.0,-0.0,0.0,0.0,0.0,0.0,0.0,0.0,1.0
S5,R1,PZ040,18,0.0,-0.0,0.0,-0.0,0.0,-0.0,-0.0,0.0,1.0
S5,R1,PZ040,19,0.0,-0.0,0.0,-0.0,0.0,-0.0,0.0,0.0,1.0
S5,R1,PZ040,20,0.0,-0.0,0.0,-0.0,0.0,-0.0,0.0,0.0,1.0
S5,R1,PZ040,21,1930.4,-0.0,0.0,1930.4,0.0,-0.0,0.0,0.0,1.0
S5,R1,PZ040,22,1930.3999999999999,-0.0,0.0,1930.3999999999999,0.0,-0.0,0.0,0.0,1.0
S5,R1,PZ040,23,1930.3999999999999,0.0,0.0,1930.3999999999999,0.0,-0.0,0.0,0.0,1.0
S5,R1,PZ041,0,1973.3902584084208,0.0,0.0,1973.3902584084208,0.0,-0.0,0.0,0.0,1.0
S5,R1,PZ041,1,1973.3902584084208,0.0,0.0,1973.3902584084208,0.0,-0.0,0.0,0.0,1.0
S5,R1,PZ041,2,1973.3902584084208,0.0,0.0,1973.3902584084208,0.0,-0.0,0.0,0.0,1.0
S5,R1,PZ041,3,1973.3902584084208,0.0,0.0,1973.3902584084208,0.0,-0.0,0.0,0.0,1.0
S5,R1,PZ041,4,1973.3902584084208,0.0,0.0,1973.3902584084208,0.0,-0.0,0.0,0.0,1.0
S5,R1,PZ041,5,1973.3902584084208,0.0,0.0,1973.3902584084208,0.0,-0.0,0.0,0.0,1.0
S5,R1,PZ041,6,0.0,0.0,0.0,0.0,0.0,0.0,0.0,0.0,1.0
S5,R1,PZ041,7,0.0,0.0,0.0,0.0,0.0,0.0,0.0,0.0,1.0
S5,R1,PZ041,8,0.0,0.0,0.0,0.0,0.0,0.0,0.0,0.0,1.0
S5,R1,PZ041,9,0.0,0.0,0.0,0.0,0.0,0.0,0.0,0.0,1.0
S5,R1,PZ041,10,1973.3902584084208,0.0,0.0,1973.3902584084208,0.0,-0.0,0.0,0.0,1.0
S5,R1,PZ041,11,1973.3902584084328,0.4609355206698448,0.0,1973.8511939291027,0.0,-0.0,0.0,0.0,1.0
S5,R1,PZ041,12,1973.3902584084208,2.6215840027873836,0.0,1976.0118424112081,0.0,-0.0,0.0,0.0,1.0
S5,R1,PZ041,13,1973.3902584084208,5.336872099038961,0.0,1978.7271305074598,0.0,-0.0,0.0,0.0,1.0
S5,R1,PZ041,14,1973.3902584084208,7.385493604851538,0.0,1980.7757520132723,0.0,-0.0,0.0,0.0,1.0
S5,R1,PZ041,15,1973.3902584084208,8.639792380450801,0.0,1982.0300507888717,0.0,-0.0,0.0,0.0,1.0
S5,R1,PZ041,16,1973.3902584084208,9.401434044620796,0.0,1982.7916924530416,0.0,-0.0,0.0,0.0,1.0
S5,R1,PZ041,17,1973.3902584084208,9.441123473572832,0.0,1982.8313818819936,0.0,-0.0,0.0,0.0,1.0
S5,R1,PZ041,18,0.0,8.823821936410727,0.0,8.823821936410727,0.0,-0.0,0.0,0.0,1.0
S5,R1,PZ041,19,0.0,7.268032264373604,0.0,7.268032264373604,0.0,-0.0,0.0,0.0,1.0
S5,R1,PZ041,20,0.0,5.201151274971588,0.0,5.201151274971588,0.0,-0.0,0.0,0.0,1.0
S5,R1,PZ041,21,1973.3902584084208,2.6293646384662264,0.0,1976.019623046887,0.0,-0.0,0.0,0.0,1.0
S5,R1,PZ041,22,1973.3902584084208,0.406001816616769,0.0,1973.7962602250375,0.0,-0.0,0.0,0.0,1.0
S5,R1,PZ041,23,1973.3902584084208,0.0,0.0,1973.3902584084208,0.0,-0.0,0.0,0.0,1.0
S5,R1,PZ047,0,2332.566666666667,0.0,0.0,2332.566666666667,0.0,-0.0,0.0,0.0,1.0
S5,R1,PZ047,1,2332.5666666666666,0.0,0.0,2332.5666666666666,0.0,-0.0,0.0,0.0,1.0
S5,R1,PZ047,2,2332.5666666666666,0.0,0.0,2332.5666666666666,0.0,-0.0,0.0,0.0,1.0
S5,R1,PZ047,3,2332.5666666666666,0.0,0.0,2332.5666666666666,0.0,-0.0,0.0,0.0,1.0
S5,R1,PZ047,4,2332.5666666666666,0.0,0.0,2332.5666666666666,0.0,-0.0,0.0,0.0,1.0
S5,R1,PZ047,5,2332.5666666666666,0.0,0.0,2332.5666666666666,0.0,-0.0,0.0,0.0,1.0
S5,R1,PZ047,6,0.0,0.0,0.0,0.0,0.0,0.0,0.0,0.0,1.0
S5,R1,PZ047,7,0.0,0.0,0.0,0.0,0.0,0.0,0.0,0.0,1.0
S5,R1,PZ047,8,0.0,0.0,0.0,0.0,0.0,0.0,0.0,0.0,1.0
S5,R1,PZ047,9,0.0,0.0,0.0,0.0,0.0,0.0,0.0,0.0,1.0
S5,R1,PZ047,10,2332.5666666666666,0.0,0.0,2332.5666666666666,0.0,-0.0,0.0,0.0,1.0
S5,R1,PZ047,11,2332.5666666666666,0.0,0.0,2332.5666666666666,0.0,-0.0,0.0,0.0,1.0
S5,R1,PZ047,12,2332.5666666666666,0.0,0.0,2332.5666666666666,0.0,-0.0,0.0,0.0,1.0
S5,R1,PZ047,13,2332.5666666666666,0.0,0.0,2332.5666666666666,0.0,-0.0,0.0,0.0,1.0
S5,R1,PZ047,14,2332.5666666666666,0.0,0.0,2332.5666666666666,0.0,-0.0,0.0,0.0,1.0
S5,R1,PZ047,15,2332.5666666666666,0.0,0.0,2332.5666666666666,0.0,-0.0,0.0,0.0,1.0
S5,R1,PZ047,16,0.0,0.0,0.0,0.0,0.0,0.0,0.0,0.0,1.0
S5,R1,PZ047,17,0.0,0.0,0.0,0.0,0.0,0.0,0.0,0.0,1.0
S5,R1,PZ047,18,0.0,0.0,0.0,-0.0,0.0,-0.0,0.0,0.0,1.0
S5,R1,PZ047,19,0.0,0.0,0.0,-0.0,0.0,-0.0,0.0,0.0,1.0
S5,R1,PZ047,20,0.0,0.0,0.0,-0.0,0.0,-0.0,0.0,0.0,1.0
S5,R1,PZ047,21,2332.566666666667,0.0,0.0,2332.566666666667,0.0,-0.0,0.0,0.0,1.0
S5,R1,PZ047,22,2332.5666666666666,0.0,0.0,2332.5666666666666,0.0,-0.0,0.0,0.0,1.0
S5,R1,PZ047,23,2332.5666666666666,0.0,0.0,2332.5666666666666,0.0,-0.0,0.0,0.0,1.0
S5,R1,PZ048,0,2775.266666666667,0.0,0.0,2775.266666666667,0.0,-0.0,0.0,0.0,1.0
S5,R1,PZ048,1,2775.266666666666,0.0,0.0,2775.266666666666,0.0,-0.0,0.0,0.0,1.0
S5,R1,PZ048,2,2775.266666666666,0.0,0.0,2775.266666666666,0.0,-0.0,0.0,0.0,1.0
S5,R1,PZ048,3,2775.266666666666,0.0,0.0,2775.266666666666,0.0,-0.0,0.0,0.0,1.0
S5,R1,PZ048,4,2775.266666666666,0.0,0.0,2775.266666666666,0.0,-0.0,0.0,0.0,1.0
S5,R1,PZ048,5,2775.266666666666,0.0,0.0,2775.266666666666,0.0,-0.0,0.0,0.0,1.0
S5,R1,PZ048,6,0.0,0.0,0.0,0.0,0.0,0.0,0.0,0.0,1.0
S5,R1,PZ048,7,0.0,0.0,0.0,0.0,0.0,0.0,0.0,0.0,1.0
S5,R1,PZ048,8,0.0,0.0,0.0,0.0,0.0,0.0,0.0,0.0,1.0
S5,R1,PZ048,9,0.0,0.0,0.0,0.0,0.0,0.0,0.0,0.0,1.0
S5,R1,PZ048,10,2775.266666666666,0.0,0.0,2775.266666666666,0.0,-0.0,0.0,0.0,1.0
S5,R1,PZ048,11,2775.266666666666,0.0,0.0,2775.266666666666,0.0,-0.0,0.0,0.0,1.0
S5,R1,PZ048,12,2775.266666666666,0.0,0.0,2775.266666666666,0.0,-0.0,0.0,0.0,1.0
S5,R1,PZ048,13,2775.266666666666,0.0,0.0,2775.266666666666,0.0,-0.0,0.0,0.0,1.0
S5,R1,PZ048,14,2775.266666666666,0.0,0.0,2775.266666666666,0.0,-0.0,0.0,0.0,1.0
S5,R1,PZ048,15,2775.266666666666,0.0,0.0,2775.266666666666,0.0,-0.0,0.0,0.0,1.0
S5,R1,PZ048,16,0.0,0.0,0.0,0.0,0.0,0.0,0.0,0.0,1.0
S5,R1,PZ048,17,0.0,0.0,0.0,0.0,0.0,0.0,0.0,0.0,1.0
S5,R1,PZ048,18,0.0,0.0,0.0,-0.0,0.0,-0.0,0.0,0.0,1.0
S5,R1,PZ048,19,0.0,0.0,0.0,-0.0,0.0,-0.0,0.0,0.0,1.0
S5,R1,PZ048,20,0.0,0.0,0.0,-0.0,0.0,-0.0,0.0,0.0,1.0
S5,R1,PZ048,21,2775.2666666666673,0.0,0.0,2775.2666666666673,0.0,-0.0,0.0,0.0,1.0
S5,R1,PZ048,22,2775.266666666666,0.0,0.0,2775.266666666666,0.0,-0.0,0.0,0.0,1.0
S5,R1,PZ048,23,2775.266666666666,0.0,0.0,2775.266666666666,0.0,-0.0,0.0,0.0,1.0
S5,R1,PZ049,0,2537.766666666667,0.0,0.0,2537.766666666667,0.0,-0.0,0.0,0.0,1.0
S5,R1,PZ049,1,2537.766666666666,0.0,0.0,2537.766666666666,0.0,-0.0,0.0,0.0,1.0
S5,R1,PZ049,2,2537.766666666666,0.0,0.0,2537.766666666666,0.0,-0.0,0.0,0.0,1.0
S5,R1,PZ049,3,2537.766666666666,0.0,0.0,2537.766666666666,0.0,-0.0,0.0,0.0,1.0
S5,R1,PZ049,4,2537.766666666666,0.0,0.0,2537.766666666666,0.0,-0.0,0.0,0.0,1.0
S5,R1,PZ049,5,2537.766666666666,0.0,0.0,2537.766666666666,0.0,-0.0,0.0,0.0,1.0
S5,R1,PZ049,6,0.0,0.0,0.0,0.0,0.0,0.0,0.0,0.0,1.0
S5,R1,PZ049,7,0.0,0.0,0.0,0.0,0.0,0.0,0.0,0.0,1.0
S5,R1,PZ049,8,0.0,0.0,0.0,0.0,0.0,0.0,0.0,0.0,1.0
S5,R1,PZ049,9,0.0,0.0,0.0,0.0,0.0,0.0,0.0,0.0,1.0
S5,R1,PZ049,10,2537.766666666666,0.0,0.0,2537.766666666666,0.0,-0.0,0.0,0.0,1.0
S5,R1,PZ049,11,2537.766666666666,0.0,0.0,2537.766666666666,0.0,-0.0,0.0,0.0,1.0
S5,R1,PZ049,12,2537.766666666666,0.0,0.0,2537.766666666666,0.0,-0.0,0.0,0.0,1.0
S5,R1,PZ049,13,2537.766666666666,0.0,0.0,2537.766666666666,0.0,-0.0,0.0,0.0,1.0
S5,R1,PZ049,14,2537.766666666666,0.0,0.0,2537.766666666666,0.0,-0.0,0.0,0.0,1.0
S5,R1,PZ049,15,2537.766666666667,0.0,0.0,2537.766666666667,0.0,-0.0,0.0,0.0,1.0
S5,R1,PZ049,16,0.0,0.0,0.0,0.0,0.0,0.0,0.0,0.0,1.0
S5,R1,PZ049,17,0.0,0.0,0.0,0.0,0.0,0.0,0.0,0.0,1.0
S5,R1,PZ049,18,0.0,0.0,0.0,-0.0,0.0,-0.0,0.0,0.0,1.0
S5,R1,PZ049,19,0.0,0.0,0.0,-0.0,0.0,-0.0,0.0,0.0,1.0
S5,R1,PZ049,20,0.0,0.0,0.0,-0.0,0.0,-0.0,0.0,0.0,1.0
S5,R1,PZ049,21,2537.766666666666,0.0,0.0,2537.766666666666,0.0,-0.0,0.0,0.0,1.0
S5,R1,PZ049,22,2537.766666666666,0.0,0.0,2537.766666666666,0.0,-0.0,0.0,0.0,1.0
S5,R1,PZ049,23,2537.766666666666,0.0,0.0,2537.766666666666,0.0,-0.0,0.0,0.0,1.0
S5,R1,PZ050,0,3110.2999999999997,0.0,0.0,3110.2999999999997,0.0,-0.0,0.0,0.0,1.0
S5,R1,PZ050,1,3110.2999999999997,0.0,0.0,3110.2999999999997,0.0,-0.0,0.0,0.0,1.0
S5,R1,PZ050,2,3110.2999999999997,0.0,0.0,3110.2999999999997,0.0,-0.0,0.0,0.0,1.0
S5,R1,PZ050,3,3110.2999999999997,0.0,0.0,3110.2999999999997,0.0,-0.0,0.0,0.0,1.0
S5,R1,PZ050,4,3110.2999999999997,0.0,0.0,3110.2999999999997,0.0,-0.0,0.0,0.0,1.0
S5,R1,PZ050,5,3110.2999999999997,0.0,0.0,3110.2999999999997,0.0,-0.0,0.0,0.0,1.0
S5,R1,PZ050,6,0.0,0.0,0.0,0.0,0.0,0.0,0.0,0.0,1.0
S5,R1,PZ050,7,0.0,0.0,0.0,0.0,0.0,0.0,0.0,0.0,1.0
S5,R1,PZ050,8,0.0,0.0,0.0,0.0,0.0,0.0,0.0,0.0,1.0
S5,R1,PZ050,9,-4.547473508864641e-13,0.0,0.0,0.0,-4.547473508864641e-13,0.0,0.0,0.0,1.0
S5,R1,PZ050,10,3110.2999999999997,0.0,0.0,3110.2999999999993,0.0,-4.1040948417503385e-13,-4.320099833421409e-13,0.0,1.0
S5,R1,PZ050,11,3110.2999999999997,-0.0,0.0,3110.2999999999997,0.0,-0.0,0.0,0.0,1.0
S5,R1,PZ050,12,3110.2999999999997,-0.0,0.0,3110.2999999999997,0.0,-0.0,0.0,0.0,1.0
S5,R1,PZ050,13,3110.2999999999997,-0.0,0.0,3110.2999999999997,0.0,-0.0,0.0,0.0,1.0
S5,R1,PZ050,14,3110.2999999999997,-0.0,0.0,3110.2999999999997,0.0,-0.0,0.0,0.0,1.0
S5,R1,PZ050,15,3110.300000000001,-0.0,0.0,3110.300000000001,0.0,-0.0,0.0,0.0,1.0
S5,R1,PZ050,16,0.0,-0.0,0.0,0.0,0.0,0.0,0.0,0.0,1.0
S5,R1,PZ050,17,0.0,-0.0,0.0,0.0,0.0,0.0,0.0,0.0,1.0
S5,R1,PZ050,18,0.0,-0.0,0.0,-0.0,0.0,-0.0,-0.0,0.0,1.0
S5,R1,PZ050,19,0.0,-0.0,0.0,-0.0,0.0,-0.0,0.0,0.0,1.0
S5,R1,PZ050,20,0.0,-0.0,0.0,-0.0,0.0,-0.0,0.0,0.0,1.0
S5,R1,PZ050,21,3110.2999999999997,-0.0,0.0,3110.2999999999997,0.0,-0.0,0.0,0.0,1.0
S5,R1,PZ050,22,3110.2999999999997,-0.0,0.0,3110.2999999999997,0.0,-0.0,0.0,0.0,1.0
S5,R1,PZ050,23,3110.2999999999997,0.0,0.0,3110.2999999999997,0.0,-0.0,0.0,0.0,1.0
S5,R1,PZ052,0,2719.5333333333333,0.0,0.0,2719.5333333333333,0.0,-0.0,0.0,0.0,1.0
S5,R1,PZ052,1,2719.5333333333333,0.0,0.0,2719.5333333333333,0.0,-0.0,0.0,0.0,1.0
S5,R1,PZ052,2,2719.5333333333333,0.0,0.0,2719.5333333333333,0.0,-0.0,0.0,0.0,1.0
S5,R1,PZ052,3,2719.5333333333333,0.0,0.0,2719.5333333333333,0.0,-0.0,0.0,0.0,1.0
S5,R1,PZ052,4,2719.5333333333333,0.0,0.0,2719.5333333333333,0.0,-0.0,0.0,0.0,1.0
S5,R1,PZ052,5,2719.5333333333333,0.0,0.0,2719.5333333333333,0.0,-0.0,0.0,0.0,1.0
S5,R1,PZ052,6,0.0,0.0,0.0,0.0,0.0,0.0,0.0,0.0,1.0
S5,R1,PZ052,7,0.0,0.0,0.0,0.0,0.0,0.0,0.0,0.0,1.0
S5,R1,PZ052,8,0.0,0.0,0.0,0.0,0.0,0.0,0.0,0.0,1.0
S5,R1,PZ052,9,-0.0,0.0,0.0,0.0,0.0,0.0,0.0,0.0,1.0
S5,R1,PZ052,10,2719.5333333333333,0.0,0.0,2719.5333333333333,0.0,-0.0,0.0,0.0,1.0
S5,R1,PZ052,11,2719.5333333333333,-0.0,0.0,2719.5333333333333,0.0,-0.0,0.0,0.0,1.0
S5,R1,PZ052,12,2719.5333333333333,-0.0,0.0,2719.5333333333333,0.0,-0.0,0.0,0.0,1.0
S5,R1,PZ052,13,2719.5333333333333,-0.0,0.0,2719.5333333333333,0.0,-0.0,0.0,0.0,1.0
S5,R1,PZ052,14,2719.5333333333333,-0.0,0.0,2719.5333333333333,0.0,-0.0,0.0,0.0,1.0
S5,R1,PZ052,15,2719.5333333333333,-0.0,0.0,2719.5333333333333,0.0,-0.0,0.0,0.0,1.0
S5,R1,PZ052,16,0.0,-0.0,0.0,0.0,0.0,0.0,0.0,0.0,1.0
S5,R1,PZ052,17,0.0,-0.0,0.0,0.0,0.0,0.0,0.0,0.0,1.0
S5,R1,PZ052,18,0.0,-0.0,0.0,-0.0,0.0,-0.0,-0.0,0.0,1.0
S5,R1,PZ052,19,0.0,-0.0,0.0,-0.0,0.0,-0.0,0.0,0.0,1.0
S5,R1,PZ052,20,0.0,-0.0,0.0,-0.0,0.0,-0.0,0.0,0.0,1.0
S5,R1,PZ052,21,2719.533333333336,-0.0,0.0,2719.533333333336,0.0,-0.0,0.0,0.0,1.0
S5,R1,PZ052,22,2719.5333333333333,-0.0,0.0,2719.5333333333333,0.0,-0.0,0.0,0.0,1.0
S5,R1,PZ052,23,2719.5333333333333,0.0,0.0,2719.5333333333333,0.0,-0.0,0.0,0.0,1.0
S5,R2,PZ001,0,1565.1999999999998,0.0,0.0,1565.1999999999998,0.0,-0.0,0.0,0.0,1.0
S5,R2,PZ001,1,1565.2000000000003,0.0,0.0,1565.2000000000003,0.0,-0.0,0.0,0.0,1.0
S5,R2,PZ001,2,1565.1999999999998,0.0,0.0,1565.1999999999998,0.0,-0.0,0.0,0.0,1.0
S5,R2,PZ001,3,1565.1999999999998,0.0,0.0,1565.1999999999998,0.0,-0.0,0.0,0.0,1.0
S5,R2,PZ001,4,1565.1999999999998,0.0,0.0,1565.1999999999998,0.0,-0.0,0.0,0.0,1.0
S5,R2,PZ001,5,1565.1999999999998,0.0,0.0,1565.1999999999998,0.0,-0.0,0.0,0.0,1.0
S5,R2,PZ001,6,0.0,0.0,0.0,0.0,0.0,0.0,0.0,0.0,1.0
S5,R2,PZ001,7,0.0,0.0,0.0,0.0,0.0,0.0,0.0,0.0,1.0
S5,R2,PZ001,8,0.0,0.0,0.0,0.0,0.0,0.0,0.0,0.0,1.0
S5,R2,PZ001,9,-0.0,0.0,0.0,0.0,0.0,0.0,0.0,0.0,1.0
S5,R2,PZ001,10,1565.1999999999998,0.0,0.0,1565.1999999999998,0.0,-0.0,0.0,0.0,1.0
S5,R2,PZ001,11,1565.1999999999998,-0.0,0.0,1565.1999999999998,0.0,-0.0,0.0,0.0,1.0
S5,R2,PZ001,12,1565.1999999999998,-0.0,0.0,1565.1999999999998,0.0,-0.0,0.0,0.0,1.0
S5,R2,PZ001,13,1565.1999999999998,-0.0,0.0,1565.1999999999998,0.0,-0.0,0.0,0.0,1.0
S5,R2,PZ001,14,1565.1999999999998,-0.0,0.0,1565.1999999999998,0.0,-0.0,0.0,0.0,1.0
S5,R2,PZ001,15,1565.2,-0.0,0.0,1565.2,0.0,-0.0,0.0,0.0,1.0
S5,R2,PZ001,16,0.0,0.0,0.0,0.0,0.0,0.0,0.0,0.0,1.0
S5,R2,PZ001,17,0.0,-0.0,0.0,0.0,0.0,0.0,0.0,0.0,1.0
S5,R2,PZ001,18,0.0,-0.0,0.0,-0.0,0.0,-0.0,-0.0,0.0,1.0
S5,R2,PZ001,19,0.0,-0.0,0.0,-0.0,0.0,-0.0,0.0,0.0,1.0
S5,R2,PZ001,20,0.0,-0.0,0.0,-0.0,0.0,-0.0,0.0,0.0,1.0
S5,R2,PZ001,21,1565.2,-0.0,0.0,1565.2,0.0,-0.0,0.0,0.0,1.0
S5,R2,PZ001,22,1565.2,-0.0,0.0,1565.2,0.0,-0.0,0.0,0.0,1.0
S5,R2,PZ001,23,1565.1999999999998,0.0,0.0,1565.1999999999998,0.0,-0.0,0.0,0.0,1.0
S5,R2,PZ006,0,223.60000000000002,0.0,0.0,223.60000000000002,0.0,-0.0,0.0,0.0,1.0
S5,R2,PZ006,1,223.60000000000002,0.0,0.0,223.60000000000002,0.0,-0.0,0.0,0.0,1.0
S5,R2,PZ006,2,223.60000000000002,0.0,0.0,223.60000000000002,0.0,-0.0,0.0,0.0,1.0
S5,R2,PZ006,3,223.60000000000002,0.0,0.0,223.60000000000002,0.0,-0.0,0.0,0.0,1.0
S5,R2,PZ006,4,223.60000000000002,0.0,0.0,223.60000000000002,0.0,-0.0,0.0,0.0,1.0
S5,R2,PZ006,5,223.60000000000002,0.0,0.0,223.60000000000002,0.0,-0.0,0.0,0.0,1.0
S5,R2,PZ006,6,0.0,0.0,0.0,0.0,0.0,0.0,0.0,0.0,1.0
S5,R2,PZ006,7,0.0,0.0,0.0,0.0,0.0,0.0,0.0,0.0,1.0
S5,R2,PZ006,8,0.0,0.0,0.0,0.0,0.0,0.0,0.0,0.0,1.0
S5,R2,PZ006,9,-0.0,0.0,0.0,0.0,0.0,0.0,0.0,0.0,1.0
S5,R2,PZ006,10,223.60000000000002,0.0,0.0,223.60000000000002,0.0,-0.0,0.0,0.0,1.0
S5,R2,PZ006,11,223.60000000000002,-0.0,0.0,223.60000000000002,0.0,-0.0,0.0,0.0,1.0
S5,R2,PZ006,12,223.60000000000002,-0.0,0.0,223.60000000000002,0.0,-0.0,0.0,0.0,1.0
S5,R2,PZ006,13,223.60000000000002,-0.0,0.0,223.60000000000002,0.0,-0.0,0.0,0.0,1.0
S5,R2,PZ006,14,223.60000000000002,-0.0,0.0,223.60000000000002,0.0,-0.0,0.0,0.0,1.0
S5,R2,PZ006,15,223.60000000000002,-0.0,0.0,223.60000000000002,0.0,-0.0,0.0,0.0,1.0
S5,R2,PZ006,16,0.0,0.0,0.0,0.0,0.0,0.0,0.0,0.0,1.0
S5,R2,PZ006,17,0.0,-0.0,0.0,0.0,0.0,0.0,0.0,0.0,1.0
S5,R2,PZ006,18,0.0,-0.0,0.0,-0.0,0.0,-0.0,-0.0,0.0,1.0
S5,R2,PZ006,19,0.0,-0.0,0.0,-0.0,0.0,-0.0,0.0,0.0,1.0
S5,R2,PZ006,20,0.0,-0.0,0.0,-0.0,0.0,-0.0,0.0,0.0,1.0
S5,R2,PZ006,21,223.60000000000002,-0.0,0.0,223.60000000000002,0.0,-0.0,0.0,0.0,1.0
S5,R2,PZ006,22,223.60000000000002,-0.0,0.0,223.60000000000002,0.0,-0.0,0.0,0.0,1.0
S5,R2,PZ006,23,223.60000000000002,0.0,0.0,223.60000000000002,0.0,-0.0,0.0,0.0,1.0
S5,R2,PZ039,0,1733.4375,0.0,0.0,1733.4375,0.0,-0.0,0.0,0.0,1.0
S5,R2,PZ039,1,1733.4375,0.0,0.0,1733.4375,0.0,-0.0,0.0,0.0,1.0
S5,R2,PZ039,2,1733.4375,0.0,0.0,1733.4375,0.0,-0.0,0.0,0.0,1.0
S5,R2,PZ039,3,1733.4375,0.0,0.0,1733.4375,0.0,-0.0,0.0,0.0,1.0
S5,R2,PZ039,4,1733.4375,0.0,0.0,1733.4375,0.0,-0.0,0.0,0.0,1.0
S5,R2,PZ039,5,1733.4375,0.0,0.0,1733.4375,0.0,-0.0,0.0,0.0,1.0
S5,R2,PZ039,6,0.0,0.0,0.0,0.0,0.0,0.0,0.0,0.0,1.0
S5,R2,PZ039,7,0.0,0.0,0.0,0.0,0.0,0.0,0.0,0.0,1.0
S5,R2,PZ039,8,-0.0,0.0,0.0,0.0,0.0,0.0,0.0,0.0,1.0
S5,R2,PZ039,9,1733.4375,0.0,0.0,1733.4375,0.0,-0.0,0.0,0.0,1.0
S5,R2,PZ039,10,1733.4375,0.0,0.0,1733.4375,0.0,-0.0,0.0,0.0,1.0
S5,R2,PZ039,11,1733.4375,-0.0,0.0,1733.4375,0.0,-0.0,0.0,0.0,1.0
S5,R2,PZ039,12,1733.4375,-0.0,0.0,1733.4375,0.0,-0.0,0.0,0.0,1.0
S5,R2,PZ039,13,1733.4375,-0.0,0.0,1733.4375,0.0,-0.0,0.0,0.0,1.0
S5,R2,PZ039,14,1733.4375,-0.0,0.0,1733.4375,0.0,-0.0,0.0,0.0,1.0
S5,R2,PZ039,15,1733.4375,-0.0,0.0,1733.4375,0.0,-0.0,0.0,0.0,1.0
S5,R2,PZ039,16,0.0,-0.0,0.0,0.0,0.0,0.0,0.0,0.0,1.0
S5,R2,PZ039,17,0.0,-0.0,0.0,0.0,0.0,0.0,0.0,0.0,1.0
S5,R2,PZ039,18,0.0,-0.0,0.0,-0.0,0.0,-0.0,-0.0,0.0,1.0
S5,R2,PZ039,19,0.0,-0.0,0.0,-0.0,0.0,-0.0,0.0,0.0,1.0
S5,R2,PZ039,20,0.0,-0.0,0.0,-0.0,0.0,-0.0,0.0,0.0,1.0
S5,R2,PZ039,21,1733.4375,-0.0,0.0,1733.4375,0.0,-0.0,0.0,0.0,1.0
S5,R2,PZ039,22,1733.4375,-0.0,0.0,1733.4375,0.0,-0.0,0.0,0.0,1.0
S5,R2,PZ039,23,1733.4375,0.0,0.0,1733.4375,0.0,-0.0,0.0,0.0,1.0
S5,R2,PZ040,0,1930.3999999999999,0.0,0.0,1930.3999999999999,0.0,-0.0,0.0,0.0,1.0
S5,R2,PZ040,1,1930.3999999999999,0.0,0.0,1930.3999999999999,0.0,-0.0,0.0,0.0,1.0
S5,R2,PZ040,2,1930.3999999999999,0.0,0.0,1930.3999999999999,0.0,-0.0,0.0,0.0,1.0
S5,R2,PZ040,3,1930.3999999999999,0.0,0.0,1930.3999999999999,0.0,-0.0,0.0,0.0,1.0
S5,R2,PZ040,4,1930.3999999999999,0.0,0.0,1930.3999999999999,0.0,-0.0,0.0,0.0,1.0
S5,R2,PZ040,5,1930.3999999999999,0.0,0.0,1930.3999999999999,0.0,-0.0,0.0,0.0,1.0
S5,R2,PZ040,6,0.0,0.0,0.0,0.0,0.0,0.0,0.0,0.0,1.0
S5,R2,PZ040,7,0.0,0.0,0.0,0.0,0.0,0.0,0.0,0.0,1.0
S5,R2,PZ040,8,0.0,0.0,0.0,0.0,0.0,0.0,0.0,0.0,1.0
S5,R2,PZ040,9,-0.0,0.0,0.0,0.0,0.0,0.0,0.0,0.0,1.0
S5,R2,PZ040,10,1930.3999999999999,0.0,0.0,1930.3999999999999,0.0,-0.0,0.0,0.0,1.0
S5,R2,PZ040,11,1930.3999999999999,-0.0,0.0,1930.3999999999999,0.0,-0.0,0.0,0.0,1.0
S5,R2,PZ040,12,1930.3999999999999,-0.0,0.0,1930.3999999999999,0.0,-0.0,0.0,0.0,1.0
S5,R2,PZ040,13,1930.3999999999999,-0.0,0.0,1930.3999999999999,0.0,-0.0,0.0,0.0,1.0
S5,R2,PZ040,14,1930.3999999999999,-0.0,0.0,1930.3999999999999,0.0,-0.0,0.0,0.0,1.0
S5,R2,PZ040,15,1930.4000000000012,-0.0,0.0,1930.4000000000012,0.0,-0.0,0.0,0.0,1.0
S5,R2,PZ040,16,0.0,-0.0,0.0,0.0,0.0,0.0,0.0,0.0,1.0
S5,R2,PZ040,17,0.0,-0.0,0.0,0.0,0.0,0.0,0.0,0.0,1.0
S5,R2,PZ040,18,0.0,-0.0,0.0,-0.0,0.0,-0.0,-0.0,0.0,1.0
S5,R2,PZ040,19,0.0,-0.0,0.0,-0.0,0.0,-0.0,0.0,0.0,1.0
S5,R2,PZ040,20,0.0,-0.0,0.0,-0.0,0.0,-0.0,0.0,0.0,1.0
S5,R2,PZ040,21,1930.4,-0.0,0.0,1930.4,0.0,-0.0,0.0,0.0,1.0
S5,R2,PZ040,22,1930.3999999999999,-0.0,0.0,1930.3999999999999,0.0,-0.0,0.0,0.0,1.0
S5,R2,PZ040,23,1930.3999999999999,0.0,0.0,1930.3999999999999,0.0,-0.0,0.0,0.0,1.0
S5,R2,PZ041,0,1971.003825218181,0.0,0.0,1971.003825218181,0.0,-0.0,0.0,0.0,1.0
S5,R2,PZ041,1,1971.003825218181,0.0,0.0,1971.003825218181,0.0,-0.0,0.0,0.0,1.0
S5,R2,PZ041,2,1971.003825218181,0.0,0.0,1971.003825218181,0.0,-0.0,0.0,0.0,1.0
S5,R2,PZ041,3,1971.003825218181,0.0,0.0,1971.003825218181,0.0,-0.0,0.0,0.0,1.0
S5,R2,PZ041,4,1971.003825218181,0.0,0.0,1971.003825218181,0.0,-0.0,0.0,0.0,1.0
S5,R2,PZ041,5,1971.003825218181,0.0,0.0,1971.003825218181,0.0,-0.0,0.0,0.0,1.0
S5,R2,PZ041,6,0.0,0.0,0.0,0.0,0.0,0.0,0.0,0.0,1.0
S5,R2,PZ041,7,0.0,0.0,0.0,0.0,0.0,0.0,0.0,0.0,1.0
S5,R2,PZ041,8,0.0,0.0,0.0,0.0,0.0,0.0,0.0,0.0,1.0
S5,R2,PZ041,9,0.0,0.0,0.0,0.0,0.0,0.0,0.0,0.0,1.0
S5,R2,PZ041,10,1971.003825218181,0.0,0.0,1971.003825218181,0.0,-0.0,0.0,0.0,1.0
S5,R2,PZ041,11,1971.0038252181744,0.7374968330717517,0.0,1971.741322051246,0.0,-0.0,0.0,0.0,1.0
S5,R2,PZ041,12,1971.003825218181,4.194534404459814,0.0,1975.1983596226407,0.0,-0.0,0.0,0.0,1.0
S5,R2,PZ041,13,1971.003825218181,8.538995358462339,0.0,1979.5428205766434,0.0,-0.0,0.0,0.0,1.0
S5,R2,PZ041,14,1971.003825218181,11.816789767762463,0.0,1982.8206149859434,0.0,-0.0,0.0,0.0,1.0
S5,R2,PZ041,15,1971.003825218181,13.823667808721284,0.0,1984.8274930269022,0.0,-0.0,0.0,0.0,1.0
S5,R2,PZ041,16,1971.003825218181,15.042294471393275,0.0,1986.0461196895742,0.0,-0.0,0.0,0.0,1.0
S5,R2,PZ041,17,1971.003825218181,15.105797557716532,0.0,1986.1096227758976,0.0,-0.0,0.0,0.0,1.0
S5,R2,PZ041,18,0.0,14.118115098257165,0.0,14.118115098257165,0.0,-0.0,0.0,0.0,1.0
S5,R2,PZ041,19,0.0,11.628851622997768,0.0,11.628851622997768,0.0,-0.0,0.0,0.0,1.0
S5,R2,PZ041,20,0.0,8.321842039954541,0.0,8.321842039954541,0.0,-0.0,0.0,0.0,1.0
S5,R2,PZ041,21,1971.0038252181823,4.206983421545963,0.0,1975.2108086397284,0.0,-0.0,0.0,0.0,1.0
S5,R2,PZ041,22,1971.003825218181,0.6496029065868305,0.0,1971.6534281247677,0.0,-0.0,0.0,0.0,1.0
S5,R2,PZ041,23,1971.003825218181,0.0,0.0,1971.003825218181,0.0,-0.0,0.0,0.0,1.0
S5,R2,PZ047,0,2332.566666666667,0.0,0.0,2332.566666666667,0.0,-0.0,0.0,0.0,1.0
S5,R2,PZ047,1,2332.5666666666666,0.0,0.0,2332.5666666666666,0.0,-0.0,0.0,0.0,1.0
S5,R2,PZ047,2,2332.5666666666666,0.0,0.0,2332.5666666666666,0.0,-0.0,0.0,0.0,1.0
S5,R2,PZ047,3,2332.5666666666666,0.0,0.0,2332.5666666666666,0.0,-0.0,0.0,0.0,1.0
S5,R2,PZ047,4,2332.5666666666666,0.0,0.0,2332.5666666666666,0.0,-0.0,0.0,0.0,1.0
S5,R2,PZ047,5,2332.5666666666666,0.0,0.0,2332.5666666666666,0.0,-0.0,0.0,0.0,1.0
S5,R2,PZ047,6,0.0,0.0,0.0,0.0,0.0,0.0,0.0,0.0,1.0
S5,R2,PZ047,7,0.0,0.0,0.0,0.0,0.0,0.0,0.0,0.0,1.0
S5,R2,PZ047,8,0.0,0.0,0.0,0.0,0.0,0.0,0.0,0.0,1.0
S5,R2,PZ047,9,0.0,0.0,0.0,0.0,0.0,0.0,0.0,0.0,1.0
S5,R2,PZ047,10,2332.5666666666666,0.0,0.0,2332.5666666666666,0.0,-0.0,0.0,0.0,1.0
S5,R2,PZ047,11,2332.5666666666666,0.0,0.0,2332.5666666666666,0.0,-0.0,0.0,0.0,1.0
S5,R2,PZ047,12,2332.5666666666666,0.0,0.0,2332.5666666666666,0.0,-0.0,0.0,0.0,1.0
S5,R2,PZ047,13,2332.5666666666666,0.0,0.0,2332.5666666666666,0.0,-0.0,0.0,0.0,1.0
S5,R2,PZ047,14,2332.5666666666666,0.0,0.0,2332.5666666666666,0.0,-0.0,0.0,0.0,1.0
S5,R2,PZ047,15,2332.5666666666666,0.0,0.0,2332.5666666666666,0.0,-0.0,0.0,0.0,1.0
S5,R2,PZ047,16,0.0,0.0,0.0,0.0,0.0,0.0,0.0,0.0,1.0
S5,R2,PZ047,17,0.0,0.0,0.0,0.0,0.0,0.0,0.0,0.0,1.0
S5,R2,PZ047,18,0.0,0.0,0.0,-0.0,0.0,-0.0,0.0,0.0,1.0
S5,R2,PZ047,19,0.0,0.0,0.0,-0.0,0.0,-0.0,0.0,0.0,1.0
S5,R2,PZ047,20,0.0,0.0,0.0,-0.0,0.0,-0.0,0.0,0.0,1.0
S5,R2,PZ047,21,2332.566666666667,0.0,0.0,2332.566666666667,0.0,-0.0,0.0,0.0,1.0
S5,R2,PZ047,22,2332.5666666666666,0.0,0.0,2332.5666666666666,0.0,-0.0,0.0,0.0,1.0
S5,R2,PZ047,23,2332.5666666666666,0.0,0.0,2332.5666666666666,0.0,-0.0,0.0,0.0,1.0
S5,R2,PZ048,0,2775.266666666667,0.0,0.0,2775.266666666667,0.0,-0.0,0.0,0.0,1.0
S5,R2,PZ048,1,2775.266666666666,0.0,0.0,2775.266666666666,0.0,-0.0,0.0,0.0,1.0
S5,R2,PZ048,2,2775.266666666666,0.0,0.0,2775.266666666666,0.0,-0.0,0.0,0.0,1.0
S5,R2,PZ048,3,2775.266666666666,0.0,0.0,2775.266666666666,0.0,-0.0,0.0,0.0,1.0
S5,R2,PZ048,4,2775.266666666666,0.0,0.0,2775.266666666666,0.0,-0.0,0.0,0.0,1.0
S5,R2,PZ048,5,2775.266666666666,0.0,0.0,2775.266666666666,0.0,-0.0,0.0,0.0,1.0
S5,R2,PZ048,6,0.0,0.0,0.0,0.0,0.0,0.0,0.0,0.0,1.0
S5,R2,PZ048,7,0.0,0.0,0.0,0.0,0.0,0.0,0.0,0.0,1.0
S5,R2,PZ048,8,0.0,0.0,0.0,0.0,0.0,0.0,0.0,0.0,1.0
S5,R2,PZ048,9,0.0,0.0,0.0,0.0,0.0,0.0,0.0,0.0,1.0
S5,R2,PZ048,10,2775.266666666666,0.0,0.0,2775.266666666666,0.0,-0.0,0.0,0.0,1.0
S5,R2,PZ048,11,2775.266666666666,0.0,0.0,2775.266666666666,0.0,-0.0,0.0,0.0,1.0
S5,R2,PZ048,12,2775.266666666666,0.0,0.0,2775.266666666666,0.0,-0.0,0.0,0.0,1.0
S5,R2,PZ048,13,2775.266666666666,0.0,0.0,2775.266666666666,0.0,-0.0,0.0,0.0,1.0
S5,R2,PZ048,14,2775.266666666666,0.0,0.0,2775.266666666666,0.0,-0.0,0.0,0.0,1.0
S5,R2,PZ048,15,2775.266666666666,0.0,0.0,2775.266666666666,0.0,-0.0,0.0,0.0,1.0
S5,R2,PZ048,16,0.0,0.0,0.0,0.0,0.0,0.0,0.0,0.0,1.0
S5,R2,PZ048,17,0.0,0.0,0.0,0.0,0.0,0.0,0.0,0.0,1.0
S5,R2,PZ048,18,0.0,0.0,0.0,-0.0,0.0,-0.0,0.0,0.0,1.0
S5,R2,PZ048,19,0.0,0.0,0.0,-0.0,0.0,-0.0,0.0,0.0,1.0
S5,R2,PZ048,20,0.0,0.0,0.0,-0.0,0.0,-0.0,0.0,0.0,1.0
S5,R2,PZ048,21,2775.2666666666673,0.0,0.0,2775.2666666666673,0.0,-0.0,0.0,0.0,1.0
S5,R2,PZ048,22,2775.266666666666,0.0,0.0,2775.266666666666,0.0,-0.0,0.0,0.0,1.0
S5,R2,PZ048,23,2775.266666666666,0.0,0.0,2775.266666666666,0.0,-0.0,0.0,0.0,1.0
S5,R2,PZ049,0,2537.766666666667,0.0,0.0,2537.766666666667,0.0,-0.0,0.0,0.0,1.0
S5,R2,PZ049,1,2537.766666666666,0.0,0.0,2537.766666666666,0.0,-0.0,0.0,0.0,1.0
S5,R2,PZ049,2,2537.766666666666,0.0,0.0,2537.766666666666,0.0,-0.0,0.0,0.0,1.0
S5,R2,PZ049,3,2537.766666666666,0.0,0.0,2537.766666666666,0.0,-0.0,0.0,0.0,1.0
S5,R2,PZ049,4,2537.766666666666,0.0,0.0,2537.766666666666,0.0,-0.0,0.0,0.0,1.0
S5,R2,PZ049,5,2537.766666666666,0.0,0.0,2537.766666666666,0.0,-0.0,0.0,0.0,1.0
S5,R2,PZ049,6,0.0,0.0,0.0,0.0,0.0,0.0,0.0,0.0,1.0
S5,R2,PZ049,7,0.0,0.0,0.0,0.0,0.0,0.0,0.0,0.0,1.0
S5,R2,PZ049,8,0.0,0.0,0.0,0.0,0.0,0.0,0.0,0.0,1.0
S5,R2,PZ049,9,0.0,0.0,0.0,0.0,0.0,0.0,0.0,0.0,1.0
S5,R2,PZ049,10,2537.766666666666,0.0,0.0,2537.766666666666,0.0,-0.0,0.0,0.0,1.0
S5,R2,PZ049,11,2537.766666666666,0.0,0.0,2537.766666666666,0.0,-0.0,0.0,0.0,1.0
S5,R2,PZ049,12,2537.766666666666,0.0,0.0,2537.766666666666,0.0,-0.0,0.0,0.0,1.0
S5,R2,PZ049,13,2537.766666666666,0.0,0.0,2537.766666666666,0.0,-0.0,0.0,0.0,1.0
S5,R2,PZ049,14,2537.766666666666,0.0,0.0,2537.766666666666,0.0,-0.0,0.0,0.0,1.0
S5,R2,PZ049,15,2537.766666666667,0.0,0.0,2537.766666666667,0.0,-0.0,0.0,0.0,1.0
S5,R2,PZ049,16,0.0,0.0,0.0,0.0,0.0,0.0,0.0,0.0,1.0
S5,R2,PZ049,17,0.0,0.0,0.0,0.0,0.0,0.0,0.0,0.0,1.0
S5,R2,PZ049,18,0.0,0.0,0.0,-0.0,0.0,-0.0,0.0,0.0,1.0
S5,R2,PZ049,19,0.0,0.0,0.0,-0.0,0.0,-0.0,0.0,0.0,1.0
S5,R2,PZ049,20,0.0,0.0,0.0,-0.0,0.0,-0.0,0.0,0.0,1.0
S5,R2,PZ049,21,2537.766666666666,0.0,0.0,2537.766666666666,0.0,-0.0,0.0,0.0,1.0
S5,R2,PZ049,22,2537.766666666666,0.0,0.0,2537.766666666666,0.0,-0.0,0.0,0.0,1.0
S5,R2,PZ049,23,2537.766666666666,0.0,0.0,2537.766666666666,0.0,-0.0,0.0,0.0,1.0
S5,R2,PZ050,0,3110.2999999999997,0.0,0.0,3110.2999999999997,0.0,-0.0,0.0,0.0,1.0
S5,R2,PZ050,1,3110.2999999999997,0.0,0.0,3110.2999999999997,0.0,-0.0,0.0,0.0,1.0
S5,R2,PZ050,2,3110.2999999999997,0.0,0.0,3110.2999999999997,0.0,-0.0,0.0,0.0,1.0
S5,R2,PZ050,3,3110.2999999999997,0.0,0.0,3110.2999999999997,0.0,-0.0,0.0,0.0,1.0
S5,R2,PZ050,4,3110.2999999999997,0.0,0.0,3110.2999999999997,0.0,-0.0,0.0,0.0,1.0
S5,R2,PZ050,5,3110.2999999999997,0.0,0.0,3110.2999999999997,0.0,-0.0,0.0,0.0,1.0
S5,R2,PZ050,6,0.0,0.0,0.0,0.0,0.0,0.0,0.0,0.0,1.0
S5,R2,PZ050,7,0.0,0.0,0.0,0.0,0.0,0.0,0.0,0.0,1.0
S5,R2,PZ050,8,0.0,0.0,0.0,0.0,0.0,0.0,0.0,0.0,1.0
S5,R2,PZ050,9,-4.547473508864641e-13,0.0,0.0,0.0,-4.547473508864641e-13,0.0,0.0,0.0,1.0
S5,R2,PZ050,10,3110.2999999999997,0.0,0.0,3110.2999999999993,0.0,-4.1040948417503385e-13,-4.320099833421409e-13,0.0,1.0
S5,R2,PZ050,11,3110.2999999999997,-0.0,0.0,3110.2999999999997,0.0,-0.0,0.0,0.0,1.0
S5,R2,PZ050,12,3110.2999999999997,-0.0,0.0,3110.2999999999997,0.0,-0.0,0.0,0.0,1.0
S5,R2,PZ050,13,3110.2999999999997,-0.0,0.0,3110.2999999999997,0.0,-0.0,0.0,0.0,1.0
S5,R2,PZ050,14,3110.2999999999997,-0.0,0.0,3110.2999999999997,0.0,-0.0,0.0,0.0,1.0
S5,R2,PZ050,15,3110.300000000001,-0.0,0.0,3110.300000000001,0.0,-0.0,0.0,0.0,1.0
S5,R2,PZ050,16,0.0,-0.0,0.0,0.0,0.0,0.0,0.0,0.0,1.0
S5,R2,PZ050,17,0.0,-0.0,0.0,0.0,0.0,0.0,0.0,0.0,1.0
S5,R2,PZ050,18,0.0,-0.0,0.0,-0.0,0.0,-0.0,-0.0,0.0,1.0
S5,R2,PZ050,19,0.0,-0.0,0.0,-0.0,0.0,-0.0,0.0,0.0,1.0
S5,R2,PZ050,20,0.0,-0.0,0.0,-0.0,0.0,-0.0,0.0,0.0,1.0
S5,R2,PZ050,21,3110.2999999999997,-0.0,0.0,3110.2999999999997,0.0,-0.0,0.0,0.0,1.0
S5,R2,PZ050,22,3110.2999999999997,-0.0,0.0,3110.2999999999997,0.0,-0.0,0.0,0.0,1.0
S5,R2,PZ050,23,3110.2999999999997,0.0,0.0,3110.2999999999997,0.0,-0.0,0.0,0.0,1.0
S5,R2,PZ052,0,2719.5333333333333,0.0,0.0,2719.5333333333333,0.0,-0.0,0.0,0.0,1.0
S5,R2,PZ052,1,2719.5333333333333,0.0,0.0,2719.5333333333333,0.0,-0.0,0.0,0.0,1.0
S5,R2,PZ052,2,2719.5333333333333,0.0,0.0,2719.5333333333333,0.0,-0.0,0.0,0.0,1.0
S5,R2,PZ052,3,2719.5333333333333,0.0,0.0,2719.5333333333333,0.0,-0.0,0.0,0.0,1.0
S5,R2,PZ052,4,2719.5333333333333,0.0,0.0,2719.5333333333333,0.0,-0.0,0.0,0.0,1.0
S5,R2,PZ052,5,2719.5333333333333,0.0,0.0,2719.5333333333333,0.0,-0.0,0.0,0.0,1.0
S5,R2,PZ052,6,0.0,0.0,0.0,0.0,0.0,0.0,0.0,0.0,1.0
S5,R2,PZ052,7,0.0,0.0,0.0,0.0,0.0,0.0,0.0,0.0,1.0
S5,R2,PZ052,8,0.0,0.0,0.0,0.0,0.0,0.0,0.0,0.0,1.0
S5,R2,PZ052,9,-0.0,0.0,0.0,0.0,0.0,0.0,0.0,0.0,1.0
S5,R2,PZ052,10,2719.5333333333333,0.0,0.0,2719.5333333333333,0.0,-0.0,0.0,0.0,1.0
S5,R2,PZ052,11,2719.5333333333333,-0.0,0.0,2719.5333333333333,0.0,-0.0,0.0,0.0,1.0
S5,R2,PZ052,12,2719.5333333333333,-0.0,0.0,2719.5333333333333,0.0,-0.0,0.0,0.0,1.0
S5,R2,PZ052,13,2719.5333333333333,-0.0,0.0,2719.5333333333333,0.0,-0.0,0.0,0.0,1.0
S5,R2,PZ052,14,2719.5333333333333,-0.0,0.0,2719.5333333333333,0.0,-0.0,0.0,0.0,1.0
S5,R2,PZ052,15,2719.5333333333333,-0.0,0.0,2719.5333333333333,0.0,-0.0,0.0,0.0,1.0
S5,R2,PZ052,16,0.0,-0.0,0.0,0.0,0.0,0.0,0.0,0.0,1.0
S5,R2,PZ052,17,0.0,-0.0,0.0,0.0,0.0,0.0,0.0,0.0,1.0
S5,R2,PZ052,18,0.0,-0.0,0.0,-0.0,0.0,-0.0,-0.0,0.0,1.0
S5,R2,PZ052,19,0.0,-0.0,0.0,-0.0,0.0,-0.0,0.0,0.0,1.0
S5,R2,PZ052,20,0.0,-0.0,0.0,-0.0,0.0,-0.0,0.0,0.0,1.0
S5,R2,PZ052,21,2719.533333333336,-0.0,0.0,2719.533333333336,0.0,-0.0,0.0,0.0,1.0
S5,R2,PZ052,22,2719.5333333333333,-0.0,0.0,2719.5333333333333,0.0,-0.0,0.0,0.0,1.0
S5,R2,PZ052,23,2719.5333333333333,0.0,0.0,2719.5333333333333,0.0,-0.0,0.0,0.0,1.0
S5,R3,PZ001,0,1565.1999999999998,0.0,0.0,1565.1999999999998,0.0,-0.0,0.0,0.0,1.0
S5,R3,PZ001,1,1565.2000000000003,0.0,0.0,1565.2000000000003,0.0,-0.0,0.0,0.0,1.0
S5,R3,PZ001,2,1565.1999999999998,0.0,0.0,1565.1999999999998,0.0,-0.0,0.0,0.0,1.0
S5,R3,PZ001,3,1565.1999999999998,0.0,0.0,1565.1999999999998,0.0,-0.0,0.0,0.0,1.0
S5,R3,PZ001,4,1565.1999999999998,0.0,0.0,1565.1999999999998,0.0,-0.0,0.0,0.0,1.0
S5,R3,PZ001,5,1565.1999999999998,0.0,0.0,1565.1999999999998,0.0,-0.0,0.0,0.0,1.0
S5,R3,PZ001,6,0.0,0.0,0.0,0.0,0.0,0.0,0.0,0.0,1.0
S5,R3,PZ001,7,0.0,0.0,0.0,0.0,0.0,0.0,0.0,0.0,1.0
S5,R3,PZ001,8,0.0,0.0,0.0,0.0,0.0,0.0,0.0,0.0,1.0
S5,R3,PZ001,9,-0.0,0.0,0.0,0.0,0.0,0.0,0.0,0.0,1.0
S5,R3,PZ001,10,1565.1999999999998,0.0,0.0,1565.1999999999998,0.0,-0.0,0.0,0.0,1.0
S5,R3,PZ001,11,1565.1999999999998,-0.0,0.0,1565.1999999999998,0.0,-0.0,0.0,0.0,1.0
S5,R3,PZ001,12,1565.1999999999998,-0.0,0.0,1565.1999999999998,0.0,-0.0,0.0,0.0,1.0
S5,R3,PZ001,13,1565.1999999999998,-0.0,0.0,1565.1999999999998,0.0,-0.0,0.0,0.0,1.0
S5,R3,PZ001,14,1565.1999999999998,-0.0,0.0,1565.1999999999998,0.0,-0.0,0.0,0.0,1.0
S5,R3,PZ001,15,1565.2,-0.0,0.0,1565.2,0.0,-0.0,0.0,0.0,1.0
S5,R3,PZ001,16,0.0,0.0,0.0,0.0,0.0,0.0,0.0,0.0,1.0
S5,R3,PZ001,17,0.0,-0.0,0.0,0.0,0.0,0.0,0.0,0.0,1.0
S5,R3,PZ001,18,0.0,-0.0,0.0,-0.0,0.0,-0.0,-0.0,0.0,1.0
S5,R3,PZ001,19,0.0,-0.0,0.0,-0.0,0.0,-0.0,0.0,0.0,1.0
S5,R3,PZ001,20,0.0,-0.0,0.0,-0.0,0.0,-0.0,0.0,0.0,1.0
S5,R3,PZ001,21,1565.2,-0.0,0.0,1565.2,0.0,-0.0,0.0,0.0,1.0
S5,R3,PZ001,22,1565.2,-0.0,0.0,1565.2,0.0,-0.0,0.0,0.0,1.0
S5,R3,PZ001,23,1565.1999999999998,0.0,0.0,1565.1999999999998,0.0,-0.0,0.0,0.0,1.0
S5,R3,PZ006,0,223.60000000000002,0.0,0.0,223.60000000000002,0.0,-0.0,0.0,0.0,1.0
S5,R3,PZ006,1,223.60000000000002,0.0,0.0,223.60000000000002,0.0,-0.0,0.0,0.0,1.0
S5,R3,PZ006,2,223.60000000000002,0.0,0.0,223.60000000000002,0.0,-0.0,0.0,0.0,1.0
S5,R3,PZ006,3,223.60000000000002,0.0,0.0,223.60000000000002,0.0,-0.0,0.0,0.0,1.0
S5,R3,PZ006,4,223.60000000000002,0.0,0.0,223.60000000000002,0.0,-0.0,0.0,0.0,1.0
S5,R3,PZ006,5,223.60000000000002,0.0,0.0,223.60000000000002,0.0,-0.0,0.0,0.0,1.0
S5,R3,PZ006,6,0.0,0.0,0.0,0.0,0.0,0.0,0.0,0.0,1.0
S5,R3,PZ006,7,0.0,0.0,0.0,0.0,0.0,0.0,0.0,0.0,1.0
S5,R3,PZ006,8,0.0,0.0,0.0,0.0,0.0,0.0,0.0,0.0,1.0
S5,R3,PZ006,9,-0.0,0.0,0.0,0.0,0.0,0.0,0.0,0.0,1.0
S5,R3,PZ006,10,223.60000000000002,0.0,0.0,223.60000000000002,0.0,-0.0,0.0,0.0,1.0
S5,R3,PZ006,11,223.60000000000002,-0.0,0.0,223.60000000000002,0.0,-0.0,0.0,0.0,1.0
S5,R3,PZ006,12,223.60000000000002,-0.0,0.0,223.60000000000002,0.0,-0.0,0.0,0.0,1.0
S5,R3,PZ006,13,223.60000000000002,-0.0,0.0,223.60000000000002,0.0,-0.0,0.0,0.0,1.0
S5,R3,PZ006,14,223.60000000000002,-0.0,0.0,223.60000000000002,0.0,-0.0,0.0,0.0,1.0
S5,R3,PZ006,15,223.60000000000002,-0.0,0.0,223.60000000000002,0.0,-0.0,0.0,0.0,1.0
S5,R3,PZ006,16,0.0,0.0,0.0,0.0,0.0,0.0,0.0,0.0,1.0
S5,R3,PZ006,17,0.0,-0.0,0.0,0.0,0.0,0.0,0.0,0.0,1.0
S5,R3,PZ006,18,0.0,-0.0,0.0,-0.0,0.0,-0.0,-0.0,0.0,1.0
S5,R3,PZ006,19,0.0,-0.0,0.0,-0.0,0.0,-0.0,0.0,0.0,1.0
S5,R3,PZ006,20,0.0,-0.0,0.0,-0.0,0.0,-0.0,0.0,0.0,1.0
S5,R3,PZ006,21,223.60000000000002,-0.0,0.0,223.60000000000002,0.0,-0.0,0.0,0.0,1.0
S5,R3,PZ006,22,223.60000000000002,-0.0,0.0,223.60000000000002,0.0,-0.0,0.0,0.0,1.0
S5,R3,PZ006,23,223.60000000000002,0.0,0.0,223.60000000000002,0.0,-0.0,0.0,0.0,1.0
S5,R3,PZ039,0,1733.4375,0.0,0.0,1733.4375,0.0,-0.0,0.0,0.0,1.0
S5,R3,PZ039,1,1733.4375,0.0,0.0,1733.4375,0.0,-0.0,0.0,0.0,1.0
S5,R3,PZ039,2,1733.4375,0.0,0.0,1733.4375,0.0,-0.0,0.0,0.0,1.0
S5,R3,PZ039,3,1733.4375,0.0,0.0,1733.4375,0.0,-0.0,0.0,0.0,1.0
S5,R3,PZ039,4,1733.4375,0.0,0.0,1733.4375,0.0,-0.0,0.0,0.0,1.0
S5,R3,PZ039,5,1733.4375,0.0,0.0,1733.4375,0.0,-0.0,0.0,0.0,1.0
S5,R3,PZ039,6,0.0,0.0,0.0,0.0,0.0,0.0,0.0,0.0,1.0
S5,R3,PZ039,7,0.0,0.0,0.0,0.0,0.0,0.0,0.0,0.0,1.0
S5,R3,PZ039,8,-0.0,0.0,0.0,0.0,0.0,0.0,0.0,0.0,1.0
S5,R3,PZ039,9,1733.4375,0.0,0.0,1733.4375,0.0,-0.0,0.0,0.0,1.0
S5,R3,PZ039,10,1733.4375,0.0,0.0,1733.4375,0.0,-0.0,0.0,0.0,1.0
S5,R3,PZ039,11,1733.4375,-0.0,0.0,1733.4375,0.0,-0.0,0.0,0.0,1.0
S5,R3,PZ039,12,1733.4375,-0.0,0.0,1733.4375,0.0,-0.0,0.0,0.0,1.0
S5,R3,PZ039,13,1733.4375,-0.0,0.0,1733.4375,0.0,-0.0,0.0,0.0,1.0
S5,R3,PZ039,14,1733.4375,-0.0,0.0,1733.4375,0.0,-0.0,0.0,0.0,1.0
S5,R3,PZ039,15,1733.4375,-0.0,0.0,1733.4375,0.0,-0.0,0.0,0.0,1.0
S5,R3,PZ039,16,0.0,-0.0,0.0,0.0,0.0,0.0,0.0,0.0,1.0
S5,R3,PZ039,17,0.0,-0.0,0.0,0.0,0.0,0.0,0.0,0.0,1.0
S5,R3,PZ039,18,0.0,-0.0,0.0,-0.0,0.0,-0.0,-0.0,0.0,1.0
S5,R3,PZ039,19,0.0,-0.0,0.0,-0.0,0.0,-0.0,0.0,0.0,1.0
S5,R3,PZ039,20,0.0,-0.0,0.0,-0.0,0.0,-0.0,0.0,0.0,1.0
S5,R3,PZ039,21,1733.4375,-0.0,0.0,1733.4375,0.0,-0.0,0.0,0.0,1.0
S5,R3,PZ039,22,1733.4375,-0.0,0.0,1733.4375,0.0,-0.0,0.0,0.0,1.0
S5,R3,PZ039,23,1733.4375,0.0,0.0,1733.4375,0.0,-0.0,0.0,0.0,1.0
S5,R3,PZ040,0,1930.3999999999999,0.0,0.0,1930.3999999999999,0.0,-0.0,0.0,0.0,1.0
S5,R3,PZ040,1,1930.3999999999999,0.0,0.0,1930.3999999999999,0.0,-0.0,0.0,0.0,1.0
S5,R3,PZ040,2,1930.3999999999999,0.0,0.0,1930.3999999999999,0.0,-0.0,0.0,0.0,1.0
S5,R3,PZ040,3,1930.3999999999999,0.0,0.0,1930.3999999999999,0.0,-0.0,0.0,0.0,1.0
S5,R3,PZ040,4,1930.3999999999999,0.0,0.0,1930.3999999999999,0.0,-0.0,0.0,0.0,1.0
S5,R3,PZ040,5,1930.3999999999999,0.0,0.0,1930.3999999999999,0.0,-0.0,0.0,0.0,1.0
S5,R3,PZ040,6,0.0,0.0,0.0,0.0,0.0,0.0,0.0,0.0,1.0
S5,R3,PZ040,7,0.0,0.0,0.0,0.0,0.0,0.0,0.0,0.0,1.0
S5,R3,PZ040,8,0.0,0.0,0.0,0.0,0.0,0.0,0.0,0.0,1.0
S5,R3,PZ040,9,-0.0,0.0,0.0,0.0,0.0,0.0,0.0,0.0,1.0
S5,R3,PZ040,10,1930.3999999999999,0.0,0.0,1930.3999999999999,0.0,-0.0,0.0,0.0,1.0
S5,R3,PZ040,11,1930.3999999999999,-0.0,0.0,1930.3999999999999,0.0,-0.0,0.0,0.0,1.0
S5,R3,PZ040,12,1930.3999999999999,-0.0,0.0,1930.3999999999999,0.0,-0.0,0.0,0.0,1.0
S5,R3,PZ040,13,1930.3999999999999,-0.0,0.0,1930.3999999999999,0.0,-0.0,0.0,0.0,1.0
S5,R3,PZ040,14,1930.3999999999999,-0.0,0.0,1930.3999999999999,0.0,-0.0,0.0,0.0,1.0
S5,R3,PZ040,15,1930.4000000000012,-0.0,0.0,1930.4000000000012,0.0,-0.0,0.0,0.0,1.0
S5,R3,PZ040,16,0.0,-0.0,0.0,0.0,0.0,0.0,0.0,0.0,1.0
S5,R3,PZ040,17,0.0,-0.0,0.0,0.0,0.0,0.0,0.0,0.0,1.0
S5,R3,PZ040,18,0.0,-0.0,0.0,-0.0,0.0,-0.0,-0.0,0.0,1.0
S5,R3,PZ040,19,0.0,-0.0,0.0,-0.0,0.0,-0.0,0.0,0.0,1.0
S5,R3,PZ040,20,0.0,-0.0,0.0,-0.0,0.0,-0.0,0.0,0.0,1.0
S5,R3,PZ040,21,1930.4,-0.0,0.0,1930.4,0.0,-0.0,0.0,0.0,1.0
S5,R3,PZ040,22,1930.3999999999999,-0.0,0.0,1930.3999999999999,0.0,-0.0,0.0,0.0,1.0
S5,R3,PZ040,23,1930.3999999999999,0.0,0.0,1930.3999999999999,0.0,-0.0,0.0,0.0,1.0
S5,R3,PZ041,0,1968.6173920279389,0.0,0.0,1968.6173920279389,0.0,-0.0,0.0,0.0,1.0
S5,R3,PZ041,1,1968.6173920279389,0.0,0.0,1968.6173920279389,0.0,-0.0,0.0,0.0,1.0
S5,R3,PZ041,2,1968.6173920279389,0.0,0.0,1968.6173920279389,0.0,-0.0,0.0,0.0,1.0
S5,R3,PZ041,3,1968.6173920279389,0.0,0.0,1968.6173920279389,0.0,-0.0,0.0,0.0,1.0
S5,R3,PZ041,4,1968.6173920279389,0.0,0.0,1968.6173920279389,0.0,-0.0,0.0,0.0,1.0
S5,R3,PZ041,5,1968.6173920279389,0.0,0.0,1968.6173920279389,0.0,-0.0,0.0,0.0,1.0
S5,R3,PZ041,6,0.0,0.0,0.0,0.0,0.0,0.0,0.0,0.0,1.0
S5,R3,PZ041,7,0.0,0.0,0.0,0.0,0.0,0.0,0.0,0.0,1.0
S5,R3,PZ041,8,0.0,0.0,0.0,0.0,0.0,0.0,0.0,0.0,1.0
S5,R3,PZ041,9,0.0,0.0,0.0,0.0,0.0,0.0,0.0,0.0,1.0
S5,R3,PZ041,10,1968.6173920279389,0.0,0.0,1968.6173920279389,0.0,-0.0,0.0,0.0,1.0
S5,R3,PZ041,11,1968.6173920279439,1.0140581454736586,0.0,1969.6314501734175,0.0,-0.0,0.0,0.0,1.0
S5,R3,PZ041,12,1968.6173920279389,5.767484806132244,0.0,1974.384876834071,0.0,-0.0,0.0,0.0,1.0
S5,R3,PZ041,13,1968.6173920279389,11.741118617885714,0.0,1980.3585106458245,0.0,-0.0,0.0,0.0,1.0
S5,R3,PZ041,14,1968.6173920279389,16.248085930673387,0.0,1984.8654779586122,0.0,-0.0,0.0,0.0,1.0
S5,R3,PZ041,15,1968.6173920279389,19.007543236991765,0.0,1987.6249352649306,0.0,-0.0,0.0,0.0,1.0
S5,R3,PZ041,16,1968.6173920279389,20.68315489816575,0.0,1989.3005469261045,0.0,-0.0,0.0,0.0,1.0
S5,R3,PZ041,17,1968.6173920279389,20.77047164186023,0.0,1989.3878636697991,0.0,-0.0,0.0,0.0,1.0
S5,R3,PZ041,18,0.0,19.412408260103604,0.0,19.412408260103604,0.0,-0.0,0.0,0.0,1.0
S5,R3,PZ041,19,0.0,15.989670981621929,0.0,15.989670981621929,0.0,-0.0,0.0,0.0,1.0
S5,R3,PZ041,20,0.0,11.442532804937494,0.0,11.442532804937494,0.0,-0.0,0.0,0.0,1.0
S5,R3,PZ041,21,1968.6173920279361,5.784602204625699,0.0,1974.401994232562,0.0,-0.0,0.0,0.0,1.0
S5,R3,PZ041,22,1968.6173920279389,0.8932039965568919,0.0,1969.5105960244957,0.0,-0.0,0.0,0.0,1.0
S5,R3,PZ041,23,1968.6173920279389,0.0,0.0,1968.6173920279389,0.0,-0.0,0.0,0.0,1.0
S5,R3,PZ047,0,2332.566666666667,0.0,0.0,2332.566666666667,0.0,-0.0,0.0,0.0,1.0
S5,R3,PZ047,1,2332.5666666666666,0.0,0.0,2332.5666666666666,0.0,-0.0,0.0,0.0,1.0
S5,R3,PZ047,2,2332.5666666666666,0.0,0.0,2332.5666666666666,0.0,-0.0,0.0,0.0,1.0
S5,R3,PZ047,3,2332.5666666666666,0.0,0.0,2332.5666666666666,0.0,-0.0,0.0,0.0,1.0
S5,R3,PZ047,4,2332.5666666666666,0.0,0.0,2332.5666666666666,0.0,-0.0,0.0,0.0,1.0
S5,R3,PZ047,5,2332.5666666666666,0.0,0.0,2332.5666666666666,0.0,-0.0,0.0,0.0,1.0
S5,R3,PZ047,6,0.0,0.0,0.0,0.0,0.0,0.0,0.0,0.0,1.0
S5,R3,PZ047,7,0.0,0.0,0.0,0.0,0.0,0.0,0.0,0.0,1.0
S5,R3,PZ047,8,0.0,0.0,0.0,0.0,0.0,0.0,0.0,0.0,1.0
S5,R3,PZ047,9,0.0,0.0,0.0,0.0,0.0,0.0,0.0,0.0,1.0
S5,R3,PZ047,10,2332.5666666666666,0.0,0.0,2332.5666666666666,0.0,-0.0,0.0,0.0,1.0
S5,R3,PZ047,11,2332.5666666666666,0.0,0.0,2332.5666666666666,0.0,-0.0,0.0,0.0,1.0
S5,R3,PZ047,12,2332.5666666666666,0.0,0.0,2332.5666666666666,0.0,-0.0,0.0,0.0,1.0
S5,R3,PZ047,13,2332.5666666666666,0.0,0.0,2332.5666666666666,0.0,-0.0,0.0,0.0,1.0
S5,R3,PZ047,14,2332.5666666666666,0.0,0.0,2332.5666666666666,0.0,-0.0,0.0,0.0,1.0
S5,R3,PZ047,15,2332.5666666666666,0.0,0.0,2332.5666666666666,0.0,-0.0,0.0,0.0,1.0
S5,R3,PZ047,16,0.0,0.0,0.0,0.0,0.0,0.0,0.0,0.0,1.0
S5,R3,PZ047,17,0.0,0.0,0.0,0.0,0.0,0.0,0.0,0.0,1.0
S5,R3,PZ047,18,0.0,0.0,0.0,-0.0,0.0,-0.0,0.0,0.0,1.0
S5,R3,PZ047,19,0.0,0.0,0.0,-0.0,0.0,-0.0,0.0,0.0,1.0
S5,R3,PZ047,20,0.0,0.0,0.0,-0.0,0.0,-0.0,0.0,0.0,1.0
S5,R3,PZ047,21,2332.566666666667,0.0,0.0,2332.566666666667,0.0,-0.0,0.0,0.0,1.0
S5,R3,PZ047,22,2332.5666666666666,0.0,0.0,2332.5666666666666,0.0,-0.0,0.0,0.0,1.0
S5,R3,PZ047,23,2332.5666666666666,0.0,0.0,2332.5666666666666,0.0,-0.0,0.0,0.0,1.0
S5,R3,PZ048,0,2775.266666666667,0.0,0.0,2775.266666666667,0.0,-0.0,0.0,0.0,1.0
S5,R3,PZ048,1,2775.266666666666,0.0,0.0,2775.266666666666,0.0,-0.0,0.0,0.0,1.0
S5,R3,PZ048,2,2775.266666666666,0.0,0.0,2775.266666666666,0.0,-0.0,0.0,0.0,1.0
S5,R3,PZ048,3,2775.266666666666,0.0,0.0,2775.266666666666,0.0,-0.0,0.0,0.0,1.0
S5,R3,PZ048,4,2775.266666666666,0.0,0.0,2775.266666666666,0.0,-0.0,0.0,0.0,1.0
S5,R3,PZ048,5,2775.266666666666,0.0,0.0,2775.266666666666,0.0,-0.0,0.0,0.0,1.0
S5,R3,PZ048,6,0.0,0.0,0.0,0.0,0.0,0.0,0.0,0.0,1.0
S5,R3,PZ048,7,0.0,0.0,0.0,0.0,0.0,0.0,0.0,0.0,1.0
S5,R3,PZ048,8,0.0,0.0,0.0,0.0,0.0,0.0,0.0,0.0,1.0
S5,R3,PZ048,9,0.0,0.0,0.0,0.0,0.0,0.0,0.0,0.0,1.0
S5,R3,PZ048,10,2775.266666666666,0.0,0.0,2775.266666666666,0.0,-0.0,0.0,0.0,1.0
S5,R3,PZ048,11,2775.266666666666,0.0,0.0,2775.266666666666,0.0,-0.0,0.0,0.0,1.0
S5,R3,PZ048,12,2775.266666666666,0.0,0.0,2775.266666666666,0.0,-0.0,0.0,0.0,1.0
S5,R3,PZ048,13,2775.266666666666,0.0,0.0,2775.266666666666,0.0,-0.0,0.0,0.0,1.0
S5,R3,PZ048,14,2775.266666666666,0.0,0.0,2775.266666666666,0.0,-0.0,0.0,0.0,1.0
S5,R3,PZ048,15,2775.266666666666,0.0,0.0,2775.266666666666,0.0,-0.0,0.0,0.0,1.0
S5,R3,PZ048,16,0.0,0.0,0.0,0.0,0.0,0.0,0.0,0.0,1.0
S5,R3,PZ048,17,0.0,0.0,0.0,0.0,0.0,0.0,0.0,0.0,1.0
S5,R3,PZ048,18,0.0,0.0,0.0,-0.0,0.0,-0.0,0.0,0.0,1.0
S5,R3,PZ048,19,0.0,0.0,0.0,-0.0,0.0,-0.0,0.0,0.0,1.0
S5,R3,PZ048,20,0.0,0.0,0.0,-0.0,0.0,-0.0,0.0,0.0,1.0
S5,R3,PZ048,21,2775.2666666666673,0.0,0.0,2775.2666666666673,0.0,-0.0,0.0,0.0,1.0
S5,R3,PZ048,22,2775.266666666666,0.0,0.0,2775.266666666666,0.0,-0.0,0.0,0.0,1.0
S5,R3,PZ048,23,2775.266666666666,0.0,0.0,2775.266666666666,0.0,-0.0,0.0,0.0,1.0
S5,R3,PZ049,0,2537.766666666667,0.0,0.0,2537.766666666667,0.0,-0.0,0.0,0.0,1.0
S5,R3,PZ049,1,2537.766666666666,0.0,0.0,2537.766666666666,0.0,-0.0,0.0,0.0,1.0
S5,R3,PZ049,2,2537.766666666666,0.0,0.0,2537.766666666666,0.0,-0.0,0.0,0.0,1.0
S5,R3,PZ049,3,2537.766666666666,0.0,0.0,2537.766666666666,0.0,-0.0,0.0,0.0,1.0
S5,R3,PZ049,4,2537.766666666666,0.0,0.0,2537.766666666666,0.0,-0.0,0.0,0.0,1.0
S5,R3,PZ049,5,2537.766666666666,0.0,0.0,2537.766666666666,0.0,-0.0,0.0,0.0,1.0
S5,R3,PZ049,6,0.0,0.0,0.0,0.0,0.0,0.0,0.0,0.0,1.0
S5,R3,PZ049,7,0.0,0.0,0.0,0.0,0.0,0.0,0.0,0.0,1.0
S5,R3,PZ049,8,0.0,0.0,0.0,0.0,0.0,0.0,0.0,0.0,1.0
S5,R3,PZ049,9,0.0,0.0,0.0,0.0,0.0,0.0,0.0,0.0,1.0
S5,R3,PZ049,10,2537.766666666666,0.0,0.0,2537.766666666666,0.0,-0.0,0.0,0.0,1.0
S5,R3,PZ049,11,2537.766666666666,0.0,0.0,2537.766666666666,0.0,-0.0,0.0,0.0,1.0
S5,R3,PZ049,12,2537.766666666666,0.0,0.0,2537.766666666666,0.0,-0.0,0.0,0.0,1.0
S5,R3,PZ049,13,2537.766666666666,0.0,0.0,2537.766666666666,0.0,-0.0,0.0,0.0,1.0
S5,R3,PZ049,14,2537.766666666666,0.0,0.0,2537.766666666666,0.0,-0.0,0.0,0.0,1.0
S5,R3,PZ049,15,2537.766666666667,0.0,0.0,2537.766666666667,0.0,-0.0,0.0,0.0,1.0
S5,R3,PZ049,16,0.0,0.0,0.0,0.0,0.0,0.0,0.0,0.0,1.0
S5,R3,PZ049,17,0.0,0.0,0.0,0.0,0.0,0.0,0.0,0.0,1.0
S5,R3,PZ049,18,0.0,0.0,0.0,-0.0,0.0,-0.0,0.0,0.0,1.0
S5,R3,PZ049,19,0.0,0.0,0.0,-0.0,0.0,-0.0,0.0,0.0,1.0
S5,R3,PZ049,20,0.0,0.0,0.0,-0.0,0.0,-0.0,0.0,0.0,1.0
S5,R3,PZ049,21,2537.766666666666,0.0,0.0,2537.766666666666,0.0,-0.0,0.0,0.0,1.0
S5,R3,PZ049,22,2537.766666666666,0.0,0.0,2537.766666666666,0.0,-0.0,0.0,0.0,1.0
S5,R3,PZ049,23,2537.766666666666,0.0,0.0,2537.766666666666,0.0,-0.0,0.0,0.0,1.0
S5,R3,PZ050,0,3110.2999999999997,0.0,0.0,3110.2999999999997,0.0,-0.0,0.0,0.0,1.0
S5,R3,PZ050,1,3110.2999999999997,0.0,0.0,3110.2999999999997,0.0,-0.0,0.0,0.0,1.0
S5,R3,PZ050,2,3110.2999999999997,0.0,0.0,3110.2999999999997,0.0,-0.0,0.0,0.0,1.0
S5,R3,PZ050,3,3110.2999999999997,0.0,0.0,3110.2999999999997,0.0,-0.0,0.0,0.0,1.0
S5,R3,PZ050,4,3110.2999999999997,0.0,0.0,3110.2999999999997,0.0,-0.0,0.0,0.0,1.0
S5,R3,PZ050,5,3110.2999999999997,0.0,0.0,3110.2999999999997,0.0,-0.0,0.0,0.0,1.0
S5,R3,PZ050,6,0.0,0.0,0.0,0.0,0.0,0.0,0.0,0.0,1.0
S5,R3,PZ050,7,0.0,0.0,0.0,0.0,0.0,0.0,0.0,0.0,1.0
S5,R3,PZ050,8,0.0,0.0,0.0,0.0,0.0,0.0,0.0,0.0,1.0
S5,R3,PZ050,9,-4.547473508864641e-13,0.0,0.0,0.0,-4.547473508864641e-13,0.0,0.0,0.0,1.0
S5,R3,PZ050,10,3110.2999999999997,0.0,0.0,3110.2999999999993,0.0,-4.1040948417503385e-13,-4.320099833421409e-13,0.0,1.0
S5,R3,PZ050,11,3110.2999999999997,-0.0,0.0,3110.2999999999997,0.0,-0.0,0.0,0.0,1.0
S5,R3,PZ050,12,3110.2999999999997,-0.0,0.0,3110.2999999999997,0.0,-0.0,0.0,0.0,1.0
S5,R3,PZ050,13,3110.2999999999997,-0.0,0.0,3110.2999999999997,0.0,-0.0,0.0,0.0,1.0
S5,R3,PZ050,14,3110.2999999999997,-0.0,0.0,3110.2999999999997,0.0,-0.0,0.0,0.0,1.0
S5,R3,PZ050,15,3110.300000000001,-0.0,0.0,3110.300000000001,0.0,-0.0,0.0,0.0,1.0
S5,R3,PZ050,16,0.0,-0.0,0.0,0.0,0.0,0.0,0.0,0.0,1.0
S5,R3,PZ050,17,0.0,-0.0,0.0,0.0,0.0,0.0,0.0,0.0,1.0
S5,R3,PZ050,18,0.0,-0.0,0.0,-0.0,0.0,-0.0,-0.0,0.0,1.0
S5,R3,PZ050,19,0.0,-0.0,0.0,-0.0,0.0,-0.0,0.0,0.0,1.0
S5,R3,PZ050,20,0.0,-0.0,0.0,-0.0,0.0,-0.0,0.0,0.0,1.0
S5,R3,PZ050,21,3110.2999999999997,-0.0,0.0,3110.2999999999997,0.0,-0.0,0.0,0.0,1.0
S5,R3,PZ050,22,3110.2999999999997,-0.0,0.0,3110.2999999999997,0.0,-0.0,0.0,0.0,1.0
S5,R3,PZ050,23,3110.2999999999997,0.0,0.0,3110.2999999999997,0.0,-0.0,0.0,0.0,1.0
S5,R3,PZ052,0,2719.5333333333333,0.0,0.0,2719.5333333333333,0.0,-0.0,0.0,0.0,1.0
S5,R3,PZ052,1,2719.5333333333333,0.0,0.0,2719.5333333333333,0.0,-0.0,0.0,0.0,1.0
S5,R3,PZ052,2,2719.5333333333333,0.0,0.0,2719.5333333333333,0.0,-0.0,0.0,0.0,1.0
S5,R3,PZ052,3,2719.5333333333333,0.0,0.0,2719.5333333333333,0.0,-0.0,0.0,0.0,1.0
S5,R3,PZ052,4,2719.5333333333333,0.0,0.0,2719.5333333333333,0.0,-0.0,0.0,0.0,1.0
S5,R3,PZ052,5,2719.5333333333333,0.0,0.0,2719.5333333333333,0.0,-0.0,0.0,0.0,1.0
S5,R3,PZ052,6,0.0,0.0,0.0,0.0,0.0,0.0,0.0,0.0,1.0
S5,R3,PZ052,7,0.0,0.0,0.0,0.0,0.0,0.0,0.0,0.0,1.0
S5,R3,PZ052,8,0.0,0.0,0.0,0.0,0.0,0.0,0.0,0.0,1.0
S5,R3,PZ052,9,-0.0,0.0,0.0,0.0,0.0,0.0,0.0,0.0,1.0
S5,R3,PZ052,10,2719.5333333333333,0.0,0.0,2719.5333333333333,0.0,-0.0,0.0,0.0,1.0
S5,R3,PZ052,11,2719.5333333333333,-0.0,0.0,2719.5333333333333,0.0,-0.0,0.0,0.0,1.0
S5,R3,PZ052,12,2719.5333333333333,-0.0,0.0,2719.5333333333333,0.0,-0.0,0.0,0.0,1.0
S5,R3,PZ052,13,2719.5333333333333,-0.0,0.0,2719.5333333333333,0.0,-0.0,0.0,0.0,1.0
S5,R3,PZ052,14,2719.5333333333333,-0.0,0.0,2719.5333333333333,0.0,-0.0,0.0,0.0,1.0
S5,R3,PZ052,15,2719.5333333333333,-0.0,0.0,2719.5333333333333,0.0,-0.0,0.0,0.0,1.0
S5,R3,PZ052,16,0.0,-0.0,0.0,0.0,0.0,0.0,0.0,0.0,1.0
S5,R3,PZ052,17,0.0,-0.0,0.0,0.0,0.0,0.0,0.0,0.0,1.0
S5,R3,PZ052,18,0.0,-0.0,0.0,-0.0,0.0,-0.0,-0.0,0.0,1.0
S5,R3,PZ052,19,0.0,-0.0,0.0,-0.0,0.0,-0.0,0.0,0.0,1.0
S5,R3,PZ052,20,0.0,-0.0,0.0,-0.0,0.0,-0.0,0.0,0.0,1.0
S5,R3,PZ052,21,2719.533333333336,-0.0,0.0,2719.533333333336,0.0,-0.0,0.0,0.0,1.0
S5,R3,PZ052,22,2719.5333333333333,-0.0,0.0,2719.5333333333333,0.0,-0.0,0.0,0.0,1.0
S5,R3,PZ052,23,2719.5333333333333,0.0,0.0,2719.5333333333333,0.0,-0.0,0.0,0.0,1.0
S5,R4,PZ001,0,1565.1999999999962,0.0,0.0,1565.1999999999962,0.0,-0.0,0.0,0.0,1.0
S5,R4,PZ001,1,1565.1999999999998,0.0,0.0,1565.1999999999998,0.0,-0.0,0.0,0.0,1.0
S5,R4,PZ001,2,1565.1999999999998,0.0,0.0,1565.1999999999998,0.0,-0.0,0.0,0.0,1.0
S5,R4,PZ001,3,1565.1999999999998,0.0,0.0,1565.1999999999998,0.0,-0.0,0.0,0.0,1.0
S5,R4,PZ001,4,1565.1999999999998,0.0,0.0,1565.1999999999998,0.0,-0.0,0.0,0.0,1.0
S5,R4,PZ001,5,1565.1999999999998,0.0,0.0,1565.1999999999998,0.0,-0.0,0.0,0.0,1.0
S5,R4,PZ001,6,0.0,0.0,0.0,0.0,0.0,0.0,0.0,0.0,1.0
S5,R4,PZ001,7,0.0,0.0,0.0,0.0,0.0,0.0,0.0,0.0,1.0
S5,R4,PZ001,8,1.0077503620752668e-12,0.0,0.0,0.0,1.0077503620752668e-12,0.0,0.0,0.0,1.0
S5,R4,PZ001,9,-0.0,0.0,0.0,0.0,0.0,0.0,9.573628439715034e-13,0.0,1.0
S5,R4,PZ001,10,1565.1999999999998,0.0,0.0,1565.2000000000007,0.0,9.094947017729282e-13,9.573628439715034e-13,0.0,1.0
S5,R4,PZ001,11,1565.1999999999998,-0.0,0.0,1565.1999999999998,0.0,-0.0,0.0,0.0,1.0
S5,R4,PZ001,12,1565.1999999999998,-0.0,0.0,1565.1999999999998,0.0,-0.0,0.0,0.0,1.0
S5,R4,PZ001,13,1565.1999999999962,-0.0,0.0,1565.1999999999962,0.0,-0.0,0.0,0.0,1.0
S5,R4,PZ001,14,1565.1999999999998,-0.0,0.0,1565.1999999999998,0.0,-0.0,0.0,0.0,1.0
S5,R4,PZ001,15,1565.1999999999998,-0.0,0.0,1565.1999999999998,0.0,-4.141131881851833e-14,0.0,0.0,1.0
S5,R4,PZ001,16,0.0,8.183052319267846e-13,0.0,0.0,8.183052319267846e-13,0.0,0.0,0.0,1.0
S5,R4,PZ001,17,0.0,-0.0,0.0,0.0,0.0,0.0,7.773899703304454e-13,0.0,1.0
S5,R4,PZ001,18,0.0,-0.0,0.0,-0.0,0.0,-0.0,7.773899703304454e-13,0.0,1.0
S5,R4,PZ001,19,0.0,-0.0,0.0,7.385204718139232e-13,0.0,7.385204718139232e-13,7.773899703304454e-13,0.0,1.0
S5,R4,PZ001,20,0.0,-0.0,0.0,-0.0,0.0,-0.0,0.0,0.0,1.0
S5,R4,PZ001,21,1565.2,-0.0,0.0,1565.2,0.0,-0.0,0.0,0.0,1.0
S5,R4,PZ001,22,1565.1999999999998,-0.0,0.0,1565.1999999999998,0.0,-0.0,0.0,0.0,1.0
S5,R4,PZ001,23,1565.1999999999998,0.0,0.0,1565.1999999999998,0.0,-0.0,0.0,0.0,1.0
S5,R4,PZ006,0,223.6,0.0,0.0,223.6,0.0,-0.0,0.0,0.0,1.0
S5,R4,PZ006,1,223.6,0.0,0.0,223.6,0.0,-0.0,0.0,0.0,1.0
S5,R4,PZ006,2,223.6,0.0,0.0,223.6,0.0,-0.0,0.0,0.0,1.0
S5,R4,PZ006,3,223.60000000000005,0.0,0.0,223.60000000000005,0.0,-0.0,0.0,0.0,1.0
S5,R4,PZ006,4,223.6,0.0,0.0,223.6,0.0,-0.0,0.0,0.0,1.0
S5,R4,PZ006,5,223.6,0.0,0.0,223.6,0.0,-0.0,0.0,0.0,1.0
S5,R4,PZ006,6,0.0,0.0,0.0,0.0,0.0,0.0,0.0,0.0,1.0
S5,R4,PZ006,7,0.0,0.0,0.0,0.0,0.0,0.0,0.0,0.0,1.0
S5,R4,PZ006,8,9.447659644455626e-14,0.0,0.0,0.0,9.447659644455626e-14,0.0,0.0,0.0,1.0
S5,R4,PZ006,9,-0.0,0.0,0.0,0.0,0.0,0.0,8.975276662232845e-14,0.0,1.0
S5,R4,PZ006,10,223.6,0.0,0.0,223.60000000000008,0.0,8.526512829121202e-14,8.975276662232845e-14,0.0,1.0
S5,R4,PZ006,11,223.6,-0.0,0.0,223.6,0.0,-0.0,-0.0,0.0,1.0
S5,R4,PZ006,12,223.60000000000068,-0.0,0.0,223.60000000000068,0.0,-0.0,-0.0,0.0,1.0
S5,R4,PZ006,13,223.6,-0.0,0.0,223.6,0.0,-0.0,-0.0,0.0,1.0
S5,R4,PZ006,14,223.6,-0.0,0.0,223.6,0.0,-0.0,0.0,0.0,1.0
S5,R4,PZ006,15,223.6,-0.0,0.0,223.6,0.0,-0.0,0.0,0.0,1.0
S5,R4,PZ006,16,0.0,-0.0,0.0,0.0,0.0,0.0,0.0,0.0,1.0
S5,R4,PZ006,17,0.0,9.447659644455625e-14,0.0,0.0,9.447659644455626e-14,0.0,0.0,0.0,1.0
S5,R4,PZ006,18,0.0,-0.0,0.0,8.526512829121202e-14,0.0,8.526512829121202e-14,8.975276662232845e-14,0.0,1.0
S5,R4,PZ006,19,0.0,-0.0,0.0,-0.0,0.0,-0.0,0.0,0.0,1.0
S5,R4,PZ006,20,0.0,-0.0,0.0,-0.0,0.0,-0.0,0.0,0.0,1.0
S5,R4,PZ006,21,223.6,-0.0,0.0,223.6,0.0,-0.0,0.0,0.0,1.0
S5,R4,PZ006,22,223.6,-0.0,0.0,223.6,0.0,-0.0,0.0,0.0,1.0
S5,R4,PZ006,23,223.6,0.0,0.0,223.6,0.0,-0.0,0.0,0.0,1.0
S5,R4,PZ039,0,1733.4375,0.0,0.0,1733.4375,0.0,-0.0,0.0,0.0,1.0
S5,R4,PZ039,1,1733.4375,0.0,0.0,1733.4375,0.0,-0.0,0.0,0.0,1.0
S5,R4,PZ039,2,1733.4375,0.0,0.0,1733.4375,0.0,-0.0,0.0,0.0,1.0
S5,R4,PZ039,3,1733.4375,0.0,0.0,1733.4375,0.0,-0.0,0.0,0.0,1.0
S5,R4,PZ039,4,1733.4375,0.0,0.0,1733.4375,0.0,-0.0,0.0,0.0,1.0
S5,R4,PZ039,5,1733.4375,0.0,0.0,1733.4375,0.0,-0.0,0.0,0.0,1.0
S5,R4,PZ039,6,0.0,0.0,0.0,0.0,0.0,0.0,0.0,0.0,1.0
S5,R4,PZ039,7,0.0,0.0,0.0,0.0,0.0,0.0,0.0,0.0,1.0
S5,R4,PZ039,8,-0.0,0.0,0.0,0.0,0.0,0.0,0.0,0.0,1.0
S5,R4,PZ039,9,1733.4375,0.0,0.0,1733.4375,0.0,-0.0,0.0,0.0,1.0
S5,R4,PZ039,10,1733.4375,0.0,0.0,1733.4375,0.0,-0.0,0.0,0.0,1.0
S5,R4,PZ039,11,1733.4375,-0.0,0.0,1733.4375,0.0,-0.0,0.0,0.0,1.0
S5,R4,PZ039,12,1733.4375,-0.0,0.0,1733.4375,0.0,-0.0,0.0,0.0,1.0
S5,R4,PZ039,13,1733.4375,-0.0,0.0,1733.4375,0.0,-0.0,0.0,0.0,1.0
S5,R4,PZ039,14,1733.4375,-0.0,0.0,1733.4375,0.0,-0.0,0.0,0.0,1.0
S5,R4,PZ039,15,1733.4375,-0.0,0.0,1733.4375,0.0,-0.0,0.0,0.0,1.0
S5,R4,PZ039,16,0.0,-0.0,0.0,0.0,0.0,0.0,0.0,0.0,1.0
S5,R4,PZ039,17,0.0,-0.0,0.0,0.0,0.0,0.0,0.0,0.0,1.0
S5,R4,PZ039,18,0.0,-0.0,0.0,-0.0,0.0,-0.0,-0.0,0.0,1.0
S5,R4,PZ039,19,0.0,-0.0,0.0,-0.0,0.0,-0.0,0.0,0.0,1.0
S5,R4,PZ039,20,0.0,-0.0,0.0,-0.0,0.0,-0.0,0.0,0.0,1.0
S5,R4,PZ039,21,1733.4375,-0.0,0.0,1733.4375,0.0,-0.0,0.0,0.0,1.0
S5,R4,PZ039,22,1733.4375,-0.0,0.0,1733.4375,0.0,-0.0,0.0,0.0,1.0
S5,R4,PZ039,23,1733.4375,0.0,0.0,1733.4375,0.0,-0.0,0.0,0.0,1.0
S5,R4,PZ040,0,1930.3999999999999,0.0,0.0,1930.3999999999999,0.0,-0.0,0.0,0.0,1.0
S5,R4,PZ040,1,1930.3999999999999,0.0,0.0,1930.3999999999999,0.0,-0.0,0.0,0.0,1.0
S5,R4,PZ040,2,1930.3999999999999,0.0,0.0,1930.3999999999999,0.0,-0.0,0.0,0.0,1.0
S5,R4,PZ040,3,1930.400000000003,0.0,0.0,1930.400000000003,0.0,-0.0,0.0,0.0,1.0
S5,R4,PZ040,4,1930.3999999999999,0.0,0.0,1930.3999999999999,0.0,-0.0,0.0,0.0,1.0
S5,R4,PZ040,5,1930.3999999999999,0.0,0.0,1930.3999999999999,0.0,-0.0,0.0,0.0,1.0
S5,R4,PZ040,6,0.0,0.0,0.0,0.0,0.0,0.0,0.0,0.0,1.0
S5,R4,PZ040,7,0.0,0.0,0.0,0.0,0.0,0.0,0.0,0.0,1.0
S5,R4,PZ040,8,7.558127715564501e-13,0.0,0.0,0.0,7.558127715564501e-13,0.0,0.0,0.0,1.0
S5,R4,PZ040,9,-0.0,0.0,0.0,0.0,0.0,0.0,7.180221329786276e-13,0.0,1.0
S5,R4,PZ040,10,1930.3999999999999,0.0,0.0,1930.400000000001,0.0,1.1722878223707761e-12,7.180221329786276e-13,0.0,1.0
S5,R4,PZ040,11,1930.3999999999999,-0.0,0.0,1930.3999999999999,0.0,-0.0,-5.159650484642946e-13,0.0,1.0
S5,R4,PZ040,12,1930.3999999999926,-0.0,0.0,1930.3999999999926,0.0,-0.0,-5.159650484642946e-13,0.0,1.0
S5,R4,PZ040,13,1930.3999999999999,-0.0,0.0,1930.3999999999994,0.0,-4.901667960410799e-13,-5.159650484642946e-13,0.0,1.0
S5,R4,PZ040,14,1930.3999999999999,-0.0,0.0,1930.3999999999999,0.0,-0.0,0.0,0.0,1.0
S5,R4,PZ040,15,1930.3999999999999,-0.0,0.0,1930.3999999999999,0.0,-0.0,0.0,0.0,1.0
S5,R4,PZ040,16,0.0,-0.0,0.0,0.0,0.0,0.0,0.0,0.0,1.0
S5,R4,PZ040,17,0.0,7.5581277155645e-13,0.0,0.0,7.558127715564501e-13,0.0,0.0,0.0,1.0
S5,R4,PZ040,18,0.0,-0.0,0.0,6.821210263296962e-13,0.0,6.821210263296962e-13,7.180221329786276e-13,0.0,1.0
S5,R4,PZ040,19,0.0,-0.0,0.0,-0.0,0.0,-0.0,0.0,0.0,1.0
S5,R4,PZ040,20,0.0,-0.0,0.0,-0.0,0.0,-0.0,0.0,0.0,1.0
S5,R4,PZ040,21,1930.4,-0.0,0.0,1930.4,0.0,-0.0,0.0,0.0,1.0
S5,R4,PZ040,22,1930.3999999999999,-0.0,0.0,1930.3999999999999,0.0,-0.0,0.0,0.0,1.0
S5,R4,PZ040,23,1930.3999999999999,0.0,0.0,1930.3999999999999,0.0,-0.0,0.0,0.0,1.0
S5,R4,PZ041,0,-0.0,0.0,0.0,-0.0,0.0,-0.0,0.0,0.0,1.0
S5,R4,PZ041,1,-0.0,0.0,0.0,-0.0,0.0,-0.0,0.0,0.0,1.0
S5,R4,PZ041,2,-0.0,0.0,0.0,-0.0,0.0,-0.0,0.0,0.0,1.0
S5,R4,PZ041,3,-2.8829367282318338e-12,0.0,0.0,-2.8829367282318338e-12,0.0,-0.0,0.0,0.0,1.0
S5,R4,PZ041,4,-0.0,0.0,0.0,-0.0,0.0,-0.0,0.0,0.0,1.0
S5,R4,PZ041,5,-0.0,0.0,0.0,-0.0,0.0,-0.0,0.0,0.0,1.0
S5,R4,PZ041,6,0.0,0.0,0.0,0.0,0.0,0.0,0.0,0.0,1.0
S5,R4,PZ041,7,0.0,0.0,0.0,0.0,0.0,0.0,0.0,0.0,1.0
S5,R4,PZ041,8,0.0,0.0,0.0,0.0,0.0,0.0,0.0,0.0,1.0
S5,R4,PZ041,9,0.0,0.0,0.0,0.0,0.0,0.0,0.0,0.0,1.0
S5,R4,PZ041,10,-0.0,0.0,0.0,-2.2298191071357113e-12,0.0,-2.2298191071357113e-12,-2.347178007511275e-12,0.0,1.0
S5,R4,PZ041,11,-2.6618667769989543e-12,229.15512313856578,0.0,229.1551231385631,0.0,-0.0,0.0,0.0,1.0
S5,R4,PZ041,12,-0.0,1303.326339666361,0.0,1303.326339666361,0.0,-0.0,0.0,0.0,1.0
S5,R4,PZ041,13,-0.0,2653.237878592632,0.0,2653.237878592632,0.0,-0.0,0.0,0.0,1.0
S5,R4,PZ041,14,0.0,3671.7146337504337,0.0,3671.7146337504337,0.0,-0.0,0.0,0.0,1.0
S5,R4,PZ041,15,0.0,4295.29207025891,0.0,4295.29207025891,0.0,-0.0,-0.0,0.0,1.0
S5,R4,PZ041,16,0.0,4673.943923964389,0.0,4673.943923964389,0.0,-0.0,0.0,0.0,1.0
S5,R4,PZ041,17,0.0,4693.675612174458,0.0,4693.675612174458,0.0,-0.0,0.0,0.0,1.0
S5,R4,PZ041,18,0.0,4386.782774849972,0.0,4386.782774849972,0.0,-0.0,0.0,0.0,1.0
S5,R4,PZ041,19,0.0,3613.31846609964,0.0,3613.3184660996385,0.0,-1.3642420526593924e-12,0.0,0.0,1.0
S5,R4,PZ041,20,0.0,2585.7639679110916,0.0,2585.7639679110894,0.0,-2.2298191071357113e-12,-2.3471780075112747e-12,0.0,1.0
S5,R4,PZ041,21,0.0,1307.1945000643502,0.0,1307.1945000643502,0.0,-0.0,0.0,0.0,1.0
S5,R4,PZ041,22,0.0,201.84470952920378,0.0,201.84470952920378,0.0,-0.0,0.0,0.0,1.0
S5,R4,PZ041,23,-0.0,0.0,0.0,-0.0,0.0,-0.0,0.0,0.0,1.0
S5,R4,PZ047,0,2332.566666666667,0.0,0.0,2332.566666666667,0.0,-0.0,0.0,0.0,1.0
S5,R4,PZ047,1,2332.5666666666702,0.0,0.0,2332.5666666666702,0.0,-0.0,0.0,0.0,1.0
S5,R4,PZ047,2,2332.566666666667,0.0,0.0,2332.566666666667,0.0,-0.0,0.0,0.0,1.0
S5,R4,PZ047,3,2332.566666666667,0.0,0.0,2332.566666666667,0.0,-0.0,0.0,0.0,1.0
S5,R4,PZ047,4,2332.566666666667,0.0,0.0,2332.566666666667,0.0,-0.0,0.0,0.0,1.0
S5,R4,PZ047,5,2332.566666666667,0.0,0.0,2332.566666666667,0.0,-0.0,0.0,0.0,1.0
S5,R4,PZ047,6,0.0,0.0,0.0,0.0,0.0,0.0,0.0,0.0,1.0
S5,R4,PZ047,7,0.0,0.0,0.0,0.0,0.0,0.0,0.0,0.0,1.0
S5,R4,PZ047,8,-4.092726157978177e-12,0.0,0.0,0.0,-4.092726157978177e-12,0.0,0.0,0.0,1.0
S5,R4,PZ047,9,4.547473508864641e-13,0.0,0.0,0.0,4.547473508864641e-13,0.0,-3.888089850079268e-12,0.0,1.0
S5,R4,PZ047,10,2332.566666666667,0.0,0.0,2332.566666666664,0.0,-3.283275873400271e-12,-3.456079866737127e-12,0.0,1.0
S5,R4,PZ047,11,2332.566666666667,-0.0,0.0,2332.566666666667,0.0,-0.0,0.0,0.0,1.0
S5,R4,PZ047,12,2332.5666666666666,-0.0,0.0,2332.5666666666666,0.0,-0.0,0.0,0.0,1.0
S5,R4,PZ047,13,2332.566666666667,-0.0,0.0,2332.566666666667,0.0,-0.0,0.0,0.0,1.0
S5,R4,PZ047,14,2332.566666666667,-0.0,0.0,2332.566666666667,0.0,-0.0,0.0,0.0,1.0
S5,R4,PZ047,15,2332.566666666667,-0.0,0.0,2332.5666666666684,0.0,1.4895379374380012e-12,0.0,0.0,1.0
S5,R4,PZ047,16,0.0,-0.0,0.0,0.0,0.0,0.0,0.0,0.0,1.0
S5,R4,PZ047,17,0.0,-0.0,0.0,0.0,-2.460236795245784e-12,0.0,0.0,0.0,1.0
S5,R4,PZ047,18,0.0,-0.0,0.0,-2.2203637077093202e-12,0.0,-2.22036370770932e-12,-2.3372249554834946e-12,0.0,1.0
S5,R4,PZ047,19,0.0,-0.0,0.0,-0.0,0.0,-0.0,0.0,0.0,1.0
S5,R4,PZ047,20,0.0,-0.0,0.0,-0.0,0.0,-0.0,0.0,0.0,1.0
S5,R4,PZ047,21,2332.566666666667,-0.0,0.0,2332.566666666667,0.0,-0.0,0.0,0.0,1.0
S5,R4,PZ047,22,2332.566666666667,-0.0,0.0,2332.566666666667,0.0,-0.0,0.0,0.0,1.0
S5,R4,PZ047,23,2332.566666666667,0.0,0.0,2332.566666666667,0.0,-0.0,0.0,0.0,1.0
S5,R4,PZ048,0,2775.2666666666587,0.0,0.0,2775.2666666666587,0.0,-0.0,0.0,0.0,1.0
S5,R4,PZ048,1,2775.266666666667,0.0,0.0,2775.266666666667,0.0,-0.0,0.0,0.0,1.0
S5,R4,PZ048,2,2775.266666666667,0.0,0.0,2775.266666666667,0.0,-0.0,0.0,0.0,1.0
S5,R4,PZ048,3,2775.266666666667,0.0,0.0,2775.266666666667,0.0,-0.0,0.0,0.0,1.0
S5,R4,PZ048,4,2775.266666666667,0.0,0.0,2775.266666666667,0.0,-0.0,0.0,0.0,1.0
S5,R4,PZ048,5,2775.266666666667,0.0,0.0,2775.266666666667,0.0,-0.0,0.0,0.0,1.0
S5,R4,PZ048,6,0.0,0.0,0.0,0.0,0.0,0.0,0.0,0.0,1.0
S5,R4,PZ048,7,0.0,0.0,0.0,0.0,0.0,0.0,0.0,0.0,1.0
S5,R4,PZ048,8,0.0,0.0,0.0,0.0,0.0,0.0,0.0,0.0,1.0
S5,R4,PZ048,9,-5.65700017088825e-13,0.0,0.0,0.0,-5.65700017088825e-13,0.0,0.0,0.0,1.0
S5,R4,PZ048,10,2775.266666666667,0.0,0.0,2775.266666666667,0.0,-0.0,-5.374150162343838e-13,0.0,1.0
S5,R4,PZ048,11,2775.266666666667,-0.0,0.0,2775.2666666666664,0.0,-5.105442654226647e-13,-5.374150162343838e-13,0.0,1.0
S5,R4,PZ048,12,2775.266666666667,-0.0,0.0,2775.266666666667,0.0,-0.0,0.0,0.0,1.0
S5,R4,PZ048,13,2775.2666666666705,-0.0,0.0,2775.2666666666705,0.0,-0.0,0.0,0.0,1.0
S5,R4,PZ048,14,2775.266666666667,-0.0,0.0,2775.266666666667,0.0,-0.0,0.0,0.0,1.0
S5,R4,PZ048,15,2775.2666666666696,-0.0,0.0,2775.2666666666696,0.0,-0.0,0.0,0.0,1.0
S5,R4,PZ048,16,0.0,-0.0,0.0,0.0,0.0,0.0,0.0,0.0,1.0
S5,R4,PZ048,17,0.0,-5.65700017088825e-13,0.0,0.0,-5.65700017088825e-13,0.0,0.0,0.0,1.0
S5,R4,PZ048,18,0.0,-0.0,0.0,-5.105442654226647e-13,0.0,-5.105442654226647e-13,-5.374150162343838e-13,0.0,1.0
S5,R4,PZ048,19,0.0,-0.0,0.0,-0.0,0.0,-0.0,0.0,0.0,1.0
S5,R4,PZ048,20,0.0,-0.0,0.0,-0.0,0.0,-0.0,0.0,0.0,1.0
S5,R4,PZ048,21,2775.2666666666664,-0.0,0.0,2775.2666666666664,0.0,-0.0,0.0,0.0,1.0
S5,R4,PZ048,22,2775.266666666667,-0.0,0.0,2775.266666666667,0.0,-0.0,0.0,0.0,1.0
S5,R4,PZ048,23,2775.266666666667,0.0,0.0,2775.266666666667,0.0,-0.0,0.0,0.0,1.0
S5,R4,PZ049,0,2537.7666666666664,0.0,0.0,2537.7666666666664,0.0,-0.0,0.0,0.0,1.0
S5,R4,PZ049,1,2537.7666666666664,0.0,0.0,2537.7666666666664,0.0,-0.0,0.0,0.0,1.0
S5,R4,PZ049,2,2537.7666666666732,0.0,0.0,2537.7666666666732,0.0,-0.0,0.0,0.0,1.0
S5,R4,PZ049,3,2537.7666666666664,0.0,0.0,2537.7666666666664,0.0,-0.0,0.0,0.0,1.0
S5,R4,PZ049,4,2537.766666666667,0.0,0.0,2537.766666666667,0.0,-0.0,0.0,0.0,1.0
S5,R4,PZ049,5,2537.7666666666664,0.0,0.0,2537.7666666666664,0.0,-0.0,0.0,0.0,1.0
S5,R4,PZ049,6,0.0,0.0,0.0,0.0,0.0,0.0,0.0,0.0,1.0
S5,R4,PZ049,7,0.0,0.0,0.0,0.0,0.0,0.0,0.0,0.0,1.0
S5,R4,PZ049,8,3.0783500050529686e-13,0.0,0.0,0.0,3.0783500050529686e-13,0.0,0.0,0.0,1.0
S5,R4,PZ049,9,-4.547473508864641e-13,0.0,0.0,0.0,-4.547473508864641e-13,0.0,3.193105039637582e-13,0.0,1.0
S5,R4,PZ049,10,2537.7666666666664,0.0,0.0,2537.7666666666664,0.0,-0.0,-1.1269947937838271e-13,0.0,1.0
S5,R4,PZ049,11,2537.7666666666664,-0.0,0.0,2537.7666666666664,0.0,-1.0706450540946358e-13,-1.1269947937838271e-13,0.0,1.0
S5,R4,PZ049,12,2537.766666666666,-0.0,0.0,2537.766666666666,0.0,-0.0,0.0,0.0,1.0
S5,R4,PZ049,13,2537.7666666666664,-0.0,0.0,2537.7666666666664,0.0,-0.0,0.0,0.0,1.0
S5,R4,PZ049,14,2537.7666666666664,-0.0,0.0,2537.7666666666664,0.0,-0.0,0.0,0.0,1.0
S5,R4,PZ049,15,2537.766666666666,-0.0,0.0,2537.766666666666,0.0,-0.0,0.0,0.0,1.0
S5,R4,PZ049,16,0.0,-0.0,0.0,0.0,0.0,0.0,0.0,0.0,1.0
S5,R4,PZ049,17,0.0,-0.0,0.0,0.0,0.0,0.0,0.0,0.0,1.0
S5,R4,PZ049,18,0.0,-0.0,0.0,-0.0,0.0,-0.0,-0.0,0.0,1.0
S5,R4,PZ049,19,0.0,-0.0,0.0,-0.0,0.0,-0.0,-0.0,0.0,1.0
S5,R4,PZ049,20,0.0,-0.0,0.0,-0.0,0.0,-0.0,0.0,0.0,1.0
S5,R4,PZ049,21,2537.7666666666687,-0.0,0.0,2537.7666666666687,0.0,-0.0,0.0,0.0,1.0
S5,R4,PZ049,22,2537.7666666666664,-0.0,0.0,2537.7666666666664,0.0,-0.0,0.0,0.0,1.0
S5,R4,PZ049,23,2537.7666666666687,0.0,0.0,2537.7666666666687,0.0,-0.0,0.0,0.0,1.0
S5,R4,PZ050,0,3110.2999999999997,0.0,0.0,3110.2999999999997,0.0,-0.0,0.0,0.0,1.0
S5,R4,PZ050,1,3110.2999999999997,0.0,0.0,3110.2999999999997,0.0,-0.0,0.0,0.0,1.0
S5,R4,PZ050,2,3110.2999999999997,0.0,0.0,3110.2999999999997,0.0,0.0,-0.0,0.0,1.0
S5,R4,PZ050,3,3110.2999999999997,0.0,0.0,3110.2999999999997,0.0,-0.0,0.0,0.0,1.0
S5,R4,PZ050,4,3110.2999999999997,0.0,0.0,3110.2999999999997,0.0,-0.0,0.0,0.0,1.0
S5,R4,PZ050,5,3110.2999999999956,0.0,0.0,3110.2999999999956,0.0,-0.0,0.0,0.0,1.0
S5,R4,PZ050,6,0.0,0.0,0.0,0.0,0.0,0.0,0.0,0.0,1.0
S5,R4,PZ050,7,0.0,0.0,0.0,0.0,0.0,0.0,0.0,0.0,1.0
S5,R4,PZ050,8,-4.547473508864641e-13,0.0,0.0,0.0,-4.547473508864641e-13,0.0,0.0,0.0,1.0
S5,R4,PZ050,9,-4.547473508864641e-13,0.0,0.0,0.0,-4.547473508864641e-13,0.0,-4.320099833421409e-13,0.0,1.0
S5,R4,PZ050,10,3110.2999999999997,0.0,0.0,3110.299999999999,0.0,-8.208189683500677e-13,-8.640199666842818e-13,0.0,1.0
S5,R4,PZ050,11,3110.2999999999997,-0.0,0.0,3110.2999999999997,0.0,-0.0,0.0,0.0,1.0
S5,R4,PZ050,12,3110.2999999999997,-0.0,0.0,3110.2999999999997,0.0,-0.0,0.0,0.0,1.0
S5,R4,PZ050,13,3110.2999999999984,-0.0,0.0,3110.2999999999984,0.0,-0.0,0.0,0.0,1.0
S5,R4,PZ050,14,3110.2999999999997,-0.0,0.0,3110.2999999999997,0.0,-0.0,0.0,0.0,1.0
S5,R4,PZ050,15,3110.300000000004,-0.0,0.0,3110.300000000004,0.0,-0.0,0.0,0.0,1.0
S5,R4,PZ050,16,0.0,-5.395482170206927e-13,0.0,0.0,-5.395482170206927e-13,0.0,0.0,0.0,1.0
S5,R4,PZ050,17,0.0,-0.0,0.0,0.0,0.0,0.0,-5.12570806169658e-13,0.0,1.0
S5,R4,PZ050,18,0.0,-0.0,0.0,-4.869422658611751e-13,0.0,-4.869422658611751e-13,-5.12570806169658e-13,0.0,1.0
S5,R4,PZ050,19,0.0,-0.0,0.0,-0.0,0.0,-0.0,0.0,0.0,1.0
S5,R4,PZ050,20,0.0,-0.0,0.0,-0.0,0.0,-0.0,0.0,0.0,1.0
S5,R4,PZ050,21,3110.300000000003,-0.0,0.0,3110.300000000003,0.0,-0.0,0.0,0.0,1.0
S5,R4,PZ050,22,3110.2999999999997,-0.0,0.0,3110.2999999999997,0.0,-0.0,0.0,0.0,1.0
S5,R4,PZ050,23,3110.2999999999997,0.0,0.0,3110.2999999999997,0.0,-0.0,0.0,0.0,1.0
S5,R4,PZ052,0,2719.5333333333338,0.0,0.0,2719.5333333333338,0.0,-0.0,0.0,0.0,1.0
S5,R4,PZ052,1,2719.533333333337,0.0,0.0,2719.533333333337,0.0,-0.0,0.0,0.0,1.0
S5,R4,PZ052,2,2719.5333333333338,0.0,0.0,2719.5333333333338,0.0,-0.0,0.0,0.0,1.0
S5,R4,PZ052,3,2719.5333333333338,0.0,0.0,2719.5333333333338,0.0,-0.0,0.0,0.0,1.0
S5,R4,PZ052,4,2719.5333333333338,0.0,0.0,2719.5333333333338,0.0,-0.0,0.0,0.0,1.0
S5,R4,PZ052,5,2719.5333333333338,0.0,0.0,2719.5333333333338,0.0,-0.0,0.0,0.0,1.0
S5,R4,PZ052,6,0.0,0.0,0.0,0.0,0.0,0.0,0.0,0.0,1.0
S5,R4,PZ052,7,0.0,0.0,0.0,0.0,0.0,0.0,0.0,0.0,1.0
S5,R4,PZ052,8,6.923887454283035e-14,0.0,0.0,0.0,6.923887454283035e-14,0.0,0.0,0.0,1.0
S5,R4,PZ052,9,4.547473508864641e-13,0.0,0.0,0.0,4.547473508864641e-13,0.0,-3.594163074425851e-13,0.0,1.0
S5,R4,PZ052,10,2719.5333333333338,0.0,0.0,2719.533333333334,0.0,-0.0,7.259367589955578e-14,0.0,1.0
S5,R4,PZ052,11,2719.533333333338,-0.0,0.0,2719.533333333338,0.0,6.8963992104578e-14,7.259367589955578e-14,0.0,1.0
S5,R4,PZ052,12,2719.5333333333338,-0.0,0.0,2719.5333333333338,0.0,-0.0,0.0,0.0,1.0
S5,R4,PZ052,13,2719.5333333333338,-0.0,0.0,2719.5333333333338,0.0,-0.0,0.0,0.0,1.0
S5,R4,PZ052,14,2719.5333333333338,-0.0,0.0,2719.5333333333338,0.0,-0.0,0.0,0.0,1.0
S5,R4,PZ052,15,2719.5333333333297,-0.0,0.0,2719.5333333333297,0.0,-0.0,0.0,0.0,1.0
S5,R4,PZ052,16,0.0,-0.0,0.0,0.0,0.0,0.0,0.0,0.0,1.0
S5,R4,PZ052,17,0.0,-0.0,0.0,0.0,0.0,0.0,0.0,0.0,1.0
S5,R4,PZ052,18,0.0,-0.0,0.0,-0.0,0.0,-0.0,-0.0,0.0,1.0
S5,R4,PZ052,19,0.0,-0.0,0.0,-0.0,0.0,-0.0,0.0,0.0,1.0
S5,R4,PZ052,20,0.0,-0.0,0.0,-0.0,0.0,-0.0,0.0,0.0,1.0
S5,R4,PZ052,21,2719.5333333333333,-0.0,0.0,2719.5333333333333,0.0,-0.0,0.0,0.0,1.0
S5,R4,PZ052,22,2719.5333333333338,-0.0,0.0,2719.5333333333338,0.0,-0.0,0.0,0.0,1.0
S5,R4,PZ052,23,2719.5333333333338,0.0,0.0,2719.5333333333338,0.0,-0.0,0.0,0.0,1.0
S5,R5,PZ001,0,1565.1999999999996,0.0,0.0,1565.1999999999996,0.0,-0.0,0.0,0.0,1.0
S5,R5,PZ001,1,1565.1999999999996,0.0,0.0,1565.1999999999996,0.0,-0.0,0.0,0.0,1.0
S5,R5,PZ001,2,1565.1999999999996,0.0,0.0,1565.1999999999996,0.0,-0.0,0.0,0.0,1.0
S5,R5,PZ001,3,1565.1999999999996,0.0,0.0,1565.1999999999996,0.0,-0.0,0.0,0.0,1.0
S5,R5,PZ001,4,1565.2000000000057,0.0,0.0,1565.2000000000057,0.0,-0.0,0.0,0.0,1.0
S5,R5,PZ001,5,1565.1999999999996,0.0,0.0,1565.1999999999996,0.0,-0.0,0.0,0.0,1.0
S5,R5,PZ001,6,0.0,0.0,0.0,0.0,0.0,0.0,0.0,0.0,1.0
S5,R5,PZ001,7,0.0,0.0,0.0,0.0,0.0,0.0,0.0,0.0,1.0
S5,R5,PZ001,8,0.0,0.0,0.0,0.0,0.0,0.0,0.0,0.0,1.0
S5,R5,PZ001,9,9.569673462402953e-13,0.0,0.0,0.0,9.569673462402953e-13,0.0,0.0,0.0,1.0
S5,R5,PZ001,10,1565.1999999999996,0.0,0.0,1565.2000000000005,0.0,8.636630299818665e-13,9.091189789282805e-13,0.0,1.0
S5,R5,PZ001,11,1565.1999999999996,-0.0,0.0,1565.1999999999996,0.0,-0.0,0.0,0.0,1.0
S5,R5,PZ001,12,1565.1999999999996,-0.0,0.0,1565.1999999999996,0.0,-0.0,0.0,0.0,1.0
S5,R5,PZ001,13,1565.1999999999996,-0.0,0.0,1565.1999999999996,0.0,-0.0,0.0,0.0,1.0
S5,R5,PZ001,14,1565.1999999999996,-0.0,0.0,1565.1999999999996,0.0,-0.0,0.0,0.0,1.0
S5,R5,PZ001,15,1565.1999999999996,-0.0,0.0,1565.2000000000003,0.0,6.821210263296962e-13,0.0,0.0,1.0
S5,R5,PZ001,16,0.0,-0.0,0.0,0.0,0.0,0.0,0.0,0.0,1.0
S5,R5,PZ001,17,0.0,3.4789038378281926e-14,0.0,0.0,3.4789038378281926e-14,0.0,0.0,0.0,1.0
S5,R5,PZ001,18,0.0,-0.0,0.0,-3.438847540060408e-12,0.0,-3.438847540060408e-12,3.304958645936783e-14,0.0,1.0
S5,R5,PZ001,19,0.0,-0.0,0.0,-0.0,0.0,-0.0,3.652889102312429e-12,0.0,1.0
S5,R5,PZ001,20,0.0,-0.0,0.0,5.0071058410594775e-15,0.0,-0.0,-0.0,0.0,1.0
S5,R5,PZ001,21,1565.1999999999998,-0.0,0.0,1565.1999999999998,0.0,-0.0,0.0,0.0,1.0
S5,R5,PZ001,22,1565.1999999999996,-0.0,0.0,1565.1999999999996,0.0,-0.0,0.0,0.0,1.0
S5,R5,PZ001,23,1565.1999999999996,0.0,0.0,1565.1999999999996,0.0,-0.0,0.0,0.0,1.0
S5,R5,PZ006,0,223.6,0.0,0.0,223.6,0.0,-0.0,0.0,0.0,1.0
S5,R5,PZ006,1,223.6,0.0,0.0,223.6,0.0,-0.0,0.0,0.0,1.0
S5,R5,PZ006,2,223.6,0.0,0.0,223.6,0.0,-0.0,0.0,0.0,1.0
S5,R5,PZ006,3,223.60000000000005,0.0,0.0,223.60000000000005,0.0,-0.0,0.0,0.0,1.0
S5,R5,PZ006,4,223.6,0.0,0.0,223.6,0.0,-0.0,0.0,0.0,1.0
S5,R5,PZ006,5,223.6,0.0,0.0,223.6,0.0,-0.0,0.0,0.0,1.0
S5,R5,PZ006,6,0.0,0.0,0.0,0.0,0.0,0.0,0.0,0.0,1.0
S5,R5,PZ006,7,0.0,0.0,0.0,0.0,0.0,0.0,0.0,0.0,1.0
S5,R5,PZ006,8,9.447659644455626e-14,0.0,0.0,0.0,9.447659644455626e-14,0.0,0.0,0.0,1.0
S5,R5,PZ006,9,-0.0,0.0,0.0,0.0,0.0,0.0,8.975276662232845e-14,0.0,1.0
S5,R5,PZ006,10,223.6,0.0,0.0,223.60000000000008,0.0,8.526512829121202e-14,8.975276662232845e-14,0.0,1.0
S5,R5,PZ006,11,223.6,-0.0,0.0,223.6,0.0,-0.0,-0.0,0.0,1.0
S5,R5,PZ006,12,223.60000000000068,-0.0,0.0,223.60000000000068,0.0,-0.0,-0.0,0.0,1.0
S5,R5,PZ006,13,223.6,-0.0,0.0,223.6,0.0,-0.0,-0.0,0.0,1.0
S5,R5,PZ006,14,223.6,-0.0,0.0,223.6,0.0,-0.0,0.0,0.0,1.0
S5,R5,PZ006,15,223.6,-0.0,0.0,223.6,0.0,-0.0,0.0,0.0,1.0
S5,R5,PZ006,16,0.0,-0.0,0.0,0.0,0.0,0.0,0.0,0.0,1.0
S5,R5,PZ006,17,0.0,9.447659644455625e-14,0.0,0.0,9.447659644455626e-14,0.0,0.0,0.0,1.0
S5,R5,PZ006,18,0.0,-0.0,0.0,8.526512829121202e-14,0.0,8.526512829121202e-14,8.975276662232845e-14,0.0,1.0
S5,R5,PZ006,19,0.0,-0.0,0.0,-0.0,0.0,-0.0,0.0,0.0,1.0
S5,R5,PZ006,20,0.0,-0.0,0.0,-0.0,0.0,-0.0,0.0,0.0,1.0
S5,R5,PZ006,21,223.6,-0.0,0.0,223.6,0.0,-0.0,0.0,0.0,1.0
S5,R5,PZ006,22,223.6,-0.0,0.0,223.6,0.0,-0.0,0.0,0.0,1.0
S5,R5,PZ006,23,223.6,0.0,0.0,223.6,0.0,-0.0,0.0,0.0,1.0
S5,R5,PZ039,0,1733.4375,0.0,0.0,1733.4375,0.0,-0.0,0.0,0.0,1.0
S5,R5,PZ039,1,1733.4375,0.0,0.0,1733.4375,0.0,-0.0,0.0,0.0,1.0
S5,R5,PZ039,2,1733.4375,0.0,0.0,1733.4375,0.0,-0.0,0.0,0.0,1.0
S5,R5,PZ039,3,1733.4375,0.0,0.0,1733.4375,0.0,-0.0,0.0,0.0,1.0
S5,R5,PZ039,4,1733.4375,0.0,0.0,1733.4375,0.0,-0.0,0.0,0.0,1.0
S5,R5,PZ039,5,1733.4375,0.0,0.0,1733.4375,0.0,-0.0,0.0,0.0,1.0
S5,R5,PZ039,6,0.0,0.0,0.0,0.0,0.0,0.0,0.0,0.0,1.0
S5,R5,PZ039,7,0.0,0.0,0.0,0.0,0.0,0.0,0.0,0.0,1.0
S5,R5,PZ039,8,-0.0,0.0,0.0,0.0,0.0,0.0,0.0,0.0,1.0
S5,R5,PZ039,9,1733.4375,0.0,0.0,1733.4375,0.0,-0.0,0.0,0.0,1.0
S5,R5,PZ039,10,1733.4375,0.0,0.0,1733.4375,0.0,-0.0,0.0,0.0,1.0
S5,R5,PZ039,11,1733.4375,-0.0,0.0,1733.4375,0.0,-0.0,0.0,0.0,1.0
S5,R5,PZ039,12,1733.4375,-0.0,0.0,1733.4375,0.0,-0.0,0.0,0.0,1.0
S5,R5,PZ039,13,1733.4375,-0.0,0.0,1733.4375,0.0,-0.0,0.0,0.0,1.0
S5,R5,PZ039,14,1733.4375,-0.0,0.0,1733.4375,0.0,-0.0,0.0,0.0,1.0
S5,R5,PZ039,15,1733.4375,-0.0,0.0,1733.4375,0.0,-0.0,0.0,0.0,1.0
S5,R5,PZ039,16,0.0,-0.0,0.0,0.0,0.0,0.0,0.0,0.0,1.0
S5,R5,PZ039,17,0.0,-2.0368659487702668e-13,0.0,0.0,0.0,0.0,0.0,0.0,1.0
S5,R5,PZ039,18,0.0,-0.0,0.0,-0.0,0.0,-0.0,-0.0,0.0,1.0
S5,R5,PZ039,19,0.0,-0.0,0.0,-0.0,0.0,-0.0,-0.0,0.0,1.0
S5,R5,PZ039,20,0.0,-0.0,0.0,-0.0,0.0,-0.0,0.0,0.0,1.0
S5,R5,PZ039,21,1733.4375000000002,-0.0,0.0,1733.4375000000002,0.0,-0.0,0.0,0.0,1.0
S5,R5,PZ039,22,1733.4375,-0.0,0.0,1733.4375,0.0,-0.0,0.0,0.0,1.0
S5,R5,PZ039,23,1733.4375,0.0,0.0,1733.4375,0.0,-0.0,0.0,0.0,1.0
S5,R5,PZ040,0,1930.3999999999999,0.0,0.0,1930.3999999999999,0.0,-0.0,0.0,0.0,1.0
S5,R5,PZ040,1,1930.3999999999999,0.0,0.0,1930.3999999999999,0.0,-0.0,0.0,0.0,1.0
S5,R5,PZ040,2,1930.3999999999999,0.0,0.0,1930.3999999999999,0.0,-0.0,0.0,0.0,1.0
S5,R5,PZ040,3,1930.400000000003,0.0,0.0,1930.400000000003,0.0,-0.0,0.0,0.0,1.0
S5,R5,PZ040,4,1930.3999999999999,0.0,0.0,1930.3999999999999,0.0,-0.0,0.0,0.0,1.0
S5,R5,PZ040,5,1930.3999999999999,0.0,0.0,1930.3999999999999,0.0,-0.0,0.0,0.0,1.0
S5,R5,PZ040,6,0.0,0.0,0.0,0.0,0.0,0.0,0.0,0.0,1.0
S5,R5,PZ040,7,0.0,0.0,0.0,0.0,0.0,0.0,0.0,0.0,1.0
S5,R5,PZ040,8,7.558127715564501e-13,0.0,0.0,0.0,7.558127715564501e-13,0.0,0.0,0.0,1.0
S5,R5,PZ040,9,-0.0,0.0,0.0,0.0,0.0,0.0,7.180221329786276e-13,0.0,1.0
S5,R5,PZ040,10,1930.3999999999999,0.0,0.0,1930.400000000001,0.0,1.1722878223707761e-12,7.180221329786276e-13,0.0,1.0
S5,R5,PZ040,11,1930.3999999999999,-0.0,0.0,1930.3999999999999,0.0,-0.0,-5.159650484642946e-13,0.0,1.0
S5,R5,PZ040,12,1930.3999999999926,-0.0,0.0,1930.3999999999926,0.0,-0.0,-5.159650484642946e-13,0.0,1.0
S5,R5,PZ040,13,1930.3999999999999,-0.0,0.0,1930.3999999999994,0.0,-4.901667960410799e-13,-5.159650484642946e-13,0.0,1.0
S5,R5,PZ040,14,1930.3999999999999,-0.0,0.0,1930.3999999999999,0.0,-0.0,0.0,0.0,1.0
S5,R5,PZ040,15,1930.3999999999999,-0.0,0.0,1930.3999999999999,0.0,-0.0,0.0,0.0,1.0
S5,R5,PZ040,16,0.0,-0.0,0.0,0.0,0.0,0.0,0.0,0.0,1.0
S5,R5,PZ040,17,0.0,7.5581277155645e-13,0.0,0.0,7.558127715564501e-13,0.0,0.0,0.0,1.0
S5,R5,PZ040,18,0.0,-0.0,0.0,-0.0,0.0,-0.0,7.180221329786276e-13,0.0,1.0
S5,R5,PZ040,19,0.0,-0.0,0.0,6.821210263296962e-13,0.0,6.821210263296962e-13,7.180221329786276e-13,0.0,1.0
S5,R5,PZ040,20,0.0,-0.0,0.0,-0.0,0.0,-0.0,0.0,0.0,1.0
S5,R5,PZ040,21,1930.4,-0.0,0.0,1930.4,0.0,-0.0,0.0,0.0,1.0
S5,R5,PZ040,22,1930.3999999999999,-0.0,0.0,1930.3999999999999,0.0,-0.0,0.0,0.0,1.0
S5,R5,PZ040,23,1930.3999999999999,0.0,0.0,1930.3999999999999,0.0,-0.0,0.0,0.0,1.0
S5,R5,PZ041,0,-0.0,0.0,0.0,-0.0,0.0,0.0,-0.0,0.0,1.0
S5,R5,PZ041,1,-0.0,0.0,0.0,-0.0,0.0,0.0,-0.0,0.0,1.0
S5,R5,PZ041,2,-0.0,0.0,0.0,-0.0,0.0,0.0,-0.0,0.0,1.0
S5,R5,PZ041,3,-0.0,0.0,0.0,-0.0,0.0,0.0,-0.0,0.0,1.0
S5,R5,PZ041,4,-0.0,0.0,0.0,-0.0,0.0,0.0,-0.0,0.0,1.0
S5,R5,PZ041,5,-0.0,0.0,0.0,-0.0,0.0,0.0,-0.0,0.0,1.0
S5,R5,PZ041,6,-0.0,0.0,0.0,0.0,0.0,0.0,0.0,0.0,1.0
S5,R5,PZ041,7,0.0,0.0,0.0,0.0,0.0,0.0,0.0,0.0,1.0
S5,R5,PZ041,8,-0.0,0.0,0.0,0.0,0.0,0.0,0.0,0.0,1.0
S5,R5,PZ041,9,-0.0,0.0,0.0,0.0,0.0,0.0,0.0,0.0,1.0
S5,R5,PZ041,10,-0.0,0.0,0.0,0.0,0.0,-0.0,0.0,0.0,1.0
S5,R5,PZ041,11,-0.0,229.15512313856576,0.0,229.15512313856576,0.0,-0.0,0.0,0.0,1.0
S5,R5,PZ041,12,-0.0,1303.3263396663608,0.0,1303.3263396663608,0.0,-0.0,0.0,0.0,1.0
S5,R5,PZ041,13,-0.0,2653.2378785926317,0.0,2653.2378785926317,0.0,-0.0,0.0,0.0,1.0
S5,R5,PZ041,14,0.0,3671.7146337504328,0.0,3671.7146337504328,0.0,-0.0,0.0,0.0,1.0
S5,R5,PZ041,15,0.0,4295.292070258909,0.0,4295.292070258909,0.0,-0.0,0.0,0.0,1.0
S5,R5,PZ041,16,0.0,4673.943923964388,0.0,4673.943923964388,0.0,-0.0,0.0,0.0,1.0
S5,R5,PZ041,17,0.0,4693.6756121744575,0.0,4693.6756121744575,0.0,-0.0,-0.0,0.0,1.0
S5,R5,PZ041,18,0.0,4386.782774849971,0.0,4386.782774849971,0.0,-0.0,-0.0,0.0,1.0
S5,R5,PZ041,19,0.0,3613.3184660996394,0.0,3613.3184660996394,0.0,-0.0,-0.0,0.0,1.0
S5,R5,PZ041,20,0.0,2585.763967911091,0.0,2585.763967911091,0.0,0.0,-0.0,0.0,1.0
S5,R5,PZ041,21,0.0,1307.19450006435,0.0,1307.19450006435,0.0,0.0,-0.0,0.0,1.0
S5,R5,PZ041,22,0.0,201.8447095292037,0.0,201.8447095292037,0.0,0.0,-0.0,0.0,1.0
S5,R5,PZ041,23,-0.0,0.0,0.0,-0.0,0.0,0.0,-0.0,0.0,1.0
S5,R5,PZ047,0,2332.566666666667,0.0,0.0,2332.566666666667,0.0,-0.0,0.0,0.0,1.0
S5,R5,PZ047,1,2332.566666666667,0.0,0.0,2332.566666666667,0.0,-0.0,0.0,0.0,1.0
S5,R5,PZ047,2,2332.566666666667,0.0,0.0,2332.566666666667,0.0,-0.0,0.0,0.0,1.0
S5,R5,PZ047,3,2332.566666666667,0.0,0.0,2332.566666666667,0.0,-0.0,0.0,0.0,1.0
S5,R5,PZ047,4,2332.566666666667,0.0,0.0,2332.566666666667,0.0,-0.0,0.0,0.0,1.0
S5,R5,PZ047,5,2332.566666666667,0.0,0.0,2332.566666666667,0.0,-0.0,0.0,0.0,1.0
S5,R5,PZ047,6,0.0,0.0,0.0,0.0,0.0,0.0,0.0,0.0,1.0
S5,R5,PZ047,7,0.0,0.0,0.0,0.0,0.0,0.0,0.0,0.0,1.0
S5,R5,PZ047,8,-4.092726157978177e-12,0.0,0.0,0.0,-4.092726157978177e-12,0.0,0.0,0.0,1.0
S5,R5,PZ047,9,4.547473508864641e-13,0.0,0.0,0.0,4.547473508864641e-13,0.0,-3.888089850079268e-12,0.0,1.0
S5,R5,PZ047,10,2332.566666666667,0.0,0.0,2332.566666666664,0.0,-3.283275873400271e-12,-3.456079866737127e-12,0.0,1.0
S5,R5,PZ047,11,2332.566666666667,-0.0,0.0,2332.566666666667,0.0,-0.0,0.0,0.0,1.0
S5,R5,PZ047,12,2332.5666666666666,-0.0,0.0,2332.5666666666666,0.0,-0.0,0.0,0.0,1.0
S5,R5,PZ047,13,2332.566666666667,-0.0,0.0,2332.566666666667,0.0,-0.0,0.0,0.0,1.0
S5,R5,PZ047,14,2332.566666666667,-0.0,0.0,2332.566666666667,0.0,-0.0,0.0,0.0,1.0
S5,R5,PZ047,15,2332.566666666667,-0.0,0.0,2332.5666666666684,0.0,1.4895379374380012e-12,0.0,0.0,1.0
S5,R5,PZ047,16,0.0,-0.0,0.0,0.0,0.0,0.0,0.0,0.0,1.0
S5,R5,PZ047,17,0.0,-0.0,0.0,0.0,-2.460236795245784e-12,0.0,0.0,0.0,1.0
S5,R5,PZ047,18,0.0,-0.0,0.0,-2.2203637077093202e-12,0.0,-2.22036370770932e-12,-2.3372249554834946e-12,0.0,1.0
S5,R5,PZ047,19,0.0,-0.0,0.0,-0.0,0.0,-0.0,0.0,0.0,1.0
S5,R5,PZ047,20,0.0,-0.0,0.0,-0.0,0.0,-0.0,0.0,0.0,1.0
S5,R5,PZ047,21,2332.566666666667,-0.0,0.0,2332.566666666667,0.0,-0.0,0.0,0.0,1.0
S5,R5,PZ047,22,2332.566666666667,-0.0,0.0,2332.566666666667,0.0,-0.0,0.0,0.0,1.0
S5,R5,PZ047,23,2332.566666666667,0.0,0.0,2332.566666666667,0.0,-0.0,0.0,0.0,1.0
S5,R5,PZ048,0,2775.2666666666587,0.0,0.0,2775.2666666666587,0.0,-0.0,0.0,0.0,1.0
S5,R5,PZ048,1,2775.266666666667,0.0,0.0,2775.266666666667,0.0,-0.0,0.0,0.0,1.0
S5,R5,PZ048,2,2775.266666666667,0.0,0.0,2775.266666666667,0.0,-0.0,0.0,0.0,1.0
S5,R5,PZ048,3,2775.266666666667,0.0,0.0,2775.266666666667,0.0,-0.0,0.0,0.0,1.0
S5,R5,PZ048,4,2775.266666666667,0.0,0.0,2775.266666666667,0.0,-0.0,0.0,0.0,1.0
S5,R5,PZ048,5,2775.266666666667,0.0,0.0,2775.266666666667,0.0,-0.0,0.0,0.0,1.0
S5,R5,PZ048,6,0.0,0.0,0.0,0.0,0.0,0.0,0.0,0.0,1.0
S5,R5,PZ048,7,0.0,0.0,0.0,0.0,0.0,0.0,0.0,0.0,1.0
S5,R5,PZ048,8,0.0,0.0,0.0,0.0,0.0,0.0,0.0,0.0,1.0
S5,R5,PZ048,9,-5.65700017088825e-13,0.0,0.0,0.0,-5.65700017088825e-13,0.0,0.0,0.0,1.0
S5,R5,PZ048,10,2775.266666666667,0.0,0.0,2775.266666666667,0.0,-0.0,-5.374150162343838e-13,0.0,1.0
S5,R5,PZ048,11,2775.266666666667,-0.0,0.0,2775.2666666666664,0.0,-5.105442654226647e-13,-5.374150162343838e-13,0.0,1.0
S5,R5,PZ048,12,2775.266666666667,-0.0,0.0,2775.266666666667,0.0,-0.0,0.0,0.0,1.0
S5,R5,PZ048,13,2775.2666666666705,-0.0,0.0,2775.2666666666705,0.0,-0.0,0.0,0.0,1.0
S5,R5,PZ048,14,2775.266666666667,-0.0,0.0,2775.266666666667,0.0,-0.0,0.0,0.0,1.0
S5,R5,PZ048,15,2775.2666666666696,-0.0,0.0,2775.2666666666696,0.0,-0.0,0.0,0.0,1.0
S5,R5,PZ048,16,0.0,-0.0,0.0,0.0,0.0,0.0,0.0,0.0,1.0
S5,R5,PZ048,17,0.0,-5.65700017088825e-13,0.0,0.0,-5.65700017088825e-13,0.0,0.0,0.0,1.0
S5,R5,PZ048,18,0.0,-0.0,0.0,-5.105442654226647e-13,0.0,-5.105442654226647e-13,-5.374150162343838e-13,0.0,1.0
S5,R5,PZ048,19,0.0,-0.0,0.0,-0.0,0.0,-0.0,0.0,0.0,1.0
S5,R5,PZ048,20,0.0,-0.0,0.0,-0.0,0.0,-0.0,0.0,0.0,1.0
S5,R5,PZ048,21,2775.2666666666664,-0.0,0.0,2775.2666666666664,0.0,-0.0,0.0,0.0,1.0
S5,R5,PZ048,22,2775.266666666667,-0.0,0.0,2775.266666666667,0.0,-0.0,0.0,0.0,1.0
S5,R5,PZ048,23,2775.266666666667,0.0,0.0,2775.266666666667,0.0,-0.0,0.0,0.0,1.0
S5,R5,PZ049,0,2537.7666666666664,0.0,0.0,2537.7666666666664,0.0,-0.0,0.0,0.0,1.0
S5,R5,PZ049,1,2537.7666666666664,0.0,0.0,2537.7666666666664,0.0,-0.0,0.0,0.0,1.0
S5,R5,PZ049,2,2537.7666666666737,0.0,0.0,2537.7666666666737,0.0,-0.0,0.0,0.0,1.0
S5,R5,PZ049,3,2537.7666666666664,0.0,0.0,2537.7666666666664,0.0,-0.0,0.0,0.0,1.0
S5,R5,PZ049,4,2537.7666666666673,0.0,0.0,2537.7666666666673,0.0,-0.0,0.0,0.0,1.0
S5,R5,PZ049,5,2537.7666666666664,0.0,0.0,2537.7666666666664,0.0,-0.0,0.0,0.0,1.0
S5,R5,PZ049,6,0.0,0.0,0.0,0.0,0.0,0.0,0.0,0.0,1.0
S5,R5,PZ049,7,0.0,0.0,0.0,0.0,0.0,0.0,0.0,0.0,1.0
S5,R5,PZ049,8,-1.9604018053233645e-13,0.0,0.0,0.0,-1.9604018053233645e-13,0.0,0.0,0.0,1.0
S5,R5,PZ049,9,-4.547473508864641e-13,0.0,0.0,0.0,-4.547473508864641e-13,0.0,-1.8623817150571957e-13,0.0,1.0
S5,R5,PZ049,10,2537.7666666666664,0.0,0.0,2537.766666666666,0.0,-5.873357471054675e-13,-6.182481548478605e-13,0.0,1.0
S5,R5,PZ049,11,2537.7666666666664,-0.0,0.0,2537.7666666666664,0.0,-0.0,0.0,0.0,1.0
S5,R5,PZ049,12,2537.7666666666655,-0.0,0.0,2537.7666666666655,0.0,-0.0,0.0,0.0,1.0
S5,R5,PZ049,13,2537.7666666666664,-0.0,0.0,2537.7666666666664,0.0,-0.0,0.0,0.0,1.0
S5,R5,PZ049,14,2537.7666666666664,-0.0,0.0,2537.7666666666664,0.0,-0.0,0.0,0.0,1.0
S5,R5,PZ049,15,2537.7666666666664,-0.0,0.0,2537.7666666666664,0.0,-0.0,0.0,0.0,1.0
S5,R5,PZ049,16,0.0,-5.038751810376334e-13,0.0,0.0,-5.038751810376334e-13,0.0,0.0,0.0,1.0
S5,R5,PZ049,17,0.0,-0.0,0.0,0.0,0.0,0.0,-4.786814219857517e-13,0.0,1.0
S5,R5,PZ049,18,0.0,-0.0,0.0,-4.547473508864641e-13,0.0,-4.547473508864641e-13,-4.786814219857517e-13,0.0,1.0
S5,R5,PZ049,19,0.0,-0.0,0.0,-0.0,0.0,-0.0,0.0,0.0,1.0
S5,R5,PZ049,20,0.0,-0.0,0.0,-0.0,0.0,-0.0,0.0,0.0,1.0
S5,R5,PZ049,21,2537.76666666667,-0.0,0.0,2537.76666666667,0.0,-0.0,0.0,0.0,1.0
S5,R5,PZ049,22,2537.7666666666655,-0.0,0.0,2537.7666666666655,0.0,-0.0,0.0,0.0,1.0
S5,R5,PZ049,23,2537.7666666666673,0.0,0.0,2537.7666666666673,0.0,-0.0,0.0,0.0,1.0
S5,R5,PZ050,0,3110.3,0.0,0.0,3110.3,0.0,-0.0,0.0,0.0,1.0
S5,R5,PZ050,1,3110.2999999999865,0.0,0.0,3110.2999999999865,0.0,-0.0,0.0,0.0,1.0
S5,R5,PZ050,2,3110.3,0.0,0.0,3110.3,0.0,-0.0,0.0,0.0,1.0
S5,R5,PZ050,3,3110.3,0.0,0.0,3110.3,0.0,-0.0,0.0,0.0,1.0
S5,R5,PZ050,4,3110.3,0.0,0.0,3110.3,0.0,-0.0,0.0,0.0,1.0
S5,R5,PZ050,5,3110.3,0.0,0.0,3110.3,0.0,-0.0,0.0,0.0,1.0
S5,R5,PZ050,6,0.0,0.0,0.0,0.0,0.0,0.0,0.0,0.0,1.0
S5,R5,PZ050,7,0.0,0.0,0.0,0.0,0.0,0.0,0.0,0.0,1.0
S5,R5,PZ050,8,-1.5116255431129002e-12,0.0,0.0,0.0,-1.5116255431129002e-12,0.0,0.0,0.0,1.0
S5,R5,PZ050,9,4.547473508864641e-13,0.0,0.0,0.0,4.547473508864641e-13,0.0,-1.4360442659572551e-12,0.0,1.0
S5,R5,PZ050,10,3110.3,0.0,0.0,3110.2999999999993,0.0,-7.150706844539253e-13,-1.0040342826151141e-12,0.0,1.0
S5,R5,PZ050,11,3110.3000000000047,-0.0,0.0,3110.3000000000047,0.0,-0.0,-2.5132829897940345e-13,0.0,1.0
S5,R5,PZ050,12,3110.3,-0.0,0.0,3110.2999999999997,0.0,-2.387618840304333e-13,-2.5132829897940345e-13,0.0,1.0
S5,R5,PZ050,13,3110.3,-0.0,0.0,3110.3,0.0,-0.0,0.0,0.0,1.0
S5,R5,PZ050,14,3110.3,-0.0,0.0,3110.3,0.0,-0.0,0.0,0.0,1.0
S5,R5,PZ050,15,3110.3,-0.0,0.0,3110.3,0.0,-0.0,0.0,0.0,1.0
S5,R5,PZ050,16,0.0,-0.0,0.0,0.0,0.0,0.0,0.0,0.0,1.0
S5,R5,PZ050,17,0.0,-1.1416790583606645e-12,0.0,0.0,-1.1416790583606647e-12,0.0,0.0,0.0,1.0
S5,R5,PZ050,18,0.0,-0.0,0.0,-0.0,0.0,-0.0,-1.0845951054426314e-12,0.0,1.0
S5,R5,PZ050,19,0.0,-0.0,0.0,-1.0303653501704997e-12,0.0,-1.0303653501705e-12,-1.0845951054426314e-12,0.0,1.0
S5,R5,PZ050,20,0.0,-0.0,0.0,-0.0,0.0,-0.0,0.0,0.0,1.0
S5,R5,PZ050,21,3110.3,-0.0,0.0,3110.3,0.0,-0.0,0.0,0.0,1.0
S5,R5,PZ050,22,3110.3,-0.0,0.0,3110.3,0.0,-0.0,0.0,0.0,1.0
S5,R5,PZ050,23,3110.3,0.0,0.0,3110.3,0.0,-0.0,0.0,0.0,1.0
S5,R5,PZ052,0,2719.5333333333338,0.0,0.0,2719.5333333333338,0.0,-0.0,0.0,0.0,1.0
S5,R5,PZ052,1,2719.533333333337,0.0,0.0,2719.533333333337,0.0,-0.0,0.0,0.0,1.0
S5,R5,PZ052,2,2719.5333333333338,0.0,0.0,2719.5333333333338,0.0,-0.0,0.0,0.0,1.0
S5,R5,PZ052,3,2719.5333333333338,0.0,0.0,2719.5333333333338,0.0,-0.0,0.0,0.0,1.0
S5,R5,PZ052,4,2719.5333333333338,0.0,0.0,2719.5333333333338,0.0,-0.0,0.0,0.0,1.0
S5,R5,PZ052,5,2719.5333333333338,0.0,0.0,2719.5333333333338,0.0,-0.0,0.0,0.0,1.0
S5,R5,PZ052,6,0.0,0.0,0.0,0.0,0.0,0.0,0.0,0.0,1.0
S5,R5,PZ052,7,0.0,0.0,0.0,0.0,0.0,0.0,0.0,0.0,1.0
S5,R5,PZ052,8,6.923887454283035e-14,0.0,0.0,0.0,6.923887454283035e-14,0.0,0.0,0.0,1.0
S5,R5,PZ052,9,4.547473508864641e-13,0.0,0.0,0.0,4.547473508864641e-13,0.0,-3.594163074425851e-13,0.0,1.0
S5,R5,PZ052,10,2719.5333333333338,0.0,0.0,2719.533333333334,0.0,-0.0,7.259367589955578e-14,0.0,1.0
S5,R5,PZ052,11,2719.533333333338,-0.0,0.0,2719.533333333338,0.0,6.8963992104578e-14,7.259367589955578e-14,0.0,1.0
S5,R5,PZ052,12,2719.5333333333338,-0.0,0.0,2719.5333333333338,0.0,-0.0,0.0,0.0,1.0
S5,R5,PZ052,13,2719.5333333333338,-0.0,0.0,2719.5333333333338,0.0,-0.0,0.0,0.0,1.0
S5,R5,PZ052,14,2719.5333333333338,-0.0,0.0,2719.5333333333338,0.0,-0.0,0.0,0.0,1.0
S5,R5,PZ052,15,2719.5333333333297,-0.0,0.0,2719.5333333333297,0.0,-0.0,0.0,0.0,1.0
S5,R5,PZ052,16,0.0,-0.0,0.0,0.0,0.0,0.0,0.0,0.0,1.0
S5,R5,PZ052,17,0.0,-0.0,0.0,0.0,0.0,0.0,0.0,0.0,1.0
S5,R5,PZ052,18,0.0,-0.0,0.0,-0.0,0.0,-0.0,-0.0,0.0,1.0
S5,R5,PZ052,19,0.0,-0.0,0.0,-0.0,0.0,-0.0,0.0,0.0,1.0
S5,R5,PZ052,20,0.0,-0.0,0.0,-0.0,0.0,-0.0,0.0,0.0,1.0
S5,R5,PZ052,21,2719.5333333333333,-0.0,0.0,2719.5333333333333,0.0,-0.0,0.0,0.0,1.0
S5,R5,PZ052,22,2719.5333333333338,-0.0,0.0,2719.5333333333338,0.0,-0.0,0.0,0.0,1.0
S5,R5,PZ052,23,2719.5333333333338,0.0,0.0,2719.5333333333338,0.0,-0.0,0.0,0.0,1.0
S6,R1,PZ001,0,1404.0,0.0,0.0,1404.0,0.0,-0.0,0.0,0.0,1.0
S6,R1,PZ001,1,1404.0,0.0,0.0,1404.0,0.0,-0.0,0.0,0.0,1.0
S6,R1,PZ001,2,1404.0,0.0,0.0,1404.0,0.0,-0.0,0.0,0.0,1.0
S6,R1,PZ001,3,1404.0,0.0,0.0,1404.0,0.0,-0.0,0.0,0.0,1.0
S6,R1,PZ001,4,1404.0,0.0,0.0,1404.0,0.0,-0.0,0.0,0.0,1.0
S6,R1,PZ001,5,1404.0,0.0,0.0,1404.0,0.0,-0.0,0.0,0.0,1.0
S6,R1,PZ001,6,0.0,0.0,0.0,0.0,0.0,0.0,0.0,0.0,1.0
S6,R1,PZ001,7,0.0,0.0,0.0,0.0,0.0,0.0,0.0,0.0,1.0
S6,R1,PZ001,8,5.192124838783437,0.0,0.0,0.0,5.192124838783437,0.0,0.0,0.0,1.0
S6,R1,PZ001,9,5.214044098007183,0.0,0.0,0.0,5.214044098007183,0.0,4.932518596844265,0.0,1.0
S6,R1,PZ001,10,1404.0,0.0,0.0,1409.2140440980072,0.0,5.214044098007183,9.885860489951089,0.0,1.0
S6,R1,PZ001,11,1404.0,0.2545606079443605,0.0,1408.4320839753907,0.0,4.177523367446351,4.39739301836458,0.0,1.0
S6,R1,PZ001,12,1404.0,1.447820763643798,0.0,1405.447820763644,0.0,-0.0,0.0,0.0,1.0
S6,R1,PZ001,13,1404.0,2.947391435744328,0.0,1406.9473914357443,0.0,0.0,-0.0,0.0,1.0
S6,R1,PZ001,14,1404.0,4.078782514500168,0.0,1408.0787825145,0.0,-0.0,0.0,0.0,1.0
S6,R1,PZ001,15,1404.0,4.7714934134050875,0.0,1408.771493413405,0.0,-0.0,0.0,0.0,1.0
S6,R1,PZ001,16,0.0,5.192124838783437,0.0,0.0,5.192124838783437,0.0,0.0,0.0,1.0
S6,R1,PZ001,17,0.0,5.214044098007183,0.0,0.0,5.214044098007183,0.0,4.932518596844265,0.0,1.0
S6,R1,PZ001,18,968.2809996712297,4.873127315641155,0.0,978.368171084878,0.0,5.214044098007183,9.885860489951089,0.0,1.0
S6,R1,PZ001,19,0.0,4.013912204226468,0.0,8.19143557167282,0.0,4.177523367446351,4.39739301836458,0.0,1.0
S6,R1,PZ001,20,1404.0,2.8724369704536246,0.0,1406.8724369704537,0.0,-0.0,0.0,0.0,1.0
S6,R1,PZ001,21,1404.0,1.4521177710554238,0.0,1405.4521177710553,0.0,-0.0,0.0,0.0,1.0
S6,R1,PZ001,22,1404.0,0.22422240124667603,0.0,1404.2242224012466,0.0,-0.0,0.0,0.0,1.0
S6,R1,PZ001,23,1404.0,0.0,0.0,1404.0,0.0,-0.0,0.0,0.0,1.0
S6,R1,PZ006,0,219.375,0.0,0.0,219.375,0.0,-0.0,0.0,0.0,1.0
S6,R1,PZ006,1,219.375,0.0,0.0,219.375,0.0,-0.0,0.0,0.0,1.0
S6,R1,PZ006,2,219.375,0.0,0.0,219.375,0.0,-0.0,0.0,0.0,1.0
S6,R1,PZ006,3,219.375,0.0,0.0,219.375,0.0,-0.0,0.0,0.0,1.0
S6,R1,PZ006,4,219.375,0.0,0.0,219.375,0.0,-0.0,0.0,0.0,1.0
S6,R1,PZ006,5,219.375,0.0,0.0,219.375,0.0,-0.0,0.0,0.0,1.0
S6,R1,PZ006,6,0.0,0.0,0.0,0.0,0.0,0.0,0.0,0.0,1.0
S6,R1,PZ006,7,0.0,0.0,0.0,0.0,0.0,0.0,0.0,0.0,1.0
S6,R1,PZ006,8,7.203480165197576,0.0,0.0,0.0,7.203480165197576,0.0,0.0,0.0,1.0
S6,R1,PZ006,9,7.203480165197576,0.0,0.0,0.0,7.203480165197576,0.0,6.843306156937698,0.0,1.0
S6,R1,PZ006,10,219.375,0.0,0.0,226.5784801651976,0.0,7.203480165197576,13.686612313875395,0.0,1.0
S6,R1,PZ006,11,219.375,0.3531737674083922,0.0,225.52697530039242,0.0,5.79880153298405,6.10400161366742,0.0,1.0
S6,R1,PZ006,12,219.375,2.008685938320582,0.0,221.38368593832058,0.0,-0.0,0.0,0.0,1.0
S6,R1,PZ006,13,219.375,4.089168963709317,0.0,223.4641689637093,0.0,-0.0,0.0,0.0,1.0
S6,R1,PZ006,14,219.375,5.658844857097273,0.0,225.03384485709728,0.0,-0.0,0.0,0.0,1.0
S6,R1,PZ006,15,219.375,6.619902107339923,0.0,225.99490210733993,0.0,-0.0,0.0,0.0,1.0
S6,R1,PZ006,16,0.0,7.203480165197576,0.0,0.0,7.203480165197576,0.0,0.0,0.0,1.0
S6,R1,PZ006,17,0.0,7.203480165197577,0.030410468537785285,0.0,7.203480165197576,0.0,6.843306156937698,0.0,1.0
S6,R1,PZ006,18,0.0,6.760907537987596,0.0,13.964387703185173,0.0,7.203480165197576,13.686612313875395,0.0,1.0
S6,R1,PZ006,19,0.0,5.568844711130771,0.0,11.36764624411482,0.0,5.79880153298405,6.10400161366742,0.0,1.0
S6,R1,PZ006,20,0.0,3.985178204476902,0.0,3.985178204476902,0.0,-0.0,0.0,0.0,1.0
S6,R1,PZ006,21,219.375,2.01464754529662,0.0,221.3896475452966,0.0,-0.0,0.0,0.0,1.0
S6,R1,PZ006,22,219.375,0.31108297086937053,0.0,219.68608297086936,0.0,-0.0,0.0,0.0,1.0
S6,R1,PZ006,23,219.375,0.0,0.0,219.375,0.0,-0.0,0.0,0.0,1.0
S6,R1,PZ039,0,1733.437499999999,0.0,0.0,1733.437499999999,0.0,-0.0,0.0,0.0,1.0
S6,R1,PZ039,1,1733.437499999999,0.0,0.0,1733.437499999999,0.0,-0.0,0.0,0.0,1.0
S6,R1,PZ039,2,1733.437499999999,0.0,0.0,1733.437499999999,0.0,-0.0,0.0,0.0,1.0
S6,R1,PZ039,3,1733.437499999999,0.0,0.0,1733.437499999999,0.0,-0.0,0.0,0.0,1.0
S6,R1,PZ039,4,1733.437499999999,0.0,0.0,1733.437499999999,0.0,-0.0,0.0,0.0,1.0
S6,R1,PZ039,5,1733.4375000000005,0.0,0.0,1733.4375000000005,0.0,-0.0,0.0,0.0,1.0
S6,R1,PZ039,6,0.0,0.0,0.0,0.0,0.0,0.0,0.0,0.0,1.0
S6,R1,PZ039,7,0.0,0.0,0.0,0.0,0.0,0.0,0.0,0.0,1.0
S6,R1,PZ039,8,4.031001448301067e-12,0.0,0.0,0.0,4.031001448301067e-12,0.0,0.0,0.0,1.0
S6,R1,PZ039,9,1733.4375000000002,0.0,0.0,1733.4375000000039,0.0,3.637978807091712e-12,3.8294513758860134e-12,0.0,1.0
S6,R1,PZ039,10,1733.437499999999,0.0,0.0,1733.437499999999,0.0,-0.0,0.0,0.0,1.0
S6,R1,PZ039,11,1733.437499999999,-0.0,0.0,1733.437499999999,0.0,-0.0,0.0,0.0,1.0
S6,R1,PZ039,12,1733.4375,-0.0,0.0,1733.4375,0.0,-0.0,0.0,0.0,1.0
S6,R1,PZ039,13,1733.4375000000005,-0.0,0.0,1733.4375000000005,0.0,-0.0,0.0,0.0,1.0
S6,R1,PZ039,14,1733.4374999999957,-0.0,0.0,1733.4374999999957,0.0,-0.0,0.0,0.0,1.0
S6,R1,PZ039,15,1733.4375000000007,-0.0,0.0,1733.4375000000007,0.0,-0.0,0.0,0.0,1.0
S6,R1,PZ039,16,0.0,-0.0,0.0,0.0,0.0,0.0,0.0,0.0,1.0
S6,R1,PZ039,17,0.0,-0.0,0.0,0.0,0.0,0.0,0.0,0.0,1.0
S6,R1,PZ039,18,0.0,-0.0,0.0,-0.0,0.0,-0.0,-0.0,0.0,1.0
S6,R1,PZ039,19,0.0,-0.0,0.0,-0.0,0.0,-0.0,0.0,0.0,1.0
S6,R1,PZ039,20,0.0,-0.0,0.0,3.637978807091713e-12,0.0,3.637978807091713e-12,0.0,0.0,1.0
S6,R1,PZ039,21,1733.437500000001,-0.0,0.0,1733.437500000001,0.0,-0.0,0.0,0.0,1.0
S6,R1,PZ039,22,1733.4375000000005,-0.0,0.0,1733.4375000000005,0.0,-0.0,0.0,0.0,1.0
S6,R1,PZ039,23,1733.4375000000005,0.0,0.0,1733.4375000000005,0.0,-0.0,0.0,0.0,1.0
S6,R1,PZ040,0,1930.4,0.0,0.0,1930.4,0.0,-0.0,0.0,0.0,1.0
S6,R1,PZ040,1,1930.4,0.0,0.0,1930.4,0.0,-0.0,0.0,0.0,1.0
S6,R1,PZ040,2,1930.4,0.0,0.0,1930.4,0.0,-0.0,0.0,0.0,1.0
S6,R1,PZ040,3,1930.4,0.0,0.0,1930.4,0.0,-0.0,0.0,0.0,1.0
S6,R1,PZ040,4,1930.3999999999999,0.0,0.0,1930.3999999999999,0.0,-0.0,0.0,0.0,1.0
S6,R1,PZ040,5,1930.4,0.0,0.0,1930.4,0.0,-0.0,0.0,0.0,1.0
S6,R1,PZ040,6,0.0,0.0,0.0,0.0,0.0,0.0,0.0,0.0,1.0
S6,R1,PZ040,7,0.0,0.0,0.0,0.0,0.0,0.0,0.0,0.0,1.0
S6,R1,PZ040,8,0.0,0.0,0.0,0.0,0.0,0.0,0.0,0.0,1.0
S6,R1,PZ040,9,-4.0108267584353033e-13,0.0,0.0,0.0,-4.0108267584353033e-13,0.0,-4.8844670997919144e-12,0.0,1.0
S6,R1,PZ040,10,1930.3999999999994,0.0,0.0,1930.3999999999944,0.0,-5.002220859751105e-12,-5.265495641843268e-12,0.0,1.0
S6,R1,PZ040,11,1930.3999999999994,-0.0,0.0,1930.3999999999994,0.0,-0.0,0.0,0.0,1.0
S6,R1,PZ040,12,1930.4,-0.0,0.0,1930.4,0.0,-0.0,0.0,0.0,1.0
S6,R1,PZ040,13,1930.4000000000003,-0.0,0.0,1930.4000000000003,0.0,-0.0,0.0,0.0,1.0
S6,R1,PZ040,14,1930.4,-0.0,0.0,1930.4,0.0,-0.0,0.0,0.0,1.0
S6,R1,PZ040,15,1930.4000000000005,-0.0,0.0,1930.3999999999999,0.0,-6.821210263296962e-13,0.0,0.0,1.0
S6,R1,PZ040,16,0.0,0.0,0.0,0.0,0.0,0.0,0.0,0.0,1.0
S6,R1,PZ040,17,0.0,-0.0,0.0,0.0,0.0,0.0,0.0,0.0,1.0
S6,R1,PZ040,18,0.0,-0.0,0.0,-0.0,0.0,-0.0,-0.0,0.0,1.0
S6,R1,PZ040,19,0.0,-0.0,0.0,-0.0,0.0,-0.0,0.0,0.0,1.0
S6,R1,PZ040,20,0.0,-0.0,0.0,-0.0,0.0,-0.0,0.0,0.0,1.0
S6,R1,PZ040,21,1930.4000000000003,-0.0,0.0,1930.4000000000003,0.0,-0.0,0.0,0.0,1.0
S6,R1,PZ040,22,1930.4000000000003,-0.0,0.0,1930.4000000000003,0.0,-0.0,0.0,0.0,1.0
S6,R1,PZ040,23,1930.4000000000003,0.0,0.0,1930.4000000000003,0.0,-0.0,0.0,0.0,1.0
S6,R1,PZ041,0,1973.3902584084215,0.0,0.0,1973.3902584084215,0.0,-0.0,0.0,0.0,1.0
S6,R1,PZ041,1,1973.3902584084215,0.0,0.0,1973.3902584084215,0.0,-0.0,0.0,0.0,1.0
S6,R1,PZ041,2,1973.3902584084215,0.0,0.0,1973.3902584084215,0.0,-0.0,0.0,0.0,1.0
S6,R1,PZ041,3,1973.3902584084215,0.0,0.0,1973.3902584084215,0.0,-0.0,0.0,0.0,1.0
S6,R1,PZ041,4,1973.3902584084215,0.0,0.0,1973.3902584084215,0.0,-0.0,0.0,0.0,1.0
S6,R1,PZ041,5,1973.3902584084215,0.0,0.0,1973.3902584084215,0.0,-0.0,-0.0,0.0,1.0
S6,R1,PZ041,6,0.0,0.0,0.0,0.0,0.0,0.0,0.0,0.0,1.0
S6,R1,PZ041,7,0.0,0.0,0.0,0.0,0.0,0.0,0.0,0.0,1.0
S6,R1,PZ041,8,0.0,0.0,0.0,0.0,0.0,0.0,0.0,0.0,1.0
S6,R1,PZ041,9,0.0,0.0,0.0,0.0,0.0,0.0,0.0,0.0,1.0
S6,R1,PZ041,10,1973.390258408422,0.0,0.0,1973.390258408416,0.0,-5.9117155615240335e-12,-6.222858485814772e-12,0.0,1.0
S6,R1,PZ041,11,1973.390258408421,0.4609355206698448,0.0,1973.8511939290909,0.0,-0.0,0.0,0.0,1.0
S6,R1,PZ041,12,1973.39025840842,2.6215840027873836,0.0,1976.0118424112075,0.0,-0.0,0.0,0.0,1.0
S6,R1,PZ041,13,1973.3902584084215,5.336872099038961,0.0,1978.7271305074605,0.0,-0.0,0.0,0.0,1.0
S6,R1,PZ041,14,1973.3902584084215,7.385493604851538,0.0,1980.775752013273,0.0,-0.0,0.0,0.0,1.0
S6,R1,PZ041,15,1973.3902584084258,8.639792380450801,0.0,1982.0300507888767,0.0,-0.0,0.0,0.0,1.0
S6,R1,PZ041,16,1973.3902584084208,9.401434044620796,0.0,1982.7916924530416,0.0,-0.0,0.0,0.0,1.0
S6,R1,PZ041,17,1973.390258408421,9.441123473572832,0.0,1982.8313818819938,0.0,-0.0,0.0,0.0,1.0
S6,R1,PZ041,18,0.0,8.823821936410727,0.0,8.823821936410727,0.0,-0.0,0.0,0.0,1.0
S6,R1,PZ041,19,0.0,7.268032264373604,0.0,7.268032264373604,0.0,0.0,-0.0,0.0,1.0
S6,R1,PZ041,20,0.0,5.201151274971588,0.0,5.201151274971588,0.0,0.0,-0.0,0.0,1.0
S6,R1,PZ041,21,1973.3902584084203,2.6293646384662264,0.0,1976.0196230468866,0.0,-0.0,0.0,0.0,1.0
S6,R1,PZ041,22,1973.3902584084208,0.406001816616769,0.0,1973.7962602250375,0.0,-0.0,0.0,0.0,1.0
S6,R1,PZ041,23,1973.390258408421,0.0,0.0,1973.390258408421,0.0,-0.0,0.0,0.0,1.0
S6,R1,PZ047,0,2332.5666666666675,0.0,0.0,2332.5666666666675,0.0,-0.0,0.0,0.0,1.0
S6,R1,PZ047,1,2332.5666666666675,0.0,0.0,2332.5666666666675,0.0,-0.0,0.0,0.0,1.0
S6,R1,PZ047,2,2332.5666666666675,0.0,0.0,2332.5666666666675,0.0,-0.0,0.0,0.0,1.0
S6,R1,PZ047,3,2332.5666666666675,0.0,0.0,2332.5666666666675,0.0,-0.0,0.0,0.0,1.0
S6,R1,PZ047,4,2332.5666666666675,0.0,0.0,2332.5666666666675,0.0,-0.0,0.0,0.0,1.0
S6,R1,PZ047,5,2332.5666666666675,0.0,0.0,2332.5666666666675,0.0,-0.0,0.0,0.0,1.0
S6,R1,PZ047,6,0.0,0.0,0.0,0.0,0.0,0.0,0.0,0.0,1.0
S6,R1,PZ047,7,0.0,0.0,0.0,0.0,0.0,0.0,0.0,0.0,1.0
S6,R1,PZ047,8,0.0,0.0,0.0,0.0,0.0,0.0,0.0,0.0,1.0
S6,R1,PZ047,9,0.0,0.0,0.0,0.0,0.0,0.0,0.0,0.0,1.0
S6,R1,PZ047,10,2332.5666666666675,0.0,0.0,2332.5666666666652,0.0,0.0,2.2448725139998187e-12,0.0,1.0
S6,R1,PZ047,11,2332.5666666666666,0.0,0.0,2332.5666666666666,0.0,0.0,2.2448725139998187e-12,0.0,1.0
S6,R1,PZ047,12,2332.5666666666666,0.0,0.0,2332.5666666666666,0.0,0.0,2.2448725139998187e-12,0.0,1.0
S6,R1,PZ047,13,2332.5666666666666,0.0,0.0,2332.5666666666666,0.0,0.0,2.2448725139998187e-12,0.0,1.0
S6,R1,PZ047,14,2332.566666666666,0.0,0.0,2332.566666666666,0.0,0.0,2.2448725139998187e-12,0.0,1.0
S6,R1,PZ047,15,2332.5666666666666,0.0,0.0,2332.5666666666666,0.0,0.0,2.2448725139998187e-12,0.0,1.0
S6,R1,PZ047,16,-3.2195032522777287e-12,0.0,0.0,0.0,-3.2195032522777287e-12,0.0,2.339991748126444e-12,0.0,1.0
S6,R1,PZ047,17,0.0,0.0,0.0,0.0,0.0,0.0,-7.185363415373981e-13,0.0,1.0
S6,R1,PZ047,18,0.0,0.0,0.0,0.0,0.0,-0.0,-7.185363415373981e-13,0.0,1.0
S6,R1,PZ047,19,0.0,0.0,0.0,0.0,0.0,-6.826095244605283e-13,-7.185363415373982e-13,0.0,1.0
S6,R1,PZ047,20,0.0,0.0,0.0,-0.0,0.0,-0.0,0.0,0.0,1.0
S6,R1,PZ047,21,2332.5666666666675,0.0,0.0,2332.5666666666675,0.0,-0.0,0.0,0.0,1.0
S6,R1,PZ047,22,2332.5666666666675,0.0,0.0,2332.5666666666675,0.0,-0.0,0.0,0.0,1.0
S6,R1,PZ047,23,2332.566666666666,0.0,0.0,2332.566666666666,0.0,-0.0,0.0,0.0,1.0
S6,R1,PZ048,0,2775.266666666666,0.0,0.0,2775.266666666666,0.0,-0.0,0.0,0.0,1.0
S6,R1,PZ048,1,2775.266666666666,0.0,0.0,2775.266666666666,0.0,-0.0,0.0,0.0,1.0
S6,R1,PZ048,2,2775.266666666666,0.0,0.0,2775.266666666666,0.0,-0.0,0.0,0.0,1.0
S6,R1,PZ048,3,2775.266666666666,0.0,0.0,2775.266666666666,0.0,-0.0,0.0,0.0,1.0
S6,R1,PZ048,4,2775.266666666666,0.0,0.0,2775.266666666666,0.0,-0.0,0.0,0.0,1.0
S6,R1,PZ048,5,2775.266666666666,0.0,0.0,2775.266666666666,0.0,-0.0,0.0,0.0,1.0
S6,R1,PZ048,6,0.0,0.0,0.0,0.0,0.0,0.0,0.0,0.0,1.0
S6,R1,PZ048,7,0.0,0.0,0.0,0.0,0.0,0.0,0.0,0.0,1.0
S6,R1,PZ048,8,0.0,0.0,0.0,0.0,0.0,0.0,0.0,0.0,1.0
S6,R1,PZ048,9,0.0,0.0,0.0,0.0,0.0,0.0,0.0,0.0,1.0
S6,R1,PZ048,10,2775.266666666666,0.0,0.0,2775.2666666666787,-0.0,0.0,0.0,0.0,1.0
S6,R1,PZ048,11,2775.266666666666,0.0,0.0,2775.2666666666637,0.0,0.0,0.0,0.0,1.0
S6,R1,PZ048,12,2775.2666666666664,0.0,0.0,2775.2666666666664,0.0,0.0,2.385235868467517e-12,0.0,1.0
S6,R1,PZ048,13,2775.266666666668,0.0,0.0,2775.266666666668,0.0,0.0,2.385235868467517e-12,0.0,1.0
S6,R1,PZ048,14,2775.2666666666673,0.0,0.0,2775.2666666666673,0.0,0.0,2.385235868467517e-12,0.0,1.0
S6,R1,PZ048,15,2775.266666666666,0.0,0.0,2775.2666666666632,0.0,0.0,2.385235868467517e-12,0.0,1.0
S6,R1,PZ048,16,-0.0,0.0,0.0,0.0,0.0,0.0,5.189330446834598e-12,0.0,1.0
S6,R1,PZ048,17,-2.2602705590015942e-12,0.0,0.0,0.0,-2.2602705590015942e-12,0.0,5.189330446834598e-12,0.0,1.0
S6,R1,PZ048,18,0.0,0.0,0.0,0.0,0.0,-0.0,3.0420734157830832e-12,0.0,1.0
S6,R1,PZ048,19,0.0,0.0,0.0,0.0,0.0,2.889969744993929e-12,3.0420734157830832e-12,0.0,1.0
S6,R1,PZ048,20,0.0,0.0,0.0,-0.0,0.0,-0.0,0.0,0.0,1.0
S6,R1,PZ048,21,2775.266666666667,0.0,0.0,2775.266666666667,0.0,-0.0,0.0,0.0,1.0
S6,R1,PZ048,22,2775.2666666666673,0.0,0.0,2775.2666666666673,0.0,-0.0,0.0,0.0,1.0
S6,R1,PZ048,23,2775.266666666666,0.0,0.0,2775.266666666666,0.0,-0.0,0.0,0.0,1.0
S6,R1,PZ049,0,2537.766666666667,0.0,0.0,2537.766666666667,0.0,-0.0,0.0,0.0,1.0
S6,R1,PZ049,1,2537.766666666666,0.0,0.0,2537.766666666666,0.0,-0.0,0.0,0.0,1.0
S6,R1,PZ049,2,2537.766666666666,0.0,0.0,2537.766666666666,0.0,-0.0,0.0,0.0,1.0
S6,R1,PZ049,3,2537.766666666666,0.0,0.0,2537.766666666666,0.0,-0.0,0.0,0.0,1.0
S6,R1,PZ049,4,2537.766666666666,0.0,0.0,2537.766666666666,0.0,-0.0,0.0,0.0,1.0
S6,R1,PZ049,5,2537.766666666666,0.0,0.0,2537.766666666666,0.0,-0.0,0.0,0.0,1.0
S6,R1,PZ049,6,0.0,0.0,0.0,0.0,0.0,0.0,0.0,0.0,1.0
S6,R1,PZ049,7,0.0,0.0,0.0,0.0,0.0,0.0,0.0,0.0,1.0
S6,R1,PZ049,8,0.0,0.0,0.0,0.0,0.0,0.0,0.0,0.0,1.0
S6,R1,PZ049,9,0.0,0.0,0.0,0.0,0.0,0.0,0.0,0.0,1.0
S6,R1,PZ049,10,2537.766666666666,0.0,0.0,2537.766666666666,0.0,-0.0,0.0,0.0,1.0
S6,R1,PZ049,11,2537.766666666666,0.0,0.0,2537.766666666666,0.0,-0.0,0.0,0.0,1.0
S6,R1,PZ049,12,2537.766666666666,0.0,0.0,2537.766666666666,0.0,-0.0,0.0,0.0,1.0
S6,R1,PZ049,13,2537.766666666666,0.0,0.0,2537.766666666666,0.0,-0.0,0.0,0.0,1.0
S6,R1,PZ049,14,2537.766666666666,0.0,0.0,2537.766666666666,0.0,-0.0,0.0,0.0,1.0
S6,R1,PZ049,15,2537.766666666666,0.0,0.0,2537.766666666666,0.0,-0.0,0.0,0.0,1.0
S6,R1,PZ049,16,0.0,0.0,0.0,0.0,0.0,0.0,0.0,0.0,1.0
S6,R1,PZ049,17,0.0,0.0,0.0,0.0,0.0,0.0,0.0,0.0,1.0
S6,R1,PZ049,18,0.0,0.0,0.0,-0.0,0.0,-0.0,0.0,0.0,1.0
S6,R1,PZ049,19,0.0,0.0,0.0,-0.0,0.0,-0.0,0.0,0.0,1.0
S6,R1,PZ049,20,0.0,0.0,0.0,-0.0,0.0,-0.0,0.0,0.0,1.0
S6,R1,PZ049,21,2537.766666666667,0.0,0.0,2537.766666666667,0.0,-0.0,0.0,0.0,1.0
S6,R1,PZ049,22,2537.766666666666,0.0,0.0,2537.766666666666,0.0,-0.0,0.0,0.0,1.0
S6,R1,PZ049,23,2537.766666666666,0.0,0.0,2537.766666666666,0.0,-0.0,0.0,0.0,1.0
S6,R1,PZ050,0,3110.2999999999993,0.0,0.0,3110.2999999999993,0.0,-0.0,0.0,0.0,1.0
S6,R1,PZ050,1,3110.2999999999993,0.0,0.0,3110.2999999999993,0.0,-0.0,0.0,0.0,1.0
S6,R1,PZ050,2,3110.2999999999993,0.0,0.0,3110.2999999999993,0.0,-0.0,0.0,0.0,1.0
S6,R1,PZ050,3,3110.2999999999993,0.0,0.0,3110.2999999999993,0.0,-0.0,0.0,0.0,1.0
S6,R1,PZ050,4,3110.2999999999993,0.0,0.0,3110.2999999999993,0.0,-0.0,0.0,0.0,1.0
S6,R1,PZ050,5,3110.3000000000006,0.0,0.0,3110.3000000000006,0.0,-0.0,0.0,0.0,1.0
S6,R1,PZ050,6,0.0,0.0,0.0,0.0,0.0,0.0,0.0,0.0,1.0
S6,R1,PZ050,7,0.0,0.0,0.0,0.0,0.0,0.0,0.0,0.0,1.0
S6,R1,PZ050,8,0.0,0.0,0.0,0.0,0.0,0.0,0.0,0.0,1.0
S6,R1,PZ050,9,-1.318767317570746e-11,0.0,0.0,0.0,-1.318767317570746e-11,0.0,5.162398897664343e-13,0.0,1.0
S6,R1,PZ050,10,3110.2999999999993,0.0,0.0,3110.299999999999,0.0,-1.1411447145797869e-11,-1.2012049627155651e-11,0.0,1.0
S6,R1,PZ050,11,3110.2999999999993,-0.0,0.0,3110.2999999999993,0.0,-0.0,0.0,0.0,1.0
S6,R1,PZ050,12,3110.2999999999993,-0.0,0.0,3110.2999999999993,0.0,-0.0,0.0,0.0,1.0
S6,R1,PZ050,13,3110.3000000000006,-0.0,0.0,3110.3000000000006,0.0,-0.0,0.0,0.0,1.0
S6,R1,PZ050,14,3110.3000000000006,-0.0,0.0,3110.3000000000006,0.0,-0.0,0.0,0.0,1.0
S6,R1,PZ050,15,3110.299999999995,-0.0,0.0,3110.299999999995,0.0,-0.0,0.0,0.0,1.0
S6,R1,PZ050,16,0.0,-0.0,0.0,0.0,0.0,0.0,0.0,0.0,1.0
S6,R1,PZ050,17,0.0,0.0,0.0,0.0,0.0,0.0,0.0,0.0,1.0
S6,R1,PZ050,18,0.0,-0.0,0.0,-0.0,0.0,-0.0,-0.0,0.0,1.0
S6,R1,PZ050,19,0.0,-0.0,0.0,-0.0,0.0,-0.0,0.0,0.0,1.0
S6,R1,PZ050,20,0.0,-0.0,0.0,-0.0,0.0,-0.0,0.0,0.0,1.0
S6,R1,PZ050,21,3110.2999999999997,-0.0,0.0,3110.2999999999997,0.0,-0.0,0.0,0.0,1.0
S6,R1,PZ050,22,3110.2999999999997,-0.0,0.0,3110.2999999999997,0.0,-0.0,0.0,0.0,1.0
S6,R1,PZ050,23,3110.3000000000006,0.0,0.0,3110.3000000000006,0.0,-0.0,0.0,0.0,1.0
S6,R1,PZ052,0,2719.5333333333338,0.0,0.0,2719.5333333333338,0.0,-0.0,0.0,0.0,1.0
S6,R1,PZ052,1,2719.5333333333338,0.0,0.0,2719.5333333333338,0.0,-0.0,0.0,0.0,1.0
S6,R1,PZ052,2,2719.5333333333338,0.0,0.0,2719.5333333333338,0.0,-0.0,0.0,0.0,1.0
S6,R1,PZ052,3,2719.5333333333338,0.0,0.0,2719.5333333333338,0.0,-0.0,0.0,0.0,1.0
S6,R1,PZ052,4,2719.5333333333333,0.0,0.0,2719.5333333333333,0.0,-0.0,0.0,0.0,1.0
S6,R1,PZ052,5,2719.5333333333338,0.0,0.0,2719.5333333333338,0.0,-0.0,0.0,0.0,1.0
S6,R1,PZ052,6,0.0,0.0,0.0,0.0,0.0,0.0,0.0,0.0,1.0
S6,R1,PZ052,7,0.0,0.0,0.0,0.0,0.0,0.0,0.0,0.0,1.0
S6,R1,PZ052,8,0.0,0.0,0.0,0.0,0.0,0.0,0.0,0.0,1.0
S6,R1,PZ052,9,-0.0,0.0,0.0,0.0,0.0,0.0,0.0,0.0,1.0
S6,R1,PZ052,10,2719.5333333333338,0.0,0.0,2719.5333333333338,0.0,-0.0,0.0,0.0,1.0
S6,R1,PZ052,11,2719.5333333333338,-0.0,0.0,2719.5333333333338,0.0,-0.0,0.0,0.0,1.0
S6,R1,PZ052,12,2719.5333333333333,-0.0,0.0,2719.5333333333333,0.0,-0.0,0.0,0.0,1.0
S6,R1,PZ052,13,2719.5333333333338,-0.0,0.0,2719.5333333333338,0.0,-0.0,0.0,0.0,1.0
S6,R1,PZ052,14,2719.533333333334,-0.0,0.0,2719.533333333334,0.0,-0.0,0.0,0.0,1.0
S6,R1,PZ052,15,2719.5333333333338,-0.0,0.0,2719.5333333333338,0.0,-0.0,0.0,0.0,1.0
S6,R1,PZ052,16,0.0,-0.0,0.0,0.0,0.0,0.0,0.0,0.0,1.0
S6,R1,PZ052,17,0.0,-0.0,0.0,0.0,0.0,0.0,0.0,0.0,1.0
S6,R1,PZ052,18,0.0,-0.0,0.0,-0.0,0.0,-0.0,-0.0,0.0,1.0
S6,R1,PZ052,19,0.0,-0.0,0.0,-0.0,0.0,-0.0,0.0,0.0,1.0
S6,R1,PZ052,20,0.0,-0.0,0.0,-0.0,0.0,-0.0,0.0,0.0,1.0
S6,R1,PZ052,21,2719.5333333333333,-0.0,0.0,2719.5333333333333,0.0,-0.0,0.0,0.0,1.0
S6,R1,PZ052,22,2719.5333333333333,-0.0,0.0,2719.5333333333333,0.0,-0.0,0.0,0.0,1.0
S6,R1,PZ052,23,2719.5333333333333,0.0,0.0,2719.5333333333333,0.0,-0.0,0.0,0.0,1.0
S6,R2,PZ001,0,1404.0,0.0,0.0,1404.0,0.0,-0.0,0.0,0.0,1.0
S6,R2,PZ001,1,1404.0,0.0,0.0,1404.0,0.0,-0.0,0.0,0.0,1.0
S6,R2,PZ001,2,1404.0,0.0,0.0,1404.0,0.0,-0.0,0.0,0.0,1.0
S6,R2,PZ001,3,1404.0,0.0,0.0,1404.0,0.0,-0.0,0.0,0.0,1.0
S6,R2,PZ001,4,1404.0,0.0,0.0,1404.0,0.0,-0.0,0.0,0.0,1.0
S6,R2,PZ001,5,1404.0,0.0,0.0,1404.0,0.0,-0.0,0.0,0.0,1.0
S6,R2,PZ001,6,0.0,0.0,0.0,0.0,0.0,0.0,0.0,0.0,1.0
S6,R2,PZ001,7,0.0,0.0,0.0,0.0,0.0,0.0,0.0,0.0,1.0
S6,R2,PZ001,8,8.3073997420535,0.0,0.0,0.0,8.3073997420535,0.0,0.0,0.0,1.0
S6,R2,PZ001,9,8.342470556811492,0.0,0.0,0.0,8.342470556811492,0.0,7.8920297549508245,0.0,1.0
S6,R2,PZ001,10,1404.0,0.0,0.0,1412.3424705568116,0.0,8.342470556811492,15.817376783921741,0.0,1.0
S6,R2,PZ001,11,1404.0,0.4072969727109768,0.0,1411.0913343606253,0.0,6.684037387914163,7.035828829383329,0.0,1.0
S6,R2,PZ001,12,1404.0,2.3165132218300775,0.0,1406.31651322183,0.0,-0.0,0.0,0.0,1.0
S6,R2,PZ001,13,1404.0,4.715826297190925,0.0,1408.715826297191,0.0,-0.0,0.0,0.0,1.0
S6,R2,PZ001,14,1404.0,6.52605202320027,0.0,1410.5260520232002,0.0,-0.0,0.0,0.0,1.0
S6,R2,PZ001,15,1404.0,7.634389461448142,0.0,1411.634389461448,0.0,-0.0,0.0,0.0,1.0
S6,R2,PZ001,16,0.0,8.3073997420535,0.0,0.0,8.3073997420535,0.0,0.0,0.0,1.0
S6,R2,PZ001,17,0.0,8.342470556811493,0.0,0.0,8.342470556811492,0.0,7.8920297549508245,0.0,1.0
S6,R2,PZ001,18,940.8495994739695,7.797003705025849,0.0,956.9890737358069,0.0,8.342470556811492,15.817376783921741,0.0,1.0
S6,R2,PZ001,19,0.0,6.42225952676235,0.0,13.106296914676513,0.0,6.684037387914163,7.0358288293833295,0.0,1.0
S6,R2,PZ001,20,1404.0,4.5958991527258,0.0,1408.595899152726,0.0,-0.0,0.0,0.0,1.0
S6,R2,PZ001,21,1404.0,2.3233884336886783,0.0,1406.3233884336887,0.0,-0.0,0.0,0.0,1.0
S6,R2,PZ001,22,1404.0,0.3587558419946817,0.0,1404.3587558419947,0.0,-0.0,0.0,0.0,1.0
S6,R2,PZ001,23,1404.0,0.0,0.0,1404.0,0.0,-0.0,0.0,0.0,1.0
S6,R2,PZ006,0,219.375,0.0,0.0,219.375,0.0,-0.0,0.0,0.0,1.0
S6,R2,PZ006,1,219.375,0.0,0.0,219.375,0.0,-0.0,0.0,0.0,1.0
S6,R2,PZ006,2,219.375,0.0,0.0,219.375,0.0,-0.0,0.0,0.0,1.0
S6,R2,PZ006,3,219.375,0.0,0.0,219.375,0.0,-0.0,0.0,0.0,1.0
S6,R2,PZ006,4,219.375,0.0,0.0,219.375,0.0,-0.0,0.0,0.0,1.0
S6,R2,PZ006,5,219.375,0.0,0.0,219.375,0.0,-0.0,0.0,0.0,1.0
S6,R2,PZ006,6,0.0,0.0,0.0,0.0,0.0,0.0,0.0,0.0,1.0
S6,R2,PZ006,7,0.0,0.0,0.0,0.0,0.0,0.0,0.0,0.0,1.0
S6,R2,PZ006,8,7.203480165197576,0.0,0.0,0.0,7.203480165197576,0.0,0.0,0.0,1.0
S6,R2,PZ006,9,7.203480165197576,0.0,0.0,0.0,7.203480165197576,0.0,6.843306156937698,0.0,1.0
S6,R2,PZ006,10,219.375,0.0,0.0,226.5784801651976,0.0,7.203480165197576,13.686612313875395,0.0,1.0
S6,R2,PZ006,11,219.375,0.3531737674083922,0.0,225.52697530039242,0.0,5.79880153298405,6.10400161366742,0.0,1.0
S6,R2,PZ006,12,219.375,2.008685938320582,0.0,221.38368593832058,0.0,-0.0,0.0,0.0,1.0
S6,R2,PZ006,13,219.375,4.089168963709317,0.0,223.4641689637093,0.0,-0.0,0.0,0.0,1.0
S6,R2,PZ006,14,219.375,5.658844857097273,0.0,225.03384485709728,0.0,-0.0,0.0,0.0,1.0
S6,R2,PZ006,15,219.375,6.619902107339923,0.0,225.99490210733993,0.0,-0.0,0.0,0.0,1.0
S6,R2,PZ006,16,0.0,7.203480165197576,0.0,0.0,7.203480165197576,0.0,0.0,0.0,1.0
S6,R2,PZ006,17,0.0,7.203480165197577,0.030410468537785285,0.0,7.203480165197576,0.0,6.843306156937698,0.0,1.0
S6,R2,PZ006,18,0.0,6.760907537987596,0.0,13.964387703185173,0.0,7.203480165197576,13.686612313875395,0.0,1.0
S6,R2,PZ006,19,0.0,5.568844711130771,0.0,11.36764624411482,0.0,5.79880153298405,6.10400161366742,0.0,1.0
S6,R2,PZ006,20,0.0,3.985178204476902,0.0,3.985178204476902,0.0,-0.0,0.0,0.0,1.0
S6,R2,PZ006,21,219.375,2.01464754529662,0.0,221.3896475452966,0.0,-0.0,0.0,0.0,1.0
S6,R2,PZ006,22,219.375,0.31108297086937053,0.0,219.68608297086936,0.0,-0.0,0.0,0.0,1.0
S6,R2,PZ006,23,219.375,0.0,0.0,219.375,0.0,-0.0,0.0,0.0,1.0
S6,R2,PZ039,0,1733.437499999999,0.0,0.0,1733.437499999999,0.0,-0.0,0.0,0.0,1.0
S6,R2,PZ039,1,1733.437499999999,0.0,0.0,1733.437499999999,0.0,-0.0,0.0,0.0,1.0
S6,R2,PZ039,2,1733.437499999999,0.0,0.0,1733.437499999999,0.0,-0.0,0.0,0.0,1.0
S6,R2,PZ039,3,1733.437499999999,0.0,0.0,1733.437499999999,0.0,-0.0,0.0,0.0,1.0
S6,R2,PZ039,4,1733.437499999999,0.0,0.0,1733.437499999999,0.0,-0.0,0.0,0.0,1.0
S6,R2,PZ039,5,1733.4375000000005,0.0,0.0,1733.4375000000005,0.0,-0.0,0.0,0.0,1.0
S6,R2,PZ039,6,0.0,0.0,0.0,0.0,0.0,0.0,0.0,0.0,1.0
S6,R2,PZ039,7,0.0,0.0,0.0,0.0,0.0,0.0,0.0,0.0,1.0
S6,R2,PZ039,8,4.031001448301067e-12,0.0,0.0,0.0,4.031001448301067e-12,0.0,0.0,0.0,1.0
S6,R2,PZ039,9,1733.4375000000002,0.0,0.0,1733.4375000000039,0.0,3.637978807091712e-12,3.8294513758860134e-12,0.0,1.0
S6,R2,PZ039,10,1733.437499999999,0.0,0.0,1733.437499999999,0.0,-0.0,0.0,0.0,1.0
S6,R2,PZ039,11,1733.437499999999,-0.0,0.0,1733.437499999999,0.0,-0.0,0.0,0.0,1.0
S6,R2,PZ039,12,1733.4375000000005,-0.0,0.0,1733.4375000000005,0.0,-0.0,0.0,0.0,1.0
S6,R2,PZ039,13,1733.4375000000007,-0.0,0.0,1733.4375000000007,0.0,-0.0,0.0,0.0,1.0
S6,R2,PZ039,14,1733.437499999996,-0.0,0.0,1733.437499999996,0.0,-0.0,0.0,0.0,1.0
S6,R2,PZ039,15,1733.4375000000005,-0.0,0.0,1733.4375000000005,0.0,-0.0,0.0,0.0,1.0
S6,R2,PZ039,16,0.0,-0.0,0.0,0.0,0.0,0.0,0.0,0.0,1.0
S6,R2,PZ039,17,0.0,-0.0,0.0,0.0,0.0,0.0,0.0,0.0,1.0
S6,R2,PZ039,18,0.0,-0.0,0.0,-0.0,0.0,-0.0,-0.0,0.0,1.0
S6,R2,PZ039,19,0.0,-0.0,0.0,-0.0,0.0,-0.0,0.0,0.0,1.0
S6,R2,PZ039,20,0.0,-0.0,0.0,3.637978807091713e-12,0.0,3.637978807091713e-12,0.0,0.0,1.0
S6,R2,PZ039,21,1733.437500000001,-0.0,0.0,1733.437500000001,0.0,-0.0,0.0,0.0,1.0
S6,R2,PZ039,22,1733.4375,-0.0,0.0,1733.4375,0.0,-0.0,0.0,0.0,1.0
S6,R2,PZ039,23,1733.4375000000005,0.0,0.0,1733.4375000000005,0.0,-0.0,0.0,0.0,1.0
S6,R2,PZ040,0,1930.3999999999992,0.0,0.0,1930.3999999999992,0.0,-0.0,0.0,0.0,1.0
S6,R2,PZ040,1,1930.3999999999992,0.0,0.0,1930.3999999999992,0.0,-0.0,0.0,0.0,1.0
S6,R2,PZ040,2,1930.3999999999992,0.0,0.0,1930.3999999999992,0.0,-0.0,0.0,0.0,1.0
S6,R2,PZ040,3,1930.3999999999992,0.0,0.0,1930.3999999999992,0.0,-0.0,0.0,0.0,1.0
S6,R2,PZ040,4,1930.3999999999992,0.0,0.0,1930.3999999999992,0.0,-0.0,0.0,0.0,1.0
S6,R2,PZ040,5,1930.3999999999992,0.0,0.0,1930.3999999999992,0.0,-0.0,0.0,0.0,1.0
S6,R2,PZ040,6,0.0,0.0,0.0,0.0,0.0,0.0,0.0,0.0,1.0
S6,R2,PZ040,7,0.0,0.0,0.0,0.0,0.0,0.0,0.0,0.0,1.0
S6,R2,PZ040,8,0.0,0.0,0.0,0.0,0.0,0.0,0.0,0.0,1.0
S6,R2,PZ040,9,4.092726157978177e-12,0.0,0.0,0.0,4.092726157978177e-12,0.0,-8.572698106945567e-14,0.0,1.0
S6,R2,PZ040,10,1930.3999999999992,0.0,0.0,1930.4000000000028,0.0,3.6122447255593218e-12,3.802362869009812e-12,0.0,1.0
S6,R2,PZ040,11,1930.3999999999992,-0.0,0.0,1930.3999999999992,0.0,-0.0,0.0,0.0,1.0
S6,R2,PZ040,12,1930.3999999999999,-0.0,0.0,1930.3999999999999,0.0,-0.0,0.0,0.0,1.0
S6,R2,PZ040,13,1930.3999999999992,-0.0,0.0,1930.3999999999992,0.0,-0.0,0.0,0.0,1.0
S6,R2,PZ040,14,1930.3999999999994,-0.0,0.0,1930.4,0.0,5.785593367783204e-13,0.0,0.0,1.0
S6,R2,PZ040,15,1930.3999999999994,-0.0,0.0,1930.399999999999,0.0,-5.785593367783204e-13,0.0,0.0,1.0
S6,R2,PZ040,16,0.0,0.0,0.0,0.0,0.0,0.0,0.0,0.0,1.0
S6,R2,PZ040,17,0.0,-0.0,0.0,0.0,4.031001448301067e-12,0.0,0.0,0.0,1.0
S6,R2,PZ040,18,0.0,-0.0,0.0,3.637978807091713e-12,0.0,3.637978807091713e-12,3.8294513758860134e-12,0.0,1.0
S6,R2,PZ040,19,0.0,-0.0,0.0,-0.0,0.0,-0.0,0.0,0.0,1.0
S6,R2,PZ040,20,0.0,-0.0,0.0,-0.0,0.0,-0.0,0.0,0.0,1.0
S6,R2,PZ040,21,1930.3999999999994,-0.0,0.0,1930.3999999999994,0.0,-0.0,0.0,0.0,1.0
S6,R2,PZ040,22,1930.3999999999992,-0.0,0.0,1930.3999999999992,0.0,-0.0,0.0,0.0,1.0
S6,R2,PZ040,23,1930.3999999999996,0.0,0.0,1930.3999999999996,0.0,-0.0,0.0,0.0,1.0
S6,R2,PZ041,0,1971.003825218181,0.0,0.0,1971.003825218181,0.0,-0.0,0.0,0.0,1.0
S6,R2,PZ041,1,1971.003825218181,0.0,0.0,1971.003825218181,0.0,-0.0,0.0,0.0,1.0
S6,R2,PZ041,2,1971.003825218181,0.0,0.0,1971.003825218181,0.0,-0.0,0.0,0.0,1.0
S6,R2,PZ041,3,1971.003825218181,0.0,0.0,1971.003825218181,0.0,-0.0,0.0,0.0,1.0
S6,R2,PZ041,4,1971.003825218181,0.0,0.0,1971.003825218181,0.0,-0.0,0.0,0.0,1.0
S6,R2,PZ041,5,1971.003825218181,0.0,0.0,1971.003825218181,0.0,-0.0,-0.0,0.0,1.0
S6,R2,PZ041,6,0.0,0.0,0.0,0.0,0.0,0.0,0.0,0.0,1.0
S6,R2,PZ041,7,0.0,0.0,0.0,0.0,0.0,0.0,0.0,0.0,1.0
S6,R2,PZ041,8,0.0,0.0,0.0,0.0,0.0,0.0,0.0,0.0,1.0
S6,R2,PZ041,9,0.0,0.0,0.0,0.0,0.0,0.0,0.0,0.0,1.0
S6,R2,PZ041,10,1971.003825218181,0.0,0.0,1971.003825218186,0.0,5.002220859751105e-12,5.265495641843268e-12,0.0,1.0
S6,R2,PZ041,11,1971.0038252181803,0.7374968330717517,0.0,1971.741322051252,0.0,-0.0,0.0,0.0,1.0
S6,R2,PZ041,12,1971.003825218181,4.194534404459814,0.0,1975.1983596226407,0.0,-0.0,0.0,0.0,1.0
S6,R2,PZ041,13,1971.003825218181,8.538995358462339,0.0,1979.5428205766434,0.0,-0.0,0.0,0.0,1.0
S6,R2,PZ041,14,1971.003825218181,11.816789767762463,0.0,1982.8206149859434,0.0,-0.0,0.0,0.0,1.0
S6,R2,PZ041,15,1971.00382521818,13.823667808721284,0.0,1984.8274930269013,0.0,-0.0,0.0,0.0,1.0
S6,R2,PZ041,16,1971.0038252181814,15.042294471393275,0.0,1986.0461196895747,0.0,-0.0,0.0,0.0,1.0
S6,R2,PZ041,17,1971.0038252181805,15.105797557716532,0.0,1986.1096227758972,0.0,-0.0,0.0,0.0,1.0
S6,R2,PZ041,18,0.0,14.118115098257165,0.0,14.118115098257165,0.0,-0.0,0.0,0.0,1.0
S6,R2,PZ041,19,0.0,11.628851622997768,0.0,11.628851622997768,0.0,0.0,-0.0,0.0,1.0
S6,R2,PZ041,20,0.0,8.321842039954541,0.0,8.321842039954541,0.0,0.0,-0.0,0.0,1.0
S6,R2,PZ041,21,1971.0038252181814,4.206983421545963,0.0,1975.2108086397275,0.0,-0.0,0.0,0.0,1.0
S6,R2,PZ041,22,1971.0038252181807,0.6496029065868305,0.0,1971.6534281247675,0.0,-0.0,0.0,0.0,1.0
S6,R2,PZ041,23,1971.0038252181816,0.0,0.0,1971.0038252181816,0.0,-0.0,0.0,0.0,1.0
S6,R2,PZ047,0,2332.5666666666675,0.0,0.0,2332.5666666666675,0.0,-0.0,0.0,0.0,1.0
S6,R2,PZ047,1,2332.5666666666675,0.0,0.0,2332.5666666666675,0.0,-0.0,0.0,0.0,1.0
S6,R2,PZ047,2,2332.5666666666675,0.0,0.0,2332.5666666666675,0.0,-0.0,0.0,0.0,1.0
S6,R2,PZ047,3,2332.5666666666675,0.0,0.0,2332.5666666666675,0.0,-0.0,0.0,0.0,1.0
S6,R2,PZ047,4,2332.5666666666675,0.0,0.0,2332.5666666666675,0.0,-0.0,0.0,0.0,1.0
S6,R2,PZ047,5,2332.5666666666675,0.0,0.0,2332.5666666666675,0.0,-0.0,0.0,0.0,1.0
S6,R2,PZ047,6,0.0,0.0,0.0,0.0,0.0,0.0,0.0,0.0,1.0
S6,R2,PZ047,7,0.0,0.0,0.0,0.0,0.0,0.0,0.0,0.0,1.0
S6,R2,PZ047,8,0.0,0.0,0.0,0.0,0.0,0.0,0.0,0.0,1.0
S6,R2,PZ047,9,0.0,0.0,0.0,0.0,0.0,0.0,0.0,0.0,1.0
S6,R2,PZ047,10,2332.5666666666675,0.0,0.0,2332.5666666666652,0.0,0.0,2.2448725139998187e-12,0.0,1.0
S6,R2,PZ047,11,2332.5666666666666,0.0,0.0,2332.5666666666666,0.0,0.0,2.2448725139998187e-12,0.0,1.0
S6,R2,PZ047,12,2332.5666666666666,0.0,0.0,2332.5666666666666,0.0,0.0,2.2448725139998187e-12,0.0,1.0
S6,R2,PZ047,13,2332.5666666666666,0.0,0.0,2332.5666666666666,0.0,0.0,2.2448725139998187e-12,0.0,1.0
S6,R2,PZ047,14,2332.566666666666,0.0,0.0,2332.566666666666,0.0,0.0,2.2448725139998187e-12,0.0,1.0
S6,R2,PZ047,15,2332.5666666666666,0.0,0.0,2332.5666666666666,0.0,0.0,2.2448725139998187e-12,0.0,1.0
S6,R2,PZ047,16,-3.2195032522777287e-12,0.0,0.0,0.0,-3.2195032522777287e-12,0.0,2.339991748126444e-12,0.0,1.0
S6,R2,PZ047,17,0.0,0.0,0.0,0.0,0.0,0.0,-7.185363415373981e-13,0.0,1.0
S6,R2,PZ047,18,0.0,0.0,0.0,0.0,0.0,-0.0,-7.185363415373981e-13,0.0,1.0
S6,R2,PZ047,19,0.0,0.0,0.0,0.0,0.0,-6.826095244605283e-13,-7.185363415373982e-13,0.0,1.0
S6,R2,PZ047,20,0.0,0.0,0.0,-0.0,0.0,-0.0,0.0,0.0,1.0
S6,R2,PZ047,21,2332.5666666666675,0.0,0.0,2332.5666666666675,0.0,-0.0,0.0,0.0,1.0
S6,R2,PZ047,22,2332.5666666666675,0.0,0.0,2332.5666666666675,0.0,-0.0,0.0,0.0,1.0
S6,R2,PZ047,23,2332.566666666666,0.0,0.0,2332.566666666666,0.0,-0.0,0.0,0.0,1.0
S6,R2,PZ048,0,2775.266666666666,0.0,0.0,2775.266666666666,0.0,-0.0,0.0,0.0,1.0
S6,R2,PZ048,1,2775.266666666666,0.0,0.0,2775.266666666666,0.0,-0.0,0.0,0.0,1.0
S6,R2,PZ048,2,2775.266666666666,0.0,0.0,2775.266666666666,0.0,-0.0,0.0,0.0,1.0
S6,R2,PZ048,3,2775.266666666666,0.0,0.0,2775.266666666666,0.0,-0.0,0.0,0.0,1.0
S6,R2,PZ048,4,2775.266666666666,0.0,0.0,2775.266666666666,0.0,-0.0,0.0,0.0,1.0
S6,R2,PZ048,5,2775.266666666666,0.0,0.0,2775.266666666666,0.0,-0.0,0.0,0.0,1.0
S6,R2,PZ048,6,0.0,0.0,0.0,0.0,0.0,0.0,0.0,0.0,1.0
S6,R2,PZ048,7,0.0,0.0,0.0,0.0,0.0,0.0,0.0,0.0,1.0
S6,R2,PZ048,8,0.0,0.0,0.0,0.0,0.0,0.0,0.0,0.0,1.0
S6,R2,PZ048,9,0.0,0.0,0.0,0.0,0.0,0.0,0.0,0.0,1.0
S6,R2,PZ048,10,2775.266666666666,0.0,0.0,2775.2666666666787,-0.0,0.0,0.0,0.0,1.0
S6,R2,PZ048,11,2775.266666666666,0.0,0.0,2775.2666666666637,0.0,0.0,0.0,0.0,1.0
S6,R2,PZ048,12,2775.2666666666664,0.0,0.0,2775.2666666666664,0.0,0.0,2.385235868467517e-12,0.0,1.0
S6,R2,PZ048,13,2775.266666666668,0.0,0.0,2775.266666666668,0.0,0.0,2.385235868467517e-12,0.0,1.0
S6,R2,PZ048,14,2775.2666666666673,0.0,0.0,2775.2666666666673,0.0,0.0,2.385235868467517e-12,0.0,1.0
S6,R2,PZ048,15,2775.266666666666,0.0,0.0,2775.2666666666632,0.0,0.0,2.385235868467517e-12,0.0,1.0
S6,R2,PZ048,16,-0.0,0.0,0.0,0.0,0.0,0.0,5.189330446834598e-12,0.0,1.0
S6,R2,PZ048,17,-2.2602705590015942e-12,0.0,0.0,0.0,-2.2602705590015942e-12,0.0,5.189330446834598e-12,0.0,1.0
S6,R2,PZ048,18,0.0,0.0,0.0,0.0,0.0,-0.0,3.0420734157830832e-12,0.0,1.0
S6,R2,PZ048,19,0.0,0.0,0.0,0.0,0.0,2.889969744993929e-12,3.0420734157830832e-12,0.0,1.0
S6,R2,PZ048,20,0.0,0.0,0.0,-0.0,0.0,-0.0,0.0,0.0,1.0
S6,R2,PZ048,21,2775.266666666667,0.0,0.0,2775.266666666667,0.0,-0.0,0.0,0.0,1.0
S6,R2,PZ048,22,2775.2666666666673,0.0,0.0,2775.2666666666673,0.0,-0.0,0.0,0.0,1.0
S6,R2,PZ048,23,2775.266666666666,0.0,0.0,2775.266666666666,0.0,-0.0,0.0,0.0,1.0
S6,R2,PZ049,0,2537.766666666667,0.0,0.0,2537.766666666667,0.0,-0.0,0.0,0.0,1.0
S6,R2,PZ049,1,2537.766666666666,0.0,0.0,2537.766666666666,0.0,-0.0,0.0,0.0,1.0
S6,R2,PZ049,2,2537.766666666666,0.0,0.0,2537.766666666666,0.0,-0.0,0.0,0.0,1.0
S6,R2,PZ049,3,2537.766666666666,0.0,0.0,2537.766666666666,0.0,-0.0,0.0,0.0,1.0
S6,R2,PZ049,4,2537.766666666666,0.0,0.0,2537.766666666666,0.0,-0.0,0.0,0.0,1.0
S6,R2,PZ049,5,2537.766666666666,0.0,0.0,2537.766666666666,0.0,-0.0,0.0,0.0,1.0
S6,R2,PZ049,6,0.0,0.0,0.0,0.0,0.0,0.0,0.0,0.0,1.0
S6,R2,PZ049,7,0.0,0.0,0.0,0.0,0.0,0.0,0.0,0.0,1.0
S6,R2,PZ049,8,0.0,0.0,0.0,0.0,0.0,0.0,0.0,0.0,1.0
S6,R2,PZ049,9,0.0,0.0,0.0,0.0,0.0,0.0,0.0,0.0,1.0
S6,R2,PZ049,10,2537.766666666666,0.0,0.0,2537.766666666666,0.0,-0.0,0.0,0.0,1.0
S6,R2,PZ049,11,2537.766666666666,0.0,0.0,2537.766666666666,0.0,-0.0,0.0,0.0,1.0
S6,R2,PZ049,12,2537.766666666666,0.0,0.0,2537.766666666666,0.0,-0.0,0.0,0.0,1.0
S6,R2,PZ049,13,2537.766666666666,0.0,0.0,2537.766666666666,0.0,-0.0,0.0,0.0,1.0
S6,R2,PZ049,14,2537.766666666666,0.0,0.0,2537.766666666666,0.0,-0.0,0.0,0.0,1.0
S6,R2,PZ049,15,2537.766666666666,0.0,0.0,2537.766666666666,0.0,-0.0,0.0,0.0,1.0
S6,R2,PZ049,16,0.0,0.0,0.0,0.0,0.0,0.0,0.0,0.0,1.0
S6,R2,PZ049,17,0.0,0.0,0.0,0.0,0.0,0.0,0.0,0.0,1.0
S6,R2,PZ049,18,0.0,0.0,0.0,-0.0,0.0,-0.0,0.0,0.0,1.0
S6,R2,PZ049,19,0.0,0.0,0.0,-0.0,0.0,-0.0,0.0,0.0,1.0
S6,R2,PZ049,20,0.0,0.0,0.0,-0.0,0.0,-0.0,0.0,0.0,1.0
S6,R2,PZ049,21,2537.766666666667,0.0,0.0,2537.766666666667,0.0,-0.0,0.0,0.0,1.0
S6,R2,PZ049,22,2537.766666666666,0.0,0.0,2537.766666666666,0.0,-0.0,0.0,0.0,1.0
S6,R2,PZ049,23,2537.766666666666,0.0,0.0,2537.766666666666,0.0,-0.0,0.0,0.0,1.0
S6,R2,PZ050,0,3110.2999999999993,0.0,0.0,3110.2999999999993,0.0,-0.0,0.0,0.0,1.0
S6,R2,PZ050,1,3110.2999999999993,0.0,0.0,3110.2999999999993,0.0,-0.0,0.0,0.0,1.0
S6,R2,PZ050,2,3110.2999999999993,0.0,0.0,3110.2999999999993,0.0,-0.0,0.0,0.0,1.0
S6,R2,PZ050,3,3110.2999999999993,0.0,0.0,3110.2999999999993,0.0,-0.0,0.0,0.0,1.0
S6,R2,PZ050,4,3110.2999999999993,0.0,0.0,3110.2999999999993,0.0,-0.0,0.0,0.0,1.0
S6,R2,PZ050,5,3110.3000000000006,0.0,0.0,3110.3000000000006,0.0,-0.0,0.0,0.0,1.0
S6,R2,PZ050,6,0.0,0.0,0.0,0.0,0.0,0.0,0.0,0.0,1.0
S6,R2,PZ050,7,0.0,0.0,0.0,0.0,0.0,0.0,0.0,0.0,1.0
S6,R2,PZ050,8,0.0,0.0,0.0,0.0,0.0,0.0,0.0,0.0,1.0
S6,R2,PZ050,9,-1.3642420526593924e-12,0.0,0.0,0.0,-1.3642420526593924e-12,0.0,1.5746071113653657e-13,0.0,1.0
S6,R2,PZ050,10,3110.2999999999993,0.0,0.0,3110.2999999999984,0.0,-1.0816407769453917e-12,-1.138569238889886e-12,0.0,1.0
S6,R2,PZ050,11,3110.2999999999993,-0.0,0.0,3110.2999999999993,0.0,-0.0,0.0,0.0,1.0
S6,R2,PZ050,12,3110.2999999999993,-0.0,0.0,3110.2999999999993,0.0,-0.0,0.0,0.0,1.0
S6,R2,PZ050,13,3110.2999999999997,-0.0,0.0,3110.2999999999997,0.0,-0.0,0.0,0.0,1.0
S6,R2,PZ050,14,3110.3,-0.0,0.0,3110.3,0.0,-0.0,0.0,0.0,1.0
S6,R2,PZ050,15,3110.2999999999975,-0.0,0.0,3110.2999999999975,0.0,-0.0,0.0,0.0,1.0
S6,R2,PZ050,16,0.0,-0.0,0.0,0.0,0.0,0.0,0.0,0.0,1.0
S6,R2,PZ050,17,0.0,0.0,0.0,0.0,0.0,0.0,0.0,0.0,1.0
S6,R2,PZ050,18,0.0,-0.0,0.0,-0.0,0.0,-0.0,-0.0,0.0,1.0
S6,R2,PZ050,19,0.0,-0.0,0.0,-0.0,0.0,-0.0,0.0,0.0,1.0
S6,R2,PZ050,20,0.0,-0.0,0.0,-0.0,0.0,-0.0,0.0,0.0,1.0
S6,R2,PZ050,21,3110.3,-0.0,0.0,3110.3,0.0,-0.0,0.0,0.0,1.0
S6,R2,PZ050,22,3110.2999999999997,-0.0,0.0,3110.2999999999997,0.0,-0.0,0.0,0.0,1.0
S6,R2,PZ050,23,3110.3,0.0,0.0,3110.3,0.0,-0.0,0.0,0.0,1.0
S6,R2,PZ052,0,2719.5333333333338,0.0,0.0,2719.5333333333338,0.0,-0.0,0.0,0.0,1.0
S6,R2,PZ052,1,2719.5333333333338,0.0,0.0,2719.5333333333338,0.0,-0.0,0.0,0.0,1.0
S6,R2,PZ052,2,2719.5333333333338,0.0,0.0,2719.5333333333338,0.0,-0.0,0.0,0.0,1.0
S6,R2,PZ052,3,2719.5333333333338,0.0,0.0,2719.5333333333338,0.0,-0.0,0.0,0.0,1.0
S6,R2,PZ052,4,2719.5333333333333,0.0,0.0,2719.5333333333333,0.0,-0.0,0.0,0.0,1.0
S6,R2,PZ052,5,2719.5333333333338,0.0,0.0,2719.5333333333338,0.0,-0.0,0.0,0.0,1.0
S6,R2,PZ052,6,0.0,0.0,0.0,0.0,0.0,0.0,0.0,0.0,1.0
S6,R2,PZ052,7,0.0,0.0,0.0,0.0,0.0,0.0,0.0,0.0,1.0
S6,R2,PZ052,8,0.0,0.0,0.0,0.0,0.0,0.0,0.0,0.0,1.0
S6,R2,PZ052,9,-0.0,0.0,0.0,0.0,0.0,0.0,0.0,0.0,1.0
S6,R2,PZ052,10,2719.5333333333338,0.0,0.0,2719.5333333333338,0.0,-0.0,0.0,0.0,1.0
S6,R2,PZ052,11,2719.5333333333338,-0.0,0.0,2719.5333333333338,0.0,-0.0,0.0,0.0,1.0
S6,R2,PZ052,12,2719.5333333333333,-0.0,0.0,2719.5333333333333,0.0,-0.0,0.0,0.0,1.0
S6,R2,PZ052,13,2719.5333333333338,-0.0,0.0,2719.5333333333338,0.0,-0.0,0.0,0.0,1.0
S6,R2,PZ052,14,2719.533333333334,-0.0,0.0,2719.533333333334,0.0,-0.0,0.0,0.0,1.0
S6,R2,PZ052,15,2719.5333333333338,-0.0,0.0,2719.5333333333338,0.0,-0.0,0.0,0.0,1.0
S6,R2,PZ052,16,0.0,-0.0,0.0,0.0,0.0,0.0,0.0,0.0,1.0
S6,R2,PZ052,17,0.0,-0.0,0.0,0.0,0.0,0.0,0.0,0.0,1.0
S6,R2,PZ052,18,0.0,-0.0,0.0,-0.0,0.0,-0.0,-0.0,0.0,1.0
S6,R2,PZ052,19,0.0,-0.0,0.0,-0.0,0.0,-0.0,0.0,0.0,1.0
S6,R2,PZ052,20,0.0,-0.0,0.0,-0.0,0.0,-0.0,0.0,0.0,1.0
S6,R2,PZ052,21,2719.5333333333333,-0.0,0.0,2719.5333333333333,0.0,-0.0,0.0,0.0,1.0
S6,R2,PZ052,22,2719.5333333333333,-0.0,0.0,2719.5333333333333,0.0,-0.0,0.0,0.0,1.0
S6,R2,PZ052,23,2719.5333333333333,0.0,0.0,2719.5333333333333,0.0,-0.0,0.0,0.0,1.0
S6,R3,PZ001,0,1404.0,0.0,0.0,1404.0,0.0,-0.0,0.0,0.0,1.0
S6,R3,PZ001,1,1404.0,0.0,0.0,1404.0,0.0,-0.0,0.0,0.0,1.0
S6,R3,PZ001,2,1404.0,0.0,0.0,1404.0,0.0,-0.0,0.0,0.0,1.0
S6,R3,PZ001,3,1404.0,0.0,0.0,1404.0,0.0,-0.0,0.0,0.0,1.0
S6,R3,PZ001,4,1404.0,0.0,0.0,1404.0,0.0,-0.0,0.0,0.0,1.0
S6,R3,PZ001,5,1404.0,0.0,0.0,1404.0,0.0,-0.0,0.0,0.0,1.0
S6,R3,PZ001,6,0.0,0.0,0.0,0.0,0.0,0.0,0.0,0.0,1.0
S6,R3,PZ001,7,0.0,0.0,0.0,0.0,0.0,0.0,0.0,0.0,1.0
S6,R3,PZ001,8,11.42267464532356,0.0,0.0,0.0,11.42267464532356,0.0,0.0,0.0,1.0
S6,R3,PZ001,9,11.470897015615805,0.0,0.0,0.0,11.470897015615805,0.0,10.851540913057383,0.0,1.0
S6,R3,PZ001,10,1404.0,0.0,0.0,1415.4708970156157,0.0,11.470897015615805,21.748893077892397,0.0,1.0
S6,R3,PZ001,11,1404.0,0.5600333374775931,0.0,1413.7505847458594,0.0,9.190551408381975,9.674264640402077,0.0,1.0
S6,R3,PZ001,12,1404.0,3.1852056800163564,0.0,1407.1852056800165,0.0,-0.0,0.0,0.0,1.0
S6,R3,PZ001,13,1404.0,6.484261158637523,0.0,1410.4842611586375,0.0,-0.0,0.0,0.0,1.0
S6,R3,PZ001,14,1404.0,8.973321531900371,0.0,1412.9733215319004,0.0,-0.0,0.0,0.0,1.0
S6,R3,PZ001,15,1404.0,10.497285509491194,0.0,1414.4972855094911,0.0,-0.0,0.0,0.0,1.0
S6,R3,PZ001,16,0.0,11.422674645323562,0.0,0.0,11.422674645323562,0.0,0.0,0.0,1.0
S6,R3,PZ001,17,0.0,11.470897015615805,0.0,0.0,11.470897015615803,0.0,10.851540913057384,0.0,1.0
S6,R3,PZ001,18,913.4181992767104,10.720880094410544,0.0,935.6099763867368,0.0,11.470897015615805,21.748893077892397,0.0,1.0
S6,R3,PZ001,19,0.0,8.830606849298231,0.0,18.021158257680206,0.0,9.190551408381975,9.674264640402077,0.0,1.0
S6,R3,PZ001,20,1404.0,6.319361334997976,0.0,1410.319361334998,0.0,-0.0,0.0,0.0,1.0
S6,R3,PZ001,21,1404.0,3.194659096321933,0.0,1407.1946590963219,0.0,-0.0,0.0,0.0,1.0
S6,R3,PZ001,22,1404.0,0.49328928274268735,0.0,1404.4932892827426,0.0,-0.0,0.0,0.0,1.0
S6,R3,PZ001,23,1404.0,0.0,0.0,1404.0,0.0,-0.0,0.0,0.0,1.0
S6,R3,PZ006,0,219.375,0.0,0.0,219.375,0.0,-0.0,0.0,0.0,1.0
S6,R3,PZ006,1,219.375,0.0,0.0,219.375,0.0,-0.0,0.0,0.0,1.0
S6,R3,PZ006,2,219.375,0.0,0.0,219.375,0.0,-0.0,0.0,0.0,1.0
S6,R3,PZ006,3,219.375,0.0,0.0,219.375,0.0,-0.0,0.0,0.0,1.0
S6,R3,PZ006,4,219.375,0.0,0.0,219.375,0.0,-0.0,0.0,0.0,1.0
S6,R3,PZ006,5,219.375,0.0,0.0,219.375,0.0,-0.0,0.0,0.0,1.0
S6,R3,PZ006,6,0.0,0.0,0.0,0.0,0.0,0.0,0.0,0.0,1.0
S6,R3,PZ006,7,0.0,0.0,0.0,0.0,0.0,0.0,0.0,0.0,1.0
S6,R3,PZ006,8,7.203480165197576,0.0,0.0,0.0,7.203480165197576,0.0,0.0,0.0,1.0
S6,R3,PZ006,9,7.203480165197576,0.0,0.0,0.0,7.203480165197576,0.0,6.843306156937698,0.0,1.0
S6,R3,PZ006,10,219.375,0.0,0.0,226.5784801651976,0.0,7.203480165197576,13.686612313875395,0.0,1.0
S6,R3,PZ006,11,219.375,0.3531737674083922,0.0,225.52697530039242,0.0,5.79880153298405,6.10400161366742,0.0,1.0
S6,R3,PZ006,12,219.375,2.008685938320582,0.0,221.38368593832058,0.0,-0.0,0.0,0.0,1.0
S6,R3,PZ006,13,219.375,4.089168963709317,0.0,223.4641689637093,0.0,-0.0,0.0,0.0,1.0
S6,R3,PZ006,14,219.375,5.658844857097273,0.0,225.03384485709728,0.0,-0.0,0.0,0.0,1.0
S6,R3,PZ006,15,219.375,6.619902107339923,0.0,225.99490210733993,0.0,0.0,-0.0,0.0,1.0
S6,R3,PZ006,16,0.0,7.203480165197576,0.0,0.0,7.203480165197576,0.0,0.0,0.0,1.0
S6,R3,PZ006,17,0.0,7.203480165197577,0.030410468537785285,0.0,7.203480165197576,0.0,6.843306156937698,0.0,1.0
S6,R3,PZ006,18,0.0,6.760907537987596,0.0,13.964387703185173,0.0,7.203480165197576,13.686612313875395,0.0,1.0
S6,R3,PZ006,19,0.0,5.568844711130771,0.0,11.36764624411482,0.0,5.79880153298405,6.10400161366742,0.0,1.0
S6,R3,PZ006,20,0.0,3.985178204476902,0.0,3.985178204476902,0.0,-0.0,0.0,0.0,1.0
S6,R3,PZ006,21,219.375,2.01464754529662,0.0,221.3896475452966,0.0,-0.0,0.0,0.0,1.0
S6,R3,PZ006,22,219.375,0.31108297086937053,0.0,219.68608297086936,0.0,-0.0,0.0,0.0,1.0
S6,R3,PZ006,23,219.375,0.0,0.0,219.375,0.0,-0.0,0.0,0.0,1.0
S6,R3,PZ039,0,1733.4374999999993,0.0,0.0,1733.4374999999993,0.0,-0.0,0.0,0.0,1.0
S6,R3,PZ039,1,1733.4374999999993,0.0,0.0,1733.4374999999993,0.0,-0.0,0.0,0.0,1.0
S6,R3,PZ039,2,1733.4374999999993,0.0,0.0,1733.4374999999993,0.0,-0.0,0.0,0.0,1.0
S6,R3,PZ039,3,1733.4374999999993,0.0,0.0,1733.4374999999993,0.0,-0.0,0.0,0.0,1.0
S6,R3,PZ039,4,1733.4374999999993,0.0,0.0,1733.4374999999993,0.0,-0.0,0.0,0.0,1.0
S6,R3,PZ039,5,1733.4374999999993,0.0,0.0,1733.4374999999993,0.0,-0.0,0.0,0.0,1.0
S6,R3,PZ039,6,0.0,0.0,0.0,0.0,0.0,0.0,0.0,0.0,1.0
S6,R3,PZ039,7,0.0,0.0,0.0,0.0,0.0,0.0,0.0,0.0,1.0
S6,R3,PZ039,8,1.3856567478534919e-12,0.0,0.0,0.0,1.3856567478534919e-12,0.0,0.0,0.0,1.0
S6,R3,PZ039,9,1733.4374999999993,0.0,0.0,1733.4375000000005,0.0,1.2505552149377763e-12,1.3163739104608172e-12,0.0,1.0
S6,R3,PZ039,10,1733.4374999999993,0.0,0.0,1733.4374999999993,0.0,-0.0,0.0,0.0,1.0
S6,R3,PZ039,11,1733.4374999999998,-0.0,0.0,1733.4374999999998,0.0,-0.0,0.0,0.0,1.0
S6,R3,PZ039,12,1733.4374999999998,-0.0,0.0,1733.4374999999998,0.0,-0.0,0.0,0.0,1.0
S6,R3,PZ039,13,1733.4375000000002,-0.0,0.0,1733.4375000000002,0.0,-0.0,0.0,0.0,1.0
S6,R3,PZ039,14,1733.4375000000002,-0.0,0.0,1733.4375000000002,0.0,-0.0,0.0,0.0,1.0
S6,R3,PZ039,15,1733.4375,-0.0,0.0,1733.4375,0.0,-0.0,0.0,0.0,1.0
S6,R3,PZ039,16,0.0,-0.0,0.0,0.0,0.0,0.0,0.0,0.0,1.0
S6,R3,PZ039,17,0.0,-0.0,0.0,0.0,0.0,0.0,0.0,0.0,1.0
S6,R3,PZ039,18,0.0,-0.0,0.0,-0.0,0.0,-0.0,-0.0,0.0,1.0
S6,R3,PZ039,19,0.0,-0.0,0.0,3.0792035587978725e-12,0.0,3.0792035587978725e-12,0.0,0.0,1.0
S6,R3,PZ039,20,0.0,-0.0,0.0,1.2505552149377765e-12,0.0,1.2505552149377765e-12,0.0,0.0,1.0
S6,R3,PZ039,21,1733.4375000000007,-0.0,0.0,1733.4375000000007,0.0,-0.0,0.0,0.0,1.0
S6,R3,PZ039,22,1733.4374999999993,-0.0,0.0,1733.4374999999993,0.0,-0.0,0.0,0.0,1.0
S6,R3,PZ039,23,1733.4375000000002,0.0,0.0,1733.4375000000002,0.0,-0.0,0.0,0.0,1.0
S6,R3,PZ040,0,1930.3999999999994,0.0,0.0,1930.3999999999994,0.0,-0.0,0.0,0.0,1.0
S6,R3,PZ040,1,1930.3999999999994,0.0,0.0,1930.3999999999994,0.0,-0.0,0.0,0.0,1.0
S6,R3,PZ040,2,1930.3999999999994,0.0,0.0,1930.3999999999994,0.0,-0.0,0.0,0.0,1.0
S6,R3,PZ040,3,1930.3999999999994,0.0,0.0,1930.3999999999994,0.0,-0.0,0.0,0.0,1.0
S6,R3,PZ040,4,1930.3999999999994,0.0,0.0,1930.3999999999994,0.0,-0.0,0.0,0.0,1.0
S6,R3,PZ040,5,1930.3999999999994,0.0,0.0,1930.3999999999994,0.0,-0.0,0.0,0.0,1.0
S6,R3,PZ040,6,0.0,0.0,0.0,0.0,0.0,0.0,0.0,0.0,1.0
S6,R3,PZ040,7,0.0,0.0,0.0,0.0,0.0,0.0,0.0,0.0,1.0
S6,R3,PZ040,8,0.0,0.0,0.0,0.0,0.0,0.0,0.0,0.0,1.0
S6,R3,PZ040,9,-0.0,0.0,0.0,0.0,0.0,0.0,0.0,0.0,1.0
S6,R3,PZ040,10,1930.3999999999994,0.0,0.0,1930.3999999999994,0.0,-0.0,0.0,0.0,1.0
S6,R3,PZ040,11,1930.3999999999999,-0.0,0.0,1930.3999999999999,0.0,-0.0,0.0,0.0,1.0
S6,R3,PZ040,12,1930.4000000000003,-0.0,0.0,1930.4000000000003,0.0,-0.0,0.0,0.0,1.0
S6,R3,PZ040,13,1930.4000000000005,-0.0,0.0,1930.4000000000005,0.0,-0.0,0.0,0.0,1.0
S6,R3,PZ040,14,1930.4000000000003,-0.0,0.0,1930.4000000000003,0.0,-0.0,0.0,0.0,1.0
S6,R3,PZ040,15,1930.4000000000003,-0.0,0.0,1930.4000000000003,0.0,-0.0,0.0,0.0,1.0
S6,R3,PZ040,16,0.0,-0.0,0.0,0.0,0.0,0.0,0.0,0.0,1.0
S6,R3,PZ040,17,0.0,-0.0,0.0,0.0,0.0,0.0,0.0,0.0,1.0
S6,R3,PZ040,18,0.0,-0.0,0.0,-0.0,0.0,-0.0,-0.0,0.0,1.0
S6,R3,PZ040,19,0.0,-0.0,0.0,-0.0,0.0,-0.0,0.0,0.0,1.0
S6,R3,PZ040,20,0.0,-0.0,0.0,-0.0,0.0,-0.0,0.0,0.0,1.0
S6,R3,PZ040,21,1930.3999999999994,-0.0,0.0,1930.3999999999994,0.0,-0.0,0.0,0.0,1.0
S6,R3,PZ040,22,1930.4000000000003,-0.0,0.0,1930.4000000000003,0.0,-0.0,0.0,0.0,1.0
S6,R3,PZ040,23,1930.3999999999994,0.0,0.0,1930.3999999999994,0.0,-0.0,0.0,0.0,1.0
S6,R3,PZ041,0,1968.6173920279393,0.0,0.0,1968.6173920279393,0.0,-0.0,0.0,0.0,1.0
S6,R3,PZ041,1,1968.6173920279393,0.0,0.0,1968.6173920279393,0.0,-0.0,0.0,0.0,1.0
S6,R3,PZ041,2,1968.6173920279393,0.0,0.0,1968.6173920279393,0.0,-0.0,0.0,0.0,1.0
S6,R3,PZ041,3,1968.6173920279393,0.0,0.0,1968.6173920279393,0.0,-0.0,0.0,0.0,1.0
S6,R3,PZ041,4,1968.6173920279393,0.0,0.0,1968.6173920279393,0.0,-0.0,0.0,0.0,1.0
S6,R3,PZ041,5,1968.6173920279393,0.0,0.0,1968.6173920279393,0.0,-0.0,-0.0,0.0,1.0
S6,R3,PZ041,6,0.0,0.0,0.0,0.0,0.0,0.0,0.0,0.0,1.0
S6,R3,PZ041,7,0.0,0.0,0.0,0.0,0.0,0.0,0.0,0.0,1.0
S6,R3,PZ041,8,0.0,0.0,0.0,0.0,0.0,0.0,0.0,0.0,1.0
S6,R3,PZ041,9,0.0,0.0,0.0,0.0,0.0,0.0,0.0,0.0,1.0
S6,R3,PZ041,10,1968.6173920279402,0.0,0.0,1968.6173920279298,0.0,-1.0459189070388675e-11,-1.1009672705672289e-11,0.0,1.0
S6,R3,PZ041,11,1968.6173920279384,1.0140581454736586,0.0,1969.631450173412,0.0,-0.0,0.0,0.0,1.0
S6,R3,PZ041,12,1968.6173920279389,5.767484806132244,0.0,1974.384876834071,0.0,-0.0,0.0,0.0,1.0
S6,R3,PZ041,13,1968.6173920279393,11.741118617885714,0.0,1980.358510645825,0.0,-0.0,0.0,0.0,1.0
S6,R3,PZ041,14,1968.6173920279393,16.248085930673387,0.0,1984.8654779586127,0.0,-0.0,0.0,0.0,1.0
S6,R3,PZ041,15,1968.6173920279377,19.007543236991765,0.0,1987.6249352649295,0.0,-0.0,0.0,0.0,1.0
S6,R3,PZ041,16,1968.6173920279393,20.68315489816575,0.0,1989.300546926105,0.0,-0.0,0.0,0.0,1.0
S6,R3,PZ041,17,1968.617392027939,20.77047164186023,0.0,1989.3878636697993,0.0,-0.0,0.0,0.0,1.0
S6,R3,PZ041,18,0.0,19.412408260103604,0.0,19.412408260103604,0.0,-0.0,0.0,0.0,1.0
S6,R3,PZ041,19,0.0,15.989670981621929,0.0,15.989670981621929,0.0,0.0,-0.0,0.0,1.0
S6,R3,PZ041,20,0.0,11.442532804937494,0.0,11.442532804937494,0.0,0.0,-0.0,0.0,1.0
S6,R3,PZ041,21,1968.6173920279393,5.784602204625699,0.0,1974.4019942325651,0.0,-0.0,0.0,0.0,1.0
S6,R3,PZ041,22,1968.6173920279384,0.8932039965568919,0.0,1969.5105960244953,0.0,-0.0,0.0,0.0,1.0
S6,R3,PZ041,23,1968.617392027941,0.0,0.0,1968.617392027941,0.0,-0.0,0.0,0.0,1.0
S6,R3,PZ047,0,2332.5666666666675,0.0,0.0,2332.5666666666675,0.0,-0.0,0.0,0.0,1.0
S6,R3,PZ047,1,2332.5666666666675,0.0,0.0,2332.5666666666675,0.0,-0.0,0.0,0.0,1.0
S6,R3,PZ047,2,2332.5666666666675,0.0,0.0,2332.5666666666675,0.0,-0.0,0.0,0.0,1.0
S6,R3,PZ047,3,2332.5666666666675,0.0,0.0,2332.5666666666675,0.0,-0.0,0.0,0.0,1.0
S6,R3,PZ047,4,2332.5666666666675,0.0,0.0,2332.5666666666675,0.0,-0.0,0.0,0.0,1.0
S6,R3,PZ047,5,2332.5666666666675,0.0,0.0,2332.5666666666675,0.0,-0.0,0.0,0.0,1.0
S6,R3,PZ047,6,0.0,0.0,0.0,0.0,0.0,0.0,0.0,0.0,1.0
S6,R3,PZ047,7,0.0,0.0,0.0,0.0,0.0,0.0,0.0,0.0,1.0
S6,R3,PZ047,8,0.0,0.0,0.0,0.0,0.0,0.0,0.0,0.0,1.0
S6,R3,PZ047,9,0.0,0.0,0.0,0.0,0.0,0.0,0.0,0.0,1.0
S6,R3,PZ047,10,2332.5666666666675,0.0,0.0,2332.5666666666652,0.0,0.0,2.2448725139998187e-12,0.0,1.0
S6,R3,PZ047,11,2332.5666666666666,0.0,0.0,2332.5666666666666,0.0,0.0,2.2448725139998187e-12,0.0,1.0
S6,R3,PZ047,12,2332.5666666666666,0.0,0.0,2332.5666666666666,0.0,0.0,2.2448725139998187e-12,0.0,1.0
S6,R3,PZ047,13,2332.5666666666666,0.0,0.0,2332.5666666666666,0.0,0.0,2.2448725139998187e-12,0.0,1.0
S6,R3,PZ047,14,2332.566666666666,0.0,0.0,2332.566666666666,0.0,0.0,2.2448725139998187e-12,0.0,1.0
S6,R3,PZ047,15,2332.5666666666666,0.0,0.0,2332.5666666666666,0.0,0.0,2.2448725139998187e-12,0.0,1.0
S6,R3,PZ047,16,-3.2195032522777287e-12,0.0,0.0,0.0,-3.2195032522777287e-12,0.0,2.339991748126444e-12,0.0,1.0
S6,R3,PZ047,17,0.0,0.0,0.0,0.0,0.0,0.0,-7.185363415373981e-13,0.0,1.0
S6,R3,PZ047,18,0.0,0.0,0.0,0.0,0.0,-0.0,-7.185363415373981e-13,0.0,1.0
S6,R3,PZ047,19,0.0,0.0,0.0,0.0,0.0,-6.826095244605283e-13,-7.185363415373982e-13,0.0,1.0
S6,R3,PZ047,20,0.0,0.0,0.0,-0.0,0.0,-0.0,0.0,0.0,1.0
S6,R3,PZ047,21,2332.5666666666675,0.0,0.0,2332.5666666666675,0.0,-0.0,0.0,0.0,1.0
S6,R3,PZ047,22,2332.5666666666675,0.0,0.0,2332.5666666666675,0.0,-0.0,0.0,0.0,1.0
S6,R3,PZ047,23,2332.566666666666,0.0,0.0,2332.566666666666,0.0,-0.0,0.0,0.0,1.0
S6,R3,PZ048,0,2775.266666666666,0.0,0.0,2775.266666666666,0.0,-0.0,0.0,0.0,1.0
S6,R3,PZ048,1,2775.266666666666,0.0,0.0,2775.266666666666,0.0,-0.0,0.0,0.0,1.0
S6,R3,PZ048,2,2775.266666666666,0.0,0.0,2775.266666666666,0.0,-0.0,0.0,0.0,1.0
S6,R3,PZ048,3,2775.266666666666,0.0,0.0,2775.266666666666,0.0,-0.0,0.0,0.0,1.0
S6,R3,PZ048,4,2775.266666666666,0.0,0.0,2775.266666666666,0.0,-0.0,0.0,0.0,1.0
S6,R3,PZ048,5,2775.266666666666,0.0,0.0,2775.266666666666,0.0,-0.0,0.0,0.0,1.0
S6,R3,PZ048,6,0.0,0.0,0.0,0.0,0.0,0.0,0.0,0.0,1.0
S6,R3,PZ048,7,0.0,0.0,0.0,0.0,0.0,0.0,0.0,0.0,1.0
S6,R3,PZ048,8,0.0,0.0,0.0,0.0,0.0,0.0,0.0,0.0,1.0
S6,R3,PZ048,9,0.0,0.0,0.0,0.0,0.0,0.0,0.0,0.0,1.0
S6,R3,PZ048,10,2775.266666666666,0.0,0.0,2775.2666666666787,-0.0,0.0,0.0,0.0,1.0
S6,R3,PZ048,11,2775.266666666666,0.0,0.0,2775.2666666666637,0.0,0.0,0.0,0.0,1.0
S6,R3,PZ048,12,2775.2666666666664,0.0,0.0,2775.2666666666664,0.0,0.0,2.385235868467517e-12,0.0,1.0
S6,R3,PZ048,13,2775.266666666668,0.0,0.0,2775.266666666668,0.0,0.0,2.385235868467517e-12,0.0,1.0
S6,R3,PZ048,14,2775.2666666666673,0.0,0.0,2775.2666666666673,0.0,0.0,2.385235868467517e-12,0.0,1.0
S6,R3,PZ048,15,2775.266666666666,0.0,0.0,2775.2666666666632,0.0,0.0,2.385235868467517e-12,0.0,1.0
S6,R3,PZ048,16,-0.0,0.0,0.0,0.0,0.0,0.0,5.189330446834598e-12,0.0,1.0
S6,R3,PZ048,17,-2.2602705590015942e-12,0.0,0.0,0.0,-2.2602705590015942e-12,0.0,5.189330446834598e-12,0.0,1.0
S6,R3,PZ048,18,0.0,0.0,0.0,0.0,0.0,-0.0,3.0420734157830832e-12,0.0,1.0
S6,R3,PZ048,19,0.0,0.0,0.0,0.0,0.0,2.889969744993929e-12,3.0420734157830832e-12,0.0,1.0
S6,R3,PZ048,20,0.0,0.0,0.0,-0.0,0.0,-0.0,0.0,0.0,1.0
S6,R3,PZ048,21,2775.266666666667,0.0,0.0,2775.266666666667,0.0,-0.0,0.0,0.0,1.0
S6,R3,PZ048,22,2775.2666666666673,0.0,0.0,2775.2666666666673,0.0,-0.0,0.0,0.0,1.0
S6,R3,PZ048,23,2775.266666666666,0.0,0.0,2775.266666666666,0.0,-0.0,0.0,0.0,1.0
S6,R3,PZ049,0,2537.766666666667,0.0,0.0,2537.766666666667,0.0,-0.0,0.0,0.0,1.0
S6,R3,PZ049,1,2537.766666666666,0.0,0.0,2537.766666666666,0.0,-0.0,0.0,0.0,1.0
S6,R3,PZ049,2,2537.766666666666,0.0,0.0,2537.766666666666,0.0,-0.0,0.0,0.0,1.0
S6,R3,PZ049,3,2537.766666666666,0.0,0.0,2537.766666666666,0.0,-0.0,0.0,0.0,1.0
S6,R3,PZ049,4,2537.766666666666,0.0,0.0,2537.766666666666,0.0,-0.0,0.0,0.0,1.0
S6,R3,PZ049,5,2537.766666666666,0.0,0.0,2537.766666666666,0.0,-0.0,0.0,0.0,1.0
S6,R3,PZ049,6,0.0,0.0,0.0,0.0,0.0,0.0,0.0,0.0,1.0
S6,R3,PZ049,7,0.0,0.0,0.0,0.0,0.0,0.0,0.0,0.0,1.0
S6,R3,PZ049,8,0.0,0.0,0.0,0.0,0.0,0.0,0.0,0.0,1.0
S6,R3,PZ049,9,0.0,0.0,0.0,0.0,0.0,0.0,0.0,0.0,1.0
S6,R3,PZ049,10,2537.766666666666,0.0,0.0,2537.766666666666,0.0,-0.0,0.0,0.0,1.0
S6,R3,PZ049,11,2537.766666666666,0.0,0.0,2537.766666666666,0.0,-0.0,0.0,0.0,1.0
S6,R3,PZ049,12,2537.766666666666,0.0,0.0,2537.766666666666,0.0,-0.0,0.0,0.0,1.0
S6,R3,PZ049,13,2537.766666666666,0.0,0.0,2537.766666666666,0.0,-0.0,0.0,0.0,1.0
S6,R3,PZ049,14,2537.766666666666,0.0,0.0,2537.766666666666,0.0,-0.0,0.0,0.0,1.0
S6,R3,PZ049,15,2537.766666666666,0.0,0.0,2537.766666666666,0.0,-0.0,0.0,0.0,1.0
S6,R3,PZ049,16,0.0,0.0,0.0,0.0,0.0,0.0,0.0,0.0,1.0
S6,R3,PZ049,17,0.0,0.0,0.0,0.0,0.0,0.0,0.0,0.0,1.0
S6,R3,PZ049,18,0.0,0.0,0.0,-0.0,0.0,-0.0,0.0,0.0,1.0
S6,R3,PZ049,19,0.0,0.0,0.0,-0.0,0.0,-0.0,0.0,0.0,1.0
S6,R3,PZ049,20,0.0,0.0,0.0,-0.0,0.0,-0.0,0.0,0.0,1.0
S6,R3,PZ049,21,2537.766666666667,0.0,0.0,2537.766666666667,0.0,-0.0,0.0,0.0,1.0
S6,R3,PZ049,22,2537.766666666666,0.0,0.0,2537.766666666666,0.0,-0.0,0.0,0.0,1.0
S6,R3,PZ049,23,2537.766666666666,0.0,0.0,2537.766666666666,0.0,-0.0,0.0,0.0,1.0
S6,R3,PZ050,0,3110.299999999998,0.0,0.0,3110.299999999998,0.0,-0.0,0.0,0.0,1.0
S6,R3,PZ050,1,3110.299999999998,0.0,0.0,3110.299999999998,0.0,-0.0,0.0,0.0,1.0
S6,R3,PZ050,2,3110.299999999998,0.0,0.0,3110.299999999998,0.0,-0.0,0.0,0.0,1.0
S6,R3,PZ050,3,3110.299999999998,0.0,0.0,3110.299999999998,0.0,-0.0,0.0,0.0,1.0
S6,R3,PZ050,4,3110.3,0.0,0.0,3110.3,0.0,0.0,-0.0,0.0,1.0
S6,R3,PZ050,5,3110.299999999998,0.0,0.0,3110.299999999998,0.0,-0.0,0.0,0.0,1.0
S6,R3,PZ050,6,0.0,0.0,0.0,0.0,0.0,0.0,0.0,0.0,1.0
S6,R3,PZ050,7,0.0,0.0,0.0,0.0,0.0,0.0,0.0,0.0,1.0
S6,R3,PZ050,8,0.0,0.0,0.0,0.0,0.0,0.0,0.0,0.0,1.0
S6,R3,PZ050,9,-0.0,0.0,0.0,0.0,0.0,0.0,0.0,0.0,1.0
S6,R3,PZ050,10,3110.3000000000015,0.0,0.0,3110.3000000000015,0.0,-0.0,0.0,0.0,1.0
S6,R3,PZ050,11,3110.299999999999,-0.0,0.0,3110.299999999999,0.0,-0.0,0.0,0.0,1.0
S6,R3,PZ050,12,3110.299999999998,-0.0,0.0,3110.299999999998,0.0,-0.0,0.0,0.0,1.0
S6,R3,PZ050,13,3110.300000000001,-0.0,0.0,3110.300000000001,0.0,-0.0,0.0,0.0,1.0
S6,R3,PZ050,14,3110.3,-0.0,0.0,3110.3,0.0,-0.0,0.0,0.0,1.0
S6,R3,PZ050,15,3110.3,-0.0,0.0,3110.3,0.0,-0.0,0.0,0.0,1.0
S6,R3,PZ050,16,0.0,-0.0,0.0,0.0,0.0,0.0,0.0,0.0,1.0
S6,R3,PZ050,17,0.0,-0.0,0.0,0.0,0.0,0.0,0.0,0.0,1.0
S6,R3,PZ050,18,0.0,-0.0,0.0,-0.0,0.0,-0.0,-0.0,0.0,1.0
S6,R3,PZ050,19,0.0,-0.0,0.0,-0.0,0.0,-0.0,0.0,0.0,1.0
S6,R3,PZ050,20,0.0,-0.0,0.0,-0.0,0.0,-0.0,0.0,0.0,1.0
S6,R3,PZ050,21,3110.2999999999993,-0.0,0.0,3110.2999999999993,0.0,-0.0,0.0,0.0,1.0
S6,R3,PZ050,22,3110.3,-0.0,0.0,3110.3,0.0,-0.0,0.0,0.0,1.0
S6,R3,PZ050,23,3110.3000000000006,0.0,0.0,3110.3000000000006,0.0,-0.0,0.0,0.0,1.0
S6,R3,PZ052,0,2719.533333333332,0.0,0.0,2719.533333333332,0.0,-0.0,0.0,0.0,1.0
S6,R3,PZ052,1,2719.533333333332,0.0,0.0,2719.533333333332,0.0,-0.0,0.0,0.0,1.0
S6,R3,PZ052,2,2719.533333333332,0.0,0.0,2719.533333333332,0.0,-0.0,0.0,0.0,1.0
S6,R3,PZ052,3,2719.533333333332,0.0,0.0,2719.533333333332,0.0,-0.0,0.0,0.0,1.0
S6,R3,PZ052,4,2719.533333333332,0.0,0.0,2719.533333333332,0.0,-0.0,0.0,0.0,1.0
S6,R3,PZ052,5,2719.533333333332,0.0,0.0,2719.533333333332,0.0,-0.0,0.0,0.0,1.0
S6,R3,PZ052,6,0.0,0.0,0.0,0.0,0.0,0.0,0.0,0.0,1.0
S6,R3,PZ052,7,0.0,0.0,0.0,0.0,0.0,0.0,0.0,0.0,1.0
S6,R3,PZ052,8,0.0,0.0,0.0,0.0,0.0,0.0,0.0,0.0,1.0
S6,R3,PZ052,9,4.106563042832453e-12,0.0,0.0,0.0,4.106563042832453e-12,0.0,0.0,0.0,1.0
S6,R3,PZ052,10,2719.533333333332,0.0,0.0,2719.5333333333356,0.0,3.706173146156289e-12,3.9012348906908306e-12,0.0,1.0
S6,R3,PZ052,11,2719.533333333332,-0.0,0.0,2719.533333333332,0.0,-0.0,0.0,0.0,1.0
S6,R3,PZ052,12,2719.533333333332,-0.0,0.0,2719.533333333332,0.0,-0.0,0.0,0.0,1.0
S6,R3,PZ052,13,2719.533333333332,-0.0,0.0,2719.533333333332,0.0,-0.0,0.0,0.0,1.0
S6,R3,PZ052,14,2719.533333333332,-0.0,0.0,2719.533333333332,0.0,-0.0,0.0,0.0,1.0
S6,R3,PZ052,15,2719.5333333333338,-0.0,0.0,2719.5333333333338,0.0,-0.0,0.0,0.0,1.0
S6,R3,PZ052,16,0.0,0.0,0.0,0.0,0.0,0.0,0.0,0.0,1.0
S6,R3,PZ052,17,0.0,-0.0,0.0,0.0,1.0077503620752667e-11,0.0,0.0,0.0,1.0
S6,R3,PZ052,18,0.0,-0.0,0.0,9.094947017729282e-12,0.0,9.094947017729282e-12,9.573628439715033e-12,0.0,1.0
S6,R3,PZ052,19,0.0,-0.0,0.0,-0.0,0.0,-0.0,0.0,0.0,1.0
S6,R3,PZ052,20,0.0,-0.0,0.0,-0.0,0.0,-0.0,0.0,0.0,1.0
S6,R3,PZ052,21,2719.533333333333,-0.0,0.0,2719.533333333333,0.0,-0.0,0.0,0.0,1.0
S6,R3,PZ052,22,2719.533333333333,-0.0,0.0,2719.533333333333,0.0,-0.0,0.0,0.0,1.0
S6,R3,PZ052,23,2719.533333333333,0.0,0.0,2719.533333333333,0.0,-0.0,0.0,0.0,1.0
S6,R4,PZ001,0,1404.0,0.0,0.0,1404.0,0.0,0.0,0.0,0.0,1.0
S6,R4,PZ001,1,1404.0,0.0,0.0,1404.0,0.0,0.0,0.0,0.0,1.0
S6,R4,PZ001,2,1404.0,0.0,0.0,1404.0,0.0,0.0,0.0,0.0,1.0
S6,R4,PZ001,3,1404.0,0.0,0.0,1404.0,0.0,0.0,0.0,0.0,1.0
S6,R4,PZ001,4,1404.0,0.0,0.0,1404.0,0.0,0.0,0.0,0.0,1.0
S6,R4,PZ001,5,1404.0,0.0,0.0,1404.0,0.0,-0.0,0.0,0.0,1.0
S6,R4,PZ001,6,0.0,0.0,0.0,0.0,0.0,0.0,0.0,0.0,1.0
S6,R4,PZ001,7,0.0,0.0,0.0,0.0,0.0,0.0,0.0,0.0,1.0
S6,R4,PZ001,8,274.8404739952307,0.0,0.0,0.0,274.8404739952307,0.0,0.0,0.0,1.0
S6,R4,PZ001,9,274.8404739952306,0.0,0.0,0.0,274.8404739952306,0.0,261.09845029546915,0.0,1.0
S6,R4,PZ001,10,1404.0,0.0,0.0,1678.8404739952307,0.0,274.8404739952306,522.1969005909382,0.0,1.0
S6,R4,PZ001,11,1404.0,13.474937587274038,0.0,1417.474937587274,0.0,0.0,232.89113849069548,0.0,1.0
S6,R4,PZ001,12,1404.0,76.63909426207758,0.0,1701.8856758282384,0.0,221.24658156616073,232.89113849069548,0.0,1.0
S6,R4,PZ001,13,1404.0,156.01752353844776,0.0,1560.0175235384477,0.0,0.0,0.0,0.0,1.0
S6,R4,PZ001,14,1404.0,215.90669608617287,0.0,1619.9066960861728,0.0,0.0,0.0,0.0,1.0
S6,R4,PZ001,15,1404.0,252.57472655696935,0.0,1656.5747265569694,0.0,0.0,0.0,0.0,1.0
S6,R4,PZ001,16,0.0,274.8404739952306,0.0,0.0,274.8404739952306,0.0,0.0,0.0,1.0
S6,R4,PZ001,17,0.0,274.84047399523064,1.160276338057031,0.0,274.8404739952307,0.0,261.09845029546904,0.0,1.0
S6,R4,PZ001,18,0.0,257.95462606475746,0.0,532.795100059988,0.0,274.8404739952306,522.1969005909382,0.0,1.0
S6,R4,PZ001,19,0.0,212.47284436314322,0.0,433.71942592930395,0.0,221.24658156616073,232.89113849069548,0.0,1.0
S6,R4,PZ001,20,0.0,152.04987610927256,0.0,152.04987610927256,0.0,0.0,0.0,0.0,1.0
S6,R4,PZ001,21,1404.0,76.86655249747103,0.0,1480.866552497471,0.0,0.0,0.0,0.0,1.0
S6,R4,PZ001,22,1404.0,11.869011811631367,0.0,1415.8690118116315,0.0,0.0,0.0,0.0,1.0
S6,R4,PZ001,23,1404.0,0.0,0.0,1404.0,0.0,0.0,0.0,0.0,1.0
S6,R4,PZ006,0,219.375,0.0,0.0,219.375,0.0,-0.0,0.0,0.0,1.0
S6,R4,PZ006,1,219.375,0.0,0.0,219.375,0.0,-0.0,0.0,0.0,1.0
S6,R4,PZ006,2,219.375,0.0,0.0,219.375,0.0,-0.0,0.0,0.0,1.0
S6,R4,PZ006,3,219.375,0.0,0.0,219.375,0.0,-0.0,0.0,0.0,1.0
S6,R4,PZ006,4,219.375,0.0,0.0,219.375,0.0,-0.0,0.0,0.0,1.0
S6,R4,PZ006,5,219.375,0.0,0.0,219.375,0.0,-0.0,0.0,0.0,1.0
S6,R4,PZ006,6,0.0,0.0,0.0,0.0,0.0,0.0,0.0,0.0,1.0
S6,R4,PZ006,7,0.0,0.0,0.0,0.0,0.0,0.0,0.0,0.0,1.0
S6,R4,PZ006,8,7.203480165197576,0.0,0.0,0.0,7.203480165197576,0.0,0.0,0.0,1.0
S6,R4,PZ006,9,7.203480165197576,0.0,0.0,0.0,7.203480165197576,0.0,6.843306156937698,0.0,1.0
S6,R4,PZ006,10,219.375,0.0,0.0,226.5784801651976,0.0,7.203480165197576,13.686612313875395,0.0,1.0
S6,R4,PZ006,11,219.375,0.3531737674083922,0.0,225.52697530039242,0.0,5.79880153298405,6.10400161366742,0.0,1.0
S6,R4,PZ006,12,219.375,2.008685938320582,0.0,221.38368593832058,0.0,-0.0,0.0,0.0,1.0
S6,R4,PZ006,13,219.375,4.089168963709317,0.0,223.4641689637093,0.0,-0.0,0.0,0.0,1.0
S6,R4,PZ006,14,219.375,5.658844857097273,0.0,225.03384485709728,0.0,-0.0,0.0,0.0,1.0
S6,R4,PZ006,15,219.375,6.619902107339923,0.0,225.99490210733993,0.0,-0.0,0.0,0.0,1.0
S6,R4,PZ006,16,0.0,7.203480165197576,0.0,0.0,7.203480165197576,0.0,0.0,0.0,1.0
S6,R4,PZ006,17,0.0,7.203480165197577,0.030410468537785285,0.0,7.203480165197576,0.0,6.843306156937698,0.0,1.0
S6,R4,PZ006,18,0.0,6.760907537987596,0.0,13.964387703185173,0.0,7.203480165197576,13.686612313875395,0.0,1.0
S6,R4,PZ006,19,0.0,5.568844711130771,0.0,11.36764624411482,0.0,5.79880153298405,6.10400161366742,0.0,1.0
S6,R4,PZ006,20,0.0,3.985178204476902,0.0,3.985178204476902,0.0,-0.0,0.0,0.0,1.0
S6,R4,PZ006,21,219.375,2.01464754529662,0.0,221.3896475452966,0.0,-0.0,0.0,0.0,1.0
S6,R4,PZ006,22,219.375,0.31108297086937053,0.0,219.68608297086936,0.0,-0.0,0.0,0.0,1.0
S6,R4,PZ006,23,219.375,0.0,0.0,219.375,0.0,-0.0,0.0,0.0,1.0
S6,R4,PZ039,0,1733.4375,0.0,0.0,1733.4375,0.0,-0.0,0.0,0.0,1.0
S6,R4,PZ039,1,1733.4375,0.0,0.0,1733.4375,0.0,-0.0,0.0,0.0,1.0
S6,R4,PZ039,2,1733.4375,0.0,0.0,1733.4375,0.0,-0.0,0.0,0.0,1.0
S6,R4,PZ039,3,1733.4375,0.0,0.0,1733.4375,0.0,-0.0,0.0,0.0,1.0
S6,R4,PZ039,4,1733.4375,0.0,0.0,1733.4375,0.0,-0.0,0.0,0.0,1.0
S6,R4,PZ039,5,1733.4375,0.0,0.0,1733.4375,0.0,-0.0,0.0,0.0,1.0
S6,R4,PZ039,6,0.0,0.0,0.0,0.0,0.0,0.0,0.0,0.0,1.0
S6,R4,PZ039,7,0.0,0.0,0.0,0.0,0.0,0.0,0.0,0.0,1.0
S6,R4,PZ039,8,-0.0,0.0,0.0,0.0,0.0,0.0,0.0,0.0,1.0
S6,R4,PZ039,9,1733.4375,0.0,0.0,1733.4375,0.0,-0.0,0.0,0.0,1.0
S6,R4,PZ039,10,1733.4375,0.0,0.0,1733.4375,0.0,-0.0,-0.0,0.0,1.0
S6,R4,PZ039,11,1733.4375,-0.0,0.0,1733.4375,0.0,-0.0,0.0,0.0,1.0
S6,R4,PZ039,12,1733.4375000000002,-0.0,0.0,1733.4375000000002,0.0,-0.0,0.0,0.0,1.0
S6,R4,PZ039,13,1733.4375,-0.0,0.0,1733.4375,0.0,-0.0,0.0,0.0,1.0
S6,R4,PZ039,14,1733.4375000000002,-0.0,0.0,1733.4375000000002,0.0,-0.0,0.0,0.0,1.0
S6,R4,PZ039,15,1733.4375,-0.0,0.0,1733.4375,0.0,-0.0,0.0,0.0,1.0
S6,R4,PZ039,16,0.0,-0.0,0.0,0.0,0.0,0.0,0.0,0.0,1.0
S6,R4,PZ039,17,0.0,-0.0,0.0,0.0,0.0,0.0,0.0,0.0,1.0
S6,R4,PZ039,18,0.0,-0.0,0.0,-0.0,0.0,-0.0,-0.0,0.0,1.0
S6,R4,PZ039,19,0.0,-0.0,0.0,-0.0,0.0,-0.0,0.0,0.0,1.0
S6,R4,PZ039,20,0.0,-0.0,0.0,-0.0,0.0,-0.0,0.0,0.0,1.0
S6,R4,PZ039,21,1733.4375,-0.0,0.0,1733.4375,0.0,-0.0,0.0,0.0,1.0
S6,R4,PZ039,22,1733.4375,-0.0,0.0,1733.4375,0.0,-0.0,0.0,0.0,1.0
S6,R4,PZ039,23,1733.4375000000002,0.0,0.0,1733.4375000000002,0.0,-0.0,0.0,0.0,1.0
S6,R4,PZ040,0,1930.3999999999996,0.0,0.0,1930.3999999999996,0.0,-0.0,0.0,0.0,1.0
S6,R4,PZ040,1,1930.3999999999996,0.0,0.0,1930.3999999999996,0.0,-0.0,0.0,0.0,1.0
S6,R4,PZ040,2,1930.3999999999996,0.0,0.0,1930.3999999999996,0.0,-0.0,0.0,0.0,1.0
S6,R4,PZ040,3,1930.4000000000005,0.0,0.0,1930.4000000000005,0.0,-0.0,0.0,0.0,1.0
S6,R4,PZ040,4,1930.3999999999996,0.0,0.0,1930.3999999999996,0.0,-0.0,0.0,0.0,1.0
S6,R4,PZ040,5,1930.3999999999996,0.0,0.0,1930.3999999999996,0.0,-0.0,0.0,0.0,1.0
S6,R4,PZ040,6,0.0,0.0,0.0,0.0,0.0,0.0,0.0,0.0,1.0
S6,R4,PZ040,7,0.0,0.0,0.0,0.0,0.0,0.0,0.0,0.0,1.0
S6,R4,PZ040,8,1.0077503620752668e-12,0.0,0.0,0.0,1.0077503620752668e-12,0.0,0.0,0.0,1.0
S6,R4,PZ040,9,-6.821210263296962e-13,0.0,0.0,0.0,-6.821210263296962e-13,0.0,9.573628439715034e-13,0.0,1.0
S6,R4,PZ040,10,1930.3999999999996,0.0,0.0,1930.3999999999996,0.0,1.5849201648125335e-13,3.093478689582921e-13,0.0,1.0
S6,R4,PZ040,11,1930.3999999999996,-0.0,0.0,1930.3999999999996,0.0,-0.0,1.4251416739907807e-13,0.0,1.0
S6,R4,PZ040,12,1930.4000000000005,-0.0,0.0,1930.4000000000008,0.0,1.3538845902912419e-13,1.4251416739907807e-13,0.0,1.0
S6,R4,PZ040,13,1930.3999999999996,-0.0,0.0,1930.3999999999996,0.0,-0.0,0.0,0.0,1.0
S6,R4,PZ040,14,1930.3999999999994,-0.0,0.0,1930.3999999999994,0.0,-0.0,0.0,0.0,1.0
S6,R4,PZ040,15,1930.3999999999994,-0.0,0.0,1930.3999999999994,0.0,-0.0,0.0,0.0,1.0
S6,R4,PZ040,16,0.0,2.377169942738037e-13,0.0,0.0,2.377169942738037e-13,0.0,0.0,0.0,1.0
S6,R4,PZ040,17,0.0,-2.3771699427380364e-13,0.0,0.0,-2.377169942738037e-13,0.0,2.2583114456011349e-13,0.0,1.0
S6,R4,PZ040,18,0.0,-0.0,0.0,-0.0,0.0,-0.0,-0.0,0.0,1.0
S6,R4,PZ040,19,0.0,-0.0,0.0,-0.0,0.0,-0.0,0.0,0.0,1.0
S6,R4,PZ040,20,0.0,-0.0,0.0,-0.0,0.0,-0.0,0.0,0.0,1.0
S6,R4,PZ040,21,1930.4000000000003,-0.0,0.0,1930.4000000000003,0.0,-0.0,0.0,0.0,1.0
S6,R4,PZ040,22,1930.3999999999996,-0.0,0.0,1930.3999999999996,0.0,-0.0,0.0,0.0,1.0
S6,R4,PZ040,23,1930.3999999999996,0.0,0.0,1930.3999999999996,0.0,-0.0,0.0,0.0,1.0
S6,R4,PZ041,0,-9.445648559455095e-12,0.0,0.0,-9.445648559455095e-12,0.0,-0.0,0.0,0.0,1.0
S6,R4,PZ041,1,-0.0,0.0,0.0,-0.0,0.0,-0.0,0.0,0.0,1.0
S6,R4,PZ041,2,-0.0,0.0,0.0,2.624438296158134e-12,0.0,2.624438296158134e-12,0.0,0.0,1.0
S6,R4,PZ041,3,-0.0,0.0,0.0,-0.0,0.0,0.0,-2.7625666275348777e-12,0.0,1.0
S6,R4,PZ041,4,-0.0,0.0,0.0,-9.571636039692144e-12,0.0,0.0,-2.7625666275348777e-12,0.0,1.0
S6,R4,PZ041,5,-0.0,0.0,0.0,-1.13359653934351e-12,0.0,0.0,-0.0,0.0,1.0
S6,R4,PZ041,6,-3.2016817382551904e-12,0.0,0.0,0.0,-3.2016817382551904e-12,0.0,8.50609924513423e-12,0.0,1.0
S6,R4,PZ041,7,7.45692658691026e-13,0.0,0.0,0.0,7.45692658691026e-13,0.0,5.464501593791799e-12,0.0,1.0
S6,R4,PZ041,8,-7.925069460448668e-12,0.0,0.0,0.0,-7.925069460448668e-12,0.0,6.172909619548274e-12,0.0,1.0
S6,R4,PZ041,9,-0.0,0.0,0.0,0.0,0.0,0.0,-1.3559063678779607e-12,0.0,1.0
S6,R4,PZ041,10,-0.0,0.0,0.0,0.0,0.0,-2.8117479879965245e-12,-1.3559063678779605e-12,0.0,1.0
S6,R4,PZ041,11,-0.0,229.15512313856604,0.0,229.15512313856757,0.0,0.0,1.6038283563289072e-12,0.0,1.0
S6,R4,PZ041,12,-0.0,1303.3263396663613,0.0,1303.3263396663613,0.0,-0.0,0.0,0.0,1.0
S6,R4,PZ041,13,-0.0,2653.2378785926326,0.0,2653.2378785926326,0.0,-0.0,0.0,0.0,1.0
S6,R4,PZ041,14,0.0,3671.714633750434,0.0,3671.714633750434,0.0,-0.0,0.0,0.0,1.0
S6,R4,PZ041,15,0.0,4295.29207025891,0.0,4295.29207025891,0.0,-0.0,0.0,0.0,1.0
S6,R4,PZ041,16,0.0,4673.943923964393,0.0,4673.943923964391,0.0,-3.1256888069959575e-12,0.0,0.0,1.0
S6,R4,PZ041,17,0.0,4693.675612174459,0.0,4693.675612174459,0.0,-0.0,-0.0,0.0,1.0
S6,R4,PZ041,18,0.0,4386.782774849978,0.0,4386.782774849978,0.0,5.728403327522854e-14,0.0,0.0,1.0
S6,R4,PZ041,19,0.0,3613.318466099641,0.0,3613.318466099641,0.0,-0.0,0.0,0.0,1.0
S6,R4,PZ041,20,0.0,2585.763967911092,0.0,2585.763967911092,0.0,-0.0,0.0,0.0,1.0
S6,R4,PZ041,21,0.0,1307.1945000643504,0.0,1307.1945000643504,0.0,-0.0,0.0,0.0,1.0
S6,R4,PZ041,22,0.0,201.84470952920398,0.0,201.84470952920398,0.0,-0.0,0.0,0.0,1.0
S6,R4,PZ041,23,-0.0,0.0,0.0,-0.0,0.0,-0.0,0.0,0.0,1.0
S6,R4,PZ047,0,2332.5666666666666,0.0,0.0,2332.5666666666666,0.0,-0.0,0.0,0.0,1.0
S6,R4,PZ047,1,2332.5666666666666,0.0,0.0,2332.5666666666666,0.0,-0.0,0.0,0.0,1.0
S6,R4,PZ047,2,2332.5666666666675,0.0,0.0,2332.5666666666675,0.0,-0.0,0.0,0.0,1.0
S6,R4,PZ047,3,2332.5666666666666,0.0,0.0,2332.5666666666666,0.0,-0.0,0.0,0.0,1.0
S6,R4,PZ047,4,2332.5666666666666,0.0,0.0,2332.5666666666666,0.0,-0.0,0.0,0.0,1.0
S6,R4,PZ047,5,2332.5666666666666,0.0,0.0,2332.5666666666666,0.0,-0.0,0.0,0.0,1.0
S6,R4,PZ047,6,0.0,0.0,0.0,0.0,0.0,0.0,0.0,0.0,1.0
S6,R4,PZ047,7,0.0,0.0,0.0,0.0,0.0,0.0,0.0,0.0,1.0
S6,R4,PZ047,8,2.5116715495162145e-12,0.0,0.0,0.0,2.5116715495162145e-12,0.0,0.0,0.0,1.0
S6,R4,PZ047,9,2.2737367544323206e-12,0.0,0.0,0.0,2.2737367544323206e-12,0.0,2.386087972040403e-12,0.0,1.0
S6,R4,PZ047,10,2332.5666666666666,0.0,0.0,2332.56666666667,0.0,3.322989577392811e-12,4.546137888751108e-12,0.0,1.0
S6,R4,PZ047,11,2332.5666666666666,-0.0,0.0,2332.566666666669,0.0,2.1205198262139678e-12,1.0482541230744654e-12,0.0,1.0
S6,R4,PZ047,12,2332.5666666666666,-0.0,0.0,2332.5666666666657,0.0,-1.1246784092932254e-12,-1.1838720097823426e-12,0.0,1.0
S6,R4,PZ047,13,2332.5666666666666,-0.0,0.0,2332.5666666666666,0.0,-0.0,0.0,0.0,1.0
S6,R4,PZ047,14,2332.5666666666666,-0.0,0.0,2332.5666666666666,0.0,-0.0,0.0,0.0,1.0
S6,R4,PZ047,15,2332.5666666666702,-0.0,0.0,2332.5666666666702,0.0,-0.0,0.0,0.0,1.0
S6,R4,PZ047,16,0.0,2.1205198262139674e-12,-2.1205198262139674e-12,0.0,2.1205198262139674e-12,0.0,0.0,0.0,1.0
S6,R4,PZ047,17,0.0,2.120519826213968e-12,0.0,0.0,2.120519826213968e-12,0.0,2.014493834903269e-12,0.0,1.0
S6,R4,PZ047,18,0.0,-0.0,0.0,2.1205198262139674e-12,0.0,2.1205198262139674e-12,4.0289876698065385e-12,0.0,1.0
S6,R4,PZ047,19,0.0,-0.0,0.0,1.7070184601022446e-12,0.0,1.7070184601022444e-12,1.7968615369497308e-12,0.0,1.0
S6,R4,PZ047,20,0.0,-0.0,0.0,-0.0,0.0,-0.0,0.0,0.0,1.0
S6,R4,PZ047,21,2332.5666666666666,-0.0,0.0,2332.5666666666666,0.0,-0.0,0.0,0.0,1.0
S6,R4,PZ047,22,2332.5666666666666,-0.0,0.0,2332.5666666666666,0.0,-0.0,0.0,0.0,1.0
S6,R4,PZ047,23,2332.5666666666666,0.0,0.0,2332.5666666666666,0.0,-0.0,0.0,0.0,1.0
S6,R4,PZ048,0,2775.2666666666673,0.0,0.0,2775.2666666666673,0.0,-0.0,0.0,0.0,1.0
S6,R4,PZ048,1,2775.2666666666673,0.0,0.0,2775.2666666666673,0.0,-0.0,0.0,0.0,1.0
S6,R4,PZ048,2,2775.2666666666673,0.0,0.0,2775.2666666666673,0.0,-0.0,0.0,0.0,1.0
S6,R4,PZ048,3,2775.2666666666673,0.0,0.0,2775.2666666666673,0.0,-0.0,0.0,0.0,1.0
S6,R4,PZ048,4,2775.2666666666673,0.0,0.0,2775.2666666666673,0.0,-0.0,0.0,0.0,1.0
S6,R4,PZ048,5,2775.2666666666673,0.0,0.0,2775.2666666666673,0.0,-0.0,0.0,0.0,1.0
S6,R4,PZ048,6,0.0,0.0,0.0,0.0,0.0,0.0,0.0,0.0,1.0
S6,R4,PZ048,7,0.0,0.0,0.0,0.0,0.0,0.0,0.0,0.0,1.0
S6,R4,PZ048,8,-4.547473508864641e-13,0.0,0.0,0.0,-4.547473508864641e-13,0.0,0.0,0.0,1.0
S6,R4,PZ048,9,9.094947017729282e-13,0.0,0.0,0.0,9.094947017729282e-13,0.0,-4.320099833421412e-13,0.0,1.0
S6,R4,PZ048,10,2775.2666666666673,0.0,0.0,2775.2666666666714,0.0,4.348942698586239e-12,4.320099833421406e-13,0.0,1.0
S6,R4,PZ048,11,2775.2666666666573,-0.0,0.0,2775.2666666666573,0.0,-0.0,-4.1458244362223205e-12,0.0,1.0
S6,R4,PZ048,12,2775.2666666666673,-0.0,0.0,2775.2666666666673,0.0,-0.0,-4.1458244362223205e-12,0.0,1.0
S6,R4,PZ048,13,2775.2666666666673,-0.0,0.0,2775.2666666666632,0.0,-3.938533214411205e-12,-4.1458244362223205e-12,0.0,1.0
S6,R4,PZ048,14,2775.2666666666673,-0.0,0.0,2775.2666666666673,0.0,-0.0,0.0,0.0,1.0
S6,R4,PZ048,15,2775.266666666667,-0.0,0.0,2775.266666666667,0.0,-0.0,0.0,0.0,1.0
S6,R4,PZ048,16,0.0,-0.0,0.0,0.0,0.0,0.0,0.0,0.0,1.0
S6,R4,PZ048,17,0.0,-7.979329017480699e-13,0.0,0.0,-7.9793290174807e-13,0.0,0.0,0.0,1.0
S6,R4,PZ048,18,0.0,-0.0,0.0,-0.0,0.0,-0.0,-7.580362566606664e-13,0.0,1.0
S6,R4,PZ048,19,0.0,-0.0,0.0,-7.201344438276331e-13,0.0,-7.201344438276331e-13,-7.580362566606664e-13,0.0,1.0
S6,R4,PZ048,20,0.0,-0.0,0.0,-0.0,0.0,-0.0,0.0,0.0,1.0
S6,R4,PZ048,21,2775.266666666668,-0.0,0.0,2775.266666666668,0.0,-0.0,0.0,0.0,1.0
S6,R4,PZ048,22,2775.2666666666673,-0.0,0.0,2775.2666666666673,0.0,-0.0,0.0,0.0,1.0
S6,R4,PZ048,23,2775.2666666666673,0.0,0.0,2775.2666666666673,0.0,-0.0,0.0,0.0,1.0
S6,R4,PZ049,0,2537.7666666666664,0.0,0.0,2537.7666666666664,0.0,-0.0,0.0,0.0,1.0
S6,R4,PZ049,1,2537.7666666666664,0.0,0.0,2537.7666666666664,0.0,-0.0,0.0,0.0,1.0
S6,R4,PZ049,2,2537.7666666666664,0.0,0.0,2537.7666666666664,0.0,-0.0,0.0,0.0,1.0
S6,R4,PZ049,3,2537.7666666666664,0.0,0.0,2537.7666666666664,0.0,-0.0,0.0,0.0,1.0
S6,R4,PZ049,4,2537.7666666666773,0.0,0.0,2537.7666666666773,0.0,-0.0,0.0,0.0,1.0
S6,R4,PZ049,5,2537.7666666666664,0.0,0.0,2537.7666666666664,0.0,-0.0,0.0,0.0,1.0
S6,R4,PZ049,6,0.0,0.0,0.0,0.0,0.0,0.0,0.0,0.0,1.0
S6,R4,PZ049,7,0.0,0.0,0.0,0.0,0.0,0.0,0.0,0.0,1.0
S6,R4,PZ049,8,-9.094947017729282e-13,0.0,0.0,0.0,-9.094947017729282e-13,0.0,0.0,0.0,1.0
S6,R4,PZ049,9,-0.0,0.0,0.0,0.0,0.0,0.0,-8.640199666842818e-13,0.0,1.0
S6,R4,PZ049,10,2537.7666666666664,0.0,0.0,2537.7666666666664,0.0,-1.6685483062671838e-13,-8.640199666842818e-13,0.0,1.0
S6,R4,PZ049,11,2537.7666666666664,-0.0,0.0,2537.7666666666664,0.0,-0.0,-6.883833028666835e-13,0.0,1.0
S6,R4,PZ049,12,2537.7666666666664,-0.0,0.0,2537.7666666666664,0.0,-0.0,-6.883833028666835e-13,0.0,1.0
S6,R4,PZ049,13,2537.7666666666664,-0.0,0.0,2537.766666666666,0.0,-6.539641377233494e-13,-6.883833028666835e-13,0.0,1.0
S6,R4,PZ049,14,2537.7666666666664,-0.0,0.0,2537.7666666666664,0.0,-0.0,0.0,0.0,1.0
S6,R4,PZ049,15,2537.7666666666664,-0.0,0.0,2537.7666666666664,0.0,-0.0,0.0,0.0,1.0
S6,R4,PZ049,16,0.0,-0.0,0.0,0.0,0.0,0.0,0.0,0.0,1.0
S6,R4,PZ049,17,0.0,-1.2700644389336553e-12,0.0,0.0,-1.2700644389336555e-12,0.0,0.0,0.0,1.0
S6,R4,PZ049,18,0.0,-0.0,0.0,-0.0,0.0,-0.0,-1.2065612169869727e-12,0.0,1.0
S6,R4,PZ049,19,0.0,-0.0,0.0,-1.1462331561376243e-12,0.0,-1.146233156137624e-12,-1.2065612169869727e-12,0.0,1.0
S6,R4,PZ049,20,0.0,-0.0,0.0,-0.0,0.0,-0.0,0.0,0.0,1.0
S6,R4,PZ049,21,2537.766666666667,-0.0,0.0,2537.766666666667,0.0,-0.0,0.0,0.0,1.0
S6,R4,PZ049,22,2537.7666666666664,-0.0,0.0,2537.7666666666664,0.0,-0.0,0.0,0.0,1.0
S6,R4,PZ049,23,2537.7666666666664,0.0,0.0,2537.7666666666664,0.0,-0.0,0.0,0.0,1.0
S6,R4,PZ050,0,3110.3,0.0,0.0,3110.3,0.0,-0.0,0.0,0.0,1.0
S6,R4,PZ050,1,3110.3,0.0,0.0,3110.3,0.0,-0.0,0.0,0.0,1.0
S6,R4,PZ050,2,3110.3,0.0,0.0,3110.3,0.0,-0.0,0.0,0.0,1.0
S6,R4,PZ050,3,3110.3,0.0,0.0,3110.3,0.0,-0.0,0.0,0.0,1.0
S6,R4,PZ050,4,3110.3,0.0,0.0,3110.3,0.0,-0.0,0.0,0.0,1.0
S6,R4,PZ050,5,3110.3,0.0,0.0,3110.3,0.0,-0.0,0.0,0.0,1.0
S6,R4,PZ050,6,0.0,0.0,0.0,0.0,0.0,0.0,0.0,0.0,1.0
S6,R4,PZ050,7,0.0,0.0,0.0,0.0,0.0,0.0,0.0,0.0,1.0
S6,R4,PZ050,8,1.3037957493078743e-12,0.0,0.0,0.0,1.3037957493078743e-12,0.0,0.0,0.0,1.0
S6,R4,PZ050,9,-0.0,0.0,0.0,0.0,0.0,0.0,1.2386059618424805e-12,0.0,1.0
S6,R4,PZ050,10,3110.3,0.0,0.0,3110.300000000004,0.0,3.637978807091713e-12,1.2386059618424805e-12,0.0,1.0
S6,R4,PZ050,11,3110.3,-0.0,0.0,3110.3,0.0,-0.0,-2.590845414043533e-12,0.0,1.0
S6,R4,PZ050,12,3110.3,-0.0,0.0,3110.299999999998,0.0,-2.4613031433413562e-12,-2.590845414043533e-12,0.0,1.0
S6,R4,PZ050,13,3110.3,-0.0,0.0,3110.3,0.0,-0.0,0.0,0.0,1.0
S6,R4,PZ050,14,3110.3,-0.0,0.0,3110.3,0.0,-0.0,0.0,0.0,1.0
S6,R4,PZ050,15,3110.3,-0.0,0.0,3110.3,0.0,-0.0,0.0,0.0,1.0
S6,R4,PZ050,16,0.0,-0.0,0.0,0.0,0.0,0.0,0.0,0.0,1.0
S6,R4,PZ050,17,0.0,-0.0,0.0,0.0,1.7346998941715832e-12,0.0,0.0,0.0,1.0
S6,R4,PZ050,18,0.0,-0.0,0.0,-2.7284841053187847e-12,0.0,-0.0,1.647964899463004e-12,0.0,1.0
S6,R4,PZ050,19,0.0,-0.0,0.0,-5.109007953538628e-13,0.0,-5.109007953538628e-13,-5.37790310898803e-13,0.0,1.0
S6,R4,PZ050,20,0.0,-0.0,0.0,-0.0,0.0,-0.0,0.0,0.0,1.0
S6,R4,PZ050,21,3110.3,-0.0,0.0,3110.3,0.0,-0.0,0.0,0.0,1.0
S6,R4,PZ050,22,3110.3,-0.0,0.0,3110.3,0.0,-0.0,0.0,0.0,1.0
S6,R4,PZ050,23,3110.3,0.0,0.0,3110.3,0.0,-0.0,0.0,0.0,1.0
S6,R4,PZ052,0,2719.533333333333,0.0,0.0,2719.533333333333,0.0,-0.0,0.0,0.0,1.0
S6,R4,PZ052,1,2719.533333333333,0.0,0.0,2719.533333333333,0.0,-0.0,0.0,0.0,1.0
S6,R4,PZ052,2,2719.533333333333,0.0,0.0,2719.533333333333,0.0,-0.0,0.0,0.0,1.0
S6,R4,PZ052,3,2719.533333333333,0.0,0.0,2719.533333333333,0.0,-0.0,0.0,0.0,1.0
S6,R4,PZ052,4,2719.533333333333,0.0,0.0,2719.533333333333,0.0,-0.0,0.0,0.0,1.0
S6,R4,PZ052,5,2719.533333333333,0.0,0.0,2719.533333333333,0.0,-0.0,0.0,0.0,1.0
S6,R4,PZ052,6,0.0,0.0,0.0,0.0,0.0,0.0,0.0,0.0,1.0
S6,R4,PZ052,7,0.0,0.0,0.0,0.0,0.0,0.0,0.0,0.0,1.0
S6,R4,PZ052,8,4.092726157978177e-12,0.0,0.0,0.0,4.092726157978177e-12,0.0,0.0,0.0,1.0
S6,R4,PZ052,9,-0.0,0.0,0.0,0.0,0.0,0.0,3.888089850079268e-12,0.0,1.0
S6,R4,PZ052,10,2719.533333333333,0.0,0.0,2719.533333333334,0.0,1.6474300583987113e-12,3.888089850079268e-12,0.0,1.0
S6,R4,PZ052,11,2719.533333333333,-0.0,0.0,2719.533333333333,0.0,-0.0,2.153952946501677e-12,0.0,1.0
S6,R4,PZ052,12,2719.5333333333347,-0.0,0.0,2719.5333333333365,0.0,2.0462552991765933e-12,2.153952946501677e-12,0.0,1.0
S6,R4,PZ052,13,2719.533333333333,-0.0,0.0,2719.533333333333,0.0,-0.0,0.0,0.0,1.0
S6,R4,PZ052,14,2719.533333333333,-0.0,0.0,2719.533333333333,0.0,-0.0,0.0,0.0,1.0
S6,R4,PZ052,15,2719.533333333333,-0.0,0.0,2719.533333333333,0.0,-0.0,0.0,0.0,1.0
S6,R4,PZ052,16,0.0,-0.0,0.0,0.0,0.0,0.0,0.0,0.0,1.0
S6,R4,PZ052,17,0.0,4.24738476683481e-12,0.0,0.0,4.2473847668348105e-12,0.0,0.0,0.0,1.0
S6,R4,PZ052,18,0.0,-0.0,0.0,-0.0,0.0,-0.0,4.0350155284930696e-12,0.0,1.0
S6,R4,PZ052,19,0.0,-0.0,0.0,3.8332647520684165e-12,0.0,3.8332647520684165e-12,4.0350155284930696e-12,0.0,1.0
S6,R4,PZ052,20,0.0,-0.0,0.0,-0.0,0.0,-0.0,0.0,0.0,1.0
S6,R4,PZ052,21,2719.533333333333,-0.0,0.0,2719.533333333333,0.0,-0.0,0.0,0.0,1.0
S6,R4,PZ052,22,2719.533333333333,-0.0,0.0,2719.533333333333,0.0,-0.0,0.0,0.0,1.0
S6,R4,PZ052,23,2719.533333333333,0.0,0.0,2719.533333333333,0.0,-0.0,0.0,0.0,1.0
S6,R5,PZ001,0,1404.0,0.0,0.0,1404.0,0.0,0.0,0.0,0.0,1.0
S6,R5,PZ001,1,1404.0,0.0,0.0,1404.0,0.0,0.0,0.0,0.0,1.0
S6,R5,PZ001,2,1404.0,0.0,0.0,1404.0,0.0,0.0,0.0,0.0,1.0
S6,R5,PZ001,3,1404.0,0.0,0.0,1404.0,0.0,0.0,0.0,0.0,1.0
S6,R5,PZ001,4,1404.0,0.0,0.0,1404.0,0.0,0.0,0.0,0.0,1.0
S6,R5,PZ001,5,1404.0,0.0,0.0,1404.0,0.0,-0.0,0.0,0.0,1.0
S6,R5,PZ001,6,0.0,0.0,0.0,0.0,0.0,0.0,0.0,0.0,1.0
S6,R5,PZ001,7,0.0,0.0,0.0,0.0,0.0,0.0,0.0,0.0,1.0
S6,R5,PZ001,8,274.8404739952307,0.0,0.0,0.0,274.8404739952307,0.0,0.0,0.0,1.0
S6,R5,PZ001,9,274.8404739952306,0.0,0.0,0.0,274.8404739952306,0.0,261.09845029546915,0.0,1.0
S6,R5,PZ001,10,1404.0,0.0,0.0,1678.8404739952307,0.0,274.8404739952306,522.1969005909382,0.0,1.0
S6,R5,PZ001,11,1404.0,13.474937587274038,0.0,1417.474937587274,0.0,0.0,232.89113849069548,0.0,1.0
S6,R5,PZ001,12,1404.0,76.63909426207758,0.0,1480.6390942620776,0.0,0.0,232.89113849069548,0.0,1.0
S6,R5,PZ001,13,1404.0,156.01752353844776,0.0,1560.0175235384477,0.0,0.0,232.89113849069548,0.0,1.0
S6,R5,PZ001,14,1404.0,215.90669608617287,0.0,1619.9066960861728,0.0,0.0,232.89113849069548,0.0,1.0
S6,R5,PZ001,15,1404.0,252.57472655696935,0.0,1877.8213081231302,0.0,221.24658156616073,232.89113849069548,0.0,1.0
S6,R5,PZ001,16,0.0,274.8404739952306,0.0,0.0,274.8404739952306,0.0,0.0,0.0,1.0
S6,R5,PZ001,17,0.0,274.84047399523064,1.160276338057031,0.0,274.8404739952307,0.0,261.09845029546904,0.0,1.0
S6,R5,PZ001,18,0.0,257.95462606475746,0.0,532.795100059988,0.0,274.8404739952306,522.1969005909382,0.0,1.0
S6,R5,PZ001,19,0.0,212.47284436314322,0.0,212.47284436314322,0.0,0.0,232.89113849069548,0.0,1.0
S6,R5,PZ001,20,0.0,152.04987610927256,0.0,152.04987610927256,0.0,0.0,232.89113849069548,0.0,1.0
S6,R5,PZ001,21,1404.0,76.86655249747103,0.0,1480.866552497471,0.0,0.0,232.89113849069548,0.0,1.0
S6,R5,PZ001,22,1404.0,11.869011811631367,0.0,1415.8690118116315,0.0,0.0,232.89113849069548,0.0,1.0
S6,R5,PZ001,23,1404.0,0.0,0.0,1625.2465815661608,0.0,221.24658156616073,232.89113849069548,0.0,1.0
S6,R5,PZ006,0,219.375,0.0,0.0,219.375,0.0,-0.0,0.0,0.0,1.0
S6,R5,PZ006,1,219.375,0.0,0.0,219.375,0.0,-0.0,0.0,0.0,1.0
S6,R5,PZ006,2,219.375,0.0,0.0,219.375,0.0,-0.0,0.0,0.0,1.0
S6,R5,PZ006,3,219.375,0.0,0.0,219.375,0.0,-0.0,0.0,0.0,1.0
S6,R5,PZ006,4,219.375,0.0,0.0,219.375,0.0,-0.0,0.0,0.0,1.0
S6,R5,PZ006,5,219.375,0.0,0.0,219.375,0.0,-0.0,0.0,0.0,1.0
S6,R5,PZ006,6,0.0,0.0,0.0,0.0,0.0,0.0,0.0,0.0,1.0
S6,R5,PZ006,7,0.0,0.0,0.0,0.0,0.0,0.0,0.0,0.0,1.0
S6,R5,PZ006,8,7.203480165197576,0.0,0.0,0.0,7.203480165197576,0.0,0.0,0.0,1.0
S6,R5,PZ006,9,7.203480165197576,0.0,0.0,0.0,7.203480165197576,0.0,6.843306156937698,0.0,1.0
S6,R5,PZ006,10,219.375,0.0,0.0,226.5784801651976,0.0,7.203480165197576,13.686612313875395,0.0,1.0
S6,R5,PZ006,11,219.375,0.3531737674083922,0.0,225.52697530039242,0.0,5.79880153298405,6.10400161366742,0.0,1.0
S6,R5,PZ006,12,219.375,2.008685938320582,0.0,221.38368593832058,0.0,-0.0,0.0,0.0,1.0
S6,R5,PZ006,13,219.375,4.089168963709317,0.0,223.4641689637093,0.0,-0.0,0.0,0.0,1.0
S6,R5,PZ006,14,219.375,5.658844857097273,0.0,225.03384485709728,0.0,-0.0,0.0,0.0,1.0
S6,R5,PZ006,15,219.375,6.619902107339923,0.0,225.99490210733993,0.0,-0.0,0.0,0.0,1.0
S6,R5,PZ006,16,0.0,7.203480165197576,0.0,0.0,7.203480165197576,0.0,0.0,0.0,1.0
S6,R5,PZ006,17,0.0,7.203480165197577,0.030410468537785285,0.0,7.203480165197576,0.0,6.843306156937698,0.0,1.0
S6,R5,PZ006,18,0.0,6.760907537987596,0.0,13.964387703185173,0.0,7.203480165197576,13.686612313875395,0.0,1.0
S6,R5,PZ006,19,0.0,5.568844711130771,0.0,11.36764624411482,0.0,5.79880153298405,6.10400161366742,0.0,1.0
S6,R5,PZ006,20,0.0,3.985178204476902,0.0,3.985178204476902,0.0,-0.0,0.0,0.0,1.0
S6,R5,PZ006,21,219.375,2.01464754529662,0.0,221.3896475452966,0.0,-0.0,0.0,0.0,1.0
S6,R5,PZ006,22,219.375,0.31108297086937053,0.0,219.68608297086936,0.0,-0.0,0.0,0.0,1.0
S6,R5,PZ006,23,219.375,0.0,0.0,219.375,0.0,-0.0,0.0,0.0,1.0
S6,R5,PZ039,0,1733.4375,0.0,0.0,1733.4375,0.0,-0.0,0.0,0.0,1.0
S6,R5,PZ039,1,1733.4375,0.0,0.0,1733.4375,0.0,-0.0,0.0,0.0,1.0
S6,R5,PZ039,2,1733.4375,0.0,0.0,1733.4375,0.0,-0.0,0.0,0.0,1.0
S6,R5,PZ039,3,1733.4375000000002,0.0,0.0,1733.4375000000002,0.0,-0.0,0.0,0.0,1.0
S6,R5,PZ039,4,1733.4375,0.0,0.0,1733.4375,0.0,-0.0,0.0,0.0,1.0
S6,R5,PZ039,5,1733.4375,0.0,0.0,1733.4375,0.0,-0.0,0.0,0.0,1.0
S6,R5,PZ039,6,0.0,0.0,0.0,0.0,0.0,0.0,0.0,0.0,1.0
S6,R5,PZ039,7,0.0,0.0,0.0,0.0,0.0,0.0,0.0,0.0,1.0
S6,R5,PZ039,8,0.0,0.0,0.0,0.0,0.0,0.0,0.0,0.0,1.0
S6,R5,PZ039,9,1733.4375,0.0,0.0,1733.4374999999982,0.0,-1.71547555738534e-12,0.0,0.0,1.0
S6,R5,PZ039,10,1733.4375,0.0,0.0,1733.4375000000018,0.0,1.71547555738534e-12,1.8057637446161473e-12,0.0,1.0
S6,R5,PZ039,11,1733.4375,-0.0,0.0,1733.4375,0.0,-0.0,0.0,0.0,1.0
S6,R5,PZ039,12,1733.4375,-0.0,0.0,1733.4375,0.0,-0.0,0.0,0.0,1.0
S6,R5,PZ039,13,1733.4374999999998,-0.0,0.0,1733.4374999999998,0.0,-0.0,0.0,0.0,1.0
S6,R5,PZ039,14,1733.4374999999998,-0.0,0.0,1733.4374999999998,0.0,-0.0,0.0,0.0,1.0
S6,R5,PZ039,15,1733.4375000000002,-0.0,0.0,1733.4375000000002,0.0,-0.0,0.0,0.0,1.0
S6,R5,PZ039,16,0.0,-9.175798268878692e-13,0.0,0.0,-9.175798268878692e-13,0.0,0.0,0.0,1.0
S6,R5,PZ039,17,0.0,9.17579826887869e-13,0.0,0.0,9.175798268878692e-13,0.0,-8.717008355434757e-13,0.0,1.0
S6,R5,PZ039,18,0.0,-0.0,0.0,-0.0,0.0,-0.0,-0.0,0.0,1.0
S6,R5,PZ039,19,0.0,-0.0,0.0,-0.0,0.0,-0.0,0.0,0.0,1.0
S6,R5,PZ039,20,0.0,-0.0,0.0,-0.0,0.0,-0.0,0.0,0.0,1.0
S6,R5,PZ039,21,1733.4375,-0.0,0.0,1733.4375,0.0,-0.0,0.0,0.0,1.0
S6,R5,PZ039,22,1733.4375,-0.0,0.0,1733.4375,0.0,-0.0,0.0,0.0,1.0
S6,R5,PZ039,23,1733.4375000000002,0.0,0.0,1733.4375000000002,0.0,-0.0,0.0,0.0,1.0
S6,R5,PZ040,0,1930.3999999999999,0.0,0.0,1930.3999999999999,0.0,-0.0,0.0,0.0,1.0
S6,R5,PZ040,1,1930.3999999999999,0.0,0.0,1930.3999999999999,0.0,-0.0,0.0,0.0,1.0
S6,R5,PZ040,2,1930.3999999999921,0.0,0.0,1930.3999999999921,0.0,-0.0,0.0,0.0,1.0
S6,R5,PZ040,3,1930.3999999999999,0.0,0.0,1930.3999999999999,0.0,-0.0,0.0,0.0,1.0
S6,R5,PZ040,4,1930.3999999999999,0.0,0.0,1930.3999999999999,0.0,-0.0,0.0,0.0,1.0
S6,R5,PZ040,5,1930.3999999999999,0.0,0.0,1930.3999999999999,0.0,-0.0,0.0,0.0,1.0
S6,R5,PZ040,6,0.0,0.0,0.0,0.0,0.0,0.0,0.0,0.0,1.0
S6,R5,PZ040,7,0.0,0.0,0.0,0.0,0.0,0.0,0.0,0.0,1.0
S6,R5,PZ040,8,-2.2674383146693503e-12,0.0,0.0,0.0,-2.2674383146693503e-12,0.0,0.0,0.0,1.0
S6,R5,PZ040,9,-1.5916157281026244e-12,0.0,0.0,0.0,-1.5916157281026244e-12,0.0,1.5379943830978156e-12,0.0,1.0
S6,R5,PZ040,10,1930.3999999999999,0.0,0.0,1930.400000000001,0.0,1.0884881015934302e-12,2.595944140032249e-14,0.0,1.0
S6,R5,PZ040,11,1930.3999999999999,-0.0,0.0,1930.3999999999985,0.0,-1.2946324852867078e-12,-1.1198175076453935e-12,0.0,1.0
S6,R5,PZ040,12,1930.3999999999999,-0.0,0.0,1930.4,0.0,2.30805853023584e-13,2.429535294985095e-13,0.0,1.0
S6,R5,PZ040,13,1930.3999999999999,-0.0,0.0,1930.3999999999999,0.0,-0.0,0.0,0.0,1.0
S6,R5,PZ040,14,1930.4000000000003,-0.0,0.0,1930.4000000000003,0.0,-0.0,0.0,0.0,1.0
S6,R5,PZ040,15,1930.4000000000003,-0.0,0.0,1930.4000000000003,0.0,-0.0,0.0,0.0,1.0
S6,R5,PZ040,16,0.0,-1.2946324852867078e-12,1.1792744708775221e-12,0.0,-1.2946324852867078e-12,0.0,0.0,0.0,1.0
S6,R5,PZ040,17,0.0,1.2946324852867076e-12,0.0,0.0,1.2946324852867078e-12,0.0,-1.2299008610223722e-12,0.0,1.0
S6,R5,PZ040,18,0.0,-0.0,0.0,-1.2946324852867078e-12,0.0,-1.2946324852867078e-12,0.0,0.0,1.0
S6,R5,PZ040,19,0.0,-0.0,0.0,1.2946324852867078e-12,0.0,1.2946324852867078e-12,1.3627710371439028e-12,0.0,1.0
S6,R5,PZ040,20,0.0,-0.0,0.0,-0.0,0.0,-0.0,0.0,0.0,1.0
S6,R5,PZ040,21,1930.4,-0.0,0.0,1930.4,0.0,-0.0,0.0,0.0,1.0
S6,R5,PZ040,22,1930.3999999999999,-0.0,0.0,1930.3999999999999,0.0,-0.0,0.0,0.0,1.0
S6,R5,PZ040,23,1930.3999999999999,0.0,0.0,1930.3999999999999,0.0,-0.0,0.0,0.0,1.0
S6,R5,PZ041,0,-0.0,0.0,0.0,-0.0,0.0,-0.0,0.0,0.0,1.0
S6,R5,PZ041,1,-0.0,0.0,0.0,-0.0,0.0,-0.0,0.0,0.0,1.0
S6,R5,PZ041,2,-9.094947017729282e-13,0.0,0.0,-9.094947017729282e-13,0.0,-0.0,0.0,0.0,1.0
S6,R5,PZ041,3,-0.0,0.0,0.0,-0.0,0.0,-0.0,0.0,0.0,1.0
S6,R5,PZ041,4,-0.0,0.0,0.0,-0.0,0.0,-0.0,0.0,0.0,1.0
S6,R5,PZ041,5,-0.0,0.0,0.0,-0.0,0.0,-0.0,0.0,0.0,1.0
S6,R5,PZ041,6,0.0,0.0,0.0,0.0,0.0,0.0,-0.0,0.0,1.0
S6,R5,PZ041,7,9.886217531668885e-13,0.0,0.0,0.0,9.886217531668885e-13,0.0,0.0,0.0,1.0
S6,R5,PZ041,8,-0.0,0.0,0.0,0.0,0.0,0.0,9.39190665508544e-13,0.0,1.0
S6,R5,PZ041,9,-0.0,0.0,0.0,0.0,0.0,0.0,9.39190665508544e-13,0.0,1.0
S6,R5,PZ041,10,-0.0,0.0,0.0,0.0,0.0,8.92231132233117e-13,9.39190665508544e-13,0.0,1.0
S6,R5,PZ041,11,-0.0,229.15512313856576,0.0,229.15512313856576,0.0,-0.0,0.0,0.0,1.0
S6,R5,PZ041,12,-0.0,1303.3263396663608,0.0,1303.3263396663608,0.0,-0.0,0.0,0.0,1.0
S6,R5,PZ041,13,-0.0,2653.2378785926317,0.0,2653.2378785926317,0.0,-0.0,0.0,0.0,1.0
S6,R5,PZ041,14,0.0,3671.7146337504328,0.0,3671.7146337504328,0.0,-0.0,0.0,0.0,1.0
S6,R5,PZ041,15,0.0,4295.292070258909,0.0,4295.292070258909,0.0,-0.0,0.0,0.0,1.0
S6,R5,PZ041,16,0.0,4673.943923964388,0.0,4673.943923964388,0.0,-0.0,0.0,0.0,1.0
S6,R5,PZ041,17,0.0,4693.6756121744575,0.0,4693.6756121744575,0.0,-0.0,0.0,0.0,1.0
S6,R5,PZ041,18,0.0,4386.782774849971,0.0,4386.782774849973,0.0,1.4841777743504318e-12,0.0,0.0,1.0
S6,R5,PZ041,19,0.0,3613.3184660996394,0.0,3613.318466099639,0.0,-4.547473508864641e-13,0.0,0.0,1.0
S6,R5,PZ041,20,0.0,2585.763967911091,0.0,2585.763967911091,0.0,-0.0,-0.0,0.0,1.0
S6,R5,PZ041,21,0.0,1307.19450006435,0.0,1307.19450006435,0.0,-0.0,0.0,0.0,1.0
S6,R5,PZ041,22,0.0,201.8447095292037,0.0,201.8447095292037,0.0,-0.0,0.0,0.0,1.0
S6,R5,PZ041,23,-0.0,0.0,0.0,-0.0,0.0,-0.0,0.0,0.0,1.0
S6,R5,PZ047,0,2332.566666666666,0.0,0.0,2332.566666666666,0.0,-0.0,0.0,0.0,1.0
S6,R5,PZ047,1,2332.566666666666,0.0,0.0,2332.566666666666,0.0,-0.0,0.0,0.0,1.0
S6,R5,PZ047,2,2332.566666666659,0.0,0.0,2332.566666666659,0.0,-0.0,0.0,0.0,1.0
S6,R5,PZ047,3,2332.566666666666,0.0,0.0,2332.566666666666,0.0,-0.0,0.0,0.0,1.0
S6,R5,PZ047,4,2332.566666666666,0.0,0.0,2332.566666666666,0.0,-0.0,0.0,0.0,1.0
S6,R5,PZ047,5,2332.566666666666,0.0,0.0,2332.566666666666,0.0,-0.0,0.0,0.0,1.0
S6,R5,PZ047,6,0.0,0.0,0.0,0.0,0.0,0.0,0.0,0.0,1.0
S6,R5,PZ047,7,0.0,0.0,0.0,0.0,0.0,0.0,0.0,0.0,1.0
S6,R5,PZ047,8,1.5701178260739146e-12,0.0,0.0,0.0,1.5701178260739146e-12,0.0,0.0,0.0,1.0
S6,R5,PZ047,9,9.094947017729282e-13,0.0,0.0,0.0,9.094947017729282e-13,0.0,1.4916119347702188e-12,0.0,1.0
S6,R5,PZ047,10,2332.566666666666,0.0,0.0,2332.566666666668,0.0,1.8731372174145533e-12,2.3556319014545006e-12,0.0,1.0
S6,R5,PZ047,11,2332.566666666666,-0.0,0.0,2332.5666666666675,0.0,1.3365094809300932e-12,3.8390851470233943e-13,0.0,1.0
S6,R5,PZ047,12,2332.566666666666,-0.0,0.0,2332.5666666666652,0.0,-9.717963919628707e-13,-1.0229435704872323e-12,0.0,1.0
S6,R5,PZ047,13,2332.5666666666666,-0.0,0.0,2332.5666666666666,0.0,-0.0,0.0,0.0,1.0
S6,R5,PZ047,14,2332.566666666668,-0.0,0.0,2332.566666666668,0.0,-0.0,0.0,0.0,1.0
S6,R5,PZ047,15,2332.566666666669,-0.0,0.0,2332.566666666669,0.0,-0.0,0.0,0.0,1.0
S6,R5,PZ047,16,0.0,1.336509480930093e-12,0.0,0.0,1.336509480930093e-12,0.0,0.0,0.0,1.0
S6,R5,PZ047,17,0.0,1.3365094809300932e-12,0.0,0.0,1.3365094809300934e-12,0.0,1.2696840068835882e-12,0.0,1.0
S6,R5,PZ047,18,0.0,-0.0,0.0,1.336509480930093e-12,0.0,1.336509480930093e-12,2.539368013767177e-12,0.0,1.0
S6,R5,PZ047,19,0.0,-0.0,0.0,1.0758901321487251e-12,0.0,1.0758901321487251e-12,1.1325159285776054e-12,0.0,1.0
S6,R5,PZ047,20,0.0,-0.0,0.0,-0.0,0.0,-0.0,0.0,0.0,1.0
S6,R5,PZ047,21,2332.5666666666675,-0.0,0.0,2332.5666666666675,0.0,-0.0,0.0,0.0,1.0
S6,R5,PZ047,22,2332.566666666668,-0.0,0.0,2332.566666666668,0.0,-0.0,0.0,0.0,1.0
S6,R5,PZ047,23,2332.5666666666675,0.0,0.0,2332.5666666666675,0.0,-0.0,0.0,0.0,1.0
S6,R5,PZ048,0,2775.2666666666664,0.0,0.0,2775.2666666666664,0.0,-0.0,0.0,0.0,1.0
S6,R5,PZ048,1,2775.2666666666664,0.0,0.0,2775.2666666666664,0.0,-0.0,0.0,0.0,1.0
S6,R5,PZ048,2,2775.2666666666664,0.0,0.0,2775.2666666666664,0.0,-0.0,0.0,0.0,1.0
S6,R5,PZ048,3,2775.2666666666664,0.0,0.0,2775.2666666666664,0.0,-0.0,0.0,0.0,1.0
S6,R5,PZ048,4,2775.266666666667,0.0,0.0,2775.266666666667,0.0,-0.0,0.0,0.0,1.0
S6,R5,PZ048,5,2775.266666666666,0.0,0.0,2775.266666666666,0.0,-0.0,0.0,0.0,1.0
S6,R5,PZ048,6,0.0,0.0,0.0,0.0,0.0,0.0,0.0,0.0,1.0
S6,R5,PZ048,7,0.0,0.0,0.0,0.0,0.0,0.0,0.0,0.0,1.0
S6,R5,PZ048,8,-3.6071164522531576e-12,0.0,0.0,0.0,-3.6071164522531576e-12,0.0,0.0,0.0,1.0
S6,R5,PZ048,9,3.183231456205249e-12,0.0,0.0,0.0,3.183231456205249e-12,0.0,-2.801625937976623e-12,0.0,1.0
S6,R5,PZ048,10,2775.2666666666664,0.0,0.0,2775.2666666666632,0.0,-3.1601823529837916e-12,2.2244394541836318e-13,0.0,1.0
S6,R5,PZ048,11,2775.2666666666664,-0.0,0.0,2775.266666666669,0.0,2.9558577807620168e-12,3.5489516854013017e-12,0.0,1.0
S6,R5,PZ048,12,2775.2666666666664,-0.0,0.0,2775.266666666667,0.0,4.1564632036922003e-13,4.3752244249391577e-13,0.0,1.0
S6,R5,PZ048,13,2775.2666666666664,-0.0,0.0,2775.2666666666664,0.0,-0.0,0.0,0.0,1.0
S6,R5,PZ048,14,2775.2666666666664,-0.0,0.0,2775.2666666666664,0.0,-0.0,0.0,0.0,1.0
S6,R5,PZ048,15,2775.2666666666664,-0.0,0.0,2775.2666666666664,0.0,-0.0,0.0,0.0,1.0
S6,R5,PZ048,16,0.0,2.8242761571513366e-12,-2.8242761571513366e-12,0.0,2.8242761571513366e-12,0.0,0.0,0.0,1.0
S6,R5,PZ048,17,0.0,-2.8242761571513362e-12,0.0,0.0,-2.8242761571513366e-12,0.0,2.6830623492937697e-12,0.0,1.0
S6,R5,PZ048,18,0.0,-0.0,0.0,2.8242761571513366e-12,0.0,2.8242761571513366e-12,0.0,0.0,1.0
S6,R5,PZ048,19,0.0,-0.0,0.0,-2.8242761571513366e-12,0.0,-2.8242761571513366e-12,-2.9729222706856173e-12,0.0,1.0
S6,R5,PZ048,20,0.0,-0.0,0.0,-0.0,0.0,-0.0,0.0,0.0,1.0
S6,R5,PZ048,21,2775.266666666667,-0.0,0.0,2775.266666666667,0.0,-0.0,0.0,0.0,1.0
S6,R5,PZ048,22,2775.2666666666664,-0.0,0.0,2775.2666666666664,0.0,-0.0,0.0,0.0,1.0
S6,R5,PZ048,23,2775.2666666666664,0.0,0.0,2775.2666666666664,0.0,-0.0,0.0,0.0,1.0
S6,R5,PZ049,0,2537.766666666668,0.0,0.0,2537.766666666668,0.0,-0.0,0.0,0.0,1.0
S6,R5,PZ049,1,2537.7666666666673,0.0,0.0,2537.7666666666673,0.0,-0.0,0.0,0.0,1.0
S6,R5,PZ049,2,2537.7666666666673,0.0,0.0,2537.7666666666673,0.0,-0.0,0.0,0.0,1.0
S6,R5,PZ049,3,2537.7666666666673,0.0,0.0,2537.7666666666673,0.0,-0.0,0.0,0.0,1.0
S6,R5,PZ049,4,2537.7666666666673,0.0,0.0,2537.7666666666673,0.0,-0.0,0.0,0.0,1.0
S6,R5,PZ049,5,2537.7666666666673,0.0,0.0,2537.7666666666673,0.0,-0.0,0.0,0.0,1.0
S6,R5,PZ049,6,0.0,0.0,0.0,0.0,0.0,0.0,0.0,0.0,1.0
S6,R5,PZ049,7,0.0,0.0,0.0,0.0,0.0,0.0,0.0,0.0,1.0
S6,R5,PZ049,8,0.0,0.0,0.0,0.0,0.0,0.0,0.0,0.0,1.0
S6,R5,PZ049,9,-3.302847889512309e-12,0.0,0.0,0.0,-3.302847889512309e-12,0.0,0.0,0.0,1.0
S6,R5,PZ049,10,2537.7666666666673,0.0,0.0,2537.766666666664,0.0,-2.980820220284859e-12,-3.137705495036693e-12,0.0,1.0
S6,R5,PZ049,11,2537.7666666666673,-0.0,0.0,2537.7666666666673,0.0,-0.0,0.0,0.0,1.0
S6,R5,PZ049,12,2537.7666666666673,-0.0,0.0,2537.7666666666673,0.0,-0.0,0.0,0.0,1.0
S6,R5,PZ049,13,2537.7666666666673,-0.0,0.0,2537.7666666666673,0.0,-0.0,0.0,0.0,1.0
S6,R5,PZ049,14,2537.7666666666673,-0.0,0.0,2537.7666666666673,0.0,-0.0,0.0,0.0,1.0
S6,R5,PZ049,15,2537.7666666666673,-0.0,0.0,2537.7666666666673,0.0,-0.0,0.0,0.0,1.0
S6,R5,PZ049,16,0.0,-4.759155007089825e-12,0.0,0.0,-4.759155007089825e-12,0.0,0.0,0.0,1.0
S6,R5,PZ049,17,0.0,-0.0,0.0,0.0,0.0,0.0,-4.521197256735333e-12,0.0,1.0
S6,R5,PZ049,18,0.0,-0.0,0.0,-4.295137393898567e-12,0.0,-4.295137393898567e-12,-4.521197256735333e-12,0.0,1.0
S6,R5,PZ049,19,0.0,-0.0,0.0,-0.0,0.0,-0.0,0.0,0.0,1.0
S6,R5,PZ049,20,0.0,-0.0,0.0,-0.0,0.0,-0.0,0.0,0.0,1.0
S6,R5,PZ049,21,2537.7666666666673,-0.0,0.0,2537.7666666666673,0.0,-0.0,0.0,0.0,1.0
S6,R5,PZ049,22,2537.7666666666673,-0.0,0.0,2537.7666666666673,0.0,-0.0,0.0,0.0,1.0
S6,R5,PZ049,23,2537.7666666666673,0.0,0.0,2537.7666666666673,0.0,-0.0,0.0,0.0,1.0
S6,R5,PZ050,0,3110.2999999999993,0.0,0.0,3110.2999999999993,0.0,-0.0,0.0,0.0,1.0
S6,R5,PZ050,1,3110.2999999999993,0.0,0.0,3110.2999999999993,0.0,-0.0,0.0,0.0,1.0
S6,R5,PZ050,2,3110.2999999999993,0.0,0.0,3110.2999999999993,0.0,-0.0,0.0,0.0,1.0
S6,R5,PZ050,3,3110.2999999999993,0.0,0.0,3110.2999999999993,0.0,-0.0,0.0,0.0,1.0
S6,R5,PZ050,4,3110.2999999999993,0.0,0.0,3110.2999999999993,0.0,-0.0,0.0,0.0,1.0
S6,R5,PZ050,5,3110.2999999999993,0.0,0.0,3110.2999999999993,0.0,-0.0,0.0,0.0,1.0
S6,R5,PZ050,6,0.0,0.0,0.0,0.0,0.0,0.0,0.0,0.0,1.0
S6,R5,PZ050,7,0.0,0.0,0.0,0.0,0.0,0.0,0.0,0.0,1.0
S6,R5,PZ050,8,-2.7284841053187847e-12,0.0,0.0,0.0,-2.7284841053187847e-12,0.0,0.0,0.0,1.0
S6,R5,PZ050,9,-9.094947017729282e-13,0.0,0.0,0.0,-9.094947017729282e-13,0.0,-2.592059900052845e-12,0.0,1.0
S6,R5,PZ050,10,3110.2999999999993,0.0,0.0,3110.2999999999993,0.0,-0.0,-3.456079866737127e-12,0.0,1.0
S6,R5,PZ050,11,3110.2999999999993,-0.0,0.0,3110.299999999996,0.0,-3.283275873400271e-12,-3.456079866737127e-12,0.0,1.0
S6,R5,PZ050,12,3110.3,-0.0,0.0,3110.3,0.0,-0.0,0.0,0.0,1.0
S6,R5,PZ050,13,3110.3,-0.0,0.0,3110.3,0.0,-0.0,0.0,0.0,1.0
S6,R5,PZ050,14,3110.2999999999993,-0.0,0.0,3110.2999999999993,0.0,-0.0,0.0,0.0,1.0
S6,R5,PZ050,15,3110.2999999999993,-0.0,0.0,3110.2999999999993,0.0,-0.0,0.0,0.0,1.0
S6,R5,PZ050,16,0.0,-1.3492560537351013e-13,0.0,0.0,-1.3492560537351013e-13,0.0,0.0,0.0,1.0
S6,R5,PZ050,17,0.0,-3.5030532017182023e-12,0.0,0.0,-3.5030532017182027e-12,0.0,-1.2817932510483462e-13,0.0,1.0
S6,R5,PZ050,18,0.0,-0.0,0.0,-3.283275873400271e-12,0.0,-3.283275873400271e-12,-3.456079866737127e-12,0.0,1.0
S6,R5,PZ050,19,0.0,-0.0,0.0,-0.0,0.0,-0.0,0.0,0.0,1.0
S6,R5,PZ050,20,0.0,-0.0,0.0,-0.0,0.0,-0.0,0.0,0.0,1.0
S6,R5,PZ050,21,3110.2999999999993,-0.0,0.0,3110.2999999999993,0.0,-0.0,0.0,0.0,1.0
S6,R5,PZ050,22,3110.3000000000025,-0.0,0.0,3110.3000000000025,0.0,-0.0,0.0,0.0,1.0
S6,R5,PZ050,23,3110.2999999999993,0.0,0.0,3110.2999999999993,0.0,-0.0,0.0,0.0,1.0
S6,R5,PZ052,0,2719.533333333333,0.0,0.0,2719.533333333333,0.0,-0.0,0.0,0.0,1.0
S6,R5,PZ052,1,2719.533333333333,0.0,0.0,2719.533333333333,0.0,-0.0,0.0,0.0,1.0
S6,R5,PZ052,2,2719.533333333333,0.0,0.0,2719.533333333333,0.0,-0.0,0.0,0.0,1.0
S6,R5,PZ052,3,2719.533333333333,0.0,0.0,2719.533333333333,0.0,-0.0,0.0,0.0,1.0
S6,R5,PZ052,4,2719.533333333333,0.0,0.0,2719.533333333333,0.0,-0.0,0.0,0.0,1.0
S6,R5,PZ052,5,2719.533333333333,0.0,0.0,2719.533333333333,0.0,-0.0,0.0,0.0,1.0
S6,R5,PZ052,6,0.0,0.0,0.0,0.0,0.0,0.0,0.0,0.0,1.0
S6,R5,PZ052,7,0.0,0.0,0.0,0.0,0.0,0.0,0.0,0.0,1.0
S6,R5,PZ052,8,4.092726157978177e-12,0.0,0.0,0.0,4.092726157978177e-12,0.0,0.0,0.0,1.0
S6,R5,PZ052,9,-0.0,0.0,0.0,0.0,0.0,0.0,3.888089850079268e-12,0.0,1.0
S6,R5,PZ052,10,2719.533333333333,0.0,0.0,2719.533333333334,0.0,1.6474300583987113e-12,3.888089850079268e-12,0.0,1.0
S6,R5,PZ052,11,2719.533333333333,-0.0,0.0,2719.533333333333,0.0,-0.0,2.153952946501677e-12,0.0,1.0
S6,R5,PZ052,12,2719.5333333333347,-0.0,0.0,2719.5333333333365,0.0,2.0462552991765933e-12,2.153952946501677e-12,0.0,1.0
S6,R5,PZ052,13,2719.533333333333,-0.0,0.0,2719.533333333333,0.0,-0.0,0.0,0.0,1.0
S6,R5,PZ052,14,2719.533333333333,-0.0,0.0,2719.533333333333,0.0,-0.0,0.0,0.0,1.0
S6,R5,PZ052,15,2719.533333333333,-0.0,0.0,2719.533333333333,0.0,-0.0,0.0,0.0,1.0
S6,R5,PZ052,16,0.0,-0.0,0.0,0.0,0.0,0.0,0.0,0.0,1.0
S6,R5,PZ052,17,0.0,4.24738476683481e-12,0.0,0.0,4.2473847668348105e-12,0.0,0.0,0.0,1.0
S6,R5,PZ052,18,0.0,-0.0,0.0,-0.0,0.0,-0.0,4.0350155284930696e-12,0.0,1.0
S6,R5,PZ052,19,0.0,-0.0,0.0,3.8332647520684165e-12,0.0,3.8332647520684165e-12,4.0350155284930696e-12,0.0,1.0
S6,R5,PZ052,20,0.0,-0.0,0.0,-0.0,0.0,-0.0,0.0,0.0,1.0
S6,R5,PZ052,21,2719.533333333333,-0.0,0.0,2719.533333333333,0.0,-0.0,0.0,0.0,1.0
S6,R5,PZ052,22,2719.533333333333,-0.0,0.0,2719.533333333333,0.0,-0.0,0.0,0.0,1.0
S6,R5,PZ052,23,2719.533333333333,0.0,0.0,2719.533333333333,0.0,-0.0,0.0,0.0,1.0
S7,R1,PZ001,0,2347.8,0.0,0.0,2347.8,0.0,-0.0,0.0,0.0,1.0
S7,R1,PZ001,1,2347.8,0.0,0.0,2347.8,0.0,-0.0,0.0,0.0,1.0
S7,R1,PZ001,2,2347.8,0.0,0.0,2347.8,0.0,-0.0,0.0,0.0,1.0
S7,R1,PZ001,3,2347.8,0.0,0.0,2347.8,0.0,-0.0,0.0,0.0,1.0
S7,R1,PZ001,4,2347.8,0.0,0.0,2347.8,0.0,0.0,-0.0,0.0,1.0
S7,R1,PZ001,5,2347.8,0.0,0.0,2347.8,0.0,-0.0,0.0,0.0,1.0
S7,R1,PZ001,6,0.0,0.0,0.0,0.0,0.0,0.0,0.0,0.0,1.0
S7,R1,PZ001,7,0.0,0.0,0.0,0.0,0.0,0.0,0.0,0.0,1.0
S7,R1,PZ001,8,0.0,0.0,0.0,0.0,0.0,0.0,0.0,0.0,1.0
S7,R1,PZ001,9,-0.0,0.0,0.0,0.0,0.0,0.0,0.0,0.0,1.0
S7,R1,PZ001,10,2347.8,0.0,0.0,2347.8,0.0,-0.0,0.0,0.0,1.0
S7,R1,PZ001,11,2347.8,-0.0,0.0,2347.8,0.0,-0.0,0.0,0.0,1.0
S7,R1,PZ001,12,2347.7999999999997,-0.0,0.0,2347.7999999999997,0.0,-0.0,0.0,0.0,1.0
S7,R1,PZ001,13,2347.799999999999,-0.0,0.0,2347.799999999999,0.0,-0.0,0.0,0.0,1.0
S7,R1,PZ001,14,2347.8,-0.0,0.0,2347.8,0.0,-0.0,0.0,0.0,1.0
S7,R1,PZ001,15,2347.8,-0.0,0.0,2347.8,0.0,0.0,-0.0,0.0,1.0
S7,R1,PZ001,16,0.0,-0.0,0.0,0.0,0.0,0.0,0.0,0.0,1.0
S7,R1,PZ001,17,0.0,-0.0,0.0,0.0,0.0,0.0,0.0,0.0,1.0
S7,R1,PZ001,18,0.0,-0.0,0.0,-0.0,0.0,-0.0,-0.0,0.0,1.0
S7,R1,PZ001,19,0.0,-0.0,0.0,-0.0,0.0,-0.0,0.0,0.0,1.0
S7,R1,PZ001,20,0.0,-0.0,0.0,-0.0,0.0,-0.0,0.0,0.0,1.0
S7,R1,PZ001,21,2347.8,-0.0,0.0,2347.8,0.0,0.0,-0.0,0.0,1.0
S7,R1,PZ001,22,2347.8,-0.0,0.0,2347.8,0.0,0.0,-0.0,0.0,1.0
S7,R1,PZ001,23,2347.8,0.0,0.0,2347.8,0.0,0.0,-0.0,0.0,1.0
S7,R1,PZ006,0,335.40000000000003,0.0,0.0,335.40000000000003,0.0,-0.0,0.0,0.0,1.0
S7,R1,PZ006,1,335.40000000000003,0.0,0.0,335.40000000000003,0.0,-0.0,0.0,0.0,1.0
S7,R1,PZ006,2,335.40000000000003,0.0,0.0,335.40000000000003,0.0,-0.0,0.0,0.0,1.0
S7,R1,PZ006,3,335.40000000000003,0.0,0.0,335.40000000000003,0.0,-0.0,0.0,0.0,1.0
S7,R1,PZ006,4,335.40000000000003,0.0,0.0,335.40000000000003,0.0,-0.0,0.0,0.0,1.0
S7,R1,PZ006,5,335.40000000000003,0.0,0.0,335.40000000000003,0.0,-0.0,0.0,0.0,1.0
S7,R1,PZ006,6,0.0,0.0,0.0,0.0,0.0,0.0,0.0,0.0,1.0
S7,R1,PZ006,7,0.0,0.0,0.0,0.0,0.0,0.0,0.0,0.0,1.0
S7,R1,PZ006,8,0.0,0.0,0.0,0.0,0.0,0.0,0.0,0.0,1.0
S7,R1,PZ006,9,-0.0,0.0,0.0,0.0,0.0,0.0,0.0,0.0,1.0
S7,R1,PZ006,10,335.40000000000003,0.0,0.0,335.40000000000003,0.0,-0.0,0.0,0.0,1.0
S7,R1,PZ006,11,335.40000000000003,-0.0,0.0,335.40000000000003,0.0,-0.0,0.0,0.0,1.0
S7,R1,PZ006,12,335.40000000000003,-0.0,0.0,335.40000000000003,0.0,-0.0,0.0,0.0,1.0
S7,R1,PZ006,13,335.3999999999999,-0.0,0.0,335.3999999999999,0.0,0.0,-0.0,0.0,1.0
S7,R1,PZ006,14,335.40000000000003,-0.0,0.0,335.40000000000003,0.0,0.0,-0.0,0.0,1.0
S7,R1,PZ006,15,335.4,-0.0,0.0,335.4,0.0,-0.0,0.0,0.0,1.0
S7,R1,PZ006,16,0.0,-0.0,0.0,0.0,0.0,0.0,0.0,0.0,1.0
S7,R1,PZ006,17,0.0,-0.0,0.0,0.0,0.0,0.0,0.0,0.0,1.0
S7,R1,PZ006,18,0.0,-0.0,0.0,-0.0,0.0,-0.0,-0.0,0.0,1.0
S7,R1,PZ006,19,0.0,-0.0,0.0,-0.0,0.0,0.0,-0.0,0.0,1.0
S7,R1,PZ006,20,0.0,-0.0,0.0,-0.0,0.0,-0.0,0.0,0.0,1.0
S7,R1,PZ006,21,335.4,-0.0,0.0,335.4,0.0,-0.0,0.0,0.0,1.0
S7,R1,PZ006,22,335.40000000000003,-0.0,0.0,335.40000000000003,0.0,-0.0,0.0,0.0,1.0
S7,R1,PZ006,23,335.40000000000003,0.0,0.0,335.40000000000003,0.0,-0.0,0.0,0.0,1.0
S7,R1,PZ039,0,2600.15625,0.0,0.0,2600.15625,0.0,-0.0,0.0,0.0,1.0
S7,R1,PZ039,1,2600.15625,0.0,0.0,2600.15625,0.0,-0.0,0.0,0.0,1.0
S7,R1,PZ039,2,2600.15625,0.0,0.0,2600.15625,0.0,-0.0,0.0,0.0,1.0
S7,R1,PZ039,3,2600.15625,0.0,0.0,2600.15625,0.0,-0.0,0.0,0.0,1.0
S7,R1,PZ039,4,2600.15625,0.0,0.0,2600.15625,0.0,-0.0,0.0,0.0,1.0
S7,R1,PZ039,5,2600.15625,0.0,0.0,2600.15625,0.0,-0.0,0.0,0.0,1.0
S7,R1,PZ039,6,0.0,0.0,0.0,0.0,0.0,0.0,0.0,0.0,1.0
S7,R1,PZ039,7,0.0,0.0,0.0,0.0,0.0,0.0,0.0,0.0,1.0
S7,R1,PZ039,8,-0.0,0.0,0.0,0.0,0.0,0.0,0.0,0.0,1.0
S7,R1,PZ039,9,2600.15625,0.0,0.0,2600.15625,0.0,-0.0,0.0,0.0,1.0
S7,R1,PZ039,10,2600.15625,0.0,0.0,2600.15625,0.0,0.0,-0.0,0.0,1.0
S7,R1,PZ039,11,2600.15625,-0.0,0.0,2600.15625,0.0,-0.0,0.0,0.0,1.0
S7,R1,PZ039,12,2600.15625,-0.0,0.0,2600.15625,0.0,-0.0,0.0,0.0,1.0
S7,R1,PZ039,13,2600.15625,-0.0,0.0,2600.15625,0.0,-0.0,0.0,0.0,1.0
S7,R1,PZ039,14,2600.15625,-0.0,0.0,2600.15625,0.0,-0.0,0.0,0.0,1.0
S7,R1,PZ039,15,2600.1562500000005,-0.0,0.0,2600.1562500000005,0.0,-0.0,0.0,0.0,1.0
S7,R1,PZ039,16,0.0,-0.0,0.0,0.0,0.0,0.0,0.0,0.0,1.0
S7,R1,PZ039,17,0.0,-0.0,0.0,0.0,0.0,0.0,0.0,0.0,1.0
S7,R1,PZ039,18,0.0,-0.0,0.0,-0.0,0.0,-0.0,-0.0,0.0,1.0
S7,R1,PZ039,19,0.0,-0.0,0.0,-0.0,0.0,0.0,-0.0,0.0,1.0
S7,R1,PZ039,20,0.0,-0.0,0.0,-0.0,0.0,-0.0,0.0,0.0,1.0
S7,R1,PZ039,21,2600.15625,-0.0,0.0,2600.15625,0.0,-0.0,0.0,0.0,1.0
S7,R1,PZ039,22,2600.15625,-0.0,0.0,2600.15625,0.0,-0.0,0.0,0.0,1.0
S7,R1,PZ039,23,2600.15625,0.0,0.0,2600.15625,0.0,-0.0,0.0,0.0,1.0
S7,R1,PZ040,0,2895.600000000001,0.0,0.0,2895.600000000001,0.0,-0.0,0.0,0.0,1.0
S7,R1,PZ040,1,2895.600000000001,0.0,0.0,2895.600000000001,0.0,-0.0,0.0,0.0,1.0
S7,R1,PZ040,2,2895.600000000001,0.0,0.0,2895.600000000001,0.0,-0.0,0.0,0.0,1.0
S7,R1,PZ040,3,2895.600000000001,0.0,0.0,2895.600000000001,0.0,-0.0,0.0,0.0,1.0
S7,R1,PZ040,4,2895.600000000001,0.0,0.0,2895.600000000001,0.0,-0.0,0.0,0.0,1.0
S7,R1,PZ040,5,2895.600000000001,0.0,0.0,2895.600000000001,0.0,-0.0,0.0,0.0,1.0
S7,R1,PZ040,6,0.0,0.0,0.0,0.0,0.0,0.0,0.0,0.0,1.0
S7,R1,PZ040,7,0.0,0.0,0.0,0.0,0.0,0.0,0.0,0.0,1.0
S7,R1,PZ040,8,0.0,0.0,0.0,0.0,0.0,0.0,0.0,0.0,1.0
S7,R1,PZ040,9,-0.0,0.0,0.0,0.0,0.0,0.0,0.0,0.0,1.0
S7,R1,PZ040,10,2895.600000000001,0.0,0.0,2895.600000000001,0.0,-0.0,0.0,0.0,1.0
S7,R1,PZ040,11,2895.600000000001,-0.0,0.0,2895.600000000001,0.0,-0.0,0.0,0.0,1.0
S7,R1,PZ040,12,2895.600000000001,-0.0,0.0,2895.600000000001,0.0,-0.0,0.0,0.0,1.0
S7,R1,PZ040,13,2895.6000000000004,-0.0,0.0,2895.6000000000004,0.0,0.0,-0.0,0.0,1.0
S7,R1,PZ040,14,2895.6,-0.0,0.0,2895.6,0.0,0.0,-0.0,0.0,1.0
S7,R1,PZ040,15,2895.6000000000004,-0.0,0.0,2895.6000000000004,0.0,-0.0,0.0,0.0,1.0
S7,R1,PZ040,16,0.0,-0.0,0.0,0.0,0.0,0.0,0.0,0.0,1.0
S7,R1,PZ040,17,0.0,-0.0,0.0,0.0,0.0,0.0,0.0,0.0,1.0
S7,R1,PZ040,18,0.0,-0.0,0.0,-0.0,0.0,-0.0,-0.0,0.0,1.0
S7,R1,PZ040,19,0.0,-0.0,0.0,-0.0,0.0,0.0,-0.0,0.0,1.0
S7,R1,PZ040,20,0.0,-0.0,0.0,-0.0,0.0,-0.0,0.0,0.0,1.0
S7,R1,PZ040,21,2895.6000000000004,-0.0,0.0,2895.6000000000004,0.0,-0.0,0.0,0.0,1.0
S7,R1,PZ040,22,2895.6000000000004,-0.0,0.0,2895.6000000000004,0.0,-0.0,0.0,0.0,1.0
S7,R1,PZ040,23,2895.600000000001,0.0,0.0,2895.600000000001,0.0,-0.0,0.0,0.0,1.0
S7,R1,PZ041,0,2962.074081937833,0.0,0.0,2962.074081937833,0.0,-0.0,0.0,0.0,1.0
S7,R1,PZ041,1,2962.074081937833,0.0,0.0,2962.074081937833,0.0,-0.0,0.0,0.0,1.0
S7,R1,PZ041,2,2962.074081937833,0.0,0.0,2962.074081937833,0.0,-0.0,0.0,0.0,1.0
S7,R1,PZ041,3,2962.074081937833,0.0,0.0,2962.074081937833,0.0,-0.0,0.0,0.0,1.0
S7,R1,PZ041,4,2962.074081937833,0.0,0.0,2962.074081937833,0.0,-0.0,0.0,0.0,1.0
S7,R1,PZ041,5,2962.074081937833,0.0,0.0,2962.074081937833,0.0,-0.0,0.0,0.0,1.0
S7,R1,PZ041,6,0.0,0.0,0.0,0.0,0.0,0.0,0.0,0.0,1.0
S7,R1,PZ041,7,0.0,0.0,0.0,0.0,0.0,0.0,0.0,0.0,1.0
S7,R1,PZ041,8,0.0,0.0,0.0,0.0,0.0,0.0,0.0,0.0,1.0
S7,R1,PZ041,9,-0.0,0.0,0.0,0.0,0.0,0.0,0.0,0.0,1.0
S7,R1,PZ041,10,2962.074081937833,0.0,0.0,2962.074081937833,0.0,-0.0,0.0,0.0,1.0
S7,R1,PZ041,11,2962.074081937833,0.4609355206698448,0.0,2962.535017458503,0.0,-0.0,-0.0,0.0,1.0
S7,R1,PZ041,12,2962.074081937833,2.6215840027873836,0.0,2964.6956659406205,0.0,-0.0,0.0,0.0,1.0
S7,R1,PZ041,13,2962.074081937833,5.336872099038961,0.0,2967.4109540368718,0.0,-0.0,0.0,0.0,1.0
S7,R1,PZ041,14,2962.074081937833,7.385493604851538,0.0,2969.4595755426844,0.0,-0.0,0.0,0.0,1.0
S7,R1,PZ041,15,2962.074081937833,8.639792380450801,0.0,2970.7138743182836,0.0,-0.0,0.0,0.0,1.0
S7,R1,PZ041,16,2962.074081937833,9.401434044620796,0.0,2971.4755159824535,0.0,-0.0,0.0,0.0,1.0
S7,R1,PZ041,17,2962.0740819378307,9.441123473572832,0.0,2971.5152054114037,0.0,-0.0,0.0,0.0,1.0
S7,R1,PZ041,18,0.0,8.823821936410727,0.0,8.823821936410727,0.0,-0.0,0.0,0.0,1.0
S7,R1,PZ041,19,0.0,7.268032264373604,0.0,7.268032264373604,0.0,0.0,-0.0,0.0,1.0
S7,R1,PZ041,20,0.0,5.201151274971588,0.0,5.201151274971588,0.0,-0.0,0.0,0.0,1.0
S7,R1,PZ041,21,2962.0740819378334,2.6293646384662264,0.0,2964.7034465762995,0.0,-0.0,0.0,0.0,1.0
S7,R1,PZ041,22,2962.0740819378325,0.406001816616769,0.0,2962.4800837544494,0.0,-0.0,0.0,0.0,1.0
S7,R1,PZ041,23,2962.0740819378325,0.0,0.0,2962.0740819378325,0.0,-0.0,0.0,0.0,1.0
S7,R1,PZ047,0,3498.8500000000013,0.0,0.0,3498.8500000000013,0.0,-0.0,0.0,0.0,1.0
S7,R1,PZ047,1,3498.8500000000013,0.0,0.0,3498.8500000000013,0.0,-0.0,0.0,0.0,1.0
S7,R1,PZ047,2,3498.8500000000013,0.0,0.0,3498.8500000000013,0.0,-0.0,0.0,0.0,1.0
S7,R1,PZ047,3,3498.8500000000013,0.0,0.0,3498.8500000000013,0.0,-0.0,0.0,0.0,1.0
S7,R1,PZ047,4,3498.8500000000013,0.0,0.0,3498.8500000000013,0.0,-0.0,0.0,0.0,1.0
S7,R1,PZ047,5,3498.8500000000013,0.0,0.0,3498.8500000000013,0.0,-0.0,0.0,0.0,1.0
S7,R1,PZ047,6,0.0,0.0,0.0,0.0,0.0,0.0,0.0,0.0,1.0
S7,R1,PZ047,7,0.0,0.0,0.0,0.0,0.0,0.0,0.0,0.0,1.0
S7,R1,PZ047,8,0.0,0.0,0.0,0.0,0.0,0.0,0.0,0.0,1.0
S7,R1,PZ047,9,0.0,0.0,0.0,0.0,0.0,0.0,0.0,0.0,1.0
S7,R1,PZ047,10,3498.8500000000013,0.0,0.0,3498.8499999999976,0.0,-3.4297564788232652e-12,-3.6102699777087e-12,0.0,1.0
S7,R1,PZ047,11,3498.8500000000013,0.0,0.0,3498.8500000000013,0.0,-0.0,0.0,0.0,1.0
S7,R1,PZ047,12,3498.8500000000017,0.0,0.0,3498.8500000000017,0.0,-0.0,0.0,0.0,1.0
S7,R1,PZ047,13,3498.8500000000013,0.0,0.0,3498.8500000000013,0.0,-0.0,0.0,0.0,1.0
S7,R1,PZ047,14,3498.8500000000013,0.0,0.0,3498.8500000000013,0.0,-0.0,0.0,0.0,1.0
S7,R1,PZ047,15,3498.8500000000013,0.0,0.0,3498.8500000000013,0.0,0.0,-0.0,0.0,1.0
S7,R1,PZ047,16,-5.7526651955408366e-12,0.0,0.0,0.0,-5.7526651955408366e-12,0.0,-0.0,0.0,1.0
S7,R1,PZ047,17,0.0,0.0,0.0,0.0,0.0,0.0,-5.465031935763795e-12,0.0,1.0
S7,R1,PZ047,18,0.0,0.0,0.0,0.0,0.0,-5.1917803389756055e-12,-5.465031935763795e-12,0.0,1.0
S7,R1,PZ047,19,0.0,0.0,0.0,-0.0,0.0,0.0,-0.0,0.0,1.0
S7,R1,PZ047,20,0.0,0.0,0.0,-0.0,0.0,-0.0,0.0,0.0,1.0
S7,R1,PZ047,21,3498.8500000000004,0.0,0.0,3498.8500000000004,0.0,-0.0,0.0,0.0,1.0
S7,R1,PZ047,22,3498.850000000001,0.0,0.0,3498.850000000001,0.0,-0.0,0.0,0.0,1.0
S7,R1,PZ047,23,3498.8500000000004,0.0,0.0,3498.8500000000004,0.0,-0.0,0.0,0.0,1.0
S7,R1,PZ048,0,4162.900000000001,0.0,0.0,4162.900000000001,0.0,-0.0,0.0,0.0,1.0
S7,R1,PZ048,1,4162.900000000001,0.0,0.0,4162.900000000001,0.0,-0.0,0.0,0.0,1.0
S7,R1,PZ048,2,4162.900000000001,0.0,0.0,4162.900000000001,0.0,0.0,-0.0,0.0,1.0
S7,R1,PZ048,3,4162.900000000001,0.0,0.0,4162.900000000001,0.0,-0.0,0.0,0.0,1.0
S7,R1,PZ048,4,4162.900000000001,0.0,0.0,4162.900000000001,0.0,-0.0,0.0,0.0,1.0
S7,R1,PZ048,5,4162.900000000001,0.0,0.0,4162.900000000001,0.0,0.0,-0.0,0.0,1.0
S7,R1,PZ048,6,0.0,0.0,0.0,0.0,0.0,0.0,0.0,0.0,1.0
S7,R1,PZ048,7,0.0,0.0,0.0,0.0,0.0,0.0,0.0,0.0,1.0
S7,R1,PZ048,8,0.0,0.0,0.0,0.0,0.0,0.0,0.0,0.0,1.0
S7,R1,PZ048,9,0.0,0.0,0.0,0.0,0.0,0.0,0.0,0.0,1.0
S7,R1,PZ048,10,4162.900000000001,0.0,0.0,4162.900000000001,0.0,-0.0,0.0,0.0,1.0
S7,R1,PZ048,11,4162.900000000001,0.0,0.0,4162.900000000001,0.0,-0.0,0.0,0.0,1.0
S7,R1,PZ048,12,4162.900000000001,0.0,0.0,4162.900000000001,0.0,-0.0,0.0,0.0,1.0
S7,R1,PZ048,13,4162.900000000001,0.0,0.0,4162.900000000001,0.0,-0.0,0.0,0.0,1.0
S7,R1,PZ048,14,4162.900000000001,0.0,0.0,4162.900000000001,0.0,-0.0,0.0,0.0,1.0
S7,R1,PZ048,15,4162.900000000001,0.0,0.0,4162.900000000001,0.0,-0.0,0.0,0.0,1.0
S7,R1,PZ048,16,-1.50504170529817e-11,0.0,0.0,0.0,-1.50504170529817e-11,0.0,-0.0,0.0,1.0
S7,R1,PZ048,17,0.0,0.0,0.0,0.0,0.0,0.0,-1.4297896200332614e-11,0.0,1.0
S7,R1,PZ048,18,0.0,0.0,0.0,0.0,0.0,-1.3583001390315984e-11,-1.4297896200332614e-11,0.0,1.0
S7,R1,PZ048,19,0.0,0.0,0.0,-0.0,0.0,0.0,-0.0,0.0,1.0
S7,R1,PZ048,20,0.0,0.0,0.0,-0.0,0.0,-0.0,0.0,0.0,1.0
S7,R1,PZ048,21,4162.900000000001,0.0,0.0,4162.900000000001,0.0,-0.0,0.0,0.0,1.0
S7,R1,PZ048,22,4162.900000000001,0.0,0.0,4162.900000000001,0.0,-0.0,0.0,0.0,1.0
S7,R1,PZ048,23,4162.900000000001,0.0,0.0,4162.900000000001,0.0,-0.0,0.0,0.0,1.0
S7,R1,PZ049,0,3806.65,0.0,0.0,3806.65,0.0,-0.0,0.0,0.0,1.0
S7,R1,PZ049,1,3806.65,0.0,0.0,3806.65,0.0,-0.0,0.0,0.0,1.0
S7,R1,PZ049,2,3806.65,0.0,0.0,3806.65,0.0,-0.0,0.0,0.0,1.0
S7,R1,PZ049,3,3806.65,0.0,0.0,3806.65,0.0,-0.0,0.0,0.0,1.0
S7,R1,PZ049,4,3806.65,0.0,0.0,3806.65,0.0,-0.0,0.0,0.0,1.0
S7,R1,PZ049,5,3806.65,0.0,0.0,3806.65,0.0,-0.0,0.0,0.0,1.0
S7,R1,PZ049,6,0.0,0.0,0.0,0.0,0.0,0.0,0.0,0.0,1.0
S7,R1,PZ049,7,0.0,0.0,0.0,0.0,0.0,0.0,0.0,0.0,1.0
S7,R1,PZ049,8,-0.0,0.0,0.0,0.0,0.0,0.0,0.0,0.0,1.0
S7,R1,PZ049,9,-0.0,0.0,0.0,0.0,0.0,0.0,0.0,0.0,1.0
S7,R1,PZ049,10,3806.65,0.0,0.0,3806.65,0.0,-0.0,0.0,0.0,1.0
S7,R1,PZ049,11,3806.65,0.0,0.0,3806.65,0.0,-0.0,0.0,0.0,1.0
S7,R1,PZ049,12,3806.65,0.0,0.0,3806.65,0.0,-0.0,0.0,0.0,1.0
S7,R1,PZ049,13,3806.65,0.0,0.0,3806.65,0.0,-0.0,0.0,0.0,1.0
S7,R1,PZ049,14,3806.65,0.0,0.0,3806.65,0.0,-0.0,0.0,0.0,1.0
S7,R1,PZ049,15,3806.6499999999974,0.0,0.0,3806.6499999999974,0.0,-0.0,0.0,0.0,1.0
S7,R1,PZ049,16,0.0,0.0,0.0,0.0,0.0,0.0,0.0,0.0,1.0
S7,R1,PZ049,17,0.0,0.0,0.0,0.0,0.0,0.0,0.0,0.0,1.0
S7,R1,PZ049,18,0.0,0.0,0.0,-0.0,0.0,-0.0,0.0,0.0,1.0
S7,R1,PZ049,19,0.0,0.0,0.0,-0.0,0.0,0.0,-0.0,0.0,1.0
S7,R1,PZ049,20,0.0,0.0,0.0,-0.0,0.0,-0.0,0.0,0.0,1.0
S7,R1,PZ049,21,3806.6499999999996,0.0,0.0,3806.6499999999996,0.0,-0.0,0.0,0.0,1.0
S7,R1,PZ049,22,3806.65,0.0,0.0,3806.65,0.0,-0.0,0.0,0.0,1.0
S7,R1,PZ049,23,3806.65,0.0,0.0,3806.65,0.0,-0.0,0.0,0.0,1.0
S7,R1,PZ050,0,4665.45,0.0,0.0,4665.45,0.0,-0.0,0.0,0.0,1.0
S7,R1,PZ050,1,4665.45,0.0,0.0,4665.45,0.0,-0.0,0.0,0.0,1.0
S7,R1,PZ050,2,4665.45,0.0,0.0,4665.45,0.0,-0.0,0.0,0.0,1.0
S7,R1,PZ050,3,4665.45,0.0,0.0,4665.45,0.0,-0.0,0.0,0.0,1.0
S7,R1,PZ050,4,4665.45,0.0,0.0,4665.45,0.0,-0.0,0.0,0.0,1.0
S7,R1,PZ050,5,4665.45,0.0,0.0,4665.45,0.0,-0.0,0.0,0.0,1.0
S7,R1,PZ050,6,0.0,0.0,0.0,0.0,0.0,0.0,0.0,0.0,1.0
S7,R1,PZ050,7,0.0,0.0,0.0,0.0,0.0,0.0,0.0,0.0,1.0
S7,R1,PZ050,8,0.0,0.0,0.0,0.0,0.0,0.0,0.0,0.0,1.0
S7,R1,PZ050,9,-0.0,0.0,0.0,0.0,0.0,0.0,0.0,0.0,1.0
S7,R1,PZ050,10,4665.45,0.0,0.0,4665.45,0.0,-0.0,0.0,0.0,1.0
S7,R1,PZ050,11,4665.45,-0.0,0.0,4665.45,0.0,-0.0,0.0,0.0,1.0
S7,R1,PZ050,12,4665.45,-0.0,0.0,4665.45,0.0,-0.0,0.0,0.0,1.0
S7,R1,PZ050,13,4665.45,-0.0,0.0,4665.45,0.0,-0.0,0.0,0.0,1.0
S7,R1,PZ050,14,4665.45,-0.0,0.0,4665.45,0.0,-0.0,0.0,0.0,1.0
S7,R1,PZ050,15,4665.45,-0.0,0.0,4665.45,0.0,-0.0,0.0,0.0,1.0
S7,R1,PZ050,16,0.0,-0.0,0.0,0.0,0.0,0.0,0.0,0.0,1.0
S7,R1,PZ050,17,0.0,-0.0,0.0,0.0,0.0,0.0,0.0,0.0,1.0
S7,R1,PZ050,18,0.0,-0.0,0.0,-0.0,0.0,-0.0,-0.0,0.0,1.0
S7,R1,PZ050,19,0.0,-0.0,0.0,-0.0,0.0,-0.0,0.0,0.0,1.0
S7,R1,PZ050,20,0.0,-0.0,0.0,-0.0,0.0,-0.0,0.0,0.0,1.0
S7,R1,PZ050,21,4665.450000000002,-0.0,0.0,4665.450000000002,0.0,-0.0,0.0,0.0,1.0
S7,R1,PZ050,22,4665.45,-0.0,0.0,4665.45,0.0,-0.0,0.0,0.0,1.0
S7,R1,PZ050,23,4665.45,0.0,0.0,4665.45,0.0,-0.0,0.0,0.0,1.0
S7,R1,PZ052,0,4079.2999999999993,0.0,0.0,4079.2999999999993,0.0,-0.0,0.0,0.0,1.0
S7,R1,PZ052,1,4079.2999999999993,0.0,0.0,4079.2999999999993,0.0,-0.0,0.0,0.0,1.0
S7,R1,PZ052,2,4079.2999999999993,0.0,0.0,4079.2999999999993,0.0,-0.0,0.0,0.0,1.0
S7,R1,PZ052,3,4079.2999999999993,0.0,0.0,4079.2999999999993,0.0,-0.0,0.0,0.0,1.0
S7,R1,PZ052,4,4079.2999999999993,0.0,0.0,4079.2999999999993,0.0,-0.0,0.0,0.0,1.0
S7,R1,PZ052,5,4079.2999999999993,0.0,0.0,4079.2999999999993,0.0,-0.0,0.0,0.0,1.0
S7,R1,PZ052,6,0.0,0.0,0.0,0.0,0.0,0.0,0.0,0.0,1.0
S7,R1,PZ052,7,0.0,0.0,0.0,0.0,0.0,0.0,0.0,0.0,1.0
S7,R1,PZ052,8,0.0,0.0,0.0,0.0,0.0,0.0,0.0,0.0,1.0
S7,R1,PZ052,9,-0.0,0.0,0.0,0.0,0.0,0.0,0.0,0.0,1.0
S7,R1,PZ052,10,4079.2999999999993,0.0,0.0,4079.2999999999993,0.0,-0.0,0.0,0.0,1.0
S7,R1,PZ052,11,4079.2999999999993,-0.0,0.0,4079.2999999999993,0.0,-0.0,0.0,0.0,1.0
S7,R1,PZ052,12,4079.2999999999993,-0.0,0.0,4079.2999999999993,0.0,-0.0,0.0,0.0,1.0
S7,R1,PZ052,13,4079.2999999999993,-0.0,0.0,4079.2999999999993,0.0,-0.0,0.0,0.0,1.0
S7,R1,PZ052,14,4079.2999999999993,-0.0,0.0,4079.2999999999993,0.0,-0.0,0.0,0.0,1.0
S7,R1,PZ052,15,4079.3,-0.0,0.0,4079.3,0.0,-0.0,0.0,0.0,1.0
S7,R1,PZ052,16,0.0,0.0,0.0,0.0,0.0,0.0,0.0,0.0,1.0
S7,R1,PZ052,17,0.0,-0.0,0.0,0.0,0.0,0.0,0.0,0.0,1.0
S7,R1,PZ052,18,0.0,-0.0,0.0,-0.0,0.0,-0.0,-0.0,0.0,1.0
S7,R1,PZ052,19,0.0,-0.0,0.0,-0.0,0.0,-0.0,0.0,0.0,1.0
S7,R1,PZ052,20,0.0,-0.0,0.0,-0.0,0.0,-0.0,0.0,0.0,1.0
S7,R1,PZ052,21,4079.2999999999997,-0.0,0.0,4079.2999999999997,0.0,-0.0,0.0,0.0,1.0
S7,R1,PZ052,22,4079.3,-0.0,0.0,4079.3,0.0,-0.0,0.0,0.0,1.0
S7,R1,PZ052,23,4079.2999999999993,0.0,0.0,4079.2999999999993,0.0,-0.0,0.0,0.0,1.0
S7,R2,PZ001,0,2347.8,0.0,0.0,2347.8,0.0,-0.0,0.0,0.0,1.0
S7,R2,PZ001,1,2347.8,0.0,0.0,2347.8,0.0,-0.0,0.0,0.0,1.0
S7,R2,PZ001,2,2347.8,0.0,0.0,2347.8,0.0,-0.0,0.0,0.0,1.0
S7,R2,PZ001,3,2347.8,0.0,0.0,2347.8,0.0,-0.0,0.0,0.0,1.0
S7,R2,PZ001,4,2347.8,0.0,0.0,2347.8,0.0,0.0,-0.0,0.0,1.0
S7,R2,PZ001,5,2347.8,0.0,0.0,2347.8,0.0,-0.0,0.0,0.0,1.0
S7,R2,PZ001,6,0.0,0.0,0.0,0.0,0.0,0.0,0.0,0.0,1.0
S7,R2,PZ001,7,0.0,0.0,0.0,0.0,0.0,0.0,0.0,0.0,1.0
S7,R2,PZ001,8,0.0,0.0,0.0,0.0,0.0,0.0,0.0,0.0,1.0
S7,R2,PZ001,9,-0.0,0.0,0.0,0.0,0.0,0.0,0.0,0.0,1.0
S7,R2,PZ001,10,2347.8,0.0,0.0,2347.8,0.0,-0.0,0.0,0.0,1.0
S7,R2,PZ001,11,2347.8,-0.0,0.0,2347.8,0.0,-0.0,0.0,0.0,1.0
S7,R2,PZ001,12,2347.7999999999997,-0.0,0.0,2347.7999999999997,0.0,-0.0,0.0,0.0,1.0
S7,R2,PZ001,13,2347.799999999999,-0.0,0.0,2347.799999999999,0.0,-0.0,0.0,0.0,1.0
S7,R2,PZ001,14,2347.8,-0.0,0.0,2347.8,0.0,-0.0,0.0,0.0,1.0
S7,R2,PZ001,15,2347.8,-0.0,0.0,2347.8,0.0,0.0,-0.0,0.0,1.0
S7,R2,PZ001,16,0.0,-0.0,0.0,0.0,0.0,0.0,0.0,0.0,1.0
S7,R2,PZ001,17,0.0,-0.0,0.0,0.0,0.0,0.0,0.0,0.0,1.0
S7,R2,PZ001,18,0.0,-0.0,0.0,-0.0,0.0,-0.0,-0.0,0.0,1.0
S7,R2,PZ001,19,0.0,-0.0,0.0,-0.0,0.0,-0.0,0.0,0.0,1.0
S7,R2,PZ001,20,0.0,-0.0,0.0,-0.0,0.0,-0.0,0.0,0.0,1.0
S7,R2,PZ001,21,2347.8,-0.0,0.0,2347.8,0.0,0.0,-0.0,0.0,1.0
S7,R2,PZ001,22,2347.8,-0.0,0.0,2347.8,0.0,0.0,-0.0,0.0,1.0
S7,R2,PZ001,23,2347.8,0.0,0.0,2347.8,0.0,0.0,-0.0,0.0,1.0
S7,R2,PZ006,0,335.40000000000003,0.0,0.0,335.40000000000003,0.0,-0.0,0.0,0.0,1.0
S7,R2,PZ006,1,335.40000000000003,0.0,0.0,335.40000000000003,0.0,-0.0,0.0,0.0,1.0
S7,R2,PZ006,2,335.40000000000003,0.0,0.0,335.40000000000003,0.0,-0.0,0.0,0.0,1.0
S7,R2,PZ006,3,335.40000000000003,0.0,0.0,335.40000000000003,0.0,-0.0,0.0,0.0,1.0
S7,R2,PZ006,4,335.40000000000003,0.0,0.0,335.40000000000003,0.0,-0.0,0.0,0.0,1.0
S7,R2,PZ006,5,335.40000000000003,0.0,0.0,335.40000000000003,0.0,-0.0,0.0,0.0,1.0
S7,R2,PZ006,6,0.0,0.0,0.0,0.0,0.0,0.0,0.0,0.0,1.0
S7,R2,PZ006,7,0.0,0.0,0.0,0.0,0.0,0.0,0.0,0.0,1.0
S7,R2,PZ006,8,0.0,0.0,0.0,0.0,0.0,0.0,0.0,0.0,1.0
S7,R2,PZ006,9,-0.0,0.0,0.0,0.0,0.0,0.0,0.0,0.0,1.0
S7,R2,PZ006,10,335.40000000000003,0.0,0.0,335.40000000000003,0.0,-0.0,0.0,0.0,1.0
S7,R2,PZ006,11,335.40000000000003,-0.0,0.0,335.40000000000003,0.0,-0.0,0.0,0.0,1.0
S7,R2,PZ006,12,335.40000000000003,-0.0,0.0,335.40000000000003,0.0,-0.0,0.0,0.0,1.0
S7,R2,PZ006,13,335.3999999999999,-0.0,0.0,335.3999999999999,0.0,-0.0,0.0,0.0,1.0
S7,R2,PZ006,14,335.40000000000003,-0.0,0.0,335.40000000000003,0.0,-0.0,0.0,0.0,1.0
S7,R2,PZ006,15,335.4,-0.0,0.0,335.4,0.0,-0.0,0.0,0.0,1.0
S7,R2,PZ006,16,0.0,-0.0,0.0,0.0,0.0,0.0,0.0,0.0,1.0
S7,R2,PZ006,17,0.0,-0.0,0.0,0.0,0.0,0.0,0.0,0.0,1.0
S7,R2,PZ006,18,0.0,-0.0,0.0,-0.0,0.0,-0.0,-0.0,0.0,1.0
S7,R2,PZ006,19,0.0,-0.0,0.0,-0.0,0.0,0.0,-0.0,0.0,1.0
S7,R2,PZ006,20,0.0,-0.0,0.0,-0.0,0.0,-0.0,0.0,0.0,1.0
S7,R2,PZ006,21,335.4,-0.0,0.0,335.4,0.0,-0.0,0.0,0.0,1.0
S7,R2,PZ006,22,335.40000000000003,-0.0,0.0,335.40000000000003,0.0,-0.0,0.0,0.0,1.0
S7,R2,PZ006,23,335.40000000000003,0.0,0.0,335.40000000000003,0.0,-0.0,0.0,0.0,1.0
S7,R2,PZ039,0,2600.15625,0.0,0.0,2600.15625,0.0,-0.0,0.0,0.0,1.0
S7,R2,PZ039,1,2600.15625,0.0,0.0,2600.15625,0.0,-0.0,0.0,0.0,1.0
S7,R2,PZ039,2,2600.15625,0.0,0.0,2600.15625,0.0,-0.0,0.0,0.0,1.0
S7,R2,PZ039,3,2600.15625,0.0,0.0,2600.15625,0.0,-0.0,0.0,0.0,1.0
S7,R2,PZ039,4,2600.15625,0.0,0.0,2600.15625,0.0,-0.0,0.0,0.0,1.0
S7,R2,PZ039,5,2600.15625,0.0,0.0,2600.15625,0.0,-0.0,0.0,0.0,1.0
S7,R2,PZ039,6,0.0,0.0,0.0,0.0,0.0,0.0,0.0,0.0,1.0
S7,R2,PZ039,7,0.0,0.0,0.0,0.0,0.0,0.0,0.0,0.0,1.0
S7,R2,PZ039,8,-0.0,0.0,0.0,0.0,0.0,0.0,0.0,0.0,1.0
S7,R2,PZ039,9,2600.15625,0.0,0.0,2600.15625,0.0,-0.0,0.0,0.0,1.0
S7,R2,PZ039,10,2600.15625,0.0,0.0,2600.15625,0.0,0.0,-0.0,0.0,1.0
S7,R2,PZ039,11,2600.15625,-0.0,0.0,2600.15625,0.0,-0.0,0.0,0.0,1.0
S7,R2,PZ039,12,2600.15625,-0.0,0.0,2600.15625,0.0,-0.0,0.0,0.0,1.0
S7,R2,PZ039,13,2600.15625,-0.0,0.0,2600.15625,0.0,-0.0,0.0,0.0,1.0
S7,R2,PZ039,14,2600.15625,-0.0,0.0,2600.15625,0.0,-0.0,0.0,0.0,1.0
S7,R2,PZ039,15,2600.15625,-0.0,0.0,2600.15625,0.0,-0.0,0.0,0.0,1.0
S7,R2,PZ039,16,0.0,-0.0,0.0,0.0,0.0,0.0,0.0,0.0,1.0
S7,R2,PZ039,17,0.0,-0.0,0.0,0.0,0.0,0.0,0.0,0.0,1.0
S7,R2,PZ039,18,0.0,-0.0,0.0,-0.0,0.0,-0.0,-0.0,0.0,1.0
S7,R2,PZ039,19,0.0,-0.0,0.0,-0.0,0.0,0.0,-0.0,0.0,1.0
S7,R2,PZ039,20,0.0,-0.0,0.0,-0.0,0.0,-0.0,0.0,0.0,1.0
S7,R2,PZ039,21,2600.15625,-0.0,0.0,2600.15625,0.0,-0.0,0.0,0.0,1.0
S7,R2,PZ039,22,2600.1562500000005,-0.0,0.0,2600.1562500000005,0.0,-0.0,0.0,0.0,1.0
S7,R2,PZ039,23,2600.15625,0.0,0.0,2600.15625,0.0,-0.0,0.0,0.0,1.0
S7,R2,PZ040,0,2895.600000000001,0.0,0.0,2895.600000000001,0.0,-0.0,0.0,0.0,1.0
S7,R2,PZ040,1,2895.600000000001,0.0,0.0,2895.600000000001,0.0,-0.0,0.0,0.0,1.0
S7,R2,PZ040,2,2895.600000000001,0.0,0.0,2895.600000000001,0.0,-0.0,0.0,0.0,1.0
S7,R2,PZ040,3,2895.600000000001,0.0,0.0,2895.600000000001,0.0,-0.0,0.0,0.0,1.0
S7,R2,PZ040,4,2895.600000000001,0.0,0.0,2895.600000000001,0.0,-0.0,0.0,0.0,1.0
S7,R2,PZ040,5,2895.600000000001,0.0,0.0,2895.600000000001,0.0,-0.0,0.0,0.0,1.0
S7,R2,PZ040,6,0.0,0.0,0.0,0.0,0.0,0.0,0.0,0.0,1.0
S7,R2,PZ040,7,0.0,0.0,0.0,0.0,0.0,0.0,0.0,0.0,1.0
S7,R2,PZ040,8,0.0,0.0,0.0,0.0,0.0,0.0,0.0,0.0,1.0
S7,R2,PZ040,9,-0.0,0.0,0.0,0.0,0.0,0.0,0.0,0.0,1.0
S7,R2,PZ040,10,2895.600000000001,0.0,0.0,2895.600000000001,0.0,-0.0,0.0,0.0,1.0
S7,R2,PZ040,11,2895.600000000001,-0.0,0.0,2895.600000000001,0.0,-0.0,0.0,0.0,1.0
S7,R2,PZ040,12,2895.600000000001,-0.0,0.0,2895.600000000001,0.0,-0.0,0.0,0.0,1.0
S7,R2,PZ040,13,2895.6000000000004,-0.0,0.0,2895.6000000000004,0.0,0.0,-0.0,0.0,1.0
S7,R2,PZ040,14,2895.6,-0.0,0.0,2895.6,0.0,0.0,-0.0,0.0,1.0
S7,R2,PZ040,15,2895.6000000000004,-0.0,0.0,2895.6000000000004,0.0,-0.0,0.0,0.0,1.0
S7,R2,PZ040,16,0.0,-0.0,0.0,0.0,0.0,0.0,0.0,0.0,1.0
S7,R2,PZ040,17,0.0,-0.0,0.0,0.0,0.0,0.0,0.0,0.0,1.0
S7,R2,PZ040,18,0.0,-0.0,0.0,-0.0,0.0,-0.0,-0.0,0.0,1.0
S7,R2,PZ040,19,0.0,-0.0,0.0,-0.0,0.0,0.0,-0.0,0.0,1.0
S7,R2,PZ040,20,0.0,-0.0,0.0,-0.0,0.0,-0.0,0.0,0.0,1.0
S7,R2,PZ040,21,2895.6000000000004,-0.0,0.0,2895.6000000000004,0.0,-0.0,0.0,0.0,1.0
S7,R2,PZ040,22,2895.6000000000004,-0.0,0.0,2895.6000000000004,0.0,-0.0,0.0,0.0,1.0
S7,R2,PZ040,23,2895.600000000001,0.0,0.0,2895.600000000001,0.0,-0.0,0.0,0.0,1.0
S7,R2,PZ041,0,2959.6876487475934,0.0,0.0,2959.6876487475934,0.0,-0.0,0.0,0.0,1.0
S7,R2,PZ041,1,2959.6876487475934,0.0,0.0,2959.6876487475934,0.0,-0.0,0.0,0.0,1.0
S7,R2,PZ041,2,2959.6876487475934,0.0,0.0,2959.6876487475934,0.0,-0.0,0.0,0.0,1.0
S7,R2,PZ041,3,2959.6876487475934,0.0,0.0,2959.6876487475934,0.0,-0.0,0.0,0.0,1.0
S7,R2,PZ041,4,2959.6876487475934,0.0,0.0,2959.6876487475934,0.0,-0.0,0.0,0.0,1.0
S7,R2,PZ041,5,2959.6876487475934,0.0,0.0,2959.6876487475934,0.0,-0.0,0.0,0.0,1.0
S7,R2,PZ041,6,0.0,0.0,0.0,0.0,0.0,0.0,0.0,0.0,1.0
S7,R2,PZ041,7,0.0,0.0,0.0,0.0,0.0,0.0,0.0,0.0,1.0
S7,R2,PZ041,8,0.0,0.0,0.0,0.0,0.0,0.0,0.0,0.0,1.0
S7,R2,PZ041,9,-0.0,0.0,0.0,0.0,0.0,0.0,0.0,0.0,1.0
S7,R2,PZ041,10,2959.6876487475934,0.0,0.0,2959.6876487475934,0.0,-0.0,0.0,0.0,1.0
S7,R2,PZ041,11,2959.6876487475934,0.7374968330717517,0.0,2960.4251455806652,0.0,-0.0,-0.0,0.0,1.0
S7,R2,PZ041,12,2959.6876487475934,4.194534404459814,0.0,2963.882183152053,0.0,-0.0,0.0,0.0,1.0
S7,R2,PZ041,13,2959.6876487475934,8.538995358462339,0.0,2968.2266441060556,0.0,-0.0,0.0,0.0,1.0
S7,R2,PZ041,14,2959.6876487475934,11.816789767762463,0.0,2971.504438515356,0.0,-0.0,0.0,0.0,1.0
S7,R2,PZ041,15,2959.6876487475934,13.823667808721284,0.0,2973.511316556315,0.0,-0.0,0.0,0.0,1.0
S7,R2,PZ041,16,2959.6876487475934,15.042294471393275,0.0,2974.7299432189866,0.0,-0.0,0.0,0.0,1.0
S7,R2,PZ041,17,2959.687648747586,15.105797557716532,0.0,2974.7934463053025,0.0,-0.0,0.0,0.0,1.0
S7,R2,PZ041,18,0.0,14.118115098257165,0.0,14.118115098257165,0.0,-0.0,0.0,0.0,1.0
S7,R2,PZ041,19,0.0,11.628851622997768,0.0,11.628851622997768,0.0,0.0,-0.0,0.0,1.0
S7,R2,PZ041,20,0.0,8.321842039954541,0.0,8.321842039954541,0.0,-0.0,0.0,0.0,1.0
S7,R2,PZ041,21,2959.6876487475924,4.206983421545963,0.0,2963.8946321691383,0.0,-0.0,0.0,0.0,1.0
S7,R2,PZ041,22,2959.687648747592,0.6496029065868305,0.0,2960.337251654179,0.0,-0.0,0.0,0.0,1.0
S7,R2,PZ041,23,2959.687648747593,0.0,0.0,2959.687648747593,0.0,-0.0,0.0,0.0,1.0
S7,R2,PZ047,0,3498.8500000000013,0.0,0.0,3498.8500000000013,0.0,-0.0,0.0,0.0,1.0
S7,R2,PZ047,1,3498.8500000000013,0.0,0.0,3498.8500000000013,0.0,-0.0,0.0,0.0,1.0
S7,R2,PZ047,2,3498.8500000000013,0.0,0.0,3498.8500000000013,0.0,-0.0,0.0,0.0,1.0
S7,R2,PZ047,3,3498.8500000000013,0.0,0.0,3498.8500000000013,0.0,-0.0,0.0,0.0,1.0
S7,R2,PZ047,4,3498.8500000000013,0.0,0.0,3498.8500000000013,0.0,-0.0,0.0,0.0,1.0
S7,R2,PZ047,5,3498.8500000000013,0.0,0.0,3498.8500000000013,0.0,-0.0,0.0,0.0,1.0
S7,R2,PZ047,6,0.0,0.0,0.0,0.0,0.0,0.0,0.0,0.0,1.0
S7,R2,PZ047,7,0.0,0.0,0.0,0.0,0.0,0.0,0.0,0.0,1.0
S7,R2,PZ047,8,0.0,0.0,0.0,0.0,0.0,0.0,0.0,0.0,1.0
S7,R2,PZ047,9,0.0,0.0,0.0,0.0,0.0,0.0,0.0,0.0,1.0
S7,R2,PZ047,10,3498.8500000000013,0.0,0.0,3498.8499999999976,0.0,-3.4297564788232652e-12,-3.6102699777087e-12,0.0,1.0
S7,R2,PZ047,11,3498.8500000000013,0.0,0.0,3498.8500000000013,0.0,-0.0,0.0,0.0,1.0
S7,R2,PZ047,12,3498.8500000000017,0.0,0.0,3498.8500000000017,0.0,-0.0,0.0,0.0,1.0
S7,R2,PZ047,13,3498.8500000000013,0.0,0.0,3498.8500000000013,0.0,-0.0,0.0,0.0,1.0
S7,R2,PZ047,14,3498.8500000000013,0.0,0.0,3498.8500000000013,0.0,-0.0,0.0,0.0,1.0
S7,R2,PZ047,15,3498.8500000000013,0.0,0.0,3498.8500000000013,0.0,0.0,-0.0,0.0,1.0
S7,R2,PZ047,16,-5.7526651955408366e-12,0.0,0.0,0.0,-5.7526651955408366e-12,0.0,-0.0,0.0,1.0
S7,R2,PZ047,17,0.0,0.0,0.0,0.0,0.0,0.0,-5.465031935763795e-12,0.0,1.0
S7,R2,PZ047,18,0.0,0.0,0.0,0.0,0.0,-5.1917803389756055e-12,-5.465031935763795e-12,0.0,1.0
S7,R2,PZ047,19,0.0,0.0,0.0,-0.0,0.0,0.0,-0.0,0.0,1.0
S7,R2,PZ047,20,0.0,0.0,0.0,-0.0,0.0,-0.0,0.0,0.0,1.0
S7,R2,PZ047,21,3498.8500000000004,0.0,0.0,3498.8500000000004,0.0,-0.0,0.0,0.0,1.0
S7,R2,PZ047,22,3498.850000000001,0.0,0.0,3498.850000000001,0.0,-0.0,0.0,0.0,1.0
S7,R2,PZ047,23,3498.8500000000004,0.0,0.0,3498.8500000000004,0.0,-0.0,0.0,0.0,1.0
S7,R2,PZ048,0,4162.900000000001,0.0,0.0,4162.900000000001,0.0,-0.0,0.0,0.0,1.0
S7,R2,PZ048,1,4162.900000000001,0.0,0.0,4162.900000000001,0.0,-0.0,0.0,0.0,1.0
S7,R2,PZ048,2,4162.900000000001,0.0,0.0,4162.900000000001,0.0,0.0,-0.0,0.0,1.0
S7,R2,PZ048,3,4162.900000000001,0.0,0.0,4162.900000000001,0.0,-0.0,0.0,0.0,1.0
S7,R2,PZ048,4,4162.900000000001,0.0,0.0,4162.900000000001,0.0,-0.0,0.0,0.0,1.0
S7,R2,PZ048,5,4162.900000000001,0.0,0.0,4162.900000000001,0.0,0.0,-0.0,0.0,1.0
S7,R2,PZ048,6,0.0,0.0,0.0,0.0,0.0,0.0,0.0,0.0,1.0
S7,R2,PZ048,7,0.0,0.0,0.0,0.0,0.0,0.0,0.0,0.0,1.0
S7,R2,PZ048,8,0.0,0.0,0.0,0.0,0.0,0.0,0.0,0.0,1.0
S7,R2,PZ048,9,0.0,0.0,0.0,0.0,0.0,0.0,0.0,0.0,1.0
S7,R2,PZ048,10,4162.900000000001,0.0,0.0,4162.900000000001,0.0,-0.0,0.0,0.0,1.0
S7,R2,PZ048,11,4162.900000000001,0.0,0.0,4162.900000000001,0.0,-0.0,0.0,0.0,1.0
S7,R2,PZ048,12,4162.900000000001,0.0,0.0,4162.900000000001,0.0,-0.0,0.0,0.0,1.0
S7,R2,PZ048,13,4162.900000000001,0.0,0.0,4162.900000000001,0.0,-0.0,0.0,0.0,1.0
S7,R2,PZ048,14,4162.900000000001,0.0,0.0,4162.900000000001,0.0,-0.0,0.0,0.0,1.0
S7,R2,PZ048,15,4162.900000000001,0.0,0.0,4162.900000000001,0.0,-0.0,0.0,0.0,1.0
S7,R2,PZ048,16,-1.50504170529817e-11,0.0,0.0,0.0,-1.50504170529817e-11,0.0,-0.0,0.0,1.0
S7,R2,PZ048,17,0.0,0.0,0.0,0.0,0.0,0.0,-1.4297896200332614e-11,0.0,1.0
S7,R2,PZ048,18,0.0,0.0,0.0,0.0,0.0,-1.3583001390315984e-11,-1.4297896200332614e-11,0.0,1.0
S7,R2,PZ048,19,0.0,0.0,0.0,-0.0,0.0,0.0,-0.0,0.0,1.0
S7,R2,PZ048,20,0.0,0.0,0.0,-0.0,0.0,-0.0,0.0,0.0,1.0
S7,R2,PZ048,21,4162.900000000001,0.0,0.0,4162.900000000001,0.0,-0.0,0.0,0.0,1.0
S7,R2,PZ048,22,4162.900000000001,0.0,0.0,4162.900000000001,0.0,-0.0,0.0,0.0,1.0
S7,R2,PZ048,23,4162.900000000001,0.0,0.0,4162.900000000001,0.0,-0.0,0.0,0.0,1.0
S7,R2,PZ049,0,3806.65,0.0,0.0,3806.65,0.0,-0.0,0.0,0.0,1.0
S7,R2,PZ049,1,3806.65,0.0,0.0,3806.65,0.0,-0.0,0.0,0.0,1.0
S7,R2,PZ049,2,3806.65,0.0,0.0,3806.65,0.0,-0.0,0.0,0.0,1.0
S7,R2,PZ049,3,3806.65,0.0,0.0,3806.65,0.0,-0.0,0.0,0.0,1.0
S7,R2,PZ049,4,3806.65,0.0,0.0,3806.65,0.0,-0.0,0.0,0.0,1.0
S7,R2,PZ049,5,3806.65,0.0,0.0,3806.65,0.0,-0.0,0.0,0.0,1.0
S7,R2,PZ049,6,0.0,0.0,0.0,0.0,0.0,0.0,0.0,0.0,1.0
S7,R2,PZ049,7,0.0,0.0,0.0,0.0,0.0,0.0,0.0,0.0,1.0
S7,R2,PZ049,8,-0.0,0.0,0.0,0.0,0.0,0.0,0.0,0.0,1.0
S7,R2,PZ049,9,-0.0,0.0,0.0,0.0,0.0,0.0,0.0,0.0,1.0
S7,R2,PZ049,10,3806.65,0.0,0.0,3806.65,0.0,-0.0,0.0,0.0,1.0
S7,R2,PZ049,11,3806.65,0.0,0.0,3806.65,0.0,-0.0,0.0,0.0,1.0
S7,R2,PZ049,12,3806.65,0.0,0.0,3806.65,0.0,-0.0,0.0,0.0,1.0
S7,R2,PZ049,13,3806.65,0.0,0.0,3806.65,0.0,-0.0,0.0,0.0,1.0
S7,R2,PZ049,14,3806.65,0.0,0.0,3806.65,0.0,-0.0,0.0,0.0,1.0
S7,R2,PZ049,15,3806.6499999999974,0.0,0.0,3806.6499999999974,0.0,-0.0,0.0,0.0,1.0
S7,R2,PZ049,16,0.0,0.0,0.0,0.0,0.0,0.0,0.0,0.0,1.0
S7,R2,PZ049,17,0.0,0.0,0.0,0.0,0.0,0.0,0.0,0.0,1.0
S7,R2,PZ049,18,0.0,0.0,0.0,-0.0,0.0,-0.0,0.0,0.0,1.0
S7,R2,PZ049,19,0.0,0.0,0.0,-0.0,0.0,0.0,-0.0,0.0,1.0
S7,R2,PZ049,20,0.0,0.0,0.0,-0.0,0.0,-0.0,0.0,0.0,1.0
S7,R2,PZ049,21,3806.6499999999996,0.0,0.0,3806.6499999999996,0.0,-0.0,0.0,0.0,1.0
S7,R2,PZ049,22,3806.65,0.0,0.0,3806.65,0.0,-0.0,0.0,0.0,1.0
S7,R2,PZ049,23,3806.65,0.0,0.0,3806.65,0.0,-0.0,0.0,0.0,1.0
S7,R2,PZ050,0,4665.45,0.0,0.0,4665.45,0.0,-0.0,0.0,0.0,1.0
S7,R2,PZ050,1,4665.45,0.0,0.0,4665.45,0.0,-0.0,0.0,0.0,1.0
S7,R2,PZ050,2,4665.45,0.0,0.0,4665.45,0.0,-0.0,0.0,0.0,1.0
S7,R2,PZ050,3,4665.45,0.0,0.0,4665.45,0.0,-0.0,0.0,0.0,1.0
S7,R2,PZ050,4,4665.45,0.0,0.0,4665.45,0.0,-0.0,0.0,0.0,1.0
S7,R2,PZ050,5,4665.45,0.0,0.0,4665.45,0.0,-0.0,0.0,0.0,1.0
S7,R2,PZ050,6,0.0,0.0,0.0,0.0,0.0,0.0,0.0,0.0,1.0
S7,R2,PZ050,7,0.0,0.0,0.0,0.0,0.0,0.0,0.0,0.0,1.0
S7,R2,PZ050,8,0.0,0.0,0.0,0.0,0.0,0.0,0.0,0.0,1.0
S7,R2,PZ050,9,-0.0,0.0,0.0,0.0,0.0,0.0,0.0,0.0,1.0
S7,R2,PZ050,10,4665.45,0.0,0.0,4665.45,0.0,-0.0,0.0,0.0,1.0
S7,R2,PZ050,11,4665.45,-0.0,0.0,4665.45,0.0,-0.0,0.0,0.0,1.0
S7,R2,PZ050,12,4665.45,-0.0,0.0,4665.45,0.0,-0.0,0.0,0.0,1.0
S7,R2,PZ050,13,4665.45,-0.0,0.0,4665.45,0.0,-0.0,0.0,0.0,1.0
S7,R2,PZ050,14,4665.45,-0.0,0.0,4665.45,0.0,-0.0,0.0,0.0,1.0
S7,R2,PZ050,15,4665.45,-0.0,0.0,4665.45,0.0,-0.0,0.0,0.0,1.0
S7,R2,PZ050,16,0.0,-0.0,0.0,0.0,0.0,0.0,0.0,0.0,1.0
S7,R2,PZ050,17,0.0,-0.0,0.0,0.0,0.0,0.0,0.0,0.0,1.0
S7,R2,PZ050,18,0.0,-0.0,0.0,-0.0,0.0,-0.0,-0.0,0.0,1.0
S7,R2,PZ050,19,0.0,-0.0,0.0,-0.0,0.0,-0.0,0.0,0.0,1.0
S7,R2,PZ050,20,0.0,-0.0,0.0,-0.0,0.0,-0.0,0.0,0.0,1.0
S7,R2,PZ050,21,4665.450000000002,-0.0,0.0,4665.450000000002,0.0,-0.0,0.0,0.0,1.0
S7,R2,PZ050,22,4665.45,-0.0,0.0,4665.45,0.0,-0.0,0.0,0.0,1.0
S7,R2,PZ050,23,4665.45,0.0,0.0,4665.45,0.0,-0.0,0.0,0.0,1.0
S7,R2,PZ052,0,4079.2999999999993,0.0,0.0,4079.2999999999993,0.0,-0.0,0.0,0.0,1.0
S7,R2,PZ052,1,4079.2999999999993,0.0,0.0,4079.2999999999993,0.0,-0.0,0.0,0.0,1.0
S7,R2,PZ052,2,4079.2999999999993,0.0,0.0,4079.2999999999993,0.0,-0.0,0.0,0.0,1.0
S7,R2,PZ052,3,4079.2999999999993,0.0,0.0,4079.2999999999993,0.0,-0.0,0.0,0.0,1.0
S7,R2,PZ052,4,4079.2999999999993,0.0,0.0,4079.2999999999993,0.0,-0.0,0.0,0.0,1.0
S7,R2,PZ052,5,4079.2999999999993,0.0,0.0,4079.2999999999993,0.0,-0.0,0.0,0.0,1.0
S7,R2,PZ052,6,0.0,0.0,0.0,0.0,0.0,0.0,0.0,0.0,1.0
S7,R2,PZ052,7,0.0,0.0,0.0,0.0,0.0,0.0,0.0,0.0,1.0
S7,R2,PZ052,8,0.0,0.0,0.0,0.0,0.0,0.0,0.0,0.0,1.0
S7,R2,PZ052,9,-0.0,0.0,0.0,0.0,0.0,0.0,0.0,0.0,1.0
S7,R2,PZ052,10,4079.2999999999993,0.0,0.0,4079.2999999999993,0.0,-0.0,0.0,0.0,1.0
S7,R2,PZ052,11,4079.2999999999993,-0.0,0.0,4079.2999999999993,0.0,-0.0,0.0,0.0,1.0
S7,R2,PZ052,12,4079.2999999999993,-0.0,0.0,4079.2999999999993,0.0,-0.0,0.0,0.0,1.0
S7,R2,PZ052,13,4079.2999999999993,-0.0,0.0,4079.2999999999993,0.0,-0.0,0.0,0.0,1.0
S7,R2,PZ052,14,4079.2999999999993,-0.0,0.0,4079.2999999999993,0.0,-0.0,0.0,0.0,1.0
S7,R2,PZ052,15,4079.3,-0.0,0.0,4079.3,0.0,-0.0,0.0,0.0,1.0
S7,R2,PZ052,16,0.0,0.0,0.0,0.0,0.0,0.0,0.0,0.0,1.0
S7,R2,PZ052,17,0.0,-0.0,0.0,0.0,0.0,0.0,0.0,0.0,1.0
S7,R2,PZ052,18,0.0,-0.0,0.0,-0.0,0.0,-0.0,-0.0,0.0,1.0
S7,R2,PZ052,19,0.0,-0.0,0.0,-0.0,0.0,-0.0,0.0,0.0,1.0
S7,R2,PZ052,20,0.0,-0.0,0.0,-0.0,0.0,-0.0,0.0,0.0,1.0
S7,R2,PZ052,21,4079.2999999999997,-0.0,0.0,4079.2999999999997,0.0,-0.0,0.0,0.0,1.0
S7,R2,PZ052,22,4079.3,-0.0,0.0,4079.3,0.0,-0.0,0.0,0.0,1.0
S7,R2,PZ052,23,4079.2999999999993,0.0,0.0,4079.2999999999993,0.0,-0.0,0.0,0.0,1.0
S7,R3,PZ001,0,2347.8,0.0,0.0,2347.8,0.0,-0.0,0.0,0.0,1.0
S7,R3,PZ001,1,2347.8,0.0,0.0,2347.8,0.0,-0.0,0.0,0.0,1.0
S7,R3,PZ001,2,2347.8,0.0,0.0,2347.8,0.0,-0.0,0.0,0.0,1.0
S7,R3,PZ001,3,2347.8,0.0,0.0,2347.8,0.0,-0.0,0.0,0.0,1.0
S7,R3,PZ001,4,2347.8,0.0,0.0,2347.8,0.0,0.0,-0.0,0.0,1.0
S7,R3,PZ001,5,2347.8,0.0,0.0,2347.8,0.0,-0.0,0.0,0.0,1.0
S7,R3,PZ001,6,0.0,0.0,0.0,0.0,0.0,0.0,0.0,0.0,1.0
S7,R3,PZ001,7,0.0,0.0,0.0,0.0,0.0,0.0,0.0,0.0,1.0
S7,R3,PZ001,8,0.0,0.0,0.0,0.0,0.0,0.0,0.0,0.0,1.0
S7,R3,PZ001,9,-0.0,0.0,0.0,0.0,0.0,0.0,0.0,0.0,1.0
S7,R3,PZ001,10,2347.8,0.0,0.0,2347.8,0.0,-0.0,0.0,0.0,1.0
S7,R3,PZ001,11,2347.8,-0.0,0.0,2347.8,0.0,-0.0,0.0,0.0,1.0
S7,R3,PZ001,12,2347.7999999999997,-0.0,0.0,2347.7999999999997,0.0,-0.0,0.0,0.0,1.0
S7,R3,PZ001,13,2347.799999999999,-0.0,0.0,2347.799999999999,0.0,-0.0,0.0,0.0,1.0
S7,R3,PZ001,14,2347.8,-0.0,0.0,2347.8,0.0,-0.0,0.0,0.0,1.0
S7,R3,PZ001,15,2347.8,-0.0,0.0,2347.8,0.0,0.0,-0.0,0.0,1.0
S7,R3,PZ001,16,0.0,-0.0,0.0,0.0,0.0,0.0,0.0,0.0,1.0
S7,R3,PZ001,17,0.0,-0.0,0.0,0.0,0.0,0.0,0.0,0.0,1.0
S7,R3,PZ001,18,0.0,-0.0,0.0,-0.0,0.0,-0.0,-0.0,0.0,1.0
S7,R3,PZ001,19,0.0,-0.0,0.0,-0.0,0.0,-0.0,0.0,0.0,1.0
S7,R3,PZ001,20,0.0,-0.0,0.0,-0.0,0.0,-0.0,0.0,0.0,1.0
S7,R3,PZ001,21,2347.8,-0.0,0.0,2347.8,0.0,0.0,-0.0,0.0,1.0
S7,R3,PZ001,22,2347.8,-0.0,0.0,2347.8,0.0,0.0,-0.0,0.0,1.0
S7,R3,PZ001,23,2347.8,0.0,0.0,2347.8,0.0,0.0,-0.0,0.0,1.0
S7,R3,PZ006,0,335.4000000000001,0.0,0.0,335.4000000000001,0.0,-0.0,0.0,0.0,1.0
S7,R3,PZ006,1,335.4000000000001,0.0,0.0,335.4000000000001,0.0,-0.0,0.0,0.0,1.0
S7,R3,PZ006,2,335.4000000000001,0.0,0.0,335.4000000000001,0.0,-0.0,0.0,0.0,1.0
S7,R3,PZ006,3,335.4000000000001,0.0,0.0,335.4000000000001,0.0,-0.0,0.0,0.0,1.0
S7,R3,PZ006,4,335.4000000000001,0.0,0.0,335.4000000000001,0.0,-0.0,0.0,0.0,1.0
S7,R3,PZ006,5,335.4000000000001,0.0,0.0,335.4000000000001,0.0,-0.0,0.0,0.0,1.0
S7,R3,PZ006,6,0.0,0.0,0.0,0.0,0.0,0.0,0.0,0.0,1.0
S7,R3,PZ006,7,0.0,0.0,0.0,0.0,0.0,0.0,0.0,0.0,1.0
S7,R3,PZ006,8,0.0,0.0,0.0,0.0,0.0,0.0,0.0,0.0,1.0
S7,R3,PZ006,9,-6.79371156535156e-13,0.0,0.0,0.0,-6.79371156535156e-13,0.0,8.249081319530552e-13,0.0,1.0
S7,R3,PZ006,10,335.4000000000001,0.0,0.0,335.40000000000026,0.0,1.7053025658242404e-13,1.795055332446569e-13,0.0,1.0
S7,R3,PZ006,11,335.4000000000001,-0.0,0.0,335.4000000000001,0.0,-0.0,0.0,0.0,1.0
S7,R3,PZ006,12,335.4000000000001,-0.0,0.0,335.4000000000001,0.0,0.0,-0.0,0.0,1.0
S7,R3,PZ006,13,335.4000000000001,-0.0,0.0,335.4000000000001,0.0,-0.0,0.0,0.0,1.0
S7,R3,PZ006,14,335.4,-0.0,0.0,335.4,0.0,-0.0,0.0,0.0,1.0
S7,R3,PZ006,15,335.4000000000001,-0.0,0.0,335.4000000000001,0.0,-0.0,0.0,0.0,1.0
S7,R3,PZ006,16,0.0,0.0,0.0,0.0,0.0,0.0,0.0,0.0,1.0
S7,R3,PZ006,17,0.0,-0.0,0.0,0.0,-6.821210263296963e-13,0.0,0.0,0.0,1.0
S7,R3,PZ006,18,0.0,-0.0,0.0,-5.97330185314604e-13,0.0,-5.94389204522372e-13,-6.480149750132114e-13,0.0,1.0
S7,R3,PZ006,19,0.0,-0.0,0.0,-0.0,0.0,-0.0,0.0,0.0,1.0
S7,R3,PZ006,20,0.0,-0.0,0.0,-0.0,0.0,-0.0,0.0,0.0,1.0
S7,R3,PZ006,21,335.4000000000001,-0.0,0.0,335.4000000000001,0.0,-0.0,0.0,0.0,1.0
S7,R3,PZ006,22,335.40000000000003,-0.0,0.0,335.40000000000003,0.0,-0.0,0.0,0.0,1.0
S7,R3,PZ006,23,335.40000000000003,0.0,0.0,335.40000000000003,0.0,-0.0,0.0,0.0,1.0
S7,R3,PZ039,0,2600.15625,0.0,0.0,2600.15625,0.0,-0.0,0.0,0.0,1.0
S7,R3,PZ039,1,2600.15625,0.0,0.0,2600.15625,0.0,-0.0,0.0,0.0,1.0
S7,R3,PZ039,2,2600.15625,0.0,0.0,2600.15625,0.0,-0.0,0.0,0.0,1.0
S7,R3,PZ039,3,2600.15625,0.0,0.0,2600.15625,0.0,-0.0,0.0,0.0,1.0
S7,R3,PZ039,4,2600.15625,0.0,0.0,2600.15625,0.0,-0.0,0.0,0.0,1.0
S7,R3,PZ039,5,2600.15625,0.0,0.0,2600.15625,0.0,-0.0,0.0,0.0,1.0
S7,R3,PZ039,6,0.0,0.0,0.0,0.0,0.0,0.0,0.0,0.0,1.0
S7,R3,PZ039,7,0.0,0.0,0.0,0.0,0.0,0.0,0.0,0.0,1.0
S7,R3,PZ039,8,-0.0,0.0,0.0,0.0,0.0,0.0,0.0,0.0,1.0
S7,R3,PZ039,9,2600.15625,0.0,0.0,2600.15625,0.0,-0.0,0.0,0.0,1.0
S7,R3,PZ039,10,2600.15625,0.0,0.0,2600.15625,0.0,0.0,-0.0,0.0,1.0
S7,R3,PZ039,11,2600.15625,-0.0,0.0,2600.15625,0.0,-0.0,0.0,0.0,1.0
S7,R3,PZ039,12,2600.15625,-0.0,0.0,2600.15625,0.0,-0.0,0.0,0.0,1.0
S7,R3,PZ039,13,2600.15625,-0.0,0.0,2600.15625,0.0,-0.0,0.0,0.0,1.0
S7,R3,PZ039,14,2600.15625,-0.0,0.0,2600.15625,0.0,-0.0,0.0,0.0,1.0
S7,R3,PZ039,15,2600.15625,-0.0,0.0,2600.15625,0.0,-0.0,0.0,0.0,1.0
S7,R3,PZ039,16,0.0,0.0,0.0,0.0,0.0,0.0,0.0,0.0,1.0
S7,R3,PZ039,17,0.0,-0.0,0.0,0.0,0.0,0.0,0.0,0.0,1.0
S7,R3,PZ039,18,0.0,-0.0,0.0,-0.0,0.0,-0.0,-0.0,0.0,1.0
S7,R3,PZ039,19,0.0,-0.0,0.0,-0.0,0.0,0.0,-0.0,0.0,1.0
S7,R3,PZ039,20,0.0,-0.0,0.0,-0.0,0.0,-0.0,0.0,0.0,1.0
S7,R3,PZ039,21,2600.1562500000005,-0.0,0.0,2600.1562500000005,0.0,-0.0,0.0,0.0,1.0
S7,R3,PZ039,22,2600.15625,-0.0,0.0,2600.15625,0.0,-0.0,0.0,0.0,1.0
S7,R3,PZ039,23,2600.15625,0.0,0.0,2600.15625,0.0,-0.0,0.0,0.0,1.0
S7,R3,PZ040,0,2895.600000000001,0.0,0.0,2895.600000000001,0.0,-0.0,0.0,0.0,1.0
S7,R3,PZ040,1,2895.600000000001,0.0,0.0,2895.600000000001,0.0,-0.0,0.0,0.0,1.0
S7,R3,PZ040,2,2895.600000000001,0.0,0.0,2895.600000000001,0.0,-0.0,0.0,0.0,1.0
S7,R3,PZ040,3,2895.600000000001,0.0,0.0,2895.600000000001,0.0,-0.0,0.0,0.0,1.0
S7,R3,PZ040,4,2895.600000000001,0.0,0.0,2895.600000000001,0.0,-0.0,0.0,0.0,1.0
S7,R3,PZ040,5,2895.600000000001,0.0,0.0,2895.600000000001,0.0,-0.0,0.0,0.0,1.0
S7,R3,PZ040,6,0.0,0.0,0.0,0.0,0.0,0.0,0.0,0.0,1.0
S7,R3,PZ040,7,0.0,0.0,0.0,0.0,0.0,0.0,0.0,0.0,1.0
S7,R3,PZ040,8,0.0,0.0,0.0,0.0,0.0,0.0,0.0,0.0,1.0
S7,R3,PZ040,9,-0.0,0.0,0.0,0.0,0.0,0.0,0.0,0.0,1.0
S7,R3,PZ040,10,2895.600000000001,0.0,0.0,2895.600000000001,0.0,-0.0,0.0,0.0,1.0
S7,R3,PZ040,11,2895.600000000001,-0.0,0.0,2895.600000000001,0.0,-0.0,0.0,0.0,1.0
S7,R3,PZ040,12,2895.600000000001,-0.0,0.0,2895.600000000001,0.0,-0.0,0.0,0.0,1.0
S7,R3,PZ040,13,2895.6000000000004,-0.0,0.0,2895.6000000000004,0.0,-0.0,0.0,0.0,1.0
S7,R3,PZ040,14,2895.6,-0.0,0.0,2895.6,0.0,-0.0,0.0,0.0,1.0
S7,R3,PZ040,15,2895.6000000000004,-0.0,0.0,2895.6000000000004,0.0,-0.0,0.0,0.0,1.0
S7,R3,PZ040,16,0.0,-0.0,0.0,0.0,0.0,0.0,0.0,0.0,1.0
S7,R3,PZ040,17,0.0,-0.0,0.0,0.0,0.0,0.0,0.0,0.0,1.0
S7,R3,PZ040,18,0.0,-0.0,0.0,-0.0,0.0,-0.0,-0.0,0.0,1.0
S7,R3,PZ040,19,0.0,-0.0,0.0,-0.0,0.0,0.0,-0.0,0.0,1.0
S7,R3,PZ040,20,0.0,-0.0,0.0,-0.0,0.0,-0.0,0.0,0.0,1.0
S7,R3,PZ040,21,2895.6000000000004,-0.0,0.0,2895.6000000000004,0.0,-0.0,0.0,0.0,1.0
S7,R3,PZ040,22,2895.6000000000004,-0.0,0.0,2895.6000000000004,0.0,-0.0,0.0,0.0,1.0
S7,R3,PZ040,23,2895.600000000001,0.0,0.0,2895.600000000001,0.0,-0.0,0.0,0.0,1.0
S7,R3,PZ041,0,2957.30121555735,0.0,0.0,2957.30121555735,0.0,-0.0,0.0,0.0,1.0
S7,R3,PZ041,1,2957.30121555735,0.0,0.0,2957.30121555735,0.0,-0.0,0.0,0.0,1.0
S7,R3,PZ041,2,2957.30121555735,0.0,0.0,2957.30121555735,0.0,-0.0,0.0,0.0,1.0
S7,R3,PZ041,3,2957.30121555735,0.0,0.0,2957.30121555735,0.0,-0.0,0.0,0.0,1.0
S7,R3,PZ041,4,2957.30121555735,0.0,0.0,2957.30121555735,0.0,-0.0,0.0,0.0,1.0
S7,R3,PZ041,5,2957.30121555735,0.0,0.0,2957.30121555735,0.0,-0.0,0.0,0.0,1.0
S7,R3,PZ041,6,0.0,0.0,0.0,0.0,0.0,0.0,0.0,0.0,1.0
S7,R3,PZ041,7,0.0,0.0,0.0,0.0,0.0,0.0,0.0,0.0,1.0
S7,R3,PZ041,8,0.0,0.0,0.0,0.0,0.0,0.0,0.0,0.0,1.0
S7,R3,PZ041,9,-0.0,0.0,0.0,0.0,0.0,0.0,0.0,0.0,1.0
S7,R3,PZ041,10,2957.30121555735,0.0,0.0,2957.30121555735,0.0,-0.0,0.0,0.0,1.0
S7,R3,PZ041,11,2957.30121555735,1.0140581454736586,0.0,2958.315273702824,0.0,-0.0,-0.0,0.0,1.0
S7,R3,PZ041,12,2957.30121555735,5.767484806132244,0.0,2963.0687003634825,0.0,-0.0,0.0,0.0,1.0
S7,R3,PZ041,13,2957.30121555735,11.741118617885714,0.0,2969.0423341752357,0.0,-0.0,0.0,0.0,1.0
S7,R3,PZ041,14,2957.30121555735,16.248085930673387,0.0,2973.5493014880235,0.0,-0.0,0.0,0.0,1.0
S7,R3,PZ041,15,2957.30121555735,19.007543236991765,0.0,2976.308758794342,0.0,-0.0,0.0,0.0,1.0
S7,R3,PZ041,16,2957.30121555735,20.68315489816575,0.0,2977.984370455516,0.0,-0.0,0.0,0.0,1.0
S7,R3,PZ041,17,2957.3012155573674,20.77047164186023,0.0,2978.0716871992277,0.0,-0.0,0.0,0.0,1.0
S7,R3,PZ041,18,0.0,19.412408260103604,0.0,19.412408260103604,0.0,-0.0,0.0,0.0,1.0
S7,R3,PZ041,19,0.0,15.989670981621929,0.0,15.989670981621929,-0.0,0.0,-0.0,0.0,1.0
S7,R3,PZ041,20,0.0,11.442532804937494,0.0,11.442532804937494,0.0,-0.0,0.0,0.0,1.0
S7,R3,PZ041,21,2957.3012155573506,5.784602204625699,0.0,2963.085817761976,0.0,-0.0,0.0,0.0,1.0
S7,R3,PZ041,22,2957.30121555735,0.8932039965568919,0.0,2958.194419553907,0.0,-0.0,0.0,0.0,1.0
S7,R3,PZ041,23,2957.30121555735,0.0,0.0,2957.30121555735,0.0,-0.0,0.0,0.0,1.0
S7,R3,PZ047,0,3498.8500000000013,0.0,0.0,3498.8500000000013,0.0,-0.0,0.0,0.0,1.0
S7,R3,PZ047,1,3498.8500000000013,0.0,0.0,3498.8500000000013,0.0,-0.0,0.0,0.0,1.0
S7,R3,PZ047,2,3498.8500000000013,0.0,0.0,3498.8500000000013,0.0,-0.0,0.0,0.0,1.0
S7,R3,PZ047,3,3498.8500000000013,0.0,0.0,3498.8500000000013,0.0,-0.0,0.0,0.0,1.0
S7,R3,PZ047,4,3498.8500000000013,0.0,0.0,3498.8500000000013,0.0,-0.0,0.0,0.0,1.0
S7,R3,PZ047,5,3498.8500000000013,0.0,0.0,3498.8500000000013,0.0,-0.0,0.0,0.0,1.0
S7,R3,PZ047,6,0.0,0.0,0.0,0.0,0.0,0.0,0.0,0.0,1.0
S7,R3,PZ047,7,0.0,0.0,0.0,0.0,0.0,0.0,0.0,0.0,1.0
S7,R3,PZ047,8,0.0,0.0,0.0,0.0,0.0,0.0,0.0,0.0,1.0
S7,R3,PZ047,9,0.0,0.0,0.0,0.0,0.0,0.0,0.0,0.0,1.0
S7,R3,PZ047,10,3498.8500000000013,0.0,0.0,3498.8499999999976,0.0,-3.4297564788232652e-12,-3.6102699777087e-12,0.0,1.0
S7,R3,PZ047,11,3498.8500000000013,0.0,0.0,3498.8500000000013,0.0,-0.0,0.0,0.0,1.0
S7,R3,PZ047,12,3498.8500000000017,0.0,0.0,3498.8500000000017,0.0,-0.0,0.0,0.0,1.0
S7,R3,PZ047,13,3498.8500000000013,0.0,0.0,3498.8500000000013,0.0,-0.0,0.0,0.0,1.0
S7,R3,PZ047,14,3498.8500000000013,0.0,0.0,3498.8500000000013,0.0,-0.0,0.0,0.0,1.0
S7,R3,PZ047,15,3498.8500000000013,0.0,0.0,3498.8500000000013,0.0,0.0,-0.0,0.0,1.0
S7,R3,PZ047,16,-5.7526651955408366e-12,0.0,0.0,0.0,-5.7526651955408366e-12,0.0,-0.0,0.0,1.0
S7,R3,PZ047,17,0.0,0.0,0.0,0.0,0.0,0.0,-5.465031935763795e-12,0.0,1.0
S7,R3,PZ047,18,0.0,0.0,0.0,0.0,0.0,-5.1917803389756055e-12,-5.465031935763795e-12,0.0,1.0
S7,R3,PZ047,19,0.0,0.0,0.0,-0.0,0.0,0.0,-0.0,0.0,1.0
S7,R3,PZ047,20,0.0,0.0,0.0,-0.0,0.0,-0.0,0.0,0.0,1.0
S7,R3,PZ047,21,3498.8500000000004,0.0,0.0,3498.8500000000004,0.0,-0.0,0.0,0.0,1.0
S7,R3,PZ047,22,3498.850000000001,0.0,0.0,3498.850000000001,0.0,-0.0,0.0,0.0,1.0
S7,R3,PZ047,23,3498.8500000000004,0.0,0.0,3498.8500000000004,0.0,-0.0,0.0,0.0,1.0
S7,R3,PZ048,0,4162.900000000001,0.0,0.0,4162.900000000001,0.0,-0.0,0.0,0.0,1.0
S7,R3,PZ048,1,4162.900000000001,0.0,0.0,4162.900000000001,0.0,-0.0,0.0,0.0,1.0
S7,R3,PZ048,2,4162.900000000001,0.0,0.0,4162.900000000001,0.0,0.0,-0.0,0.0,1.0
S7,R3,PZ048,3,4162.900000000001,0.0,0.0,4162.900000000001,0.0,-0.0,0.0,0.0,1.0
S7,R3,PZ048,4,4162.900000000001,0.0,0.0,4162.900000000001,0.0,-0.0,0.0,0.0,1.0
S7,R3,PZ048,5,4162.900000000001,0.0,0.0,4162.900000000001,0.0,0.0,-0.0,0.0,1.0
S7,R3,PZ048,6,0.0,0.0,0.0,0.0,0.0,0.0,0.0,0.0,1.0
S7,R3,PZ048,7,0.0,0.0,0.0,0.0,0.0,0.0,0.0,0.0,1.0
S7,R3,PZ048,8,0.0,0.0,0.0,0.0,0.0,0.0,0.0,0.0,1.0
S7,R3,PZ048,9,0.0,0.0,0.0,0.0,0.0,0.0,0.0,0.0,1.0
S7,R3,PZ048,10,4162.900000000001,0.0,0.0,4162.900000000001,0.0,-0.0,0.0,0.0,1.0
S7,R3,PZ048,11,4162.900000000001,0.0,0.0,4162.900000000001,0.0,-0.0,0.0,0.0,1.0
S7,R3,PZ048,12,4162.900000000001,0.0,0.0,4162.900000000001,0.0,-0.0,0.0,0.0,1.0
S7,R3,PZ048,13,4162.900000000001,0.0,0.0,4162.900000000001,0.0,-0.0,0.0,0.0,1.0
S7,R3,PZ048,14,4162.900000000001,0.0,0.0,4162.900000000001,0.0,-0.0,0.0,0.0,1.0
S7,R3,PZ048,15,4162.900000000001,0.0,0.0,4162.900000000001,0.0,-0.0,0.0,0.0,1.0
S7,R3,PZ048,16,-1.50504170529817e-11,0.0,0.0,0.0,-1.50504170529817e-11,0.0,-0.0,0.0,1.0
S7,R3,PZ048,17,0.0,0.0,0.0,0.0,0.0,0.0,-1.4297896200332614e-11,0.0,1.0
S7,R3,PZ048,18,0.0,0.0,0.0,0.0,0.0,-1.3583001390315984e-11,-1.4297896200332614e-11,0.0,1.0
S7,R3,PZ048,19,0.0,0.0,0.0,-0.0,0.0,0.0,-0.0,0.0,1.0
S7,R3,PZ048,20,0.0,0.0,0.0,-0.0,0.0,-0.0,0.0,0.0,1.0
S7,R3,PZ048,21,4162.900000000001,0.0,0.0,4162.900000000001,0.0,-0.0,0.0,0.0,1.0
S7,R3,PZ048,22,4162.900000000001,0.0,0.0,4162.900000000001,0.0,-0.0,0.0,0.0,1.0
S7,R3,PZ048,23,4162.900000000001,0.0,0.0,4162.900000000001,0.0,-0.0,0.0,0.0,1.0
S7,R3,PZ049,0,3806.65,0.0,0.0,3806.65,0.0,-0.0,0.0,0.0,1.0
S7,R3,PZ049,1,3806.65,0.0,0.0,3806.65,0.0,-0.0,0.0,0.0,1.0
S7,R3,PZ049,2,3806.65,0.0,0.0,3806.65,0.0,-0.0,0.0,0.0,1.0
S7,R3,PZ049,3,3806.65,0.0,0.0,3806.65,0.0,-0.0,0.0,0.0,1.0
S7,R3,PZ049,4,3806.65,0.0,0.0,3806.65,0.0,-0.0,0.0,0.0,1.0
S7,R3,PZ049,5,3806.65,0.0,0.0,3806.65,0.0,-0.0,0.0,0.0,1.0
S7,R3,PZ049,6,0.0,0.0,0.0,0.0,0.0,0.0,0.0,0.0,1.0
S7,R3,PZ049,7,0.0,0.0,0.0,0.0,0.0,0.0,0.0,0.0,1.0
S7,R3,PZ049,8,-0.0,0.0,0.0,0.0,0.0,0.0,0.0,0.0,1.0
S7,R3,PZ049,9,-0.0,0.0,0.0,0.0,0.0,0.0,0.0,0.0,1.0
S7,R3,PZ049,10,3806.65,0.0,0.0,3806.65,0.0,-0.0,0.0,0.0,1.0
S7,R3,PZ049,11,3806.65,0.0,0.0,3806.65,0.0,-0.0,0.0,0.0,1.0
S7,R3,PZ049,12,3806.65,0.0,0.0,3806.65,0.0,-0.0,0.0,0.0,1.0
S7,R3,PZ049,13,3806.65,0.0,0.0,3806.65,0.0,-0.0,0.0,0.0,1.0
S7,R3,PZ049,14,3806.65,0.0,0.0,3806.65,0.0,-0.0,0.0,0.0,1.0
S7,R3,PZ049,15,3806.6499999999974,0.0,0.0,3806.6499999999974,0.0,-0.0,0.0,0.0,1.0
S7,R3,PZ049,16,0.0,0.0,0.0,0.0,0.0,0.0,0.0,0.0,1.0
S7,R3,PZ049,17,0.0,0.0,0.0,0.0,0.0,0.0,0.0,0.0,1.0
S7,R3,PZ049,18,0.0,0.0,0.0,-0.0,0.0,-0.0,0.0,0.0,1.0
S7,R3,PZ049,19,0.0,0.0,0.0,-0.0,0.0,0.0,-0.0,0.0,1.0
S7,R3,PZ049,20,0.0,0.0,0.0,-0.0,0.0,-0.0,0.0,0.0,1.0
S7,R3,PZ049,21,3806.6499999999996,0.0,0.0,3806.6499999999996,0.0,-0.0,0.0,0.0,1.0
S7,R3,PZ049,22,3806.65,0.0,0.0,3806.65,0.0,-0.0,0.0,0.0,1.0
S7,R3,PZ049,23,3806.65,0.0,0.0,3806.65,0.0,-0.0,0.0,0.0,1.0
S7,R3,PZ050,0,4665.450000000001,0.0,0.0,4665.450000000001,0.0,-0.0,0.0,0.0,1.0
S7,R3,PZ050,1,4665.450000000001,0.0,0.0,4665.450000000001,0.0,-0.0,0.0,0.0,1.0
S7,R3,PZ050,2,4665.450000000001,0.0,0.0,4665.450000000001,0.0,-0.0,0.0,0.0,1.0
S7,R3,PZ050,3,4665.450000000001,0.0,0.0,4665.450000000001,0.0,-0.0,0.0,0.0,1.0
S7,R3,PZ050,4,4665.450000000001,0.0,0.0,4665.450000000001,0.0,-0.0,0.0,0.0,1.0
S7,R3,PZ050,5,4665.450000000001,0.0,0.0,4665.450000000001,0.0,-0.0,0.0,0.0,1.0
S7,R3,PZ050,6,0.0,0.0,0.0,0.0,0.0,0.0,0.0,0.0,1.0
S7,R3,PZ050,7,0.0,0.0,0.0,0.0,0.0,0.0,0.0,0.0,1.0
S7,R3,PZ050,8,0.0,0.0,0.0,0.0,0.0,0.0,0.0,0.0,1.0
S7,R3,PZ050,9,-0.0,0.0,0.0,0.0,0.0,0.0,0.0,0.0,1.0
S7,R3,PZ050,10,4665.450000000001,0.0,0.0,4665.450000000001,0.0,-0.0,0.0,0.0,1.0
S7,R3,PZ050,11,4665.450000000001,-0.0,0.0,4665.450000000001,0.0,-0.0,0.0,0.0,1.0
S7,R3,PZ050,12,4665.450000000001,-0.0,0.0,4665.450000000001,0.0,-0.0,0.0,0.0,1.0
S7,R3,PZ050,13,4665.450000000001,-0.0,0.0,4665.450000000001,0.0,-0.0,0.0,0.0,1.0
S7,R3,PZ050,14,4665.450000000001,-0.0,0.0,4665.450000000001,0.0,-0.0,0.0,0.0,1.0
S7,R3,PZ050,15,4665.45,-0.0,0.0,4665.45,0.0,-0.0,0.0,0.0,1.0
S7,R3,PZ050,16,0.0,0.0,0.0,0.0,0.0,0.0,0.0,0.0,1.0
S7,R3,PZ050,17,0.0,-0.0,0.0,0.0,0.0,0.0,0.0,0.0,1.0
S7,R3,PZ050,18,0.0,-0.0,0.0,-0.0,0.0,-0.0,-0.0,0.0,1.0
S7,R3,PZ050,19,0.0,-0.0,0.0,-0.0,0.0,0.0,-0.0,0.0,1.0
S7,R3,PZ050,20,0.0,-0.0,0.0,-0.0,0.0,-0.0,0.0,0.0,1.0
S7,R3,PZ050,21,4665.45,-0.0,0.0,4665.45,0.0,-0.0,0.0,0.0,1.0
S7,R3,PZ050,22,4665.450000000001,-0.0,0.0,4665.450000000001,0.0,0.0,-0.0,0.0,1.0
S7,R3,PZ050,23,4665.45,0.0,0.0,4665.45,0.0,-0.0,0.0,0.0,1.0
S7,R3,PZ052,0,4079.2999999999984,0.0,0.0,4079.2999999999984,0.0,-0.0,0.0,0.0,1.0
S7,R3,PZ052,1,4079.2999999999984,0.0,0.0,4079.2999999999984,0.0,-0.0,0.0,0.0,1.0
S7,R3,PZ052,2,4079.2999999999984,0.0,0.0,4079.2999999999984,0.0,-0.0,0.0,0.0,1.0
S7,R3,PZ052,3,4079.2999999999984,0.0,0.0,4079.2999999999984,0.0,-0.0,0.0,0.0,1.0
S7,R3,PZ052,4,4079.2999999999984,0.0,0.0,4079.2999999999984,0.0,-0.0,0.0,0.0,1.0
S7,R3,PZ052,5,4079.2999999999984,0.0,0.0,4079.2999999999984,0.0,-0.0,0.0,0.0,1.0
S7,R3,PZ052,6,0.0,0.0,0.0,0.0,0.0,0.0,0.0,0.0,1.0
S7,R3,PZ052,7,0.0,0.0,0.0,0.0,0.0,0.0,0.0,0.0,1.0
S7,R3,PZ052,8,0.0,0.0,0.0,0.0,0.0,0.0,0.0,0.0,1.0
S7,R3,PZ052,9,-0.0,0.0,0.0,0.0,0.0,0.0,0.0,0.0,1.0
S7,R3,PZ052,10,4079.2999999999984,0.0,0.0,4079.2999999999984,0.0,-0.0,0.0,0.0,1.0
S7,R3,PZ052,11,4079.2999999999984,-0.0,0.0,4079.2999999999984,0.0,-0.0,0.0,0.0,1.0
S7,R3,PZ052,12,4079.2999999999984,-0.0,0.0,4079.2999999999984,0.0,-0.0,0.0,0.0,1.0
S7,R3,PZ052,13,4079.2999999999984,-0.0,0.0,4079.2999999999984,0.0,-0.0,0.0,0.0,1.0
S7,R3,PZ052,14,4079.2999999999993,-0.0,0.0,4079.2999999999993,0.0,-0.0,0.0,0.0,1.0
S7,R3,PZ052,15,4079.300000000002,-0.0,0.0,4079.300000000002,0.0,-0.0,0.0,0.0,1.0
S7,R3,PZ052,16,0.0,-0.0,0.0,0.0,0.0,0.0,0.0,0.0,1.0
S7,R3,PZ052,17,0.0,-0.0,0.0,0.0,0.0,0.0,0.0,0.0,1.0
S7,R3,PZ052,18,0.0,-0.0,0.0,-0.0,0.0,-0.0,-0.0,0.0,1.0
S7,R3,PZ052,19,0.0,-0.0,0.0,-0.0,0.0,-0.0,0.0,0.0,1.0
S7,R3,PZ052,20,0.0,-0.0,0.0,-0.0,0.0,-0.0,0.0,0.0,1.0
S7,R3,PZ052,21,4079.300000000001,-0.0,0.0,4079.300000000001,0.0,-0.0,0.0,0.0,1.0
S7,R3,PZ052,22,4079.3000000000006,-0.0,0.0,4079.3000000000006,0.0,-0.0,0.0,0.0,1.0
S7,R3,PZ052,23,4079.300000000001,0.0,0.0,4079.300000000001,0.0,-0.0,0.0,0.0,1.0
S7,R4,PZ001,0,2347.7999999999997,0.0,0.0,2347.7999999999997,0.0,-0.0,0.0,0.0,1.0
S7,R4,PZ001,1,2347.7999999999997,0.0,0.0,2347.7999999999997,0.0,-0.0,0.0,0.0,1.0
S7,R4,PZ001,2,2347.7999999999997,0.0,0.0,2347.7999999999997,0.0,-0.0,0.0,0.0,1.0
S7,R4,PZ001,3,2347.7999999999997,0.0,0.0,2347.7999999999997,0.0,-0.0,0.0,0.0,1.0
S7,R4,PZ001,4,2347.7999999999997,0.0,0.0,2347.7999999999997,0.0,-0.0,0.0,0.0,1.0
S7,R4,PZ001,5,2347.7999999999997,0.0,0.0,2347.7999999999997,0.0,-0.0,0.0,0.0,1.0
S7,R4,PZ001,6,0.0,0.0,0.0,0.0,0.0,0.0,0.0,0.0,1.0
S7,R4,PZ001,7,0.0,0.0,0.0,0.0,0.0,0.0,0.0,0.0,1.0
S7,R4,PZ001,8,0.0,0.0,0.0,0.0,0.0,0.0,0.0,0.0,1.0
S7,R4,PZ001,9,-0.0,0.0,0.0,0.0,0.0,0.0,0.0,0.0,1.0
S7,R4,PZ001,10,2347.7999999999997,0.0,0.0,2347.7999999999997,0.0,-0.0,0.0,0.0,1.0
S7,R4,PZ001,11,2347.8000000000025,0.0,0.0,2347.8000000000025,0.0,-0.0,0.0,0.0,1.0
S7,R4,PZ001,12,2347.7999999999997,-0.0,0.0,2347.7999999999997,0.0,0.0,-0.0,0.0,1.0
S7,R4,PZ001,13,2347.7999999999997,-0.0,0.0,2347.799999999999,0.0,-7.869533592778108e-13,0.0,0.0,1.0
S7,R4,PZ001,14,2347.8000000000006,-0.0,0.0,2347.8000000000015,0.0,0.0,8.283719571345376e-13,0.0,1.0
S7,R4,PZ001,15,2347.8,-0.0,0.0,2347.8,0.0,0.0,1.0746914178903991e-13,0.0,1.0
S7,R4,PZ001,16,0.0,-0.0,0.0,0.0,0.0,0.0,0.0,0.0,1.0
S7,R4,PZ001,17,0.0,-0.0,0.0,0.0,0.0,0.0,0.0,0.0,1.0
S7,R4,PZ001,18,0.0,-0.0,0.0,-0.0,0.0,0.0,-0.0,0.0,1.0
S7,R4,PZ001,19,0.0,-0.0,0.0,8.815170815523745e-13,-8.815170815523745e-13,0.0,-0.0,0.0,1.0
S7,R4,PZ001,20,0.0,-0.0,0.0,-7.955691661010179e-13,0.0,-7.95569166101018e-13,0.0,0.0,1.0
S7,R4,PZ001,21,2347.8,-0.0,0.0,2347.8,0.0,-0.0,0.0,0.0,1.0
S7,R4,PZ001,22,2347.7999999999997,-0.0,0.0,2347.7999999999997,0.0,-0.0,0.0,0.0,1.0
S7,R4,PZ001,23,2347.7999999999997,0.0,0.0,2347.7999999999997,0.0,-0.0,0.0,0.0,1.0
S7,R4,PZ006,0,335.40000000000003,0.0,0.0,335.40000000000003,0.0,-0.0,0.0,0.0,1.0
S7,R4,PZ006,1,335.40000000000003,0.0,0.0,335.40000000000003,0.0,-0.0,0.0,0.0,1.0
S7,R4,PZ006,2,335.40000000000003,0.0,0.0,335.40000000000003,0.0,-0.0,0.0,0.0,1.0
S7,R4,PZ006,3,335.40000000000003,0.0,0.0,335.40000000000003,0.0,-0.0,0.0,0.0,1.0
S7,R4,PZ006,4,335.40000000000003,0.0,0.0,335.40000000000003,0.0,-0.0,0.0,0.0,1.0
S7,R4,PZ006,5,335.40000000000003,0.0,0.0,335.40000000000003,0.0,-0.0,0.0,0.0,1.0
S7,R4,PZ006,6,0.0,0.0,0.0,0.0,0.0,0.0,0.0,0.0,1.0
S7,R4,PZ006,7,0.0,0.0,0.0,0.0,0.0,0.0,0.0,0.0,1.0
S7,R4,PZ006,8,6.298439762970418e-14,0.0,0.0,0.0,6.298439762970418e-14,0.0,0.0,0.0,1.0
S7,R4,PZ006,9,-0.0,0.0,0.0,0.0,0.0,0.0,5.983517774821897e-14,0.0,1.0
S7,R4,PZ006,10,335.40000000000003,0.0,0.0,335.4,0.0,-4.1851244692026055e-14,5.983517774821897e-14,0.0,1.0
S7,R4,PZ006,11,335.40000000000003,-0.0,0.0,335.40000000000003,0.0,-0.0,1.0388911952929902e-13,0.0,1.0
S7,R4,PZ006,12,335.40000000000015,-0.0,0.0,335.40000000000015,0.0,-0.0,1.0388911952929902e-13,0.0,1.0
S7,R4,PZ006,13,335.40000000000003,-0.0,0.0,335.40000000000015,0.0,9.869466355283408e-14,1.0388911952929902e-13,0.0,1.0
S7,R4,PZ006,14,335.4,-0.0,0.0,335.4,0.0,-0.0,0.0,0.0,1.0
S7,R4,PZ006,15,335.4,-0.0,0.0,335.40000000000003,0.0,3.451544605681535e-14,0.0,0.0,1.0
S7,R4,PZ006,16,0.0,-0.0,0.0,0.0,0.0,0.0,0.0,0.0,1.0
S7,R4,PZ006,17,0.0,-0.0,0.0,0.0,-3.8244261558798167e-14,0.0,0.0,0.0,1.0
S7,R4,PZ006,18,0.0,-0.0,0.0,-3.8244261558798167e-14,3.8244261558798167e-14,0.0,-3.6332048480858254e-14,0.0,1.0
S7,R4,PZ006,19,0.0,-0.0,0.0,-0.0,0.0,0.0,0.0,0.0,1.0
S7,R4,PZ006,20,0.0,-0.0,0.0,-0.0,-0.0,0.0,9.616722622907722e-14,0.0,1.0
S7,R4,PZ006,21,335.40000000000003,-0.0,0.0,335.40000000000015,0.0,9.135886491762337e-14,0.0,0.0,1.0
S7,R4,PZ006,22,335.40000000000003,-0.0,0.0,335.40000000000003,0.0,-0.0,0.0,0.0,1.0
S7,R4,PZ006,23,335.40000000000003,0.0,0.0,335.40000000000003,0.0,-0.0,0.0,0.0,1.0
S7,R4,PZ039,0,2600.15625,0.0,0.0,2600.15625,0.0,-0.0,0.0,0.0,1.0
S7,R4,PZ039,1,2600.15625,0.0,0.0,2600.15625,0.0,-0.0,0.0,0.0,1.0
S7,R4,PZ039,2,2600.15625,0.0,0.0,2600.15625,0.0,-0.0,0.0,0.0,1.0
S7,R4,PZ039,3,2600.15625,0.0,0.0,2600.15625,0.0,-0.0,0.0,0.0,1.0
S7,R4,PZ039,4,2600.15625,0.0,0.0,2600.15625,0.0,-0.0,0.0,0.0,1.0
S7,R4,PZ039,5,2600.15625,0.0,0.0,2600.15625,0.0,-0.0,0.0,0.0,1.0
S7,R4,PZ039,6,0.0,0.0,0.0,0.0,0.0,0.0,0.0,0.0,1.0
S7,R4,PZ039,7,0.0,0.0,0.0,0.0,0.0,0.0,0.0,0.0,1.0
S7,R4,PZ039,8,0.0,0.0,0.0,0.0,0.0,0.0,0.0,0.0,1.0
S7,R4,PZ039,9,2600.15625,0.0,0.0,2600.15625,-0.0,0.0,0.0,0.0,1.0
S7,R4,PZ039,10,2600.15625,0.0,0.0,2600.15625,0.0,-0.0,0.0,0.0,1.0
S7,R4,PZ039,11,2600.15625,-0.0,0.0,2600.15625,0.0,-0.0,0.0,0.0,1.0
S7,R4,PZ039,12,2600.15625,-0.0,0.0,2600.15625,0.0,-0.0,0.0,0.0,1.0
S7,R4,PZ039,13,2600.15625,-0.0,0.0,2600.15625,0.0,-0.0,0.0,0.0,1.0
S7,R4,PZ039,14,2600.15625,-0.0,0.0,2600.15625,0.0,-0.0,0.0,0.0,1.0
S7,R4,PZ039,15,2600.15625,-0.0,0.0,2600.15625,0.0,-0.0,0.0,0.0,1.0
S7,R4,PZ039,16,0.0,-0.0,0.0,0.0,0.0,0.0,0.0,0.0,1.0
S7,R4,PZ039,17,0.0,-0.0,0.0,0.0,0.0,0.0,0.0,0.0,1.0
S7,R4,PZ039,18,0.0,-0.0,0.0,-0.0,0.0,-0.0,-0.0,0.0,1.0
S7,R4,PZ039,19,0.0,-0.0,0.0,-0.0,0.0,-0.0,0.0,0.0,1.0
S7,R4,PZ039,20,0.0,-0.0,0.0,-0.0,0.0,-0.0,0.0,0.0,1.0
S7,R4,PZ039,21,2600.1562500000005,-0.0,0.0,2600.1562500000005,0.0,-0.0,0.0,0.0,1.0
S7,R4,PZ039,22,2600.15625,-0.0,0.0,2600.15625,0.0,-0.0,0.0,0.0,1.0
S7,R4,PZ039,23,2600.15625,0.0,0.0,2600.15625,0.0,-0.0,0.0,0.0,1.0
S7,R4,PZ040,0,2895.6000000000004,0.0,0.0,2895.6000000000004,0.0,-0.0,0.0,0.0,1.0
S7,R4,PZ040,1,2895.6000000000004,0.0,0.0,2895.6000000000004,0.0,-0.0,0.0,0.0,1.0
S7,R4,PZ040,2,2895.6000000000004,0.0,0.0,2895.6000000000004,0.0,-0.0,0.0,0.0,1.0
S7,R4,PZ040,3,2895.6000000000004,0.0,0.0,2895.6000000000004,0.0,-0.0,0.0,0.0,1.0
S7,R4,PZ040,4,2895.6000000000004,0.0,0.0,2895.6000000000004,0.0,-0.0,0.0,0.0,1.0
S7,R4,PZ040,5,2895.6000000000004,0.0,0.0,2895.6000000000004,0.0,-0.0,0.0,0.0,1.0
S7,R4,PZ040,6,0.0,0.0,0.0,0.0,0.0,0.0,0.0,0.0,1.0
S7,R4,PZ040,7,0.0,0.0,0.0,0.0,0.0,0.0,0.0,0.0,1.0
S7,R4,PZ040,8,3.83805500931421e-13,0.0,0.0,0.0,3.83805500931421e-13,0.0,0.0,0.0,1.0
S7,R4,PZ040,9,-0.0,0.0,0.0,0.0,0.0,0.0,-9.850265127666106e-14,0.0,1.0
S7,R4,PZ040,10,2895.6000000000045,0.0,0.0,2895.6000000000045,0.0,-0.0,-9.850265127666106e-14,0.0,1.0
S7,R4,PZ040,11,2895.6000000000004,-0.0,0.0,2895.6000000000004,0.0,-9.357751871282801e-14,-9.850265127666106e-14,0.0,1.0
S7,R4,PZ040,12,2895.6000000000004,-0.0,0.0,2895.6000000000004,0.0,-0.0,0.0,0.0,1.0
S7,R4,PZ040,13,2895.6000000000004,-0.0,0.0,2895.6000000000013,0.0,8.501263452330576e-13,0.0,0.0,1.0
S7,R4,PZ040,14,2895.6000000000004,-0.0,0.0,2895.6000000000004,0.0,0.0,-8.94869837087429e-13,0.0,1.0
S7,R4,PZ040,15,2895.5999999999995,-9.094947017729282e-13,0.0,2895.5999999999985,0.0,0.0,-8.94869837087429e-13,0.0,1.0
S7,R4,PZ040,16,0.0,-0.0,0.0,0.0,0.0,0.0,0.0,0.0,1.0
S7,R4,PZ040,17,0.0,9.419682495657147e-13,0.0,0.0,0.0,0.0,0.0,0.0,1.0
S7,R4,PZ040,18,0.0,-0.0,0.0,-0.0,0.0,-0.0,-0.0,0.0,1.0
S7,R4,PZ040,19,0.0,-0.0,0.0,-0.0,0.0,0.0,-0.0,0.0,1.0
S7,R4,PZ040,20,0.0,-0.0,0.0,-0.0,0.0,0.0,-0.0,0.0,1.0
S7,R4,PZ040,21,2895.6,-0.0,0.0,2895.6,0.0,-0.0,0.0,0.0,1.0
S7,R4,PZ040,22,2895.6000000000004,-0.0,0.0,2895.6000000000004,0.0,-0.0,0.0,0.0,1.0
S7,R4,PZ040,23,2895.6000000000004,0.0,0.0,2895.6000000000004,0.0,-0.0,0.0,0.0,1.0
S7,R4,PZ041,0,55.12281057974108,0.0,0.0,55.12281057974108,0.0,-0.0,0.0,0.0,1.0
S7,R4,PZ041,1,55.12281057974108,0.0,0.0,55.12281057974108,0.0,-0.0,0.0,0.0,1.0
S7,R4,PZ041,2,55.12281057974108,0.0,0.0,55.12281057974108,0.0,-0.0,0.0,0.0,1.0
S7,R4,PZ041,3,55.12281057974108,0.0,0.0,55.12281057974108,0.0,-0.0,0.0,0.0,1.0
S7,R4,PZ041,4,55.12281057974108,0.0,0.0,55.12281057974108,0.0,-0.0,0.0,0.0,1.0
S7,R4,PZ041,5,55.12281057973895,0.0,0.0,55.12281057973895,0.0,-0.0,0.0,0.0,1.0
S7,R4,PZ041,6,0.0,0.0,0.0,0.0,0.0,0.0,0.0,0.0,1.0
S7,R4,PZ041,7,0.0,0.0,0.0,0.0,0.0,0.0,0.0,0.0,1.0
S7,R4,PZ041,8,0.0,0.0,0.0,0.0,0.0,0.0,0.0,0.0,1.0
S7,R4,PZ041,9,1.5631940186722204e-13,0.0,0.0,0.0,1.5631940186722204e-13,0.0,0.0,0.0,1.0
S7,R4,PZ041,10,55.12281057974108,0.0,0.0,55.12281057974114,0.0,6.236911305841965e-14,1.4850343177386093e-13,0.0,1.0
S7,R4,PZ041,11,55.12281057974108,338.2946769106661,0.0,393.41748749040727,0.0,7.870914712674823e-14,8.285173381762972e-14,0.0,1.0
S7,R4,PZ041,12,55.12281057974108,1924.0606840807293,0.0,1979.1834946604704,0.0,-0.0,0.0,0.0,1.0
S7,R4,PZ041,13,55.12281057974163,3916.8936684120654,0.0,3972.016478991807,0.0,-0.0,0.0,0.0,1.0
S7,R4,PZ041,14,55.12281057974098,5420.439651186328,0.0,5475.562461766069,0.0,-0.0,0.0,0.0,1.0
S7,R4,PZ041,15,55.1228105797409,6341.007886899989,0.0,6396.13069747973,0.0,-0.0,0.0,0.0,1.0
S7,R4,PZ041,16,0.0,6900.0,0.0,6900.0,0.0,-2.9210454222834667e-13,0.0,0.0,1.0
S7,R4,PZ041,17,0.0,6900.000000000001,29.129285858867025,6900.0,1.3095802140640999e-12,0.0,0.0,0.0,1.0
S7,R4,PZ041,18,0.0,6476.0728067937835,0.0,6476.072806793784,0.0,7.427164290632487e-13,8.401391581869065e-13,0.0,1.0
S7,R4,PZ041,19,0.0,5334.231180707137,0.0,5334.23118070714,0.0,2.5970336992031666e-12,0.0,0.0,1.0
S7,R4,PZ041,20,0.0,3817.284004437377,0.0,3817.284004437377,0.0,-0.0,0.0,0.0,1.0
S7,R4,PZ041,21,55.12281057974082,1929.771130585934,0.0,1984.893941165675,0.0,-0.0,0.0,0.0,1.0
S7,R4,PZ041,22,55.12281057974108,297.9771512898701,0.0,353.0999618696112,0.0,-0.0,0.0,0.0,1.0
S7,R4,PZ041,23,55.12281057974108,0.0,0.0,55.12281057974108,0.0,-0.0,0.0,0.0,1.0
S7,R4,PZ047,0,3498.85,0.0,0.0,3498.85,0.0,-0.0,0.0,0.0,1.0
S7,R4,PZ047,1,3498.85,0.0,0.0,3498.85,0.0,-0.0,0.0,0.0,1.0
S7,R4,PZ047,2,3498.85,0.0,0.0,3498.85,0.0,-0.0,0.0,0.0,1.0
S7,R4,PZ047,3,3498.850000000001,0.0,0.0,3498.850000000001,0.0,-0.0,0.0,0.0,1.0
S7,R4,PZ047,4,3498.85,0.0,0.0,3498.85,0.0,-0.0,0.0,0.0,1.0
S7,R4,PZ047,5,3498.85,0.0,0.0,3498.85,0.0,-0.0,0.0,0.0,1.0
S7,R4,PZ047,6,0.0,0.0,0.0,0.0,0.0,0.0,0.0,0.0,1.0
S7,R4,PZ047,7,-2.5798235867257385e-14,0.0,0.0,0.0,-2.5798235867257385e-14,0.0,0.0,0.0,1.0
S7,R4,PZ047,8,-0.0,0.0,0.0,0.0,0.0,0.0,-2.4508324073894513e-14,0.0,1.0
S7,R4,PZ047,9,-0.0,0.0,0.0,0.0,0.0,0.0,5.6449879044889194e-14,0.0,1.0
S7,R4,PZ047,10,3498.85,0.0,0.0,3498.85,0.0,-0.0,5.6449879044889194e-14,0.0,1.0
S7,R4,PZ047,11,3498.85,-0.0,0.0,3498.85,0.0,-1.0884903611339225e-13,5.6449879044889194e-14,0.0,1.0
S7,R4,PZ047,12,3498.850000000011,-0.0,0.0,3498.850000000011,0.0,1.62476421206037e-13,1.710278117958284e-13,0.0,1.0
S7,R4,PZ047,13,3498.85,-0.0,0.0,3498.85,0.0,-0.0,0.0,0.0,1.0
S7,R4,PZ047,14,3498.85,-0.0,0.0,3498.85,0.0,-0.0,0.0,0.0,1.0
S7,R4,PZ047,15,3498.8500000000026,-0.0,0.0,3498.8500000000026,0.0,-0.0,0.0,0.0,1.0
S7,R4,PZ047,16,0.0,0.0,0.0,0.0,0.0,0.0,0.0,0.0,1.0
S7,R4,PZ047,17,0.0,-0.0,0.0,0.0,0.0,0.0,0.0,0.0,1.0
S7,R4,PZ047,18,0.0,-0.0,0.0,-0.0,0.0,-0.0,-0.0,0.0,1.0
S7,R4,PZ047,19,0.0,-0.0,0.0,-0.0,0.0,0.0,-0.0,0.0,1.0
S7,R4,PZ047,20,0.0,-0.0,0.0,-0.0,0.0,0.0,-0.0,0.0,1.0
S7,R4,PZ047,21,3498.8500000000004,-0.0,0.0,3498.8500000000004,0.0,-0.0,0.0,0.0,1.0
S7,R4,PZ047,22,3498.85,-0.0,0.0,3498.85,0.0,-0.0,0.0,0.0,1.0
S7,R4,PZ047,23,3498.85,0.0,0.0,3498.85,0.0,-0.0,0.0,0.0,1.0
S7,R4,PZ048,0,4162.899999999999,0.0,0.0,4162.899999999999,0.0,-0.0,0.0,0.0,1.0
S7,R4,PZ048,1,4162.899999999988,0.0,0.0,4162.899999999988,0.0,-0.0,0.0,0.0,1.0
S7,R4,PZ048,2,4162.899999999999,0.0,0.0,4162.899999999999,0.0,-0.0,0.0,0.0,1.0
S7,R4,PZ048,3,4162.899999999999,0.0,0.0,4162.899999999999,0.0,-0.0,0.0,0.0,1.0
S7,R4,PZ048,4,4162.899999999999,0.0,0.0,4162.899999999999,0.0,-0.0,0.0,0.0,1.0
S7,R4,PZ048,5,4162.899999999999,0.0,0.0,4162.899999999999,0.0,-0.0,0.0,0.0,1.0
S7,R4,PZ048,6,0.0,0.0,0.0,0.0,0.0,0.0,0.0,0.0,1.0
S7,R4,PZ048,7,0.0,0.0,0.0,0.0,0.0,0.0,0.0,0.0,1.0
S7,R4,PZ048,8,5.038751810376334e-12,0.0,0.0,0.0,5.038751810376334e-12,0.0,0.0,0.0,1.0
S7,R4,PZ048,9,-9.094947017729282e-13,0.0,0.0,0.0,-9.094947017729282e-13,0.0,4.786814219857517e-12,0.0,1.0
S7,R4,PZ048,10,4162.899999999999,0.0,0.0,4162.900000000002,0.0,3.7266545405145736e-12,3.922794253173235e-12,0.0,1.0
S7,R4,PZ048,11,4162.899999999993,9.37576611540922e-14,0.0,4162.899999999993,0.0,-0.0,0.0,0.0,1.0
S7,R4,PZ048,12,4162.899999999999,5.332493886848509e-13,0.0,4162.9,0.0,-0.0,0.0,0.0,1.0
S7,R4,PZ048,13,4162.899999999999,1.0855588763418964e-12,0.0,4162.9,0.0,-0.0,0.0,0.0,1.0
S7,R4,PZ048,14,4162.899999999999,1.50226349631962e-12,0.0,4162.900000000001,0.0,-0.0,0.0,0.0,1.0
S7,R4,PZ048,15,4162.899999999999,1.8189894035458565e-12,0.0,4162.900000000001,0.0,-0.0,0.0,0.0,1.0
S7,R4,PZ048,16,0.0,-4.9762498565038564e-12,0.0,0.0,-4.9762498565038564e-12,0.0,0.0,0.0,1.0
S7,R4,PZ048,17,0.0,1.9203936686476707e-12,0.0,0.0,8.939500557656395e-12,0.0,-4.727437363678663e-12,0.0,1.0
S7,R4,PZ048,18,0.0,1.7948300143928703e-12,0.0,1.7948300143928703e-12,0.0,-0.0,3.7650881660949114e-12,0.0,1.0
S7,R4,PZ048,19,0.0,1.4783709992882968e-12,0.0,1.4783709992882968e-12,0.0,0.0,3.7650881660949114e-12,0.0,1.0
S7,R4,PZ048,20,0.0,1.0579522666018383e-12,0.0,8.851936253583314e-12,-7.793983986981477e-12,0.0,3.7650881660949114e-12,0.0,1.0
S7,R4,PZ048,21,4162.9,5.348320269733479e-13,0.0,4162.899999999997,0.0,-3.457236790460616e-12,0.0,0.0,1.0
S7,R4,PZ048,22,4162.899999999999,8.25837433725711e-14,0.0,4162.899999999999,0.0,-0.0,0.0,0.0,1.0
S7,R4,PZ048,23,4162.899999999999,0.0,0.0,4162.899999999999,0.0,-0.0,0.0,0.0,1.0
S7,R4,PZ049,0,3806.65,0.0,0.0,3806.65,0.0,-0.0,0.0,0.0,1.0
S7,R4,PZ049,1,3806.65,0.0,0.0,3806.65,0.0,-0.0,0.0,0.0,1.0
S7,R4,PZ049,2,3806.65,0.0,0.0,3806.65,0.0,-0.0,0.0,0.0,1.0
S7,R4,PZ049,3,3806.650000000002,0.0,0.0,3806.650000000002,0.0,-0.0,0.0,0.0,1.0
S7,R4,PZ049,4,3806.649999999991,0.0,0.0,3806.649999999991,0.0,-0.0,0.0,0.0,1.0
S7,R4,PZ049,5,3806.65,0.0,0.0,3806.65,0.0,-0.0,0.0,0.0,1.0
S7,R4,PZ049,6,0.0,0.0,0.0,0.0,0.0,0.0,0.0,0.0,1.0
S7,R4,PZ049,7,0.0,0.0,0.0,0.0,0.0,0.0,0.0,0.0,1.0
S7,R4,PZ049,8,-2.519375905188167e-12,0.0,0.0,0.0,-2.519375905188167e-12,0.0,0.0,0.0,1.0
S7,R4,PZ049,9,-0.0,0.0,0.0,0.0,0.0,0.0,-2.3934071099287587e-12,0.0,1.0
S7,R4,PZ049,10,3806.65,0.0,0.0,3806.65,0.0,-0.0,-2.3934071099287587e-12,0.0,1.0
S7,R4,PZ049,11,3806.6499999999974,-0.0,0.0,3806.649999999995,0.0,-2.273736754432321e-12,-2.3934071099287587e-12,0.0,1.0
S7,R4,PZ049,12,3806.65,-0.0,0.0,3806.65,0.0,-0.0,0.0,0.0,1.0
S7,R4,PZ049,13,3806.65,-0.0,0.0,3806.65,0.0,-0.0,0.0,0.0,1.0
S7,R4,PZ049,14,3806.6499999999983,-0.0,0.0,3806.6499999999983,0.0,-0.0,0.0,0.0,1.0
S7,R4,PZ049,15,3806.65,-0.0,0.0,3806.65,0.0,-0.0,0.0,0.0,1.0
S7,R4,PZ049,16,0.0,-0.0,0.0,0.0,0.0,0.0,0.0,0.0,1.0
S7,R4,PZ049,17,0.0,-8.453908548884775e-13,0.0,0.0,0.0,0.0,0.0,0.0,1.0
S7,R4,PZ049,18,0.0,-0.0,0.0,-0.0,0.0,-0.0,-0.0,0.0,1.0
S7,R4,PZ049,19,0.0,-0.0,0.0,-0.0,0.0,0.0,-2.3934071099287587e-12,0.0,1.0
S7,R4,PZ049,20,0.0,-0.0,0.0,-0.0,0.0,0.0,-2.3934071099287587e-12,0.0,1.0
S7,R4,PZ049,21,3806.6500000000037,-0.0,0.0,3806.6500000000015,0.0,-2.273736754432321e-12,0.0,0.0,1.0
S7,R4,PZ049,22,3806.65,-0.0,0.0,3806.65,0.0,-0.0,0.0,0.0,1.0
S7,R4,PZ049,23,3806.65,0.0,0.0,3806.65,0.0,-0.0,0.0,0.0,1.0
S7,R4,PZ050,0,4665.45,0.0,0.0,4665.45,0.0,-0.0,0.0,0.0,1.0
S7,R4,PZ050,1,4665.45,0.0,0.0,4665.45,0.0,-0.0,0.0,0.0,1.0
S7,R4,PZ050,2,4665.45,0.0,0.0,4665.45,0.0,-0.0,0.0,0.0,1.0
S7,R4,PZ050,3,4665.45,0.0,0.0,4665.45,0.0,-0.0,0.0,0.0,1.0
S7,R4,PZ050,4,4665.45,0.0,0.0,4665.45,0.0,-0.0,0.0,0.0,1.0
S7,R4,PZ050,5,4665.45,0.0,0.0,4665.45,0.0,-0.0,0.0,0.0,1.0
S7,R4,PZ050,6,0.0,0.0,0.0,0.0,0.0,0.0,0.0,0.0,1.0
S7,R4,PZ050,7,0.0,0.0,0.0,0.0,0.0,0.0,0.0,0.0,1.0
S7,R4,PZ050,8,-0.0,0.0,0.0,0.0,0.0,0.0,0.0,0.0,1.0
S7,R4,PZ050,9,-9.094947017729282e-13,0.0,0.0,0.0,-9.094947017729282e-13,0.0,0.0,0.0,1.0
S7,R4,PZ050,10,4665.45,0.0,0.0,4665.449999999999,0.0,-8.208189683500677e-13,-8.640199666842818e-13,0.0,1.0
S7,R4,PZ050,11,4665.45,-0.0,0.0,4665.45,0.0,-0.0,0.0,0.0,1.0
S7,R4,PZ050,12,4665.4500000000035,-0.0,0.0,4665.4500000000035,0.0,-0.0,0.0,0.0,1.0
S7,R4,PZ050,13,4665.45,-0.0,0.0,4665.45,0.0,-0.0,0.0,0.0,1.0
S7,R4,PZ050,14,4665.45,-0.0,0.0,4665.45,0.0,-0.0,0.0,0.0,1.0
S7,R4,PZ050,15,4665.45,-0.0,0.0,4665.45,0.0,-0.0,0.0,0.0,1.0
S7,R4,PZ050,16,0.0,-8.356896938587542e-13,0.0,0.0,-8.356896938587542e-13,0.0,0.0,0.0,1.0
S7,R4,PZ050,17,0.0,-0.0,0.0,0.0,0.0,0.0,-7.939052091658165e-13,0.0,1.0
S7,R4,PZ050,18,0.0,-0.0,0.0,-7.542099487075257e-13,0.0,-7.542099487075257e-13,-7.939052091658165e-13,0.0,1.0
S7,R4,PZ050,19,0.0,-0.0,0.0,-0.0,0.0,-0.0,0.0,0.0,1.0
S7,R4,PZ050,20,0.0,-0.0,0.0,-0.0,0.0,-0.0,0.0,0.0,1.0
S7,R4,PZ050,21,4665.4500000000035,-0.0,0.0,4665.4500000000035,0.0,-0.0,0.0,0.0,1.0
S7,R4,PZ050,22,4665.449999999994,-0.0,0.0,4665.449999999994,0.0,-0.0,0.0,0.0,1.0
S7,R4,PZ050,23,4665.45,0.0,0.0,4665.45,0.0,-0.0,0.0,0.0,1.0
S7,R4,PZ052,0,4079.2999999999997,0.0,0.0,4079.2999999999997,0.0,-0.0,0.0,0.0,1.0
S7,R4,PZ052,1,4079.2999999999997,0.0,0.0,4079.2999999999997,0.0,-0.0,0.0,0.0,1.0
S7,R4,PZ052,2,4079.2999999999925,0.0,0.0,4079.2999999999925,0.0,-0.0,0.0,0.0,1.0
S7,R4,PZ052,3,4079.2999999999997,0.0,0.0,4079.2999999999997,0.0,-0.0,0.0,0.0,1.0
S7,R4,PZ052,4,4079.2999999999997,0.0,0.0,4079.2999999999997,0.0,-0.0,0.0,0.0,1.0
S7,R4,PZ052,5,4079.2999999999997,0.0,0.0,4079.2999999999997,0.0,-0.0,0.0,0.0,1.0
S7,R4,PZ052,6,0.0,0.0,0.0,0.0,0.0,0.0,0.0,0.0,1.0
S7,R4,PZ052,7,0.0,0.0,0.0,0.0,0.0,0.0,0.0,0.0,1.0
S7,R4,PZ052,8,0.0,0.0,0.0,0.0,0.0,0.0,0.0,0.0,1.0
S7,R4,PZ052,9,0.0,0.0,0.0,0.0,0.0,0.0,0.0,0.0,1.0
S7,R4,PZ052,10,4079.2999999999997,0.0,0.0,4079.2999999999997,0.0,-0.0,0.0,0.0,1.0
S7,R4,PZ052,11,4079.2999999999997,-0.0,0.0,4079.2999999999984,0.0,-1.445649155940032e-12,0.0,0.0,1.0
S7,R4,PZ052,12,4079.2999999999997,-0.0,0.0,4079.2999999999984,0.0,-1.445649155940032e-12,1.5217359536210861e-12,0.0,1.0
S7,R4,PZ052,13,4079.299999999995,-0.0,0.0,4079.299999999998,0.0,2.891298311880064e-12,3.0434719072421723e-12,0.0,1.0
S7,R4,PZ052,14,4079.2999999999997,-0.0,0.0,4079.2999999999997,0.0,-0.0,0.0,0.0,1.0
S7,R4,PZ052,15,4079.2999999999997,-0.0,0.0,4079.2999999999997,0.0,-0.0,0.0,0.0,1.0
S7,R4,PZ052,16,0.0,-1.445649155940032e-12,0.0,0.0,-1.445649155940032e-12,0.0,0.0,0.0,1.0
S7,R4,PZ052,17,0.0,1.4456491559400318e-12,0.0,0.0,1.445649155940032e-12,0.0,-1.3733666981430304e-12,0.0,1.0
S7,R4,PZ052,18,0.0,-0.0,0.0,-0.0,0.0,-0.0,-0.0,0.0,1.0
S7,R4,PZ052,19,0.0,-0.0,0.0,-0.0,0.0,0.0,-0.0,0.0,1.0
S7,R4,PZ052,20,0.0,-0.0,0.0,-0.0,0.0,-0.0,0.0,0.0,1.0
S7,R4,PZ052,21,4079.3,-0.0,0.0,4079.3,0.0,-0.0,0.0,0.0,1.0
S7,R4,PZ052,22,4079.2999999999997,-0.0,0.0,4079.2999999999997,0.0,-0.0,0.0,0.0,1.0
S7,R4,PZ052,23,4079.2999999999997,0.0,0.0,4079.2999999999997,0.0,-0.0,0.0,0.0,1.0
S7,R5,PZ001,0,2347.799999999999,0.0,0.0,2347.799999999999,0.0,0.0,-0.0,0.0,1.0
S7,R5,PZ001,1,2347.799999999999,0.0,0.0,2347.799999999999,0.0,-0.0,0.0,0.0,1.0
S7,R5,PZ001,2,2347.799999999999,0.0,0.0,2347.799999999999,0.0,-0.0,0.0,0.0,1.0
S7,R5,PZ001,3,2347.799999999999,0.0,0.0,2347.799999999999,0.0,-0.0,0.0,0.0,1.0
S7,R5,PZ001,4,2347.799999999999,0.0,0.0,2347.799999999999,0.0,-0.0,0.0,0.0,1.0
S7,R5,PZ001,5,2347.799999999999,0.0,0.0,2347.799999999999,0.0,-0.0,0.0,0.0,1.0
S7,R5,PZ001,6,0.0,0.0,0.0,0.0,0.0,0.0,0.0,0.0,1.0
S7,R5,PZ001,7,0.0,0.0,0.0,0.0,0.0,0.0,0.0,0.0,1.0
S7,R5,PZ001,8,0.0,0.0,0.0,0.0,0.0,0.0,0.0,0.0,1.0
S7,R5,PZ001,9,0.0,0.0,0.0,0.0,0.0,0.0,-1.0184765576609275e-13,0.0,1.0
S7,R5,PZ001,10,2347.799999999999,0.0,0.0,2347.799999999999,0.0,0.0,-1.0184765576609275e-13,0.0,1.0
S7,R5,PZ001,11,2347.7999999999934,1.4797140274638186e-13,0.0,2347.7999999999934,0.0,0.0,-1.0184765576609275e-13,0.0,1.0
S7,R5,PZ001,12,2347.799999999999,8.415915999404603e-13,0.0,2347.7999999999997,0.0,0.0,-1.0184765576609275e-13,0.0,1.0
S7,R5,PZ001,13,2347.799999999999,1.7132644705385281e-12,0.0,2347.8000000000015,0.0,0.0,-1.0184765576609275e-13,0.0,1.0
S7,R5,PZ001,14,2347.799999999997,2.2737367544323206e-12,0.0,2347.7999999999984,7.187545432255073e-13,0.0,-9.458745601187067e-13,0.0,1.0
S7,R5,PZ001,15,2347.7999999999997,2.7735814243930207e-12,0.0,2347.800000000003,-4.0965003181222825e-13,0.0,0.0,0.0,1.0
S7,R5,PZ001,16,0.0,-1.6689281297110357e-12,0.0,0.0,-1.6689281297110357e-12,0.0,0.0,0.0,1.0
S7,R5,PZ001,17,0.0,3.0308280035701757e-12,0.0,0.0,1.6689281297110355e-12,0.0,-1.5854817232254837e-12,0.0,1.0
S7,R5,PZ001,18,0.0,2.832659343800514e-12,0.0,2.832659343800514e-12,0.0,-0.0,-0.0,0.0,1.0
S7,R5,PZ001,19,0.0,2.3332133913273456e-12,0.0,2.3332133913273456e-12,0.0,0.0,-0.0,0.0,1.0
S7,R5,PZ001,20,0.0,1.6696948174773817e-12,0.0,1.6696948174773817e-12,0.0,0.0,-0.0,0.0,1.0
S7,R5,PZ001,21,2347.7999999999993,8.440893713727505e-13,0.0,2347.8,0.0,-0.0,0.0,0.0,1.0
S7,R5,PZ001,22,2347.799999999999,1.303363607887226e-13,0.0,2347.799999999999,0.0,-0.0,0.0,0.0,1.0
S7,R5,PZ001,23,2347.799999999999,0.0,0.0,2347.799999999999,0.0,-0.0,0.0,0.0,1.0
S7,R5,PZ006,0,335.40000000000003,0.0,0.0,335.40000000000003,0.0,-0.0,0.0,0.0,1.0
S7,R5,PZ006,1,335.40000000000003,0.0,0.0,335.40000000000003,0.0,-0.0,0.0,0.0,1.0
S7,R5,PZ006,2,335.40000000000003,0.0,0.0,335.40000000000003,0.0,-0.0,0.0,0.0,1.0
S7,R5,PZ006,3,335.40000000000003,0.0,0.0,335.40000000000003,0.0,-0.0,0.0,0.0,1.0
S7,R5,PZ006,4,335.40000000000003,0.0,0.0,335.40000000000003,0.0,-0.0,0.0,0.0,1.0
S7,R5,PZ006,5,335.40000000000003,0.0,0.0,335.40000000000003,0.0,-0.0,0.0,0.0,1.0
S7,R5,PZ006,6,0.0,0.0,0.0,0.0,0.0,0.0,0.0,0.0,1.0
S7,R5,PZ006,7,0.0,0.0,0.0,0.0,0.0,0.0,0.0,0.0,1.0
S7,R5,PZ006,8,6.298439762970418e-14,0.0,0.0,0.0,6.298439762970418e-14,0.0,0.0,0.0,1.0
S7,R5,PZ006,9,-0.0,0.0,0.0,0.0,0.0,0.0,5.983517774821897e-14,0.0,1.0
S7,R5,PZ006,10,335.40000000000003,0.0,0.0,335.4,0.0,-4.1851244692026055e-14,5.983517774821897e-14,0.0,1.0
S7,R5,PZ006,11,335.40000000000003,-0.0,0.0,335.40000000000003,0.0,-0.0,1.0388911952929902e-13,0.0,1.0
S7,R5,PZ006,12,335.40000000000015,-0.0,0.0,335.40000000000015,0.0,-0.0,1.0388911952929902e-13,0.0,1.0
S7,R5,PZ006,13,335.40000000000003,-0.0,0.0,335.40000000000015,0.0,9.869466355283408e-14,1.0388911952929902e-13,0.0,1.0
S7,R5,PZ006,14,335.4,-0.0,0.0,335.4,0.0,-0.0,0.0,0.0,1.0
S7,R5,PZ006,15,335.4,-0.0,0.0,335.40000000000003,0.0,3.451544605681535e-14,0.0,0.0,1.0
S7,R5,PZ006,16,0.0,-0.0,0.0,0.0,0.0,0.0,0.0,0.0,1.0
S7,R5,PZ006,17,0.0,-0.0,0.0,0.0,-3.8244261558798167e-14,0.0,0.0,0.0,1.0
S7,R5,PZ006,18,0.0,-0.0,0.0,-3.8244261558798167e-14,3.8244261558798167e-14,0.0,-3.6332048480858254e-14,0.0,1.0
S7,R5,PZ006,19,0.0,-0.0,0.0,-0.0,0.0,0.0,0.0,0.0,1.0
S7,R5,PZ006,20,0.0,-0.0,0.0,-0.0,-0.0,0.0,9.616722622907722e-14,0.0,1.0
S7,R5,PZ006,21,335.40000000000003,-0.0,0.0,335.40000000000015,0.0,9.135886491762337e-14,0.0,0.0,1.0
S7,R5,PZ006,22,335.40000000000003,-0.0,0.0,335.40000000000003,0.0,-0.0,0.0,0.0,1.0
S7,R5,PZ006,23,335.40000000000003,0.0,0.0,335.40000000000003,0.0,-0.0,0.0,0.0,1.0
S7,R5,PZ039,0,2600.1562500000005,0.0,0.0,2600.1562500000005,0.0,-0.0,0.0,0.0,1.0
S7,R5,PZ039,1,2600.1562500000005,0.0,0.0,2600.1562500000005,0.0,0.0,-0.0,0.0,1.0
S7,R5,PZ039,2,2600.1562500000005,0.0,0.0,2600.1562500000005,0.0,-0.0,0.0,0.0,1.0
S7,R5,PZ039,3,2600.1562500000005,0.0,0.0,2600.1562500000005,0.0,-0.0,0.0,0.0,1.0
S7,R5,PZ039,4,2600.156250000004,0.0,0.0,2600.156250000004,0.0,-0.0,0.0,0.0,1.0
S7,R5,PZ039,5,2600.1562500000005,0.0,0.0,2600.1562500000005,0.0,-0.0,0.0,0.0,1.0
S7,R5,PZ039,6,0.0,0.0,0.0,0.0,0.0,0.0,0.0,0.0,1.0
S7,R5,PZ039,7,0.0,0.0,0.0,0.0,0.0,0.0,0.0,0.0,1.0
S7,R5,PZ039,8,0.0,0.0,0.0,0.0,0.0,0.0,0.0,0.0,1.0
S7,R5,PZ039,9,2600.1562500000005,0.0,0.0,2600.1562500000005,0.0,-0.0,0.0,0.0,1.0
S7,R5,PZ039,10,2600.1562500000005,0.0,0.0,2600.1562500000005,0.0,-0.0,0.0,0.0,1.0
S7,R5,PZ039,11,2600.1562500000005,-4.852181573908332e-14,0.0,2600.1562500000005,0.0,-0.0,0.0,0.0,1.0
S7,R5,PZ039,12,2600.1562500000005,-2.759692196056433e-13,0.0,2600.15625,0.0,-0.0,0.0,0.0,1.0
S7,R5,PZ039,13,2600.1562500000005,-5.618024929740776e-13,0.0,2600.15625,0.0,-0.0,0.0,0.0,1.0
S7,R5,PZ039,14,2600.1562500000005,-7.7745702764675e-13,0.0,2600.1562499999995,0.0,-0.0,0.0,0.0,1.0
S7,R5,PZ039,15,2600.1562500000014,-9.094947017729282e-13,0.0,2600.1562500000005,0.0,-0.0,0.0,0.0,1.0
S7,R5,PZ039,16,0.0,-0.0,0.0,0.0,0.0,0.0,0.0,0.0,1.0
S7,R5,PZ039,17,0.0,-9.938493195076624e-13,0.0,0.0,-9.938493195076624e-13,0.0,0.0,0.0,1.0
S7,R5,PZ039,18,0.0,-9.288671471680161e-13,0.0,-1.505202563806721e-13,-7.78346890787344e-13,0.0,-9.441568535322792e-13,0.0,1.0
S7,R5,PZ039,19,0.0,-7.650920931525425e-13,0.0,-7.650920931525425e-13,-0.0,0.0,0.0,0.0,1.0
S7,R5,PZ039,20,0.0,-5.475154169687755e-13,0.0,-2.146922496760019e-12,0.0,-1.5994070797912432e-12,0.0,0.0,1.0
S7,R5,PZ039,21,2600.15625,-2.767882724965837e-13,0.0,2600.1562499999995,0.0,-0.0,0.0,0.0,1.0
S7,R5,PZ039,22,2600.1562500000005,-4.2739047984376285e-14,0.0,2600.1562500000005,0.0,-0.0,0.0,0.0,1.0
S7,R5,PZ039,23,2600.1562499999995,0.0,0.0,2600.1562499999995,0.0,-0.0,0.0,0.0,1.0
S7,R5,PZ040,0,2895.6000000000004,0.0,0.0,2895.6000000000004,0.0,-0.0,0.0,0.0,1.0
S7,R5,PZ040,1,2895.6000000000004,0.0,0.0,2895.6000000000004,0.0,-0.0,0.0,0.0,1.0
S7,R5,PZ040,2,2895.6000000000004,0.0,0.0,2895.6000000000004,0.0,-0.0,0.0,0.0,1.0
S7,R5,PZ040,3,2895.6000000000004,0.0,0.0,2895.6000000000004,0.0,-0.0,0.0,0.0,1.0
S7,R5,PZ040,4,2895.6000000000004,0.0,0.0,2895.6000000000004,0.0,-0.0,0.0,0.0,1.0
S7,R5,PZ040,5,2895.6000000000004,0.0,0.0,2895.6000000000004,0.0,-0.0,0.0,0.0,1.0
S7,R5,PZ040,6,0.0,0.0,0.0,0.0,0.0,0.0,0.0,0.0,1.0
S7,R5,PZ040,7,0.0,0.0,0.0,0.0,0.0,0.0,0.0,0.0,1.0
S7,R5,PZ040,8,-0.0,0.0,0.0,0.0,0.0,0.0,0.0,0.0,1.0
S7,R5,PZ040,9,4.547473508864641e-13,0.0,0.0,0.0,4.547473508864641e-13,0.0,-3.8914666809527757e-13,0.0,1.0
S7,R5,PZ040,10,2895.6000000000004,0.0,0.0,2895.600000000001,0.0,-0.0,4.286331524686334e-14,0.0,1.0
S7,R5,PZ040,11,2895.6000000000004,-0.0,0.0,2895.6000000000004,0.0,4.0720149484520174e-14,4.286331524686334e-14,0.0,1.0
S7,R5,PZ040,12,2895.6000000000004,-0.0,0.0,2895.6000000000004,0.0,-0.0,0.0,0.0,1.0
S7,R5,PZ040,13,2895.6000000000004,-0.0,0.0,2895.6000000000004,0.0,-0.0,0.0,0.0,1.0
S7,R5,PZ040,14,2895.6000000000004,-0.0,0.0,2895.6000000000004,0.0,-0.0,0.0,0.0,1.0
S7,R5,PZ040,15,2895.6,-0.0,0.0,2895.6,0.0,0.0,-0.0,0.0,1.0
S7,R5,PZ040,16,0.0,-0.0,0.0,0.0,0.0,0.0,0.0,0.0,1.0
S7,R5,PZ040,17,0.0,-0.0,0.0,0.0,0.0,0.0,0.0,0.0,1.0
S7,R5,PZ040,18,0.0,-0.0,0.0,-0.0,0.0,-0.0,-0.0,0.0,1.0
S7,R5,PZ040,19,0.0,-0.0,0.0,-0.0,0.0,0.0,-0.0,0.0,1.0
S7,R5,PZ040,20,0.0,-0.0,0.0,-0.0,0.0,-0.0,0.0,0.0,1.0
S7,R5,PZ040,21,2895.6,-0.0,0.0,2895.6,0.0,-0.0,0.0,0.0,1.0
S7,R5,PZ040,22,2895.599999999998,-0.0,0.0,2895.599999999998,0.0,-0.0,0.0,0.0,1.0
S7,R5,PZ040,23,2895.6000000000004,0.0,0.0,2895.6000000000004,0.0,-0.0,0.0,0.0,1.0
S7,R5,PZ041,0,55.12281057974257,0.0,0.0,55.12281057974257,0.0,-0.0,0.0,0.0,1.0
S7,R5,PZ041,1,55.12281057974257,0.0,0.0,55.12281057974257,0.0,-0.0,0.0,0.0,1.0
S7,R5,PZ041,2,55.12281057974257,0.0,0.0,55.12281057974257,0.0,-0.0,0.0,0.0,1.0
S7,R5,PZ041,3,55.12281057975428,0.0,0.0,55.12281057975428,0.0,-0.0,0.0,0.0,1.0
S7,R5,PZ041,4,55.12281057974257,0.0,0.0,55.12281057974257,0.0,-0.0,0.0,0.0,1.0
S7,R5,PZ041,5,55.12281057974257,0.0,0.0,55.12281057974257,0.0,-0.0,0.0,0.0,1.0
S7,R5,PZ041,6,0.0,0.0,0.0,0.0,0.0,0.0,0.0,0.0,1.0
S7,R5,PZ041,7,0.0,0.0,0.0,0.0,0.0,0.0,0.0,0.0,1.0
S7,R5,PZ041,8,0.0,0.0,0.0,0.0,0.0,0.0,0.0,0.0,1.0
S7,R5,PZ041,9,-3.36179222348546e-12,0.0,0.0,0.0,-3.36179222348546e-12,0.0,0.0,0.0,1.0
S7,R5,PZ041,10,55.12281057974257,0.0,0.0,55.122810579741866,0.0,-7.034373084024992e-13,-7.404603246342096e-13,0.0,1.0
S7,R5,PZ041,11,55.12281057974257,338.29467691066594,0.0,393.4174874904085,0.0,-0.0,0.0,0.0,1.0
S7,R5,PZ041,12,55.12281057974253,1924.0606840807286,0.0,1979.183494660471,0.0,-0.0,0.0,0.0,1.0
S7,R5,PZ041,13,55.12281057974257,3916.893668412064,0.0,3972.0164789918067,0.0,-0.0,0.0,0.0,1.0
S7,R5,PZ041,14,55.12281057974257,5420.439651186326,0.0,5475.562461766069,0.0,-0.0,0.0,0.0,1.0
S7,R5,PZ041,15,55.12281057974166,6341.007886899986,0.0,6396.130697479728,0.0,-0.0,0.0,0.0,1.0
S7,R5,PZ041,16,0.0,6899.999999999994,0.0,6900.0,0.0,6.483782429299654e-12,0.0,0.0,1.0
S7,R5,PZ041,17,0.0,6900.000000000004,29.12928585886101,6900.0,4.134207721640775e-12,0.0,0.0,0.0,1.0
S7,R5,PZ041,18,0.0,6476.07280679378,0.0,6476.072806793786,0.0,6.064051444907446e-12,-6.0994951779416866e-12,0.0,1.0
S7,R5,PZ041,19,0.0,5334.2311807071355,0.0,5334.23118070714,0.0,4.131199370522093e-12,-1.2482707225212682e-11,0.0,1.0
S7,R5,PZ041,20,0.0,3817.284004437375,0.0,3817.2840044373793,0.0,4.131199370522093e-12,-1.6831338141551727e-11,0.0,1.0
S7,R5,PZ041,21,55.12281057974109,1929.7711305859332,0.0,1984.8939411656543,0.0,-2.0120970604996238e-11,-2.1179969057890774e-11,0.0,1.0
S7,R5,PZ041,22,55.12281057974257,297.97715128986994,0.0,353.0999618696125,0.0,-0.0,0.0,0.0,1.0
S7,R5,PZ041,23,55.12281057974257,0.0,0.0,55.12281057974257,0.0,-0.0,0.0,0.0,1.0
S7,R5,PZ047,0,3498.85,0.0,0.0,3498.85,0.0,-0.0,0.0,0.0,1.0
S7,R5,PZ047,1,3498.85,0.0,0.0,3498.85,0.0,-0.0,0.0,0.0,1.0
S7,R5,PZ047,2,3498.85,0.0,0.0,3498.85,0.0,-0.0,0.0,0.0,1.0
S7,R5,PZ047,3,3498.850000000001,0.0,0.0,3498.850000000001,0.0,-0.0,0.0,0.0,1.0
S7,R5,PZ047,4,3498.85,0.0,0.0,3498.85,0.0,-0.0,0.0,0.0,1.0
S7,R5,PZ047,5,3498.85,0.0,0.0,3498.85,0.0,-0.0,0.0,0.0,1.0
S7,R5,PZ047,6,0.0,0.0,0.0,0.0,0.0,0.0,0.0,0.0,1.0
S7,R5,PZ047,7,-2.5798235867257385e-14,0.0,0.0,0.0,-2.5798235867257385e-14,0.0,0.0,0.0,1.0
S7,R5,PZ047,8,-0.0,0.0,0.0,0.0,0.0,0.0,-2.4508324073894513e-14,0.0,1.0
S7,R5,PZ047,9,-0.0,0.0,0.0,0.0,0.0,0.0,5.6449879044889194e-14,0.0,1.0
S7,R5,PZ047,10,3498.85,0.0,0.0,3498.85,0.0,-0.0,5.6449879044889194e-14,0.0,1.0
S7,R5,PZ047,11,3498.85,-0.0,0.0,3498.85,0.0,-1.0884903611339225e-13,5.6449879044889194e-14,0.0,1.0
S7,R5,PZ047,12,3498.850000000011,-0.0,0.0,3498.850000000011,0.0,1.62476421206037e-13,1.710278117958284e-13,0.0,1.0
S7,R5,PZ047,13,3498.85,-0.0,0.0,3498.85,0.0,-0.0,0.0,0.0,1.0
S7,R5,PZ047,14,3498.85,-0.0,0.0,3498.85,0.0,-0.0,0.0,0.0,1.0
S7,R5,PZ047,15,3498.8500000000026,-0.0,0.0,3498.8500000000026,0.0,-0.0,0.0,0.0,1.0
S7,R5,PZ047,16,0.0,0.0,0.0,0.0,0.0,0.0,0.0,0.0,1.0
S7,R5,PZ047,17,0.0,-0.0,0.0,0.0,0.0,0.0,0.0,0.0,1.0
S7,R5,PZ047,18,0.0,-0.0,0.0,-0.0,0.0,-0.0,-0.0,0.0,1.0
S7,R5,PZ047,19,0.0,-0.0,0.0,-0.0,0.0,0.0,-0.0,0.0,1.0
S7,R5,PZ047,20,0.0,-0.0,0.0,-0.0,0.0,0.0,-0.0,0.0,1.0
S7,R5,PZ047,21,3498.8500000000004,-0.0,0.0,3498.8500000000004,0.0,-0.0,0.0,0.0,1.0
S7,R5,PZ047,22,3498.85,-0.0,0.0,3498.85,0.0,-0.0,0.0,0.0,1.0
S7,R5,PZ047,23,3498.85,0.0,0.0,3498.85,0.0,-0.0,0.0,0.0,1.0
S7,R5,PZ048,0,4162.9,0.0,0.0,4162.9,0.0,-0.0,0.0,0.0,1.0
S7,R5,PZ048,1,4162.9,0.0,0.0,4162.9,0.0,-0.0,0.0,0.0,1.0
S7,R5,PZ048,2,4162.9,0.0,0.0,4162.9,0.0,-0.0,0.0,0.0,1.0
S7,R5,PZ048,3,4162.9,0.0,0.0,4162.9,0.0,-0.0,0.0,0.0,1.0
S7,R5,PZ048,4,4162.9,0.0,0.0,4162.9,0.0,-0.0,0.0,0.0,1.0
S7,R5,PZ048,5,4162.9,0.0,0.0,4162.9,0.0,-0.0,0.0,0.0,1.0
S7,R5,PZ048,6,0.0,0.0,0.0,0.0,0.0,0.0,0.0,0.0,1.0
S7,R5,PZ048,7,0.0,0.0,0.0,0.0,0.0,0.0,0.0,0.0,1.0
S7,R5,PZ048,8,0.0,0.0,0.0,0.0,0.0,0.0,0.0,0.0,1.0
S7,R5,PZ048,9,1.0077503620752668e-12,0.0,0.0,0.0,1.0077503620752668e-12,0.0,0.0,0.0,1.0
S7,R5,PZ048,10,4162.9,0.0,0.0,4162.900000000001,0.0,9.094947017729282e-13,9.573628439715034e-13,0.0,1.0
S7,R5,PZ048,11,4162.9,-0.0,0.0,4162.9,0.0,-0.0,0.0,0.0,1.0
S7,R5,PZ048,12,4162.9,-0.0,0.0,4162.9,0.0,-0.0,0.0,0.0,1.0
S7,R5,PZ048,13,4162.899999999992,-0.0,0.0,4162.899999999992,0.0,-0.0,0.0,0.0,1.0
S7,R5,PZ048,14,4162.9,-0.0,0.0,4162.9,0.0,-0.0,0.0,0.0,1.0
S7,R5,PZ048,15,4162.900000000001,-0.0,0.0,4162.900000000001,0.0,-0.0,0.0,0.0,1.0
S7,R5,PZ048,16,0.0,-0.0,0.0,0.0,0.0,0.0,0.0,0.0,1.0
S7,R5,PZ048,17,0.0,3.84573874746057e-12,0.0,0.0,3.845738747460571e-12,0.0,0.0,0.0,1.0
S7,R5,PZ048,18,0.0,-0.0,0.0,9.21223097805069e-13,0.0,9.21223097805069e-13,3.653451810087542e-12,0.0,1.0
S7,R5,PZ048,19,0.0,-0.0,0.0,-0.0,0.0,0.0,2.6837432860822063e-12,0.0,1.0
S7,R5,PZ048,20,0.0,-0.0,0.0,-1.7448836819866641e-12,0.0,-1.744883681986664e-12,0.0,0.0,1.0
S7,R5,PZ048,21,4162.9,-0.0,0.0,4162.9,0.0,-0.0,0.0,0.0,1.0
S7,R5,PZ048,22,4162.9,-0.0,0.0,4162.9,0.0,-0.0,0.0,0.0,1.0
S7,R5,PZ048,23,4162.9,0.0,0.0,4162.9,0.0,-0.0,0.0,0.0,1.0
S7,R5,PZ049,0,3806.65,0.0,0.0,3806.65,0.0,-0.0,0.0,0.0,1.0
S7,R5,PZ049,1,3806.65,0.0,0.0,3806.65,0.0,-0.0,0.0,0.0,1.0
S7,R5,PZ049,2,3806.65,0.0,0.0,3806.65,0.0,-0.0,0.0,0.0,1.0
S7,R5,PZ049,3,3806.65,0.0,0.0,3806.65,0.0,-0.0,0.0,0.0,1.0
S7,R5,PZ049,4,3806.6499999999915,0.0,0.0,3806.6499999999915,0.0,-0.0,0.0,0.0,1.0
S7,R5,PZ049,5,3806.65,0.0,0.0,3806.65,0.0,-0.0,0.0,0.0,1.0
S7,R5,PZ049,6,0.0,0.0,0.0,0.0,0.0,0.0,0.0,0.0,1.0
S7,R5,PZ049,7,0.0,0.0,0.0,0.0,0.0,0.0,0.0,0.0,1.0
S7,R5,PZ049,8,-2.519375905188167e-12,0.0,0.0,0.0,-2.519375905188167e-12,0.0,0.0,0.0,1.0
S7,R5,PZ049,9,-0.0,0.0,0.0,0.0,0.0,0.0,-2.3934071099287587e-12,0.0,1.0
S7,R5,PZ049,10,3806.65,0.0,0.0,3806.65,0.0,-0.0,-2.3934071099287587e-12,0.0,1.0
S7,R5,PZ049,11,3806.6499999999974,-0.0,0.0,3806.649999999995,0.0,-2.273736754432321e-12,-2.3934071099287587e-12,0.0,1.0
S7,R5,PZ049,12,3806.65,-0.0,0.0,3806.65,0.0,-0.0,0.0,0.0,1.0
S7,R5,PZ049,13,3806.65,-0.0,0.0,3806.65,0.0,-0.0,0.0,0.0,1.0
S7,R5,PZ049,14,3806.6499999999983,-0.0,0.0,3806.6499999999983,0.0,-0.0,0.0,0.0,1.0
S7,R5,PZ049,15,3806.65,-0.0,0.0,3806.65,0.0,-0.0,0.0,0.0,1.0
S7,R5,PZ049,16,0.0,-0.0,0.0,0.0,0.0,0.0,0.0,0.0,1.0
S7,R5,PZ049,17,0.0,-8.453908548884775e-13,0.0,0.0,0.0,0.0,0.0,0.0,1.0
S7,R5,PZ049,18,0.0,-0.0,0.0,-0.0,0.0,-0.0,-0.0,0.0,1.0
S7,R5,PZ049,19,0.0,-0.0,0.0,-0.0,0.0,0.0,-2.3934071099287587e-12,0.0,1.0
S7,R5,PZ049,20,0.0,-0.0,0.0,-0.0,0.0,0.0,-2.3934071099287587e-12,0.0,1.0
S7,R5,PZ049,21,3806.6500000000037,-0.0,0.0,3806.6500000000015,0.0,-2.273736754432321e-12,0.0,0.0,1.0
S7,R5,PZ049,22,3806.65,-0.0,0.0,3806.65,0.0,-0.0,0.0,0.0,1.0
S7,R5,PZ049,23,3806.65,0.0,0.0,3806.65,0.0,-0.0,0.0,0.0,1.0
S7,R5,PZ050,0,4665.45,0.0,0.0,4665.45,0.0,-0.0,0.0,0.0,1.0
S7,R5,PZ050,1,4665.45,0.0,0.0,4665.45,0.0,-0.0,0.0,0.0,1.0
S7,R5,PZ050,2,4665.45,0.0,0.0,4665.45,0.0,-0.0,0.0,0.0,1.0
S7,R5,PZ050,3,4665.450000000002,0.0,0.0,4665.450000000002,0.0,-0.0,0.0,0.0,1.0
S7,R5,PZ050,4,4665.45,0.0,0.0,4665.45,0.0,-0.0,0.0,0.0,1.0
S7,R5,PZ050,5,4665.45,0.0,0.0,4665.45,0.0,-0.0,0.0,0.0,1.0
S7,R5,PZ050,6,0.0,0.0,0.0,0.0,0.0,0.0,0.0,0.0,1.0
S7,R5,PZ050,7,8.356896938587543e-13,0.0,0.0,0.0,8.356896938587543e-13,0.0,0.0,0.0,1.0
S7,R5,PZ050,8,-0.0,0.0,0.0,0.0,0.0,0.0,7.939052091658166e-13,0.0,1.0
S7,R5,PZ050,9,-9.094947017729282e-13,0.0,0.0,0.0,-9.094947017729282e-13,0.0,7.023071013634307e-13,0.0,1.0
S7,R5,PZ050,10,4665.450000000022,0.0,0.0,4665.450000000022,0.0,-0.0,-1.6171286532085104e-13,0.0,1.0
S7,R5,PZ050,11,4665.45,-0.0,0.0,4665.45,0.0,-8.225403691497501e-14,-1.6171286532085104e-13,0.0,1.0
S7,R5,PZ050,12,4665.45,-0.0,0.0,4665.45,0.0,-7.13731851398335e-14,-7.512966856824578e-14,0.0,1.0
S7,R5,PZ050,13,4665.45,-0.0,0.0,4665.45,0.0,-0.0,0.0,0.0,1.0
S7,R5,PZ050,14,4665.45,-0.0,0.0,4665.45,0.0,-0.0,0.0,0.0,1.0
S7,R5,PZ050,15,4665.45,-0.0,0.0,4665.45,0.0,-0.0,0.0,0.0,1.0
S7,R5,PZ050,16,0.0,0.0,0.0,0.0,0.0,0.0,0.0,0.0,1.0
S7,R5,PZ050,17,0.0,-0.0,0.0,0.0,0.0,0.0,0.0,0.0,1.0
S7,R5,PZ050,18,0.0,-0.0,0.0,-0.0,0.0,-0.0,-0.0,0.0,1.0
S7,R5,PZ050,19,0.0,-0.0,0.0,-0.0,0.0,0.0,-0.0,0.0,1.0
S7,R5,PZ050,20,0.0,-0.0,0.0,-0.0,0.0,0.0,-0.0,0.0,1.0
S7,R5,PZ050,21,4665.4500000000035,-0.0,0.0,4665.4500000000035,0.0,-0.0,0.0,0.0,1.0
S7,R5,PZ050,22,4665.449999999991,-0.0,0.0,4665.449999999991,0.0,-0.0,0.0,0.0,1.0
S7,R5,PZ050,23,4665.45,0.0,0.0,4665.45,0.0,-0.0,0.0,0.0,1.0
S7,R5,PZ052,0,4079.2999999999806,0.0,0.0,4079.2999999999806,0.0,-0.0,0.0,0.0,1.0
S7,R5,PZ052,1,4079.2999999999997,0.0,0.0,4079.2999999999997,0.0,-0.0,0.0,0.0,1.0
S7,R5,PZ052,2,4079.2999999999997,0.0,0.0,4079.2999999999997,0.0,-0.0,0.0,0.0,1.0
S7,R5,PZ052,3,4079.2999999999997,0.0,0.0,4079.2999999999997,0.0,-0.0,0.0,0.0,1.0
S7,R5,PZ052,4,4079.2999999999997,0.0,0.0,4079.2999999999997,0.0,-0.0,0.0,0.0,1.0
S7,R5,PZ052,5,4079.2999999999997,0.0,0.0,4079.2999999999997,0.0,-0.0,0.0,0.0,1.0
S7,R5,PZ052,6,0.0,0.0,0.0,0.0,0.0,0.0,0.0,0.0,1.0
S7,R5,PZ052,7,0.0,0.0,0.0,0.0,0.0,0.0,0.0,0.0,1.0
S7,R5,PZ052,8,5.002220859751105e-12,0.0,0.0,0.0,5.002220859751105e-12,0.0,0.0,0.0,1.0
S7,R5,PZ052,9,-9.094947017729282e-13,0.0,0.0,0.0,-9.094947017729282e-13,0.0,4.7521098167635505e-12,0.0,1.0
S7,R5,PZ052,10,4079.2999999999997,0.0,0.0,4079.300000000002,0.0,2.3292702912980757e-12,3.8880898500792685e-12,0.0,1.0
S7,R5,PZ052,11,4079.300000000006,-0.0,0.0,4079.300000000006,0.0,-0.0,1.436226385554978e-12,0.0,1.0
S7,R5,PZ052,12,4079.2999999999997,-0.0,0.0,4079.300000000001,0.0,1.3644150662772293e-12,1.436226385554978e-12,0.0,1.0
S7,R5,PZ052,13,4079.2999999999997,-0.0,0.0,4079.2999999999997,0.0,-0.0,0.0,0.0,1.0
S7,R5,PZ052,14,4079.2999999999984,-0.0,0.0,4079.299999999999,0.0,5.074279723249561e-13,0.0,0.0,1.0
S7,R5,PZ052,15,4079.2999999999993,-0.0,0.0,4079.2999999999993,0.0,0.0,-5.3413470771048e-13,0.0,1.0
S7,R5,PZ052,16,0.0,-0.0,0.0,0.0,0.0,0.0,0.0,0.0,1.0
S7,R5,PZ052,17,0.0,5.0280914665254234e-12,0.0,0.0,4.46584440577755e-12,0.0,0.0,0.0,1.0
S7,R5,PZ052,18,0.0,-0.0,0.0,-0.0,0.0,-0.0,4.242552185488672e-12,0.0,1.0
S7,R5,PZ052,19,0.0,-0.0,0.0,4.030424576214239e-12,0.0,4.030424576214239e-12,4.242552185488672e-12,0.0,1.0
S7,R5,PZ052,20,0.0,-0.0,0.0,-0.0,0.0,-0.0,0.0,0.0,1.0
S7,R5,PZ052,21,4079.299999999999,-0.0,0.0,4079.299999999999,0.0,-0.0,0.0,0.0,1.0
S7,R5,PZ052,22,4079.2999999999997,-0.0,0.0,4079.2999999999997,0.0,-0.0,0.0,0.0,1.0
S7,R5,PZ052,23,4079.2999999999997,0.0,0.0,4079.2999999999997,0.0,-0.0,0.0,0.0,1.0
S8,R1,PZ001,0,1563.4042756401423,0.0,0.0,1563.4042756401423,0.0,-0.0,0.0,0.0,1.0
S8,R1,PZ001,1,1563.404275640142,0.0,0.0,1563.404275640142,0.0,-0.0,0.0,0.0,1.0
S8,R1,PZ001,2,1563.404275640142,0.0,0.0,1563.404275640142,0.0,-0.0,0.0,0.0,1.0
S8,R1,PZ001,3,1563.404275640142,0.0,0.0,1563.404275640142,0.0,-0.0,0.0,0.0,1.0
S8,R1,PZ001,4,1563.404275640142,0.0,0.0,1563.404275640142,0.0,-0.0,0.0,0.0,1.0
S8,R1,PZ001,5,1563.404275640142,0.0,0.0,1563.404275640142,0.0,-0.0,0.0,0.0,1.0
S8,R1,PZ001,6,0.0,0.0,0.0,0.0,0.0,0.0,0.0,0.0,1.0
S8,R1,PZ001,7,0.0,0.0,0.0,0.0,0.0,0.0,0.0,0.0,1.0
S8,R1,PZ001,8,-0.0,0.0,0.0,0.0,0.0,0.0,0.0,0.0,1.0
S8,R1,PZ001,9,-0.0,0.0,0.0,0.0,0.0,0.0,0.0,0.0,1.0
S8,R1,PZ001,10,1563.404275640142,0.0,0.0,1563.404275640142,0.0,-0.0,0.0,0.0,1.0
S8,R1,PZ001,11,1563.404275640142,0.2545606079443605,0.0,1563.6588362480863,0.0,-0.0,-0.0,0.0,1.0
S8,R1,PZ001,12,1563.404275640142,1.447820763643798,0.0,1564.852096403786,0.0,-0.0,0.0,0.0,1.0
S8,R1,PZ001,13,1563.404275640142,2.9473914357443274,0.0,1566.3516670758863,0.0,-0.0,0.0,0.0,1.0
S8,R1,PZ001,14,1563.404275640142,4.078782514500169,0.0,1567.483058154642,0.0,-0.0,0.0,0.0,1.0
S8,R1,PZ001,15,1563.404275640142,4.771493413405088,0.0,1568.1757690535471,0.0,-0.0,0.0,0.0,1.0
S8,R1,PZ001,16,0.0,-0.0,5.192124838783438,0.0,0.0,0.0,0.0,0.0,1.0
S8,R1,PZ001,17,0.0,-0.0,5.214044098007184,0.0,0.0,0.0,0.0,0.0,1.0
S8,R1,PZ001,18,0.0,4.873127315641155,0.0,4.873127315641153,0.0,-0.0,-0.0,0.0,1.0
S8,R1,PZ001,19,0.0,4.013912204226468,0.0,4.013912204226467,0.0,-0.0,-0.0,0.0,1.0
S8,R1,PZ001,20,0.0,2.8724369704536246,0.0,2.8724369704536246,0.0,-0.0,0.0,0.0,1.0
S8,R1,PZ001,21,1563.404275640142,1.4521177710554238,0.0,1564.8563934111974,0.0,-0.0,0.0,0.0,1.0
S8,R1,PZ001,22,1563.404275640142,0.22422240124667603,0.0,1563.6284980413886,0.0,-0.0,0.0,0.0,1.0
S8,R1,PZ001,23,1563.404275640142,0.0,0.0,1563.404275640142,0.0,-0.0,0.0,0.0,1.0
S8,R1,PZ006,0,207.58475496933315,0.0,0.0,207.58475496933315,0.0,-0.0,0.0,0.0,1.0
S8,R1,PZ006,1,207.58475496933315,0.0,0.0,207.58475496933315,0.0,-0.0,0.0,0.0,1.0
S8,R1,PZ006,2,207.58475496933315,0.0,0.0,207.58475496933315,0.0,-0.0,0.0,0.0,1.0
S8,R1,PZ006,3,207.58475496933315,0.0,0.0,207.58475496933315,0.0,-0.0,0.0,0.0,1.0
S8,R1,PZ006,4,207.58475496933315,0.0,0.0,207.58475496933315,0.0,-0.0,0.0,0.0,1.0
S8,R1,PZ006,5,207.58475496933315,0.0,0.0,207.58475496933315,0.0,-0.0,0.0,0.0,1.0
S8,R1,PZ006,6,0.0,0.0,0.0,0.0,0.0,0.0,0.0,0.0,1.0
S8,R1,PZ006,7,0.0,0.0,0.0,0.0,0.0,0.0,0.0,0.0,1.0
S8,R1,PZ006,8,27.30544376785503,0.0,0.0,0.0,27.30544376785503,0.0,0.0,0.0,1.0
S8,R1,PZ006,9,27.305443767855024,0.0,0.0,0.0,27.305443767855024,0.0,25.94017157946228,0.0,1.0
S8,R1,PZ006,10,207.58475496933315,0.0,0.0,234.89019873718817,0.0,27.305443767855024,51.88034315892455,0.0,1.0
S8,R1,PZ006,11,207.58475496933315,1.3387371416447649,0.0,230.90437434410123,0.0,21.980882233123307,23.13777077170874,0.0,1.0
S8,R1,PZ006,12,207.58475496933315,7.614105915232903,0.0,215.19886088456605,0.0,-0.0,0.0,0.0,1.0
S8,R1,PZ006,13,207.58475496933315,15.500365189491744,0.0,223.08512015882488,0.0,-0.0,0.0,0.0,1.0
S8,R1,PZ006,14,207.58475496933315,21.450363781524636,0.0,229.03511875085778,0.0,-0.0,0.0,0.0,1.0
S8,R1,PZ006,15,207.58475496933315,25.093338302503316,0.0,232.67809327183647,0.0,-0.0,0.0,0.0,1.0
S8,R1,PZ006,16,0.0,27.305443767855024,0.0,0.0,27.305443767855024,0.0,0.0,0.0,1.0
S8,R1,PZ006,17,0.0,27.305443767855028,0.11527363435030225,0.0,27.305443767855024,0.0,25.940171579462273,0.0,1.0
S8,R1,PZ006,18,0.0,25.627832153977202,0.0,52.93327592183223,0.0,27.305443767855024,51.880343158924546,0.0,1.0
S8,R1,PZ006,19,0.0,21.109210079643137,0.0,43.09009231276644,0.0,21.980882233123303,23.137770771708738,0.0,1.0
S8,R1,PZ006,20,0.0,15.106178801318444,0.0,15.106178801318444,0.0,-0.0,0.0,0.0,1.0
S8,R1,PZ006,21,207.58475496933315,7.636703926238296,0.0,215.22145889557143,0.0,-0.0,0.0,0.0,1.0
S8,R1,PZ006,22,207.58475496933315,1.1791881664711852,0.0,208.76394313580434,0.0,-0.0,0.0,0.0,1.0
S8,R1,PZ006,23,207.58475496933315,0.0,0.0,207.58475496933315,0.0,-0.0,0.0,0.0,1.0
S8,R1,PZ039,0,1702.1559042792173,0.0,0.0,1702.1559042792173,0.0,-0.0,0.0,0.0,1.0
S8,R1,PZ039,1,1702.1559042792173,0.0,0.0,1702.1559042792173,0.0,-0.0,0.0,0.0,1.0
S8,R1,PZ039,2,1702.1559042792173,0.0,0.0,1702.1559042792173,0.0,-0.0,0.0,0.0,1.0
S8,R1,PZ039,3,1702.1559042792173,0.0,0.0,1702.1559042792173,0.0,-0.0,0.0,0.0,1.0
S8,R1,PZ039,4,1702.1559042792173,0.0,0.0,1702.1559042792173,0.0,-0.0,0.0,0.0,1.0
S8,R1,PZ039,5,1702.1559042792173,0.0,0.0,1702.1559042792173,0.0,-0.0,0.0,0.0,1.0
S8,R1,PZ039,6,0.0,0.0,0.0,0.0,0.0,0.0,0.0,0.0,1.0
S8,R1,PZ039,7,56.889651581321004,0.0,0.0,0.0,56.889651581321004,0.0,0.0,0.0,1.0
S8,R1,PZ039,8,56.88965158132099,0.0,0.0,0.0,56.88965158132099,0.0,54.04516900225495,0.0,1.0
S8,R1,PZ039,9,1702.1559042792173,0.0,0.0,1759.0455558605383,0.0,56.88965158132099,108.09033800450989,0.0,1.0
S8,R1,PZ039,10,1702.1559042792173,0.0,0.0,1747.9520738021808,0.0,45.7961695229634,48.20649423469832,0.0,1.0
S8,R1,PZ039,11,1702.1559042792173,2.789198014675848,0.0,1704.9451022938931,0.0,-0.0,0.0,0.0,1.0
S8,R1,PZ039,12,1702.1559042792173,15.863643759227655,0.0,1718.019548038445,0.0,-0.0,0.0,0.0,1.0
S8,R1,PZ039,13,1702.1559042792173,32.29430667783255,0.0,1734.4502109570499,0.0,-0.0,0.0,0.0,1.0
S8,R1,PZ039,14,1702.1559042792173,44.69085843095178,0.0,1746.846762710169,0.0,-0.0,0.0,0.0,1.0
S8,R1,PZ039,15,1702.1559042792173,52.28083034205056,0.0,1754.436734621268,0.0,-0.0,0.0,0.0,1.0
S8,R1,PZ039,16,0.0,56.88965158132099,0.0,0.0,56.88965158132099,0.0,0.0,0.0,1.0
S8,R1,PZ039,17,0.0,56.889651581321,0.2401673801918325,0.0,56.889651581321004,0.0,54.04516900225494,0.0,1.0
S8,R1,PZ039,18,0.0,53.39442399909649,0.0,110.28407558041748,0.0,56.88965158132099,108.09033800450989,0.0,1.0
S8,R1,PZ039,19,0.0,43.980080191977905,0.0,89.77624971494132,0.0,45.79616952296341,48.206494234698326,0.0,1.0
S8,R1,PZ039,20,0.0,31.47303724628872,0.0,31.47303724628872,0.0,-0.0,0.0,0.0,1.0
S8,R1,PZ039,21,1702.1559042792173,15.910725688510968,0.0,1718.0666299677282,0.0,-0.0,0.0,0.0,1.0
S8,R1,PZ039,22,1702.1559042792173,2.4567849733442437,0.0,1704.6126892525615,0.0,-0.0,0.0,0.0,1.0
S8,R1,PZ039,23,1702.1559042792173,0.0,0.0,1702.1559042792173,0.0,-0.0,0.0,0.0,1.0
S8,R1,PZ040,0,1895.1606114480926,0.0,0.0,1895.1606114480926,0.0,-0.0,0.0,0.0,1.0
S8,R1,PZ040,1,1895.1606114480926,0.0,0.0,1895.1606114480926,0.0,-0.0,0.0,0.0,1.0
S8,R1,PZ040,2,1895.1606114480926,0.0,0.0,1895.1606114480926,0.0,-0.0,0.0,0.0,1.0
S8,R1,PZ040,3,1895.1606114480926,0.0,0.0,1895.1606114480926,0.0,0.0,-0.0,0.0,1.0
S8,R1,PZ040,4,1895.1606114480926,0.0,0.0,1895.1606114480926,0.0,-0.0,0.0,0.0,1.0
S8,R1,PZ040,5,1895.1606114480926,0.0,0.0,1895.1606114480926,0.0,-0.0,0.0,0.0,1.0
S8,R1,PZ040,6,0.0,0.0,0.0,0.0,0.0,0.0,0.0,0.0,1.0
S8,R1,PZ040,7,0.0,0.0,0.0,0.0,0.0,0.0,0.0,0.0,1.0
S8,R1,PZ040,8,60.081949459728996,0.0,0.0,0.0,60.081949459728996,0.0,0.0,0.0,1.0
S8,R1,PZ040,9,60.081949459728996,0.0,0.0,0.0,60.081949459728996,0.0,57.077851986742544,0.0,1.0
S8,R1,PZ040,10,1895.1606114480926,0.0,0.0,1955.2425609078216,0.0,60.081949459728996,114.15570397348509,0.0,1.0
S8,R1,PZ040,11,1895.1606114480926,2.9457106783539118,0.0,1946.4722914415283,0.0,48.36596931508185,50.91154664745457,0.0,1.0
S8,R1,PZ040,12,1895.1606114480926,16.75381402585362,0.0,1911.9144254739463,0.0,-0.0,0.0,0.0,1.0
S8,R1,PZ040,13,1895.1606114480926,34.10646484415452,0.0,1929.267076292247,0.0,-0.0,0.0,0.0,1.0
S8,R1,PZ040,14,1895.1606114480926,47.198634952476525,0.0,1942.3592464005692,0.0,-0.0,0.0,0.0,1.0
S8,R1,PZ040,15,1895.1606114480926,55.21450947600987,0.0,1950.3751209241025,0.0,-0.0,0.0,0.0,1.0
S8,R1,PZ040,16,0.0,60.081949459728996,0.0,0.0,60.081949459728996,0.0,0.0,0.0,1.0
S8,R1,PZ040,17,0.0,60.08194945972899,0.2536440986624058,0.0,60.081949459728996,0.0,57.077851986742544,0.0,1.0
S8,R1,PZ040,18,0.0,56.390591170334694,0.0,116.47254063006369,0.0,60.081949459728996,114.15570397348509,0.0,1.0
S8,R1,PZ040,19,0.0,46.44797220373287,0.0,94.81394151881472,0.0,48.36596931508185,50.91154664745457,0.0,1.0
S8,R1,PZ040,20,0.0,33.23911081565774,0.0,33.23911081565774,0.0,-0.0,0.0,0.0,1.0
S8,R1,PZ040,21,1895.1606114480926,16.80353790387075,0.0,1911.9641493519634,0.0,-0.0,0.0,0.0,1.0
S8,R1,PZ040,22,1895.1606114480926,2.5946446585437677,0.0,1897.7552561066364,0.0,-0.0,0.0,0.0,1.0
S8,R1,PZ040,23,1895.1606114480926,0.0,0.0,1895.1606114480926,0.0,-0.0,0.0,0.0,1.0
S8,R1,PZ041,0,1973.3902584084208,0.0,0.0,1973.3902584084208,0.0,-0.0,0.0,0.0,1.0
S8,R1,PZ041,1,1973.3902584084208,0.0,0.0,1973.3902584084208,0.0,-0.0,0.0,0.0,1.0
S8,R1,PZ041,2,1973.3902584084208,0.0,0.0,1973.3902584084208,0.0,-0.0,0.0,0.0,1.0
S8,R1,PZ041,3,1973.3902584084208,0.0,0.0,1973.3902584084208,0.0,-0.0,0.0,0.0,1.0
S8,R1,PZ041,4,1973.3902584084208,0.0,0.0,1973.3902584084208,0.0,-0.0,0.0,0.0,1.0
S8,R1,PZ041,5,1973.3902584084208,0.0,0.0,1973.3902584084208,0.0,-0.0,0.0,0.0,1.0
S8,R1,PZ041,6,0.0,0.0,0.0,0.0,0.0,0.0,0.0,0.0,1.0
S8,R1,PZ041,7,0.0,0.0,0.0,0.0,0.0,0.0,0.0,0.0,1.0
S8,R1,PZ041,8,0.0,0.0,0.0,0.0,0.0,0.0,0.0,0.0,1.0
S8,R1,PZ041,9,0.0,0.0,0.0,0.0,0.0,0.0,0.0,0.0,1.0
S8,R1,PZ041,10,1973.3902584084208,0.0,0.0,1973.3902584084133,0.0,-7.503331289626658e-12,-7.898243462764903e-12,0.0,1.0
S8,R1,PZ041,11,1973.3902584084328,0.4609355206698448,0.0,1973.8511939291027,0.0,-0.0,0.0,0.0,1.0
S8,R1,PZ041,12,1973.3902584084208,2.6215840027873836,0.0,1976.0118424112081,0.0,-0.0,0.0,0.0,1.0
S8,R1,PZ041,13,1973.3902584084208,5.336872099038961,0.0,1978.7271305074598,0.0,-0.0,0.0,0.0,1.0
S8,R1,PZ041,14,1973.3902584084208,7.385493604851538,0.0,1980.7757520132723,0.0,-0.0,0.0,0.0,1.0
S8,R1,PZ041,15,1973.3902584084208,8.639792380450801,0.0,1982.0300507888717,0.0,-0.0,0.0,0.0,1.0
S8,R1,PZ041,16,1973.3902584084208,9.401434044620796,0.0,1982.7916924530416,0.0,-0.0,0.0,0.0,1.0
S8,R1,PZ041,17,1973.3902584084208,9.441123473572832,0.0,1982.8313818819936,0.0,-0.0,0.0,0.0,1.0
S8,R1,PZ041,18,0.0,8.823821936410727,0.0,8.823821936410727,0.0,-0.0,0.0,0.0,1.0
S8,R1,PZ041,19,0.0,7.268032264373604,0.0,7.268032264373604,0.0,-0.0,0.0,0.0,1.0
S8,R1,PZ041,20,0.0,5.201151274971588,0.0,5.201151274971588,0.0,-0.0,0.0,0.0,1.0
S8,R1,PZ041,21,1973.3902584084283,2.6293646384662264,0.0,1976.0196230468946,0.0,-0.0,0.0,0.0,1.0
S8,R1,PZ041,22,1973.3902584084208,0.406001816616769,0.0,1973.7962602250375,0.0,-0.0,0.0,0.0,1.0
S8,R1,PZ041,23,1973.3902584084208,0.0,0.0,1973.3902584084208,0.0,-0.0,0.0,0.0,1.0
S8,R1,PZ047,0,2332.566666666667,0.0,0.0,2332.566666666667,0.0,-0.0,0.0,0.0,1.0
S8,R1,PZ047,1,2332.566666666667,0.0,0.0,2332.566666666667,0.0,-0.0,0.0,0.0,1.0
S8,R1,PZ047,2,2332.566666666667,0.0,0.0,2332.566666666667,0.0,-0.0,0.0,0.0,1.0
S8,R1,PZ047,3,2332.566666666667,0.0,0.0,2332.566666666667,0.0,-0.0,0.0,0.0,1.0
S8,R1,PZ047,4,2332.566666666667,0.0,0.0,2332.566666666667,0.0,-0.0,0.0,0.0,1.0
S8,R1,PZ047,5,2332.566666666667,0.0,0.0,2332.566666666667,0.0,-0.0,0.0,0.0,1.0
S8,R1,PZ047,6,0.0,0.0,0.0,0.0,0.0,0.0,0.0,0.0,1.0
S8,R1,PZ047,7,0.0,0.0,0.0,0.0,0.0,0.0,0.0,0.0,1.0
S8,R1,PZ047,8,-0.0,0.0,0.0,0.0,0.0,0.0,0.0,0.0,1.0
S8,R1,PZ047,9,-0.0,0.0,0.0,0.0,0.0,0.0,0.0,0.0,1.0
S8,R1,PZ047,10,2332.566666666667,0.0,0.0,2332.566666666667,0.0,-0.0,0.0,0.0,1.0
S8,R1,PZ047,11,2332.566666666667,0.0,0.0,2332.566666666667,0.0,-0.0,0.0,0.0,1.0
S8,R1,PZ047,12,2332.566666666667,0.0,0.0,2332.566666666667,0.0,-0.0,0.0,0.0,1.0
S8,R1,PZ047,13,2332.566666666667,0.0,0.0,2332.566666666667,0.0,-0.0,0.0,0.0,1.0
S8,R1,PZ047,14,2332.566666666667,0.0,0.0,2332.566666666667,0.0,-0.0,0.0,0.0,1.0
S8,R1,PZ047,15,2332.566666666667,0.0,0.0,2332.566666666667,0.0,-0.0,0.0,0.0,1.0
S8,R1,PZ047,16,0.0,0.0,0.0,0.0,0.0,0.0,0.0,0.0,1.0
S8,R1,PZ047,17,0.0,0.0,0.0,0.0,0.0,0.0,0.0,0.0,1.0
S8,R1,PZ047,18,0.0,0.0,0.0,-0.0,0.0,-0.0,0.0,0.0,1.0
S8,R1,PZ047,19,0.0,0.0,0.0,-0.0,0.0,-0.0,0.0,0.0,1.0
S8,R1,PZ047,20,0.0,0.0,0.0,-0.0,0.0,-0.0,0.0,0.0,1.0
S8,R1,PZ047,21,2332.566666666667,0.0,0.0,2332.566666666667,0.0,-0.0,0.0,0.0,1.0
S8,R1,PZ047,22,2332.566666666667,0.0,0.0,2332.566666666667,0.0,-0.0,0.0,0.0,1.0
S8,R1,PZ047,23,2332.566666666667,0.0,0.0,2332.566666666667,0.0,-0.0,0.0,0.0,1.0
S8,R1,PZ048,0,2775.2666666666664,0.0,0.0,2775.2666666666664,0.0,-0.0,0.0,0.0,1.0
S8,R1,PZ048,1,2775.266666666666,0.0,0.0,2775.266666666666,0.0,-0.0,0.0,0.0,1.0
S8,R1,PZ048,2,2775.266666666666,0.0,0.0,2775.266666666666,0.0,-0.0,0.0,0.0,1.0
S8,R1,PZ048,3,2775.266666666666,0.0,0.0,2775.266666666666,0.0,-0.0,0.0,0.0,1.0
S8,R1,PZ048,4,2775.266666666666,0.0,0.0,2775.266666666666,0.0,-0.0,0.0,0.0,1.0
S8,R1,PZ048,5,2775.266666666666,0.0,0.0,2775.266666666666,0.0,-0.0,0.0,0.0,1.0
S8,R1,PZ048,6,0.0,0.0,0.0,0.0,0.0,0.0,0.0,0.0,1.0
S8,R1,PZ048,7,0.0,0.0,0.0,0.0,0.0,0.0,0.0,0.0,1.0
S8,R1,PZ048,8,-0.0,0.0,0.0,0.0,0.0,0.0,0.0,0.0,1.0
S8,R1,PZ048,9,-0.0,0.0,0.0,0.0,0.0,0.0,0.0,0.0,1.0
S8,R1,PZ048,10,2775.266666666666,0.0,0.0,2775.266666666666,0.0,-0.0,0.0,0.0,1.0
S8,R1,PZ048,11,2775.266666666666,0.0,0.0,2775.266666666666,0.0,-0.0,0.0,0.0,1.0
S8,R1,PZ048,12,2775.266666666666,0.0,0.0,2775.266666666666,0.0,-0.0,0.0,0.0,1.0
S8,R1,PZ048,13,2775.266666666666,0.0,0.0,2775.266666666666,0.0,-0.0,0.0,0.0,1.0
S8,R1,PZ048,14,2775.266666666666,0.0,0.0,2775.266666666666,0.0,-0.0,0.0,0.0,1.0
S8,R1,PZ048,15,2775.266666666667,0.0,0.0,2775.266666666667,0.0,-0.0,0.0,0.0,1.0
S8,R1,PZ048,16,0.0,0.0,0.0,0.0,0.0,0.0,0.0,0.0,1.0
S8,R1,PZ048,17,0.0,0.0,0.0,0.0,0.0,0.0,0.0,0.0,1.0
S8,R1,PZ048,18,0.0,0.0,0.0,-0.0,0.0,-0.0,0.0,0.0,1.0
S8,R1,PZ048,19,0.0,0.0,0.0,-0.0,0.0,-0.0,0.0,0.0,1.0
S8,R1,PZ048,20,0.0,0.0,0.0,-0.0,0.0,-0.0,0.0,0.0,1.0
S8,R1,PZ048,21,2775.2666666666673,0.0,0.0,2775.2666666666673,0.0,-0.0,0.0,0.0,1.0
S8,R1,PZ048,22,2775.2666666666673,0.0,0.0,2775.2666666666673,0.0,-0.0,0.0,0.0,1.0
S8,R1,PZ048,23,2775.266666666666,0.0,0.0,2775.266666666666,0.0,-0.0,0.0,0.0,1.0
S8,R1,PZ049,0,2537.7666666666664,0.0,0.0,2537.7666666666664,0.0,-0.0,0.0,0.0,1.0
S8,R1,PZ049,1,2537.7666666666664,0.0,0.0,2537.7666666666664,0.0,-0.0,0.0,0.0,1.0
S8,R1,PZ049,2,2537.7666666666664,0.0,0.0,2537.7666666666664,0.0,-0.0,0.0,0.0,1.0
S8,R1,PZ049,3,2537.7666666666664,0.0,0.0,2537.7666666666664,0.0,-0.0,0.0,0.0,1.0
S8,R1,PZ049,4,2537.7666666666664,0.0,0.0,2537.7666666666664,0.0,-0.0,0.0,0.0,1.0
S8,R1,PZ049,5,2537.7666666666664,0.0,0.0,2537.7666666666664,0.0,-0.0,0.0,0.0,1.0
S8,R1,PZ049,6,0.0,0.0,0.0,0.0,0.0,0.0,0.0,0.0,1.0
S8,R1,PZ049,7,0.0,0.0,0.0,0.0,0.0,0.0,0.0,0.0,1.0
S8,R1,PZ049,8,0.0,0.0,0.0,0.0,0.0,0.0,0.0,0.0,1.0
S8,R1,PZ049,9,0.0,0.0,0.0,0.0,0.0,0.0,0.0,0.0,1.0
S8,R1,PZ049,10,2537.7666666666664,0.0,0.0,2537.7666666666664,0.0,-0.0,0.0,0.0,1.0
S8,R1,PZ049,11,2537.7666666666664,0.0,0.0,2537.7666666666664,0.0,-0.0,0.0,0.0,1.0
S8,R1,PZ049,12,2537.7666666666664,0.0,0.0,2537.7666666666664,0.0,-0.0,0.0,0.0,1.0
S8,R1,PZ049,13,2537.7666666666664,0.0,0.0,2537.7666666666664,0.0,-0.0,0.0,0.0,1.0
S8,R1,PZ049,14,2537.7666666666664,0.0,0.0,2537.7666666666664,0.0,-0.0,0.0,0.0,1.0
S8,R1,PZ049,15,2537.7666666666664,0.0,0.0,2537.7666666666664,0.0,-0.0,0.0,0.0,1.0
S8,R1,PZ049,16,0.0,0.0,0.0,0.0,0.0,0.0,0.0,0.0,1.0
S8,R1,PZ049,17,0.0,0.0,0.0,0.0,0.0,0.0,0.0,0.0,1.0
S8,R1,PZ049,18,0.0,0.0,0.0,-0.0,0.0,-0.0,0.0,0.0,1.0
S8,R1,PZ049,19,0.0,0.0,0.0,-0.0,0.0,-0.0,0.0,0.0,1.0
S8,R1,PZ049,20,0.0,0.0,0.0,-0.0,0.0,-0.0,0.0,0.0,1.0
S8,R1,PZ049,21,2537.766666666667,0.0,0.0,2537.766666666667,0.0,-0.0,0.0,0.0,1.0
S8,R1,PZ049,22,2537.7666666666664,0.0,0.0,2537.7666666666664,0.0,-0.0,0.0,0.0,1.0
S8,R1,PZ049,23,2537.7666666666664,0.0,0.0,2537.7666666666664,0.0,-0.0,0.0,0.0,1.0
S8,R1,PZ050,0,3030.263331812847,0.0,0.0,3030.263331812847,0.0,-0.0,0.0,0.0,1.0
S8,R1,PZ050,1,3030.263331812847,0.0,0.0,3030.263331812847,0.0,-0.0,0.0,0.0,1.0
S8,R1,PZ050,2,3030.263331812847,0.0,0.0,3030.263331812847,0.0,-0.0,0.0,0.0,1.0
S8,R1,PZ050,3,3030.263331812847,0.0,0.0,3030.263331812847,0.0,-0.0,0.0,0.0,1.0
S8,R1,PZ050,4,3030.263331812847,0.0,0.0,3030.263331812847,0.0,-0.0,0.0,0.0,1.0
S8,R1,PZ050,5,3030.263331812847,0.0,0.0,3030.263331812847,0.0,-0.0,0.0,0.0,1.0
S8,R1,PZ050,6,0.0,0.0,0.0,0.0,0.0,0.0,0.0,0.0,1.0
S8,R1,PZ050,7,0.0,0.0,0.0,0.0,0.0,0.0,0.0,0.0,1.0
S8,R1,PZ050,8,136.45977556796473,0.0,0.0,0.0,136.45977556796473,0.0,0.0,0.0,1.0
S8,R1,PZ050,9,136.45977556796478,0.0,0.0,0.0,136.45977556796478,0.0,129.6367867895665,0.0,1.0
S8,R1,PZ050,10,3030.263331812847,0.0,0.0,3166.7231073808116,0.0,136.45977556796478,259.27357357913303,0.0,1.0
S8,R1,PZ050,11,3030.263331812847,6.6903790850821245,0.0,3146.8038302301406,0.0,109.85011933221162,115.63170456022274,0.0,1.0
S8,R1,PZ050,12,3030.263331812847,38.05172306214509,0.0,3068.315054874992,0.0,-0.0,0.0,0.0,1.0
S8,R1,PZ050,13,3030.263331812847,77.46354071233228,0.0,3107.7268725251793,0.0,-0.0,0.0,0.0,1.0
S8,R1,PZ050,14,3030.263331812847,107.19883743196864,0.0,3137.4621692448154,0.0,-0.0,0.0,0.0,1.0
S8,R1,PZ050,15,3030.263331812847,125.40471204653146,0.0,3155.6680438593785,0.0,-0.0,0.0,0.0,1.0
S8,R1,PZ050,16,0.0,136.45977556796478,0.0,0.0,136.45977556796478,0.0,0.0,0.0,1.0
S8,R1,PZ050,17,0.0,136.45977556796475,0.5760834508342612,0.0,136.45977556796473,0.0,129.63678678956654,0.0,1.0
S8,R1,PZ050,18,0.0,128.07586112708395,0.0,264.53563669504877,0.0,136.45977556796478,259.27357357913303,0.0,1.0
S8,R1,PZ050,19,0.0,105.49391155752693,0.0,215.34403088973858,0.0,109.85011933221163,115.63170456022277,0.0,1.0
S8,R1,PZ050,20,0.0,75.49358239488498,0.0,75.49358239488498,0.0,-0.0,0.0,0.0,1.0
S8,R1,PZ050,21,3030.263331812847,38.16465730105713,0.0,3068.427989113904,0.0,-0.0,0.0,0.0,1.0
S8,R1,PZ050,22,3030.263331812847,5.89302828831843,0.0,3036.1563601011653,0.0,-0.0,0.0,0.0,1.0
S8,R1,PZ050,23,3030.263331812847,0.0,0.0,3030.263331812847,0.0,-0.0,0.0,0.0,1.0
S8,R1,PZ052,0,2684.7748052915863,0.0,0.0,2684.7748052915863,0.0,-0.0,0.0,0.0,1.0
S8,R1,PZ052,1,2684.7748052915863,0.0,0.0,2684.7748052915863,0.0,-0.0,0.0,0.0,1.0
S8,R1,PZ052,2,2684.7748052915863,0.0,0.0,2684.7748052915863,0.0,-0.0,0.0,0.0,1.0
S8,R1,PZ052,3,2684.7748052915863,0.0,0.0,2684.7748052915863,0.0,-0.0,0.0,0.0,1.0
S8,R1,PZ052,4,2684.7748052915863,0.0,0.0,2684.7748052915863,0.0,-0.0,0.0,0.0,1.0
S8,R1,PZ052,5,2684.7748052915863,0.0,0.0,2684.7748052915863,0.0,-0.0,0.0,0.0,1.0
S8,R1,PZ052,6,0.0,0.0,0.0,0.0,0.0,0.0,0.0,0.0,1.0
S8,R1,PZ052,7,0.0,0.0,0.0,0.0,0.0,0.0,0.0,0.0,1.0
S8,R1,PZ052,8,59.2620987740093,0.0,0.0,0.0,59.2620987740093,0.0,0.0,0.0,1.0
S8,R1,PZ052,9,59.26209877400929,0.0,0.0,0.0,59.26209877400929,0.0,56.298993835308835,0.0,1.0
S8,R1,PZ052,10,2684.7748052915863,0.0,0.0,2744.0369040655955,0.0,59.26209877400929,112.59798767061766,0.0,1.0
S8,R1,PZ052,11,2684.7748052915863,2.9055148634494863,0.0,2735.3863096681134,0.0,47.70598951307749,50.216831066397354,0.0,1.0
S8,R1,PZ052,12,2684.7748052915863,16.525199174953634,0.0,2701.30000446654,0.0,-0.0,0.0,0.0,1.0
S8,R1,PZ052,13,2684.7748052915863,33.6410636905402,0.0,2718.4158689821265,0.0,-0.0,0.0,0.0,1.0
S8,R1,PZ052,14,2684.7748052915863,46.55458405900879,0.0,2731.329389350595,0.0,-0.0,0.0,0.0,1.0
S8,R1,PZ052,15,2684.7748052915863,54.46107764061436,0.0,2739.2358829322006,0.0,-0.0,0.0,0.0,1.0
S8,R1,PZ052,16,0.0,59.26209877400929,0.0,0.0,59.26209877400929,0.0,0.0,0.0,1.0
S8,R1,PZ052,17,0.0,59.262098774009296,0.25018298779485804,0.0,59.2620987740093,0.0,56.29899383530882,0.0,1.0
S8,R1,PZ052,18,0.0,55.6211110643317,0.0,114.88320983834099,0.0,59.26209877400929,112.59798767061766,0.0,1.0
S8,R1,PZ052,19,0.0,45.81416450934298,0.0,93.52015402242047,0.0,47.70598951307749,50.216831066397354,0.0,1.0
S8,R1,PZ052,20,0.0,32.7855451767266,0.0,32.7855451767266,0.0,-0.0,0.0,0.0,1.0
S8,R1,PZ052,21,2684.7748052915863,16.57424454377032,0.0,2701.3490498353567,0.0,-0.0,0.0,0.0,1.0
S8,R1,PZ052,22,2684.7748052915863,2.55923932929539,0.0,2687.3340446208817,0.0,-0.0,0.0,0.0,1.0
S8,R1,PZ052,23,2684.7748052915863,0.0,0.0,2684.7748052915863,0.0,-0.0,0.0,0.0,1.0
S8,R2,PZ001,0,1562.326841024228,0.0,0.0,1562.326841024228,0.0,-0.0,0.0,0.0,1.0
S8,R2,PZ001,1,1562.3268410242283,0.0,0.0,1562.3268410242283,0.0,-0.0,0.0,0.0,1.0
S8,R2,PZ001,2,1562.3268410242283,0.0,0.0,1562.3268410242283,0.0,-0.0,0.0,0.0,1.0
S8,R2,PZ001,3,1562.3268410242283,0.0,0.0,1562.3268410242283,0.0,-0.0,0.0,0.0,1.0
S8,R2,PZ001,4,1562.3268410242283,0.0,0.0,1562.3268410242283,0.0,-0.0,0.0,0.0,1.0
S8,R2,PZ001,5,1562.3268410242283,0.0,0.0,1562.3268410242283,0.0,-0.0,0.0,0.0,1.0
S8,R2,PZ001,6,0.0,0.0,0.0,0.0,0.0,0.0,0.0,0.0,1.0
S8,R2,PZ001,7,0.0,0.0,0.0,0.0,0.0,0.0,0.0,0.0,1.0
S8,R2,PZ001,8,-0.0,0.0,0.0,0.0,0.0,0.0,0.0,0.0,1.0
S8,R2,PZ001,9,-0.0,0.0,0.0,0.0,0.0,0.0,0.0,0.0,1.0
S8,R2,PZ001,10,1562.3268410242283,0.0,0.0,1562.3268410242283,0.0,-0.0,0.0,0.0,1.0
S8,R2,PZ001,11,1562.3268410242283,0.4072969727109768,0.0,1562.7341379969394,0.0,-0.0,-0.0,0.0,1.0
S8,R2,PZ001,12,1562.3268410242283,2.3165132218300775,0.0,1564.6433542460584,0.0,-0.0,0.0,0.0,1.0
S8,R2,PZ001,13,1562.3268410242283,4.715826297190924,0.0,1567.0426673214192,0.0,-0.0,0.0,0.0,1.0
S8,R2,PZ001,14,1562.3268410242283,6.52605202320027,0.0,1568.8528930474286,0.0,-0.0,0.0,0.0,1.0
S8,R2,PZ001,15,1562.3268410242283,7.6343894614481425,0.0,1569.9612304856764,0.0,-0.0,0.0,0.0,1.0
S8,R2,PZ001,16,0.0,-0.0,8.307399742053498,0.0,0.0,0.0,0.0,0.0,1.0
S8,R2,PZ001,17,0.0,-0.0,8.342470556811495,0.0,0.0,0.0,0.0,0.0,1.0
S8,R2,PZ001,18,0.0,7.7970037050258485,0.0,7.797003705025851,0.0,-0.0,-0.0,0.0,1.0
S8,R2,PZ001,19,0.0,6.42225952676235,0.0,6.422259526762348,0.0,-0.0,-0.0,0.0,1.0
S8,R2,PZ001,20,0.0,4.5958991527258,0.0,4.5958991527258,0.0,-0.0,0.0,0.0,1.0
S8,R2,PZ001,21,1562.3268410242283,2.3233884336886783,0.0,1564.650229457917,0.0,-0.0,0.0,0.0,1.0
S8,R2,PZ001,22,1562.3268410242283,0.3587558419946817,0.0,1562.685596866223,0.0,-0.0,0.0,0.0,1.0
S8,R2,PZ001,23,1562.3268410242283,0.0,0.0,1562.3268410242283,0.0,-0.0,0.0,0.0,1.0
S8,R2,PZ006,0,197.97560795093307,0.0,0.0,197.97560795093307,0.0,-0.0,0.0,0.0,1.0
S8,R2,PZ006,1,197.9756079509331,0.0,0.0,197.9756079509331,0.0,-0.0,0.0,0.0,1.0
S8,R2,PZ006,2,197.9756079509331,0.0,0.0,197.9756079509331,0.0,-0.0,0.0,0.0,1.0
S8,R2,PZ006,3,197.9756079509331,0.0,0.0,197.9756079509331,0.0,-0.0,0.0,0.0,1.0
S8,R2,PZ006,4,197.9756079509331,0.0,0.0,197.9756079509331,0.0,-0.0,0.0,0.0,1.0
S8,R2,PZ006,5,197.9756079509331,0.0,0.0,197.9756079509331,0.0,-0.0,0.0,0.0,1.0
S8,R2,PZ006,6,0.0,0.0,0.0,0.0,0.0,0.0,0.0,0.0,1.0
S8,R2,PZ006,7,0.0,0.0,0.0,0.0,0.0,0.0,0.0,0.0,1.0
S8,R2,PZ006,8,43.68871002856805,0.0,0.0,0.0,43.68871002856805,0.0,0.0,0.0,1.0
S8,R2,PZ006,9,43.68871002856804,0.0,0.0,0.0,43.68871002856804,0.0,41.50427452713965,0.0,1.0
S8,R2,PZ006,10,197.9756079509331,0.0,0.0,241.66431797950113,0.0,43.68871002856804,83.00854905427929,0.0,1.0
S8,R2,PZ006,11,197.9756079509331,2.141979426631624,0.0,235.286998950562,0.0,35.16941157299729,37.020433234733986,0.0,1.0
S8,R2,PZ006,12,197.9756079509331,12.182569464372646,0.0,210.15817741530574,0.0,-0.0,0.0,0.0,1.0
S8,R2,PZ006,13,197.9756079509331,24.800584303186792,0.0,222.77619225411988,0.0,-0.0,0.0,0.0,1.0
S8,R2,PZ006,14,197.9756079509331,34.32058205043942,0.0,232.2961900013725,0.0,-0.0,0.0,0.0,1.0
S8,R2,PZ006,15,197.9756079509331,40.14934128400531,0.0,238.1249492349384,0.0,-0.0,0.0,0.0,1.0
S8,R2,PZ006,16,0.0,43.68871002856804,0.0,0.0,43.68871002856804,0.0,0.0,0.0,1.0
S8,R2,PZ006,17,0.0,43.68871002856806,0.18443781496046796,0.0,43.68871002856805,0.0,41.504274527139636,0.0,1.0
S8,R2,PZ006,18,0.0,41.00453144636353,0.0,84.69324147493157,0.0,43.68871002856804,83.00854905427929,0.0,1.0
S8,R2,PZ006,19,0.0,33.77473612742902,0.0,68.9441477004263,0.0,35.169411572997284,37.02043323473398,0.0,1.0
S8,R2,PZ006,20,0.0,24.16988608210951,0.0,24.16988608210951,0.0,-0.0,0.0,0.0,1.0
S8,R2,PZ006,21,197.9756079509331,12.218726281981274,0.0,210.19433423291437,0.0,-0.0,0.0,0.0,1.0
S8,R2,PZ006,22,197.9756079509331,1.8867010663538966,0.0,199.862309017287,0.0,-0.0,0.0,0.0,1.0
S8,R2,PZ006,23,197.9756079509331,0.0,0.0,197.9756079509331,0.0,-0.0,0.0,0.0,1.0
S8,R2,PZ039,0,1683.3869468467474,0.0,0.0,1683.3869468467474,0.0,-0.0,0.0,0.0,1.0
S8,R2,PZ039,1,1683.3869468467476,0.0,0.0,1683.3869468467476,0.0,-0.0,0.0,0.0,1.0
S8,R2,PZ039,2,1683.3869468467476,0.0,0.0,1683.3869468467476,0.0,-0.0,0.0,0.0,1.0
S8,R2,PZ039,3,1683.3869468467476,0.0,0.0,1683.3869468467476,0.0,-0.0,0.0,0.0,1.0
S8,R2,PZ039,4,1683.3869468467476,0.0,0.0,1683.3869468467476,0.0,-0.0,0.0,0.0,1.0
S8,R2,PZ039,5,1683.3869468467476,0.0,0.0,1683.3869468467476,0.0,-0.0,0.0,0.0,1.0
S8,R2,PZ039,6,0.0,0.0,0.0,0.0,0.0,0.0,0.0,0.0,1.0
S8,R2,PZ039,7,91.02344253011354,0.0,0.0,0.0,91.02344253011354,0.0,0.0,0.0,1.0
S8,R2,PZ039,8,91.02344253011357,0.0,0.0,0.0,91.02344253011357,0.0,86.47227040360787,0.0,1.0
S8,R2,PZ039,9,1683.3869468467476,0.0,0.0,1774.410389376861,0.0,91.02344253011357,172.94454080721576,0.0,1.0
S8,R2,PZ039,10,1683.3869468467476,0.0,0.0,1756.660818083489,0.0,73.2738712367414,77.13039077551726,0.0,1.0
S8,R2,PZ039,11,1683.3869468467476,4.462716823481356,0.0,1687.849663670229,0.0,-0.0,0.0,0.0,1.0
S8,R2,PZ039,12,1683.3869468467476,25.381830014764247,0.0,1708.768776861512,0.0,-0.0,0.0,0.0,1.0
S8,R2,PZ039,13,1683.3869468467476,51.67089068453208,0.0,1735.0578375312798,0.0,-0.0,0.0,0.0,1.0
S8,R2,PZ039,14,1683.3869468467476,71.50537348952284,0.0,1754.8923203362704,0.0,-0.0,0.0,0.0,1.0
S8,R2,PZ039,15,1683.3869468467476,83.64932854728089,0.0,1767.0362753940285,0.0,-0.0,0.0,0.0,1.0
S8,R2,PZ039,16,0.0,91.02344253011357,0.0,0.0,91.02344253011357,0.0,0.0,0.0,1.0
S8,R2,PZ039,17,0.0,91.02344253011354,0.3842678083069831,0.0,91.02344253011354,0.0,86.4722704036079,0.0,1.0
S8,R2,PZ039,18,0.0,85.43107839855438,0.0,176.45452092866793,0.0,91.02344253011357,172.94454080721576,0.0,1.0
S8,R2,PZ039,19,0.0,70.36812830716464,0.0,143.64199954390605,0.0,73.27387123674143,77.13039077551728,0.0,1.0
S8,R2,PZ039,20,0.0,50.356859594061945,0.0,50.356859594061945,0.0,-0.0,0.0,0.0,1.0
S8,R2,PZ039,21,1683.3869468467476,25.457161101617547,0.0,1708.8441079483653,0.0,-0.0,0.0,0.0,1.0
S8,R2,PZ039,22,1683.3869468467476,3.93085595735079,0.0,1687.3178028040984,0.0,-0.0,0.0,0.0,1.0
S8,R2,PZ039,23,1683.3869468467476,0.0,0.0,1683.3869468467476,0.0,-0.0,0.0,0.0,1.0
S8,R2,PZ040,0,1874.0169783169483,0.0,0.0,1874.0169783169483,0.0,-0.0,0.0,0.0,1.0
S8,R2,PZ040,1,1874.0169783169483,0.0,0.0,1874.0169783169483,0.0,-0.0,0.0,0.0,1.0
S8,R2,PZ040,2,1874.0169783169483,0.0,0.0,1874.0169783169483,0.0,-0.0,0.0,0.0,1.0
S8,R2,PZ040,3,1874.0169783169483,0.0,0.0,1874.0169783169483,0.0,-0.0,0.0,0.0,1.0
S8,R2,PZ040,4,1874.0169783169483,0.0,0.0,1874.0169783169483,0.0,-0.0,0.0,0.0,1.0
S8,R2,PZ040,5,1874.0169783169483,0.0,0.0,1874.0169783169483,0.0,-0.0,0.0,0.0,1.0
S8,R2,PZ040,6,0.0,0.0,0.0,0.0,0.0,0.0,0.0,0.0,1.0
S8,R2,PZ040,7,0.0,0.0,0.0,0.0,0.0,0.0,0.0,0.0,1.0
S8,R2,PZ040,8,96.13111913556642,0.0,0.0,0.0,96.13111913556642,0.0,0.0,0.0,1.0
S8,R2,PZ040,9,96.1311191355664,0.0,0.0,0.0,96.1311191355664,0.0,91.3245631787881,0.0,1.0
S8,R2,PZ040,10,1874.0169783169483,0.0,0.0,1970.1480974525148,0.0,96.1311191355664,182.64912635757616,0.0,1.0
S8,R2,PZ040,11,1874.0169783169483,4.7131370853662595,0.0,1956.1156663064455,0.0,77.38555090413097,81.45847463592733,0.0,1.0
S8,R2,PZ040,12,1874.0169783169483,26.806102441365795,0.0,1900.823080758314,0.0,-0.0,0.0,0.0,1.0
S8,R2,PZ040,13,1874.0169783169483,54.57034375064724,0.0,1928.5873220675956,0.0,-0.0,0.0,0.0,1.0
S8,R2,PZ040,14,1874.0169783169483,75.51781592396244,0.0,1949.5347942409107,0.0,-0.0,0.0,0.0,1.0
S8,R2,PZ040,15,1874.0169783169483,88.3432151616158,0.0,1962.360193478564,0.0,-0.0,0.0,0.0,1.0
S8,R2,PZ040,16,0.0,96.1311191355664,0.0,0.0,96.1311191355664,0.0,0.0,0.0,1.0
S8,R2,PZ040,17,0.0,96.13111913556641,0.40583055785981514,0.0,96.13111913556642,0.0,91.32456317878807,0.0,1.0
S8,R2,PZ040,18,0.0,90.22494587253551,0.0,186.3560650081019,0.0,96.1311191355664,182.64912635757616,0.0,1.0
S8,R2,PZ040,19,0.0,74.31675552597258,0.0,151.70230643010356,0.0,77.38555090413097,81.45847463592733,0.0,1.0
S8,R2,PZ040,20,0.0,53.18257730505239,0.0,53.18257730505239,0.0,-0.0,0.0,0.0,1.0
S8,R2,PZ040,21,1874.0169783169483,26.8856606461932,0.0,1900.9026389631415,0.0,-0.0,0.0,0.0,1.0
S8,R2,PZ040,22,1874.0169783169483,4.151431453670028,0.0,1878.1684097706184,0.0,-0.0,0.0,0.0,1.0
S8,R2,PZ040,23,1874.0169783169483,0.0,0.0,1874.0169783169483,0.0,-0.0,0.0,0.0,1.0
S8,R2,PZ041,0,1971.003825218181,0.0,0.0,1971.003825218181,0.0,-0.0,0.0,0.0,1.0
S8,R2,PZ041,1,1971.003825218181,0.0,0.0,1971.003825218181,0.0,-0.0,0.0,0.0,1.0
S8,R2,PZ041,2,1971.003825218181,0.0,0.0,1971.003825218181,0.0,-0.0,0.0,0.0,1.0
S8,R2,PZ041,3,1971.003825218181,0.0,0.0,1971.003825218181,0.0,-0.0,0.0,0.0,1.0
S8,R2,PZ041,4,1971.003825218181,0.0,0.0,1971.003825218181,0.0,-0.0,0.0,0.0,1.0
S8,R2,PZ041,5,1971.003825218181,0.0,0.0,1971.003825218181,0.0,-0.0,0.0,0.0,1.0
S8,R2,PZ041,6,0.0,0.0,0.0,0.0,0.0,0.0,0.0,0.0,1.0
S8,R2,PZ041,7,0.0,0.0,0.0,0.0,0.0,0.0,0.0,0.0,1.0
S8,R2,PZ041,8,0.0,0.0,0.0,0.0,0.0,0.0,0.0,0.0,1.0
S8,R2,PZ041,9,0.0,0.0,0.0,0.0,0.0,0.0,0.0,0.0,1.0
S8,R2,PZ041,10,1971.003825218181,0.0,0.0,1971.003825218185,0.0,4.092726157978177e-12,4.308132797871765e-12,0.0,1.0
S8,R2,PZ041,11,1971.0038252181744,0.7374968330717517,0.0,1971.741322051246,0.0,-0.0,0.0,0.0,1.0
S8,R2,PZ041,12,1971.003825218181,4.194534404459814,0.0,1975.1983596226407,0.0,-0.0,0.0,0.0,1.0
S8,R2,PZ041,13,1971.003825218181,8.538995358462339,0.0,1979.5428205766434,0.0,-0.0,0.0,0.0,1.0
S8,R2,PZ041,14,1971.003825218181,11.816789767762463,0.0,1982.8206149859434,0.0,-0.0,0.0,0.0,1.0
S8,R2,PZ041,15,1971.003825218181,13.823667808721284,0.0,1984.8274930269022,0.0,-0.0,0.0,0.0,1.0
S8,R2,PZ041,16,1971.003825218181,15.042294471393275,0.0,1986.0461196895742,0.0,-0.0,0.0,0.0,1.0
S8,R2,PZ041,17,1971.003825218181,15.105797557716532,0.0,1986.1096227758976,0.0,-0.0,0.0,0.0,1.0
S8,R2,PZ041,18,0.0,14.118115098257165,0.0,14.118115098257165,0.0,-0.0,0.0,0.0,1.0
S8,R2,PZ041,19,0.0,11.628851622997768,0.0,11.628851622997768,0.0,-0.0,0.0,0.0,1.0
S8,R2,PZ041,20,0.0,8.321842039954541,0.0,8.321842039954541,0.0,-0.0,0.0,0.0,1.0
S8,R2,PZ041,21,1971.0038252181782,4.206983421545963,0.0,1975.2108086397243,0.0,-0.0,0.0,0.0,1.0
S8,R2,PZ041,22,1971.003825218181,0.6496029065868305,0.0,1971.6534281247677,0.0,-0.0,0.0,0.0,1.0
S8,R2,PZ041,23,1971.003825218181,0.0,0.0,1971.003825218181,0.0,-0.0,0.0,0.0,1.0
S8,R2,PZ047,0,2332.566666666667,0.0,0.0,2332.566666666667,0.0,-0.0,0.0,0.0,1.0
S8,R2,PZ047,1,2332.566666666667,0.0,0.0,2332.566666666667,0.0,-0.0,0.0,0.0,1.0
S8,R2,PZ047,2,2332.566666666667,0.0,0.0,2332.566666666667,0.0,-0.0,0.0,0.0,1.0
S8,R2,PZ047,3,2332.566666666667,0.0,0.0,2332.566666666667,0.0,-0.0,0.0,0.0,1.0
S8,R2,PZ047,4,2332.566666666667,0.0,0.0,2332.566666666667,0.0,-0.0,0.0,0.0,1.0
S8,R2,PZ047,5,2332.566666666667,0.0,0.0,2332.566666666667,0.0,-0.0,0.0,0.0,1.0
S8,R2,PZ047,6,0.0,0.0,0.0,0.0,0.0,0.0,0.0,0.0,1.0
S8,R2,PZ047,7,0.0,0.0,0.0,0.0,0.0,0.0,0.0,0.0,1.0
S8,R2,PZ047,8,-0.0,0.0,0.0,0.0,0.0,0.0,0.0,0.0,1.0
S8,R2,PZ047,9,-0.0,0.0,0.0,0.0,0.0,0.0,0.0,0.0,1.0
S8,R2,PZ047,10,2332.566666666667,0.0,0.0,2332.566666666667,0.0,-0.0,0.0,0.0,1.0
S8,R2,PZ047,11,2332.566666666667,0.0,0.0,2332.566666666667,0.0,-0.0,0.0,0.0,1.0
S8,R2,PZ047,12,2332.566666666667,0.0,0.0,2332.566666666667,0.0,-0.0,0.0,0.0,1.0
S8,R2,PZ047,13,2332.566666666667,0.0,0.0,2332.566666666667,0.0,-0.0,0.0,0.0,1.0
S8,R2,PZ047,14,2332.566666666667,0.0,0.0,2332.566666666667,0.0,-0.0,0.0,0.0,1.0
S8,R2,PZ047,15,2332.566666666667,0.0,0.0,2332.566666666667,0.0,-0.0,0.0,0.0,1.0
S8,R2,PZ047,16,0.0,0.0,0.0,0.0,0.0,0.0,0.0,0.0,1.0
S8,R2,PZ047,17,0.0,0.0,0.0,0.0,0.0,0.0,0.0,0.0,1.0
S8,R2,PZ047,18,0.0,0.0,0.0,-0.0,0.0,-0.0,0.0,0.0,1.0
S8,R2,PZ047,19,0.0,0.0,0.0,-0.0,0.0,-0.0,0.0,0.0,1.0
S8,R2,PZ047,20,0.0,0.0,0.0,-0.0,0.0,-0.0,0.0,0.0,1.0
S8,R2,PZ047,21,2332.566666666667,0.0,0.0,2332.566666666667,0.0,-0.0,0.0,0.0,1.0
S8,R2,PZ047,22,2332.566666666667,0.0,0.0,2332.566666666667,0.0,-0.0,0.0,0.0,1.0
S8,R2,PZ047,23,2332.566666666667,0.0,0.0,2332.566666666667,0.0,-0.0,0.0,0.0,1.0
S8,R2,PZ048,0,2775.2666666666664,0.0,0.0,2775.2666666666664,0.0,-0.0,0.0,0.0,1.0
S8,R2,PZ048,1,2775.266666666666,0.0,0.0,2775.266666666666,0.0,-0.0,0.0,0.0,1.0
S8,R2,PZ048,2,2775.266666666666,0.0,0.0,2775.266666666666,0.0,-0.0,0.0,0.0,1.0
S8,R2,PZ048,3,2775.266666666666,0.0,0.0,2775.266666666666,0.0,-0.0,0.0,0.0,1.0
S8,R2,PZ048,4,2775.266666666666,0.0,0.0,2775.266666666666,0.0,-0.0,0.0,0.0,1.0
S8,R2,PZ048,5,2775.266666666666,0.0,0.0,2775.266666666666,0.0,-0.0,0.0,0.0,1.0
S8,R2,PZ048,6,0.0,0.0,0.0,0.0,0.0,0.0,0.0,0.0,1.0
S8,R2,PZ048,7,0.0,0.0,0.0,0.0,0.0,0.0,0.0,0.0,1.0
S8,R2,PZ048,8,-0.0,0.0,0.0,0.0,0.0,0.0,0.0,0.0,1.0
S8,R2,PZ048,9,-0.0,0.0,0.0,0.0,0.0,0.0,0.0,0.0,1.0
S8,R2,PZ048,10,2775.266666666666,0.0,0.0,2775.266666666666,0.0,-0.0,0.0,0.0,1.0
S8,R2,PZ048,11,2775.266666666666,0.0,0.0,2775.266666666666,0.0,-0.0,0.0,0.0,1.0
S8,R2,PZ048,12,2775.266666666666,0.0,0.0,2775.266666666666,0.0,-0.0,0.0,0.0,1.0
S8,R2,PZ048,13,2775.266666666666,0.0,0.0,2775.266666666666,0.0,-0.0,0.0,0.0,1.0
S8,R2,PZ048,14,2775.266666666666,0.0,0.0,2775.266666666666,0.0,-0.0,0.0,0.0,1.0
S8,R2,PZ048,15,2775.266666666667,0.0,0.0,2775.266666666667,0.0,-0.0,0.0,0.0,1.0
S8,R2,PZ048,16,0.0,0.0,0.0,0.0,0.0,0.0,0.0,0.0,1.0
S8,R2,PZ048,17,0.0,0.0,0.0,0.0,0.0,0.0,0.0,0.0,1.0
S8,R2,PZ048,18,0.0,0.0,0.0,-0.0,0.0,-0.0,0.0,0.0,1.0
S8,R2,PZ048,19,0.0,0.0,0.0,-0.0,0.0,-0.0,0.0,0.0,1.0
S8,R2,PZ048,20,0.0,0.0,0.0,-0.0,0.0,-0.0,0.0,0.0,1.0
S8,R2,PZ048,21,2775.2666666666673,0.0,0.0,2775.2666666666673,0.0,-0.0,0.0,0.0,1.0
S8,R2,PZ048,22,2775.2666666666673,0.0,0.0,2775.2666666666673,0.0,-0.0,0.0,0.0,1.0
S8,R2,PZ048,23,2775.266666666666,0.0,0.0,2775.266666666666,0.0,-0.0,0.0,0.0,1.0
S8,R2,PZ049,0,2537.7666666666664,0.0,0.0,2537.7666666666664,0.0,-0.0,0.0,0.0,1.0
S8,R2,PZ049,1,2537.7666666666664,0.0,0.0,2537.7666666666664,0.0,-0.0,0.0,0.0,1.0
S8,R2,PZ049,2,2537.7666666666664,0.0,0.0,2537.7666666666664,0.0,-0.0,0.0,0.0,1.0
S8,R2,PZ049,3,2537.7666666666664,0.0,0.0,2537.7666666666664,0.0,-0.0,0.0,0.0,1.0
S8,R2,PZ049,4,2537.7666666666664,0.0,0.0,2537.7666666666664,0.0,-0.0,0.0,0.0,1.0
S8,R2,PZ049,5,2537.7666666666664,0.0,0.0,2537.7666666666664,0.0,-0.0,0.0,0.0,1.0
S8,R2,PZ049,6,0.0,0.0,0.0,0.0,0.0,0.0,0.0,0.0,1.0
S8,R2,PZ049,7,0.0,0.0,0.0,0.0,0.0,0.0,0.0,0.0,1.0
S8,R2,PZ049,8,0.0,0.0,0.0,0.0,0.0,0.0,0.0,0.0,1.0
S8,R2,PZ049,9,0.0,0.0,0.0,0.0,0.0,0.0,0.0,0.0,1.0
S8,R2,PZ049,10,2537.7666666666664,0.0,0.0,2537.7666666666664,0.0,-0.0,0.0,0.0,1.0
S8,R2,PZ049,11,2537.7666666666664,0.0,0.0,2537.7666666666664,0.0,-0.0,0.0,0.0,1.0
S8,R2,PZ049,12,2537.7666666666664,0.0,0.0,2537.7666666666664,0.0,-0.0,0.0,0.0,1.0
S8,R2,PZ049,13,2537.7666666666664,0.0,0.0,2537.7666666666664,0.0,-0.0,0.0,0.0,1.0
S8,R2,PZ049,14,2537.7666666666664,0.0,0.0,2537.7666666666664,0.0,-0.0,0.0,0.0,1.0
S8,R2,PZ049,15,2537.7666666666664,0.0,0.0,2537.7666666666664,0.0,-0.0,0.0,0.0,1.0
S8,R2,PZ049,16,0.0,0.0,0.0,0.0,0.0,0.0,0.0,0.0,1.0
S8,R2,PZ049,17,0.0,0.0,0.0,0.0,0.0,0.0,0.0,0.0,1.0
S8,R2,PZ049,18,0.0,0.0,0.0,-0.0,0.0,-0.0,0.0,0.0,1.0
S8,R2,PZ049,19,0.0,0.0,0.0,-0.0,0.0,-0.0,0.0,0.0,1.0
S8,R2,PZ049,20,0.0,0.0,0.0,-0.0,0.0,-0.0,0.0,0.0,1.0
S8,R2,PZ049,21,2537.766666666667,0.0,0.0,2537.766666666667,0.0,-0.0,0.0,0.0,1.0
S8,R2,PZ049,22,2537.7666666666664,0.0,0.0,2537.7666666666664,0.0,-0.0,0.0,0.0,1.0
S8,R2,PZ049,23,2537.7666666666664,0.0,0.0,2537.7666666666664,0.0,-0.0,0.0,0.0,1.0
S8,R2,PZ050,0,2982.2413309005565,0.0,0.0,2982.2413309005565,0.0,-0.0,0.0,0.0,1.0
S8,R2,PZ050,1,2982.2413309005565,0.0,0.0,2982.2413309005565,0.0,-0.0,0.0,0.0,1.0
S8,R2,PZ050,2,2982.2413309005565,0.0,0.0,2982.2413309005565,0.0,-0.0,0.0,0.0,1.0
S8,R2,PZ050,3,2982.2413309005565,0.0,0.0,2982.2413309005565,0.0,-0.0,0.0,0.0,1.0
S8,R2,PZ050,4,2982.2413309005565,0.0,0.0,2982.2413309005565,0.0,-0.0,0.0,0.0,1.0
S8,R2,PZ050,5,2982.2413309005565,0.0,0.0,2982.2413309005565,0.0,-0.0,0.0,0.0,1.0
S8,R2,PZ050,6,0.0,0.0,0.0,0.0,0.0,0.0,0.0,0.0,1.0
S8,R2,PZ050,7,0.0,0.0,0.0,0.0,0.0,0.0,0.0,0.0,1.0
S8,R2,PZ050,8,218.33564090874367,0.0,0.0,0.0,218.33564090874367,0.0,0.0,0.0,1.0
S8,R2,PZ050,9,218.33564090874367,0.0,0.0,0.0,218.33564090874367,0.0,207.41885886330647,0.0,1.0
S8,R2,PZ050,10,2982.2413309005565,0.0,0.0,3200.5769718093,0.0,218.33564090874367,414.83771772661294,0.0,1.0
S8,R2,PZ050,11,2982.2413309005565,10.704606536131399,0.0,3168.7061283682265,0.0,175.76019093153866,185.01072729635646,0.0,1.0
S8,R2,PZ050,12,2982.2413309005565,60.88275689943215,0.0,3043.1240877999885,0.0,-0.0,0.0,0.0,1.0
S8,R2,PZ050,13,2982.2413309005565,123.94166513973164,0.0,3106.1829960402883,0.0,-0.0,0.0,0.0,1.0
S8,R2,PZ050,14,2982.2413309005565,171.51813989114984,0.0,3153.7594707917065,0.0,-0.0,0.0,0.0,1.0
S8,R2,PZ050,15,2982.2413309005565,200.64753927445037,0.0,3182.888870175007,0.0,-0.0,0.0,0.0,1.0
S8,R2,PZ050,16,0.0,218.33564090874367,0.0,0.0,218.33564090874367,0.0,0.0,0.0,1.0
S8,R2,PZ050,17,0.0,218.33564090874364,0.9217335213348008,0.0,218.33564090874367,0.0,207.41885886330647,0.0,1.0
S8,R2,PZ050,18,0.0,204.92137780333437,0.0,423.25701871207804,0.0,218.33564090874367,414.83771772661294,0.0,1.0
S8,R2,PZ050,19,0.0,168.79025849204308,0.0,344.5504494235817,0.0,175.76019093153866,185.01072729635646,0.0,1.0
S8,R2,PZ050,20,0.0,120.78973183181598,0.0,120.78973183181598,0.0,-0.0,0.0,0.0,1.0
S8,R2,PZ050,21,2982.2413309005565,61.06345168169142,0.0,3043.3047825822478,0.0,-0.0,0.0,0.0,1.0
S8,R2,PZ050,22,2982.2413309005565,9.428845261309487,0.0,2991.670176161866,0.0,-0.0,0.0,0.0,1.0
S8,R2,PZ050,23,2982.2413309005565,0.0,0.0,2982.2413309005565,0.0,-0.0,0.0,0.0,1.0
S8,R2,PZ052,0,2663.9196884665384,0.0,0.0,2663.9196884665384,0.0,-0.0,0.0,0.0,1.0
S8,R2,PZ052,1,2663.919688466539,0.0,0.0,2663.919688466539,0.0,-0.0,0.0,0.0,1.0
S8,R2,PZ052,2,2663.919688466539,0.0,0.0,2663.919688466539,0.0,-0.0,0.0,0.0,1.0
S8,R2,PZ052,3,2663.919688466539,0.0,0.0,2663.919688466539,0.0,-0.0,0.0,0.0,1.0
S8,R2,PZ052,4,2663.919688466539,0.0,0.0,2663.919688466539,0.0,-0.0,0.0,0.0,1.0
S8,R2,PZ052,5,2663.919688466539,0.0,0.0,2663.919688466539,0.0,-0.0,0.0,0.0,1.0
S8,R2,PZ052,6,0.0,0.0,0.0,0.0,0.0,0.0,0.0,0.0,1.0
S8,R2,PZ052,7,0.0,0.0,0.0,0.0,0.0,0.0,0.0,0.0,1.0
S8,R2,PZ052,8,94.81935803841488,0.0,0.0,0.0,94.81935803841488,0.0,0.0,0.0,1.0
S8,R2,PZ052,9,94.81935803841488,0.0,0.0,0.0,94.81935803841488,0.0,90.07839013649412,0.0,1.0
S8,R2,PZ052,10,2663.919688466539,0.0,0.0,2758.739046504954,0.0,94.81935803841488,180.15678027298824,0.0,1.0
S8,R2,PZ052,11,2663.919688466539,4.648823781519178,0.0,2744.898095468982,0.0,76.32958322092396,80.34692970623574,0.0,1.0
S8,R2,PZ052,12,2663.919688466539,26.440318679925817,0.0,2690.360007146465,0.0,-0.0,0.0,0.0,1.0
S8,R2,PZ052,13,2663.919688466539,53.82570190486433,0.0,2717.745390371403,0.0,-0.0,0.0,0.0,1.0
S8,R2,PZ052,14,2663.919688466539,74.48733449441407,0.0,2738.407022960953,0.0,-0.0,0.0,0.0,1.0
S8,R2,PZ052,15,2663.919688466539,87.13772422498299,0.0,2751.0574126915217,0.0,-0.0,0.0,0.0,1.0
S8,R2,PZ052,16,0.0,94.81935803841488,0.0,0.0,94.81935803841488,0.0,0.0,0.0,1.0
S8,R2,PZ052,17,0.0,94.81935803841486,0.4002927804718013,0.0,94.81935803841488,0.0,90.07839013649412,0.0,1.0
S8,R2,PZ052,18,0.0,88.99377770293073,0.0,183.8131357413456,0.0,94.81935803841488,180.15678027298824,0.0,1.0
S8,R2,PZ052,19,0.0,73.30266321494878,0.0,149.63224643587273,0.0,76.32958322092396,80.34692970623574,0.0,1.0
S8,R2,PZ052,20,0.0,52.45687228276257,0.0,52.45687228276257,0.0,-0.0,0.0,0.0,1.0
S8,R2,PZ052,21,2663.919688466539,26.518791270032516,0.0,2690.4384797365715,0.0,-0.0,0.0,0.0,1.0
S8,R2,PZ052,22,2663.919688466539,4.094782926872624,0.0,2668.0144713934114,0.0,-0.0,0.0,0.0,1.0
S8,R2,PZ052,23,2663.919688466539,0.0,0.0,2663.919688466539,0.0,-0.0,0.0,0.0,1.0
S8,R3,PZ001,0,1558.5003493770055,0.0,0.0,1558.5003493770055,0.0,-0.0,0.0,0.0,1.0
S8,R3,PZ001,1,1558.5003493770055,0.0,0.0,1558.5003493770055,0.0,-0.0,0.0,0.0,1.0
S8,R3,PZ001,2,1558.5003493770055,0.0,0.0,1558.5003493770055,0.0,-0.0,0.0,0.0,1.0
S8,R3,PZ001,3,1558.5003493770055,0.0,0.0,1558.5003493770055,0.0,-0.0,0.0,0.0,1.0
S8,R3,PZ001,4,1558.5003493770055,0.0,0.0,1558.5003493770055,0.0,-0.0,0.0,0.0,1.0
S8,R3,PZ001,5,1558.5003493770055,0.0,0.0,1558.5003493770055,0.0,-0.0,0.0,0.0,1.0
S8,R3,PZ001,6,0.0,0.0,0.0,0.0,0.0,0.0,0.0,0.0,1.0
S8,R3,PZ001,7,0.0,0.0,0.0,0.0,0.0,0.0,0.0,0.0,1.0
S8,R3,PZ001,8,11.422674645323559,0.0,0.0,0.0,11.422674645323559,0.0,0.0,0.0,1.0
S8,R3,PZ001,9,11.422674645323562,0.0,0.0,0.0,11.422674645323562,0.0,10.85154091305738,0.0,1.0
S8,R3,PZ001,10,1558.5003493770055,0.0,0.0,1569.923024022329,0.0,11.422674645323562,21.703081826114765,0.0,1.0
S8,R3,PZ001,11,1558.5003493770055,0.5600333374775931,0.0,1568.2556358039685,0.0,9.195253089485465,9.679213778405753,0.0,1.0
S8,R3,PZ001,12,1558.5003493770055,3.1852056800163564,0.0,1561.685555057022,0.0,-0.0,0.0,0.0,1.0
S8,R3,PZ001,13,1558.5003493770055,6.484261158637521,0.0,1564.984610535643,0.0,-0.0,0.0,0.0,1.0
S8,R3,PZ001,14,1558.5003493770055,8.973321531900371,0.0,1567.473670908906,0.0,-0.0,0.0,0.0,1.0
S8,R3,PZ001,15,1558.5003493770055,10.497285509491196,0.0,1568.9976348864966,0.0,-0.0,0.0,0.0,1.0
S8,R3,PZ001,16,0.0,11.422674645323562,0.0,0.0,11.422674645323562,0.0,0.0,0.0,1.0
S8,R3,PZ001,17,0.0,11.42267464532356,0.04822237029224574,0.0,11.422674645323559,0.0,10.851540913057384,0.0,1.0
S8,R3,PZ001,18,0.0,10.720880094410543,0.0,22.143554739734107,0.0,11.422674645323562,21.703081826114765,0.0,1.0
S8,R3,PZ001,19,0.0,8.830606849298231,0.0,18.0258599387837,0.0,9.195253089485467,9.679213778405755,0.0,1.0
S8,R3,PZ001,20,0.0,6.319361334997976,0.0,6.319361334997976,0.0,-0.0,0.0,0.0,1.0
S8,R3,PZ001,21,1558.5003493770055,3.194659096321933,0.0,1561.6950084733273,0.0,-0.0,0.0,0.0,1.0
S8,R3,PZ001,22,1558.5003493770055,0.49328928274268735,0.0,1558.993638659748,0.0,-0.0,0.0,0.0,1.0
S8,R3,PZ001,23,1558.5003493770055,0.0,0.0,1558.5003493770055,0.0,-0.0,0.0,0.0,1.0
S8,R3,PZ006,0,188.366460932533,0.0,0.0,188.366460932533,0.0,-0.0,0.0,0.0,1.0
S8,R3,PZ006,1,188.36646093253302,0.0,0.0,188.36646093253302,0.0,-0.0,0.0,0.0,1.0
S8,R3,PZ006,2,188.36646093253302,0.0,0.0,188.36646093253302,0.0,-0.0,0.0,0.0,1.0
S8,R3,PZ006,3,188.36646093253302,0.0,0.0,188.36646093253302,0.0,-0.0,0.0,0.0,1.0
S8,R3,PZ006,4,188.36646093253302,0.0,0.0,188.36646093253302,0.0,-0.0,0.0,0.0,1.0
S8,R3,PZ006,5,188.36646093253302,0.0,0.0,188.36646093253302,0.0,-0.0,0.0,0.0,1.0
S8,R3,PZ006,6,0.0,0.0,0.0,0.0,0.0,0.0,0.0,0.0,1.0
S8,R3,PZ006,7,0.0,0.0,0.0,0.0,0.0,0.0,0.0,0.0,1.0
S8,R3,PZ006,8,60.07197628928107,0.0,0.0,0.0,60.07197628928107,0.0,0.0,0.0,1.0
S8,R3,PZ006,9,60.071976289281054,0.0,0.0,0.0,60.071976289281054,0.0,57.06837747481701,0.0,1.0
S8,R3,PZ006,10,188.36646093253302,0.0,0.0,248.43843722181407,0.0,60.071976289281054,114.13675494963401,0.0,1.0
S8,R3,PZ006,11,188.36646093253302,2.945221711618483,0.0,239.66962355702276,0.0,48.357940912871264,50.90309569775922,0.0,1.0
S8,R3,PZ006,12,188.36646093253302,16.751033013512387,0.0,205.1174939460454,0.0,-0.0,0.0,0.0,1.0
S8,R3,PZ006,13,188.36646093253302,34.10080341688184,0.0,222.46726434941485,0.0,-0.0,0.0,0.0,1.0
S8,R3,PZ006,14,188.36646093253302,47.190800319354196,0.0,235.5572612518872,0.0,-0.0,0.0,0.0,1.0
S8,R3,PZ006,15,188.36646093253302,55.20534426550729,0.0,243.5718051980403,0.0,-0.0,0.0,0.0,1.0
S8,R3,PZ006,16,0.0,60.071976289281054,0.0,0.0,60.071976289281054,0.0,0.0,0.0,1.0
S8,R3,PZ006,17,0.0,60.07197628928106,0.2536019955706621,0.0,60.07197628928107,0.0,57.068377474817,0.0,1.0
S8,R3,PZ006,18,0.0,56.38123073874985,0.0,116.4532070280309,0.0,60.071976289281054,114.13675494963401,0.0,1.0
S8,R3,PZ006,19,0.0,46.440262175214905,0.0,94.79820308808617,0.0,48.357940912871264,50.90309569775922,0.0,1.0
S8,R3,PZ006,20,0.0,33.23359336290058,0.0,33.23359336290058,0.0,-0.0,0.0,0.0,1.0
S8,R3,PZ006,21,188.36646093253302,16.80074863772425,0.0,205.16720957025726,0.0,-0.0,0.0,0.0,1.0
S8,R3,PZ006,22,188.36646093253302,2.5942139662366075,0.0,190.9606748987696,0.0,-0.0,0.0,0.0,1.0
S8,R3,PZ006,23,188.36646093253302,0.0,0.0,188.36646093253302,0.0,-0.0,0.0,0.0,1.0
S8,R3,PZ039,0,1664.6179894142774,0.0,0.0,1664.6179894142774,0.0,-0.0,0.0,0.0,1.0
S8,R3,PZ039,1,1664.6179894142774,0.0,0.0,1664.6179894142774,0.0,-0.0,0.0,0.0,1.0
S8,R3,PZ039,2,1664.6179894142774,0.0,0.0,1664.6179894142774,0.0,-0.0,0.0,0.0,1.0
S8,R3,PZ039,3,1664.6179894142774,0.0,0.0,1664.6179894142774,0.0,-0.0,0.0,0.0,1.0
S8,R3,PZ039,4,1664.6179894142774,0.0,0.0,1664.6179894142774,0.0,-0.0,0.0,0.0,1.0
S8,R3,PZ039,5,1664.6179894142774,0.0,0.0,1664.6179894142774,0.0,-0.0,0.0,0.0,1.0
S8,R3,PZ039,6,0.0,0.0,0.0,0.0,0.0,0.0,0.0,0.0,1.0
S8,R3,PZ039,7,125.15723347890618,0.0,0.0,0.0,125.15723347890618,0.0,0.0,0.0,1.0
S8,R3,PZ039,8,125.15723347890618,0.0,0.0,0.0,125.15723347890618,0.0,118.89937180496086,0.0,1.0
S8,R3,PZ039,9,1664.6179894142774,0.0,0.0,1789.7752228931836,0.0,125.15723347890618,237.79874360992173,0.0,1.0
S8,R3,PZ039,10,1664.6179894142774,0.0,0.0,1765.3695623647968,0.0,100.75157295051946,106.05428731633627,0.0,1.0
S8,R3,PZ039,11,1664.6179894142774,6.136235632286866,0.0,1670.7542250465642,0.0,-0.0,0.0,0.0,1.0
S8,R3,PZ039,12,1664.6179894142774,34.90001627030084,0.0,1699.5180056845782,0.0,-0.0,0.0,0.0,1.0
S8,R3,PZ039,13,1664.6179894142774,71.04747469123161,0.0,1735.665464105509,0.0,-0.0,0.0,0.0,1.0
S8,R3,PZ039,14,1664.6179894142774,98.31988854809391,0.0,1762.9378779623714,0.0,-0.0,0.0,0.0,1.0
S8,R3,PZ039,15,1664.6179894142774,115.01782675251123,0.0,1779.6358161667886,0.0,-0.0,0.0,0.0,1.0
S8,R3,PZ039,16,0.0,125.15723347890618,0.0,0.0,125.15723347890618,0.0,0.0,0.0,1.0
S8,R3,PZ039,17,0.0,125.15723347890616,0.5283682364220629,0.0,125.15723347890618,0.0,118.89937180496086,0.0,1.0
S8,R3,PZ039,18,0.0,117.46773279801228,0.0,242.62496627691846,0.0,125.15723347890618,237.79874360992173,0.0,1.0
S8,R3,PZ039,19,0.0,96.75617642235139,0.0,197.50774937287088,0.0,100.75157295051947,106.05428731633629,0.0,1.0
S8,R3,PZ039,20,0.0,69.24068194183518,0.0,69.24068194183518,0.0,-0.0,0.0,0.0,1.0
S8,R3,PZ039,21,1664.6179894142774,35.00359651472413,0.0,1699.6215859290016,0.0,-0.0,0.0,0.0,1.0
S8,R3,PZ039,22,1664.6179894142774,5.404926941357337,0.0,1670.0229163556348,0.0,-0.0,0.0,0.0,1.0
S8,R3,PZ039,23,1664.6179894142774,0.0,0.0,1664.6179894142774,0.0,-0.0,0.0,0.0,1.0
S8,R3,PZ040,0,1852.8733451858038,0.0,0.0,1852.8733451858038,0.0,-0.0,0.0,0.0,1.0
S8,R3,PZ040,1,1852.873345185804,0.0,0.0,1852.873345185804,0.0,-0.0,0.0,0.0,1.0
S8,R3,PZ040,2,1852.873345185804,0.0,0.0,1852.873345185804,0.0,-0.0,0.0,0.0,1.0
S8,R3,PZ040,3,1852.873345185804,0.0,0.0,1852.873345185804,0.0,-0.0,0.0,0.0,1.0
S8,R3,PZ040,4,1852.873345185804,0.0,0.0,1852.873345185804,0.0,-0.0,0.0,0.0,1.0
S8,R3,PZ040,5,1852.873345185804,0.0,0.0,1852.873345185804,0.0,-0.0,0.0,0.0,1.0
S8,R3,PZ040,6,0.0,0.0,0.0,0.0,0.0,0.0,0.0,0.0,1.0
S8,R3,PZ040,7,0.0,0.0,0.0,0.0,0.0,0.0,0.0,0.0,1.0
S8,R3,PZ040,8,132.1802888114038,0.0,0.0,0.0,132.1802888114038,0.0,0.0,0.0,1.0
S8,R3,PZ040,9,132.18028881140378,0.0,0.0,0.0,132.18028881140378,0.0,125.57127437083362,0.0,1.0
S8,R3,PZ040,10,1852.873345185804,0.0,0.0,1985.0536339972077,0.0,132.18028881140378,251.1425487416672,0.0,1.0
S8,R3,PZ040,11,1852.873345185804,6.480563492378606,0.0,1965.7590411713627,0.0,106.40513249318009,112.00540262440009,0.0,1.0
S8,R3,PZ040,12,1852.873345185804,36.85839085687797,0.0,1889.731736042682,0.0,-0.0,0.0,0.0,1.0
S8,R3,PZ040,13,1852.873345185804,75.03422265713995,0.0,1927.907567842944,0.0,-0.0,0.0,0.0,1.0
S8,R3,PZ040,14,1852.873345185804,103.83699689544835,0.0,1956.7103420812523,0.0,-0.0,0.0,0.0,1.0
S8,R3,PZ040,15,1852.873345185804,121.47192084722171,0.0,1974.3452660330258,0.0,-0.0,0.0,0.0,1.0
S8,R3,PZ040,16,0.0,132.18028881140378,0.0,0.0,132.18028881140378,0.0,0.0,0.0,1.0
S8,R3,PZ040,17,0.0,132.1802888114038,0.5580170170572387,0.0,132.1802888114038,0.0,125.57127437083359,0.0,1.0
S8,R3,PZ040,18,0.0,124.05930057473631,0.0,256.2395893861401,0.0,132.18028881140378,251.1425487416672,0.0,1.0
S8,R3,PZ040,19,0.0,102.1855388482123,0.0,208.5906713413924,0.0,106.40513249318009,112.00540262440009,0.0,1.0
S8,R3,PZ040,20,0.0,73.12604379444703,0.0,73.12604379444703,0.0,-0.0,0.0,0.0,1.0
S8,R3,PZ040,21,1852.873345185804,36.96778338851565,0.0,1889.8411285743198,0.0,-0.0,0.0,0.0,1.0
S8,R3,PZ040,22,1852.873345185804,5.708218248796289,0.0,1858.5815634346004,0.0,-0.0,0.0,0.0,1.0
S8,R3,PZ040,23,1852.873345185804,0.0,0.0,1852.873345185804,0.0,-0.0,0.0,0.0,1.0
S8,R3,PZ041,0,1968.6173920279389,0.0,0.0,1968.6173920279389,0.0,-0.0,0.0,0.0,1.0
S8,R3,PZ041,1,1968.6173920279389,0.0,0.0,1968.6173920279389,0.0,-0.0,0.0,0.0,1.0
S8,R3,PZ041,2,1968.6173920279389,0.0,0.0,1968.6173920279389,0.0,-0.0,0.0,0.0,1.0
S8,R3,PZ041,3,1968.6173920279389,0.0,0.0,1968.6173920279389,0.0,-0.0,0.0,0.0,1.0
S8,R3,PZ041,4,1968.6173920279389,0.0,0.0,1968.6173920279389,0.0,-0.0,0.0,0.0,1.0
S8,R3,PZ041,5,1968.6173920279389,0.0,0.0,1968.6173920279389,0.0,-0.0,0.0,0.0,1.0
S8,R3,PZ041,6,0.0,0.0,0.0,0.0,0.0,0.0,0.0,0.0,1.0
S8,R3,PZ041,7,0.0,0.0,0.0,0.0,0.0,0.0,0.0,0.0,1.0
S8,R3,PZ041,8,0.0,0.0,0.0,0.0,0.0,0.0,0.0,0.0,1.0
S8,R3,PZ041,9,0.0,0.0,0.0,0.0,0.0,0.0,0.0,0.0,1.0
S8,R3,PZ041,10,1968.6173920279389,0.0,0.0,1968.6173920279293,0.0,-9.549694368615746e-12,-1.0052309861700786e-11,0.0,1.0
S8,R3,PZ041,11,1968.6173920279439,1.0140581454736586,0.0,1969.6314501734175,0.0,-0.0,0.0,0.0,1.0
S8,R3,PZ041,12,1968.6173920279389,5.767484806132244,0.0,1974.384876834071,0.0,-0.0,0.0,0.0,1.0
S8,R3,PZ041,13,1968.6173920279389,11.741118617885714,0.0,1980.3585106458245,0.0,-0.0,0.0,0.0,1.0
S8,R3,PZ041,14,1968.6173920279389,16.248085930673387,0.0,1984.8654779586122,0.0,-0.0,0.0,0.0,1.0
S8,R3,PZ041,15,1968.6173920279389,19.007543236991765,0.0,1987.6249352649306,0.0,-0.0,0.0,0.0,1.0
S8,R3,PZ041,16,1968.6173920279389,20.68315489816575,0.0,1989.3005469261045,0.0,-0.0,0.0,0.0,1.0
S8,R3,PZ041,17,1968.6173920279389,20.77047164186023,0.0,1989.3878636697991,0.0,-0.0,0.0,0.0,1.0
S8,R3,PZ041,18,0.0,19.412408260103604,0.0,19.412408260103604,0.0,-0.0,0.0,0.0,1.0
S8,R3,PZ041,19,0.0,15.989670981621929,0.0,15.989670981621929,0.0,-0.0,0.0,0.0,1.0
S8,R3,PZ041,20,0.0,11.442532804937494,0.0,11.442532804937494,0.0,-0.0,0.0,0.0,1.0
S8,R3,PZ041,21,1968.6173920279457,5.784602204625699,0.0,1974.4019942325715,0.0,-0.0,0.0,0.0,1.0
S8,R3,PZ041,22,1968.6173920279389,0.8932039965568919,0.0,1969.5105960244957,0.0,-0.0,0.0,0.0,1.0
S8,R3,PZ041,23,1968.6173920279389,0.0,0.0,1968.6173920279389,0.0,-0.0,0.0,0.0,1.0
S8,R3,PZ047,0,2332.566666666667,0.0,0.0,2332.566666666667,0.0,-0.0,0.0,0.0,1.0
S8,R3,PZ047,1,2332.566666666667,0.0,0.0,2332.566666666667,0.0,-0.0,0.0,0.0,1.0
S8,R3,PZ047,2,2332.566666666667,0.0,0.0,2332.566666666667,0.0,-0.0,0.0,0.0,1.0
S8,R3,PZ047,3,2332.566666666667,0.0,0.0,2332.566666666667,0.0,-0.0,0.0,0.0,1.0
S8,R3,PZ047,4,2332.566666666667,0.0,0.0,2332.566666666667,0.0,-0.0,0.0,0.0,1.0
S8,R3,PZ047,5,2332.566666666667,0.0,0.0,2332.566666666667,0.0,-0.0,0.0,0.0,1.0
S8,R3,PZ047,6,0.0,0.0,0.0,0.0,0.0,0.0,0.0,0.0,1.0
S8,R3,PZ047,7,0.0,0.0,0.0,0.0,0.0,0.0,0.0,0.0,1.0
S8,R3,PZ047,8,-0.0,0.0,0.0,0.0,0.0,0.0,0.0,0.0,1.0
S8,R3,PZ047,9,-0.0,0.0,0.0,0.0,0.0,0.0,0.0,0.0,1.0
S8,R3,PZ047,10,2332.566666666667,0.0,0.0,2332.566666666667,0.0,-0.0,0.0,0.0,1.0
S8,R3,PZ047,11,2332.566666666667,0.0,0.0,2332.566666666667,0.0,-0.0,0.0,0.0,1.0
S8,R3,PZ047,12,2332.566666666667,0.0,0.0,2332.566666666667,0.0,-0.0,0.0,0.0,1.0
S8,R3,PZ047,13,2332.566666666667,0.0,0.0,2332.566666666667,0.0,-0.0,0.0,0.0,1.0
S8,R3,PZ047,14,2332.566666666667,0.0,0.0,2332.566666666667,0.0,-0.0,0.0,0.0,1.0
S8,R3,PZ047,15,2332.566666666667,0.0,0.0,2332.566666666667,0.0,-0.0,0.0,0.0,1.0
S8,R3,PZ047,16,0.0,0.0,0.0,0.0,0.0,0.0,0.0,0.0,1.0
S8,R3,PZ047,17,0.0,0.0,0.0,0.0,0.0,0.0,0.0,0.0,1.0
S8,R3,PZ047,18,0.0,0.0,0.0,-0.0,0.0,-0.0,0.0,0.0,1.0
S8,R3,PZ047,19,0.0,0.0,0.0,-0.0,0.0,-0.0,0.0,0.0,1.0
S8,R3,PZ047,20,0.0,0.0,0.0,-0.0,0.0,-0.0,0.0,0.0,1.0
S8,R3,PZ047,21,2332.566666666667,0.0,0.0,2332.566666666667,0.0,-0.0,0.0,0.0,1.0
S8,R3,PZ047,22,2332.566666666667,0.0,0.0,2332.566666666667,0.0,-0.0,0.0,0.0,1.0
S8,R3,PZ047,23,2332.566666666667,0.0,0.0,2332.566666666667,0.0,-0.0,0.0,0.0,1.0
S8,R3,PZ048,0,2775.2666666666664,0.0,0.0,2775.2666666666664,0.0,-0.0,0.0,0.0,1.0
S8,R3,PZ048,1,2775.266666666666,0.0,0.0,2775.266666666666,0.0,-0.0,0.0,0.0,1.0
S8,R3,PZ048,2,2775.266666666666,0.0,0.0,2775.266666666666,0.0,-0.0,0.0,0.0,1.0
S8,R3,PZ048,3,2775.266666666666,0.0,0.0,2775.266666666666,0.0,-0.0,0.0,0.0,1.0
S8,R3,PZ048,4,2775.266666666666,0.0,0.0,2775.266666666666,0.0,-0.0,0.0,0.0,1.0
S8,R3,PZ048,5,2775.266666666666,0.0,0.0,2775.266666666666,0.0,-0.0,0.0,0.0,1.0
S8,R3,PZ048,6,0.0,0.0,0.0,0.0,0.0,0.0,0.0,0.0,1.0
S8,R3,PZ048,7,0.0,0.0,0.0,0.0,0.0,0.0,0.0,0.0,1.0
S8,R3,PZ048,8,-0.0,0.0,0.0,0.0,0.0,0.0,0.0,0.0,1.0
S8,R3,PZ048,9,-0.0,0.0,0.0,0.0,0.0,0.0,0.0,0.0,1.0
S8,R3,PZ048,10,2775.266666666666,0.0,0.0,2775.266666666666,0.0,-0.0,0.0,0.0,1.0
S8,R3,PZ048,11,2775.266666666666,0.0,0.0,2775.266666666666,0.0,-0.0,0.0,0.0,1.0
S8,R3,PZ048,12,2775.266666666666,0.0,0.0,2775.266666666666,0.0,-0.0,0.0,0.0,1.0
S8,R3,PZ048,13,2775.266666666666,0.0,0.0,2775.266666666666,0.0,-0.0,0.0,0.0,1.0
S8,R3,PZ048,14,2775.266666666666,0.0,0.0,2775.266666666666,0.0,-0.0,0.0,0.0,1.0
S8,R3,PZ048,15,2775.266666666667,0.0,0.0,2775.266666666667,0.0,-0.0,0.0,0.0,1.0
S8,R3,PZ048,16,0.0,0.0,0.0,0.0,0.0,0.0,0.0,0.0,1.0
S8,R3,PZ048,17,0.0,0.0,0.0,0.0,0.0,0.0,0.0,0.0,1.0
S8,R3,PZ048,18,0.0,0.0,0.0,-0.0,0.0,-0.0,0.0,0.0,1.0
S8,R3,PZ048,19,0.0,0.0,0.0,-0.0,0.0,-0.0,0.0,0.0,1.0
S8,R3,PZ048,20,0.0,0.0,0.0,-0.0,0.0,-0.0,0.0,0.0,1.0
S8,R3,PZ048,21,2775.2666666666673,0.0,0.0,2775.2666666666673,0.0,-0.0,0.0,0.0,1.0
S8,R3,PZ048,22,2775.2666666666673,0.0,0.0,2775.2666666666673,0.0,-0.0,0.0,0.0,1.0
S8,R3,PZ048,23,2775.266666666666,0.0,0.0,2775.266666666666,0.0,-0.0,0.0,0.0,1.0
S8,R3,PZ049,0,2537.7666666666664,0.0,0.0,2537.7666666666664,0.0,-0.0,0.0,0.0,1.0
S8,R3,PZ049,1,2537.7666666666664,0.0,0.0,2537.7666666666664,0.0,-0.0,0.0,0.0,1.0
S8,R3,PZ049,2,2537.7666666666664,0.0,0.0,2537.7666666666664,0.0,-0.0,0.0,0.0,1.0
S8,R3,PZ049,3,2537.7666666666664,0.0,0.0,2537.7666666666664,0.0,-0.0,0.0,0.0,1.0
S8,R3,PZ049,4,2537.7666666666664,0.0,0.0,2537.7666666666664,0.0,-0.0,0.0,0.0,1.0
S8,R3,PZ049,5,2537.7666666666664,0.0,0.0,2537.7666666666664,0.0,-0.0,0.0,0.0,1.0
S8,R3,PZ049,6,0.0,0.0,0.0,0.0,0.0,0.0,0.0,0.0,1.0
S8,R3,PZ049,7,0.0,0.0,0.0,0.0,0.0,0.0,0.0,0.0,1.0
S8,R3,PZ049,8,0.0,0.0,0.0,0.0,0.0,0.0,0.0,0.0,1.0
S8,R3,PZ049,9,0.0,0.0,0.0,0.0,0.0,0.0,0.0,0.0,1.0
S8,R3,PZ049,10,2537.7666666666664,0.0,0.0,2537.7666666666664,0.0,-0.0,0.0,0.0,1.0
S8,R3,PZ049,11,2537.7666666666664,0.0,0.0,2537.7666666666664,0.0,-0.0,0.0,0.0,1.0
S8,R3,PZ049,12,2537.7666666666664,0.0,0.0,2537.7666666666664,0.0,-0.0,0.0,0.0,1.0
S8,R3,PZ049,13,2537.7666666666664,0.0,0.0,2537.7666666666664,0.0,-0.0,0.0,0.0,1.0
S8,R3,PZ049,14,2537.7666666666664,0.0,0.0,2537.7666666666664,0.0,-0.0,0.0,0.0,1.0
S8,R3,PZ049,15,2537.7666666666664,0.0,0.0,2537.7666666666664,0.0,-0.0,0.0,0.0,1.0
S8,R3,PZ049,16,0.0,0.0,0.0,0.0,0.0,0.0,0.0,0.0,1.0
S8,R3,PZ049,17,0.0,0.0,0.0,0.0,0.0,0.0,0.0,0.0,1.0
S8,R3,PZ049,18,0.0,0.0,0.0,-0.0,0.0,-0.0,0.0,0.0,1.0
S8,R3,PZ049,19,0.0,0.0,0.0,-0.0,0.0,-0.0,0.0,0.0,1.0
S8,R3,PZ049,20,0.0,0.0,0.0,-0.0,0.0,-0.0,0.0,0.0,1.0
S8,R3,PZ049,21,2537.766666666667,0.0,0.0,2537.766666666667,0.0,-0.0,0.0,0.0,1.0
S8,R3,PZ049,22,2537.7666666666664,0.0,0.0,2537.7666666666664,0.0,-0.0,0.0,0.0,1.0
S8,R3,PZ049,23,2537.7666666666664,0.0,0.0,2537.7666666666664,0.0,-0.0,0.0,0.0,1.0
S8,R3,PZ050,0,2934.2193299882647,0.0,0.0,2934.2193299882647,0.0,-0.0,0.0,0.0,1.0
S8,R3,PZ050,1,2934.2193299882647,0.0,0.0,2934.2193299882647,0.0,-0.0,0.0,0.0,1.0
S8,R3,PZ050,2,2934.2193299882647,0.0,0.0,2934.2193299882647,0.0,-0.0,0.0,0.0,1.0
S8,R3,PZ050,3,2934.2193299882647,0.0,0.0,2934.2193299882647,0.0,-0.0,0.0,0.0,1.0
S8,R3,PZ050,4,2934.2193299882647,0.0,0.0,2934.2193299882647,0.0,-0.0,0.0,0.0,1.0
S8,R3,PZ050,5,2934.2193299882647,0.0,0.0,2934.2193299882647,0.0,-0.0,0.0,0.0,1.0
S8,R3,PZ050,6,0.0,0.0,0.0,0.0,0.0,0.0,0.0,0.0,1.0
S8,R3,PZ050,7,0.0,0.0,0.0,0.0,0.0,0.0,0.0,0.0,1.0
S8,R3,PZ050,8,300.21150624952253,0.0,0.0,0.0,300.21150624952253,0.0,0.0,0.0,1.0
S8,R3,PZ050,9,300.21150624952253,0.0,0.0,0.0,300.21150624952253,0.0,285.2009309370464,0.0,1.0
S8,R3,PZ050,10,2934.2193299882647,0.0,0.0,3234.4308362377874,0.0,300.21150624952253,570.4018618740928,0.0,1.0
S8,R3,PZ050,11,2934.2193299882647,14.718833987180675,0.0,3190.608426506311,0.0,241.67026253086567,254.38975003249016,0.0,1.0
S8,R3,PZ050,12,2934.2193299882647,83.71379073671922,0.0,3017.933120724984,0.0,-0.0,0.0,0.0,1.0
S8,R3,PZ050,13,2934.2193299882647,170.419789567131,0.0,3104.6391195553956,0.0,-0.0,0.0,0.0,1.0
S8,R3,PZ050,14,2934.2193299882647,235.83744235033103,0.0,3170.0567723385957,0.0,-0.0,0.0,0.0,1.0
S8,R3,PZ050,15,2934.2193299882647,275.89036650236926,0.0,3210.1096964906337,0.0,-0.0,0.0,0.0,1.0
S8,R3,PZ050,16,0.0,300.21150624952253,0.0,0.0,300.21150624952253,0.0,0.0,0.0,1.0
S8,R3,PZ050,17,0.0,300.21150624952236,1.2673835918355394,0.0,300.2115062495224,0.0,285.2009309370464,0.0,1.0
S8,R3,PZ050,18,0.0,281.7668944795847,0.0,581.9784007291073,0.0,300.21150624952253,570.4018618740927,0.0,1.0
S8,R3,PZ050,19,0.0,232.08660542655926,0.0,473.75686795742484,0.0,241.6702625308656,254.3897500324901,0.0,1.0
S8,R3,PZ050,20,0.0,166.085881268747,0.0,166.085881268747,0.0,-0.0,0.0,0.0,1.0
S8,R3,PZ050,21,2934.2193299882647,83.9622460623257,0.0,3018.1815760505906,0.0,-0.0,0.0,0.0,1.0
S8,R3,PZ050,22,2934.2193299882647,12.964662234300546,0.0,2947.1839922225654,0.0,-0.0,0.0,0.0,1.0
S8,R3,PZ050,23,2934.2193299882647,0.0,0.0,2934.2193299882647,0.0,-0.0,0.0,0.0,1.0
S8,R3,PZ052,0,2643.0645716414892,0.0,0.0,2643.0645716414892,0.0,-0.0,0.0,0.0,1.0
S8,R3,PZ052,1,2643.0645716414897,0.0,0.0,2643.0645716414897,0.0,-0.0,0.0,0.0,1.0
S8,R3,PZ052,2,2643.0645716414897,0.0,0.0,2643.0645716414897,0.0,-0.0,0.0,0.0,1.0
S8,R3,PZ052,3,2643.0645716414897,0.0,0.0,2643.0645716414897,0.0,-0.0,0.0,0.0,1.0
S8,R3,PZ052,4,2643.0645716414897,0.0,0.0,2643.0645716414897,0.0,-0.0,0.0,0.0,1.0
S8,R3,PZ052,5,2643.0645716414897,0.0,0.0,2643.0645716414897,0.0,-0.0,0.0,0.0,1.0
S8,R3,PZ052,6,0.0,0.0,0.0,0.0,0.0,0.0,0.0,0.0,1.0
S8,R3,PZ052,7,0.0,0.0,0.0,0.0,0.0,0.0,0.0,0.0,1.0
S8,R3,PZ052,8,130.37661730282042,0.0,0.0,0.0,130.37661730282042,0.0,0.0,0.0,1.0
S8,R3,PZ052,9,130.37661730282045,0.0,0.0,0.0,130.37661730282045,0.0,123.8577864376794,0.0,1.0
S8,R3,PZ052,10,2643.0645716414897,0.0,0.0,2773.44118894431,0.0,130.37661730282045,247.71557287535882,0.0,1.0
S8,R3,PZ052,11,2643.0645716414897,6.3921326995888705,0.0,2754.409881269849,0.0,104.95317692877045,110.47702834607415,0.0,1.0
S8,R3,PZ052,12,2643.0645716414897,36.355438184898,0.0,2679.4200098263877,0.0,-0.0,0.0,0.0,1.0
S8,R3,PZ052,13,2643.0645716414897,74.01034011918844,0.0,2717.0749117606783,0.0,-0.0,0.0,0.0,1.0
S8,R3,PZ052,14,2643.0645716414897,102.42008492981934,0.0,2745.484656571309,0.0,-0.0,0.0,0.0,1.0
S8,R3,PZ052,15,2643.0645716414897,119.8143708093516,0.0,2762.8789424508414,0.0,-0.0,0.0,0.0,1.0
S8,R3,PZ052,16,0.0,130.37661730282045,0.0,0.0,130.37661730282045,0.0,0.0,0.0,1.0
S8,R3,PZ052,17,0.0,130.37661730282042,0.5504025731487445,0.0,130.37661730282042,0.0,123.85778643767942,0.0,1.0
S8,R3,PZ052,18,0.0,122.36644434152974,0.0,252.74306164435018,0.0,130.37661730282045,247.71557287535882,0.0,1.0
S8,R3,PZ052,19,0.0,100.79116192055457,0.0,205.74433884932503,0.0,104.95317692877045,110.47702834607415,0.0,1.0
S8,R3,PZ052,20,0.0,72.12819938879854,0.0,72.12819938879854,0.0,-0.0,0.0,0.0,1.0
S8,R3,PZ052,21,2643.0645716414897,36.463337996294705,0.0,2679.5279096377844,0.0,-0.0,0.0,0.0,1.0
S8,R3,PZ052,22,2643.0645716414897,5.630326524449859,0.0,2648.69489816594,0.0,-0.0,0.0,0.0,1.0
S8,R3,PZ052,23,2643.0645716414897,0.0,0.0,2643.0645716414897,0.0,-0.0,0.0,0.0,1.0
S8,R4,PZ001,0,1.4136228950359842e-12,0.0,0.0,0.0,0.0,-1.413622895035984e-12,4.385044620427338e-12,0.0,1.0
S8,R4,PZ001,1,-0.0,0.0,0.0,-0.0,0.0,0.0,5.8730687204652155e-12,0.0,1.0
S8,R4,PZ001,2,-0.0,0.0,0.0,-0.0,0.0,0.0,5.8730687204652155e-12,0.0,1.0
S8,R4,PZ001,3,-0.0,0.0,0.0,-0.0,0.0,0.0,5.8730687204652155e-12,0.0,1.0
S8,R4,PZ001,4,-0.0,0.0,0.0,-0.0,0.0,0.0,5.8730687204652155e-12,0.0,1.0
S8,R4,PZ001,5,-0.0,0.0,0.0,-0.0,0.0,0.0,5.8730687204652155e-12,0.0,1.0
S8,R4,PZ001,6,0.0,0.0,0.0,0.0,0.0,0.0,5.8730687204652155e-12,0.0,1.0
S8,R4,PZ001,7,0.0,0.0,0.0,0.0,0.0,0.0,5.8730687204652155e-12,0.0,1.0
S8,R4,PZ001,8,-8.171697260617983e-12,0.0,0.0,0.0,-8.171697260617983e-12,0.0,5.8730687204652155e-12,0.0,1.0
S8,R4,PZ001,9,-0.0,0.0,0.0,0.0,0.0,0.0,-1.8900436771218677e-12,0.0,1.0
S8,R4,PZ001,10,-0.0,0.0,0.0,0.0,0.0,-1.7955414932657745e-12,-1.8900436771218677e-12,0.0,1.0
S8,R4,PZ001,11,0.0,221.8816386642725,0.0,221.8816386642725,0.0,-0.0,0.0,0.0,1.0
S8,R4,PZ001,12,0.0,1261.9581879677912,0.0,1261.9581879677912,0.0,-0.0,0.0,0.0,1.0
S8,R4,PZ001,13,0.0,2569.022940465846,0.0,2569.022940465846,0.0,-0.0,0.0,0.0,1.0
S8,R4,PZ001,14,0.0,3555.172795117961,0.0,3555.172795117965,0.0,4.231645733908697e-12,0.0,0.0,1.0
S8,R4,PZ001,15,0.0,4158.957609315211,0.0,4158.957609315206,0.0,-4.3048799731719035e-12,0.0,0.0,1.0
S8,R4,PZ001,16,0.0,4.732556587044335e-12,4525.5908865151,0.0,4.732556587044335e-12,0.0,0.0,0.0,1.0
S8,R4,PZ001,17,0.0,-6.718520241308054e-13,4544.696282256199,0.0,-6.718520241308055e-13,0.0,4.495928757692118e-12,0.0,1.0
S8,R4,PZ001,18,0.0,4247.544358671624,0.0,4247.544358671624,0.0,-0.0,3.8576693347678524e-12,0.0,1.0
S8,R4,PZ001,19,0.0,3498.6301475323044,0.0,3498.6301475323035,0.0,-1.0288201036907693e-12,3.8576693347678524e-12,0.0,1.0
S8,R4,PZ001,20,0.0,2503.6906814089357,0.0,2503.6906814089357,0.0,0.0,4.940637864968662e-12,0.0,1.0
S8,R4,PZ001,21,0.0,1265.7035712521222,0.0,1265.7035712521222,0.0,0.0,4.940637864968662e-12,0.0,1.0
S8,R4,PZ001,22,0.0,195.4380696039372,0.0,195.4380696039372,0.0,0.0,4.940637864968662e-12,0.0,1.0
S8,R4,PZ001,23,0.0,0.0,0.0,0.0,0.0,5.278135823142582e-13,4.940637864968662e-12,0.0,1.0
S8,R4,PZ006,0,-0.0,0.0,0.0,-0.0,0.0,-0.0,0.0,0.0,1.0
S8,R4,PZ006,1,-0.0,0.0,0.0,-0.0,0.0,-0.0,0.0,0.0,1.0
S8,R4,PZ006,2,-0.0,0.0,0.0,-0.0,0.0,-0.0,0.0,0.0,1.0
S8,R4,PZ006,3,3.410605131648481e-13,0.0,0.0,3.410605131648481e-13,0.0,-0.0,0.0,0.0,1.0
S8,R4,PZ006,4,-0.0,0.0,0.0,-0.0,0.0,-0.0,0.0,0.0,1.0
S8,R4,PZ006,5,-0.0,0.0,0.0,-0.0,0.0,-0.0,0.0,0.0,1.0
S8,R4,PZ006,6,0.0,0.0,0.0,0.0,0.0,0.0,0.0,0.0,1.0
S8,R4,PZ006,7,0.0,0.0,0.0,0.0,0.0,0.0,0.0,0.0,1.0
S8,R4,PZ006,8,0.0,0.0,0.0,0.0,0.0,0.0,0.0,0.0,1.0
S8,R4,PZ006,9,0.0,0.0,0.0,0.0,0.0,0.0,0.0,0.0,1.0
S8,R4,PZ006,10,-0.0,0.0,0.0,-0.0,0.0,-0.0,0.0,0.0,1.0
S8,R4,PZ006,11,0.0,31.697376952038923,0.0,31.697376952038923,0.0,-0.0,0.0,0.0,1.0
S8,R4,PZ006,12,0.0,180.2797411382558,0.0,180.2797411382558,0.0,-0.0,0.0,0.0,1.0
S8,R4,PZ006,13,0.0,367.00327720940646,0.0,367.00327720940646,0.0,-0.0,0.0,0.0,1.0
S8,R4,PZ006,14,0.0,507.88182787399427,0.0,507.88182787399427,0.0,-0.0,0.0,0.0,1.0
S8,R4,PZ006,15,0.0,594.1368013307443,0.0,594.1368013307443,0.0,-0.0,0.0,0.0,1.0
S8,R4,PZ006,16,0.0,-0.0,646.5129837878711,0.0,0.0,0.0,0.0,0.0,1.0
S8,R4,PZ006,17,0.0,-0.0,649.2423260365996,0.0,0.0,0.0,0.0,0.0,1.0
S8,R4,PZ006,18,0.0,606.7920512388032,0.0,606.7920512388032,0.0,-0.0,-0.0,0.0,1.0
S8,R4,PZ006,19,0.0,499.804306790329,0.0,499.804306790329,0.0,-0.0,0.0,0.0,1.0
S8,R4,PZ006,20,0.0,357.6700973441336,0.0,357.6700973441336,0.0,-0.0,0.0,0.0,1.0
S8,R4,PZ006,21,0.0,180.81479589316024,0.0,180.81479589316024,0.0,-0.0,0.0,0.0,1.0
S8,R4,PZ006,22,0.0,27.919724229133884,0.0,27.919724229133884,0.0,-0.0,0.0,0.0,1.0
S8,R4,PZ006,23,0.0,0.0,0.0,-0.0,0.0,-0.0,0.0,0.0,1.0
S8,R4,PZ039,0,-0.0,0.0,0.0,-0.0,0.0,-0.0,0.0,0.0,1.0
S8,R4,PZ039,1,-0.0,0.0,0.0,-0.0,0.0,-0.0,0.0,0.0,1.0
S8,R4,PZ039,2,-0.0,0.0,0.0,-0.0,0.0,-0.0,0.0,0.0,1.0
S8,R4,PZ039,3,-0.0,0.0,0.0,-0.0,0.0,-0.0,0.0,0.0,1.0
S8,R4,PZ039,4,-0.0,0.0,0.0,-0.0,0.0,-0.0,0.0,0.0,1.0
S8,R4,PZ039,5,-0.0,0.0,0.0,7.821102873098878e-13,0.0,7.821102873098878e-13,0.0,0.0,1.0
S8,R4,PZ039,6,0.0,0.0,0.0,0.0,0.0,0.0,-8.232739866419871e-13,0.0,1.0
S8,R4,PZ039,7,0.0,0.0,0.0,0.0,0.0,0.0,-8.232739866419871e-13,0.0,1.0
S8,R4,PZ039,8,-7.138873195587041e-13,0.0,0.0,0.0,-7.138873195587041e-13,0.0,-8.232739866419871e-13,0.0,1.0
S8,R4,PZ039,9,1.4263935932116183e-12,0.0,0.0,0.0,0.0,-1.4263935932116183e-12,-1.501466940222756e-12,0.0,1.0
S8,R4,PZ039,10,-0.0,0.0,0.0,-0.0,0.0,-0.0,0.0,0.0,1.0
S8,R4,PZ039,11,0.0,262.11292479570653,0.0,262.11292479570653,0.0,-0.0,0.0,0.0,1.0
S8,R4,PZ039,12,0.0,1490.774782489423,0.0,1490.774782489423,0.0,-0.0,0.0,0.0,1.0
S8,R4,PZ039,13,0.0,3034.834792308554,0.0,3034.834792308554,0.0,-0.0,0.0,0.0,1.0
S8,R4,PZ039,14,0.0,4199.792038188799,0.0,4199.792038188799,0.0,-0.0,0.0,0.0,1.0
S8,R4,PZ039,15,0.0,4913.05431869654,0.0,4913.05431869654,0.0,-0.0,0.0,0.0,1.0
S8,R4,PZ039,16,0.0,-0.0,5346.165058245859,0.0,0.0,0.0,0.0,0.0,1.0
S8,R4,PZ039,17,0.0,-0.0,5368.734619148805,0.0,0.0,0.0,0.0,0.0,1.0
S8,R4,PZ039,18,0.0,5017.703500628566,0.0,5017.703500628566,0.0,-0.0,-0.0,0.0,1.0
S8,R4,PZ039,19,0.0,4132.997152304644,0.0,4132.997152304643,-0.0,0.0,-9.294778617739456e-13,0.0,1.0
S8,R4,PZ039,20,0.0,2957.6565741918744,0.0,2957.6565741918744,-0.0,0.0,-0.0,0.0,1.0
S8,R4,PZ039,21,0.0,1495.1992737319022,0.0,1495.1992737319022,0.0,-0.0,0.0,0.0,1.0
S8,R4,PZ039,22,0.0,230.87464266399178,0.0,230.87464266399257,0.0,7.821102873098878e-13,0.0,0.0,1.0
S8,R4,PZ039,23,-0.0,0.0,0.0,0.0,0.0,-7.821102873098878e-13,-8.232739866419871e-13,0.0,1.0
S8,R4,PZ040,0,-0.0,0.0,0.0,-0.0,0.0,-0.0,0.0,0.0,1.0
S8,R4,PZ040,1,-0.0,0.0,0.0,-0.0,0.0,-0.0,0.0,0.0,1.0
S8,R4,PZ040,2,-0.0,0.0,0.0,-0.0,0.0,-0.0,0.0,0.0,1.0
S8,R4,PZ040,3,8.526512829121202e-14,0.0,0.0,8.526512829121202e-14,0.0,-0.0,0.0,0.0,1.0
S8,R4,PZ040,4,-0.0,0.0,0.0,-0.0,0.0,-0.0,0.0,0.0,1.0
S8,R4,PZ040,5,-0.0,0.0,0.0,-0.0,0.0,-0.0,0.0,0.0,1.0
S8,R4,PZ040,6,0.0,0.0,0.0,0.0,0.0,0.0,0.0,0.0,1.0
S8,R4,PZ040,7,0.0,0.0,0.0,0.0,0.0,0.0,0.0,0.0,1.0
S8,R4,PZ040,8,0.0,0.0,0.0,0.0,0.0,0.0,0.0,0.0,1.0
S8,R4,PZ040,9,0.0,0.0,0.0,0.0,0.0,0.0,0.0,0.0,1.0
S8,R4,PZ040,10,-0.0,0.0,0.0,-0.0,0.0,-0.0,0.0,0.0,1.0
S8,R4,PZ040,11,0.0,273.65213089542016,0.0,273.65213089542016,0.0,-0.0,0.0,0.0,1.0
S8,R4,PZ040,12,0.0,1556.4043483599687,0.0,1556.4043483599687,0.0,-0.0,0.0,0.0,1.0
S8,R4,PZ040,13,0.0,3168.439742061889,0.0,3168.439742061889,0.0,-0.0,0.0,0.0,1.0
S8,R4,PZ040,14,0.0,4384.682828837024,0.0,4384.682828837024,0.0,-0.0,0.0,0.0,1.0
S8,R4,PZ040,15,0.0,5129.345622937696,0.0,5129.345622937696,0.0,-0.0,0.0,0.0,1.0
S8,R4,PZ040,16,0.0,-0.0,5581.523541610494,0.0,0.0,0.0,0.0,0.0,1.0
S8,R4,PZ040,17,0.0,-0.0,5605.08670027304,0.0,0.0,0.0,0.0,0.0,1.0
S8,R4,PZ040,18,0.0,5238.601859174355,0.0,5238.601859174355,0.0,-0.0,-0.0,0.0,1.0
S8,R4,PZ040,19,0.0,4314.947378479656,0.0,4314.947378479656,0.0,-0.0,0.0,0.0,1.0
S8,R4,PZ040,20,0.0,3087.863845765275,0.0,3087.863845765275,0.0,-0.0,0.0,0.0,1.0
S8,R4,PZ040,21,0.0,1561.0236225051726,0.0,1561.0236225051726,0.0,-0.0,0.0,0.0,1.0
S8,R4,PZ040,22,0.0,241.0386209835423,0.0,241.0386209835423,0.0,-0.0,0.0,0.0,1.0
S8,R4,PZ040,23,0.0,0.0,0.0,-0.0,0.0,-0.0,0.0,0.0,1.0
S8,R4,PZ041,0,0.0,0.0,0.0,-0.0,0.0,-0.0,0.0,0.0,1.0
S8,R4,PZ041,1,0.0,0.0,0.0,-0.0,0.0,-0.0,0.0,0.0,1.0
S8,R4,PZ041,2,0.0,0.0,0.0,-0.0,0.0,0.0,-0.0,0.0,1.0
S8,R4,PZ041,3,0.0,0.0,0.0,0.0,0.0,-0.0,-0.0,0.0,1.0
S8,R4,PZ041,4,0.0,0.0,0.0,-0.0,0.0,-0.0,0.0,0.0,1.0
S8,R4,PZ041,5,0.0,0.0,0.0,-0.0,0.0,-0.0,0.0,0.0,1.0
S8,R4,PZ041,6,0.0,0.0,0.0,0.0,0.0,0.0,0.0,0.0,1.0
S8,R4,PZ041,7,0.0,0.0,0.0,0.0,0.0,0.0,0.0,0.0,1.0
S8,R4,PZ041,8,0.0,0.0,0.0,0.0,0.0,0.0,0.0,0.0,1.0
S8,R4,PZ041,9,0.0,0.0,0.0,0.0,0.0,0.0,0.0,0.0,1.0
S8,R4,PZ041,10,0.0,0.0,0.0,-0.0,0.0,-0.0,0.0,0.0,1.0
S8,R4,PZ041,11,0.0,229.15512313856584,0.0,229.15512313856584,0.0,-0.0,0.0,0.0,1.0
S8,R4,PZ041,12,0.0,1303.3263396663608,0.0,1303.3263396663608,0.0,-0.0,0.0,0.0,1.0
S8,R4,PZ041,13,0.0,2653.2378785926317,0.0,2653.2378785926317,0.0,-0.0,0.0,0.0,1.0
S8,R4,PZ041,14,0.0,3671.7146337504328,0.0,3671.714633750431,0.0,-2.1274854841549196e-12,0.0,0.0,1.0
S8,R4,PZ041,15,0.0,4295.292070258909,0.0,4295.292070258911,0.0,2.1274854841549196e-12,2.2394584043735997e-12,0.0,1.0
S8,R4,PZ041,16,0.0,4673.943923964388,0.0,4673.943923964389,0.0,5.828413238529304e-13,0.0,0.0,1.0
S8,R4,PZ041,17,0.0,4693.6756121744575,0.0,4693.675612174457,0.0,-5.828413238529304e-13,0.0,0.0,1.0
S8,R4,PZ041,18,0.0,4386.782774849972,0.0,4386.782774849971,0.0,-1.057034252487091e-12,0.0,0.0,1.0
S8,R4,PZ041,19,0.0,3613.3184660996394,0.0,3613.3184660996358,0.0,-3.637978807091713e-12,-3.8294513758860134e-12,0.0,1.0
S8,R4,PZ041,20,0.0,2585.763967911091,0.0,2585.763967911091,0.0,-0.0,0.0,0.0,1.0
S8,R4,PZ041,21,0.0,1307.19450006435,0.0,1307.19450006435,0.0,-0.0,0.0,0.0,1.0
S8,R4,PZ041,22,0.0,201.84470952920373,0.0,201.84470952920373,0.0,-0.0,0.0,0.0,1.0
S8,R4,PZ041,23,0.0,0.0,0.0,-0.0,0.0,-0.0,0.0,0.0,1.0
S8,R4,PZ047,0,-0.0,0.0,0.0,-0.0,0.0,-0.0,0.0,0.0,1.0
S8,R4,PZ047,1,-3.865352482534945e-12,0.0,0.0,-3.865352482534945e-12,0.0,-0.0,0.0,0.0,1.0
S8,R4,PZ047,2,-0.0,0.0,0.0,-0.0,0.0,-0.0,0.0,0.0,1.0
S8,R4,PZ047,3,-0.0,0.0,0.0,-0.0,0.0,-0.0,0.0,0.0,1.0
S8,R4,PZ047,4,-0.0,0.0,0.0,-0.0,0.0,-0.0,0.0,0.0,1.0
S8,R4,PZ047,5,-0.0,0.0,0.0,-0.0,0.0,-0.0,0.0,0.0,1.0
S8,R4,PZ047,6,0.0,0.0,0.0,0.0,0.0,0.0,0.0,0.0,1.0
S8,R4,PZ047,7,0.0,0.0,0.0,0.0,0.0,0.0,0.0,0.0,1.0
S8,R4,PZ047,8,0.0,0.0,0.0,0.0,0.0,0.0,0.0,0.0,1.0
S8,R4,PZ047,9,0.0,0.0,0.0,0.0,0.0,0.0,0.0,0.0,1.0
S8,R4,PZ047,10,-0.0,0.0,0.0,-0.0,0.0,-0.0,0.0,0.0,1.0
S8,R4,PZ047,11,0.0,330.66299149863266,0.0,330.66299149863266,0.0,-0.0,0.0,0.0,1.0
S8,R4,PZ047,12,0.0,1880.6552542682955,0.0,1880.6552542682955,0.0,-0.0,0.0,0.0,1.0
S8,R4,PZ047,13,0.0,3828.531354991449,0.0,3828.531354991449,0.0,-0.0,0.0,0.0,1.0
S8,R4,PZ047,14,0.0,5298.158418178071,0.0,5298.158418178071,0.0,-0.0,0.0,0.0,1.0
S8,R4,PZ047,15,0.0,6197.959294383049,0.0,6197.959294383049,0.0,-0.0,0.0,0.0,1.0
S8,R4,PZ047,16,0.0,0.0,6744.340946112681,0.0,0.0,0.0,0.0,0.0,1.0
S8,R4,PZ047,17,0.0,-0.0,6772.813096163257,0.0,0.0,0.0,0.0,0.0,1.0
S8,R4,PZ047,18,0.0,6329.977246502346,0.0,6329.977246502346,0.0,-0.0,-0.0,0.0,1.0
S8,R4,PZ047,19,0.0,5213.894748996252,0.0,5213.894748996252,0.0,-0.0,0.0,0.0,1.0
S8,R4,PZ047,20,0.0,3731.168813633041,0.0,3731.168813633041,0.0,-0.0,0.0,0.0,1.0
S8,R4,PZ047,21,0.0,1886.2368771937502,0.0,1886.2368771937502,0.0,-0.0,0.0,0.0,1.0
S8,R4,PZ047,22,0.0,291.2550003551136,0.0,291.2550003551136,0.0,-0.0,0.0,0.0,1.0
S8,R4,PZ047,23,0.0,0.0,0.0,-0.0,0.0,-0.0,0.0,0.0,1.0
S8,R4,PZ048,0,7.275957614183426e-12,0.0,0.0,7.275957614183426e-12,0.0,-0.0,0.0,0.0,1.0
S8,R4,PZ048,1,-0.0,0.0,0.0,-0.0,0.0,-0.0,0.0,0.0,1.0
S8,R4,PZ048,2,-0.0,0.0,0.0,-0.0,0.0,-0.0,0.0,0.0,1.0
S8,R4,PZ048,3,-0.0,0.0,0.0,-0.0,0.0,-0.0,0.0,0.0,1.0
S8,R4,PZ048,4,-0.0,0.0,0.0,-0.0,0.0,-0.0,0.0,0.0,1.0
S8,R4,PZ048,5,-0.0,0.0,0.0,-0.0,0.0,-0.0,0.0,0.0,1.0
S8,R4,PZ048,6,0.0,0.0,0.0,0.0,0.0,0.0,0.0,0.0,1.0
S8,R4,PZ048,7,0.0,0.0,0.0,0.0,0.0,0.0,0.0,0.0,1.0
S8,R4,PZ048,8,0.0,0.0,0.0,0.0,0.0,0.0,0.0,0.0,1.0
S8,R4,PZ048,9,0.0,0.0,0.0,0.0,0.0,0.0,0.0,0.0,1.0
S8,R4,PZ048,10,-0.0,0.0,0.0,-0.0,0.0,-0.0,0.0,0.0,1.0
S8,R4,PZ048,11,0.0,393.41982860358627,0.0,393.41982860358627,0.0,-0.0,0.0,0.0,1.0
S8,R4,PZ048,12,0.0,2237.586566441398,0.0,2237.586566441398,0.0,-0.0,0.0,0.0,1.0
S8,R4,PZ048,13,0.0,4555.1518863895,0.0,4555.1518863895,0.0,-0.0,0.0,0.0,1.0
S8,R4,PZ048,14,0.0,6303.700838570813,0.0,6303.700838570813,0.0,-0.0,0.0,0.0,1.0
S8,R4,PZ048,15,0.0,7374.2757610606905,0.0,7374.2757610606905,0.0,-0.0,0.0,0.0,1.0
S8,R4,PZ048,16,0.0,0.0,8024.355695320598,0.0,0.0,0.0,0.0,0.0,1.0
S8,R4,PZ048,17,0.0,-0.0,8058.2316012455585,0.0,0.0,0.0,0.0,0.0,1.0
S8,R4,PZ048,18,0.0,7531.349523261818,0.0,7531.349523261818,0.0,-0.0,-0.0,0.0,1.0
S8,R4,PZ048,19,0.0,6203.444689139716,0.0,6203.444689139716,0.0,-0.0,0.0,0.0,1.0
S8,R4,PZ048,20,0.0,4439.31081763236,0.0,4439.31081763236,0.0,-0.0,0.0,0.0,1.0
S8,R4,PZ048,21,0.0,2244.2275307800737,0.0,2244.2275307800737,0.0,-0.0,0.0,0.0,1.0
S8,R4,PZ048,22,0.0,346.5325581200401,0.0,346.5325581200401,0.0,-0.0,0.0,0.0,1.0
S8,R4,PZ048,23,0.0,0.0,0.0,-0.0,0.0,-0.0,0.0,0.0,1.0
S8,R4,PZ049,0,-0.0,0.0,0.0,-0.0,0.0,-0.0,0.0,0.0,1.0
S8,R4,PZ049,1,-0.0,0.0,0.0,-0.0,0.0,-0.0,0.0,0.0,1.0
S8,R4,PZ049,2,4.2444374298779275e-12,0.0,0.0,4.2444374298779275e-12,0.0,-0.0,0.0,0.0,1.0
S8,R4,PZ049,3,-0.0,0.0,0.0,-0.0,0.0,-0.0,0.0,0.0,1.0
S8,R4,PZ049,4,-2.425448026332071e-12,0.0,0.0,-2.425448026332071e-12,0.0,-0.0,0.0,0.0,1.0
S8,R4,PZ049,5,-0.0,0.0,0.0,-0.0,0.0,-0.0,0.0,0.0,1.0
S8,R4,PZ049,6,0.0,0.0,0.0,0.0,0.0,0.0,0.0,0.0,1.0
S8,R4,PZ049,7,0.0,0.0,0.0,0.0,0.0,0.0,0.0,0.0,1.0
S8,R4,PZ049,8,0.0,0.0,0.0,0.0,0.0,0.0,0.0,0.0,1.0
S8,R4,PZ049,9,0.0,0.0,0.0,0.0,0.0,0.0,0.0,0.0,1.0
S8,R4,PZ049,10,-0.0,0.0,0.0,-0.0,0.0,-0.0,0.0,0.0,1.0
S8,R4,PZ049,11,0.0,359.751997538697,0.0,359.751997538697,0.0,-0.0,0.0,0.0,1.0
S8,R4,PZ049,12,0.0,2046.099810983725,0.0,2046.099810983725,0.0,-0.0,0.0,0.0,1.0
S8,R4,PZ049,13,0.0,4165.334004738185,0.0,4165.334004738185,0.0,-0.0,0.0,0.0,1.0
S8,R4,PZ049,14,0.0,5764.246750377282,0.0,5764.246750377282,0.0,-0.0,0.0,0.0,1.0
S8,R4,PZ049,15,0.0,6743.204695246506,0.0,6743.204695246506,0.0,-0.0,0.0,0.0,1.0
S8,R4,PZ049,16,0.0,-0.0,7337.652503685449,0.0,0.0,0.0,0.0,0.0,1.0
S8,R4,PZ049,17,0.0,-0.0,7368.6293989481865,0.0,0.0,0.0,0.0,0.0,1.0
S8,R4,PZ049,18,0.0,6886.836499249226,0.0,6886.836499249226,0.0,-0.0,-0.0,0.0,1.0
S8,R4,PZ049,19,0.0,5672.570257732278,0.0,5672.570257732278,0.0,-0.0,0.0,0.0,1.0
S8,R4,PZ049,20,0.0,4059.406309049035,0.0,4059.406309049035,0.0,-0.0,0.0,0.0,1.0
S8,R4,PZ049,21,0.0,2052.1724591135912,0.0,2052.1724591135912,0.0,-0.0,0.0,0.0,1.0
S8,R4,PZ049,22,0.0,316.8772159714744,0.0,316.8772159714744,0.0,-0.0,0.0,0.0,1.0
S8,R4,PZ049,23,0.0,0.0,0.0,-0.0,0.0,-0.0,0.0,0.0,1.0
S8,R4,PZ050,0,-0.0,0.0,0.0,-0.0,0.0,-0.0,0.0,0.0,1.0
S8,R4,PZ050,1,-0.0,0.0,0.0,-0.0,0.0,-0.0,0.0,0.0,1.0
S8,R4,PZ050,2,-0.0,0.0,0.0,-0.0,0.0,0.0,-0.0,0.0,1.0
S8,R4,PZ050,3,-0.0,0.0,0.0,-0.0,0.0,-0.0,0.0,0.0,1.0
S8,R4,PZ050,4,-0.0,0.0,0.0,-0.0,0.0,-0.0,0.0,0.0,1.0
S8,R4,PZ050,5,2.376623342570383e-10,0.0,0.0,2.376623342570383e-10,0.0,-0.0,0.0,0.0,1.0
S8,R4,PZ050,6,0.0,0.0,0.0,0.0,0.0,0.0,0.0,0.0,1.0
S8,R4,PZ050,7,0.0,0.0,0.0,0.0,0.0,0.0,0.0,0.0,1.0
S8,R4,PZ050,8,0.0,0.0,0.0,0.0,0.0,0.0,0.0,0.0,1.0
S8,R4,PZ050,9,0.0,0.0,0.0,0.0,0.0,0.0,7.503526832546343e-11,0.0,1.0
S8,R4,PZ050,10,-0.0,0.0,0.0,-4.960966897293608e-11,0.0,2.167383593625418e-11,7.503526832546343e-11,0.0,1.0
S8,R4,PZ050,11,0.0,440.91391562578985,0.0,440.9139156258395,0.0,4.960966897293608e-11,5.2220704182037974e-11,0.0,1.0
S8,R4,PZ050,12,0.0,2507.7105494736884,0.0,2507.7105494736884,0.0,-0.0,0.0,0.0,1.0
S8,R4,PZ050,13,0.0,5105.054978105587,0.0,5105.054978105587,0.0,-0.0,0.0,0.0,1.0
S8,R4,PZ050,14,0.0,7064.690738982439,0.0,7064.690738982439,0.0,-0.0,0.0,0.0,1.0
S8,R4,PZ050,15,0.0,8264.506677902511,0.0,8264.506677902511,0.0,-0.0,0.0,0.0,1.0
S8,R4,PZ050,16,0.0,-2.028057208096938e-11,8993.064997653832,0.0,-2.028057208096938e-11,0.0,0.0,0.0,1.0
S8,R4,PZ050,17,0.0,2.4154761599655115e-11,9031.030441286299,0.0,2.4154761599655118e-11,0.0,-1.9266543476920908e-11,0.0,1.0
S8,R4,PZ050,18,0.0,8440.542562468858,0.0,8440.542562468858,0.0,0.0,3.680480042751452e-12,0.0,1.0
S8,R4,PZ050,19,0.0,6952.3315537117605,0.0,6952.331553711798,0.0,3.727218923683489e-11,3.923388340719462e-11,0.0,1.0
S8,R4,PZ050,20,0.0,4975.229444407236,0.0,4975.229444407236,0.0,0.0,-0.0,0.0,1.0
S8,R4,PZ050,21,0.0,2515.1532185442416,0.0,2515.1532185442516,0.0,0.0,-0.0,0.0,1.0
S8,R4,PZ050,22,0.0,388.3663607776176,0.0,388.36636077760045,0.0,-1.718789579770919e-11,0.0,0.0,1.0
S8,R4,PZ050,23,-2.2205626603843998e-11,0.0,0.0,0.0,0.0,1.718789579770919e-11,1.809252189232546e-11,0.0,1.0
S8,R4,PZ052,0,-0.0,0.0,0.0,-0.0,0.0,-0.0,0.0,0.0,1.0
S8,R4,PZ052,1,3.410605131648481e-13,0.0,0.0,3.410605131648481e-13,0.0,-0.0,0.0,0.0,1.0
S8,R4,PZ052,2,-0.0,0.0,0.0,-0.0,0.0,-0.0,0.0,0.0,1.0
S8,R4,PZ052,3,-0.0,0.0,0.0,-0.0,0.0,-0.0,0.0,0.0,1.0
S8,R4,PZ052,4,-0.0,0.0,0.0,-0.0,0.0,-0.0,0.0,0.0,1.0
S8,R4,PZ052,5,-0.0,0.0,0.0,-0.0,0.0,-0.0,0.0,0.0,1.0
S8,R4,PZ052,6,0.0,0.0,0.0,0.0,0.0,0.0,0.0,0.0,1.0
S8,R4,PZ052,7,0.0,0.0,0.0,0.0,0.0,0.0,0.0,0.0,1.0
S8,R4,PZ052,8,0.0,0.0,0.0,0.0,0.0,0.0,0.0,0.0,1.0
S8,R4,PZ052,9,0.0,0.0,0.0,0.0,0.0,0.0,0.0,0.0,1.0
S8,R4,PZ052,10,-0.0,0.0,0.0,-0.0,0.0,-0.0,0.0,0.0,1.0
S8,R4,PZ052,11,0.0,385.5191109136923,0.0,385.5191109136923,0.0,-0.0,0.0,0.0,1.0
S8,R4,PZ052,12,0.0,2192.651007827331,0.0,2192.651007827331,0.0,-0.0,0.0,0.0,1.0
S8,R4,PZ052,13,0.0,4463.674623495325,0.0,4463.674623495325,0.0,-0.0,0.0,0.0,1.0
S8,R4,PZ052,14,0.0,6177.108945874732,0.0,6177.108945874732,0.0,-0.0,0.0,0.0,1.0
S8,R4,PZ052,15,0.0,7226.184417616295,0.0,7226.184417616295,0.0,-0.0,0.0,0.0,1.0
S8,R4,PZ052,16,0.0,-0.0,7863.209346350217,0.0,0.0,0.0,0.0,0.0,1.0
S8,R4,PZ052,17,0.0,-0.0,7896.404951106442,0.0,0.0,0.0,0.0,0.0,1.0
S8,R4,PZ052,18,0.0,7380.10380029353,0.0,7380.10380029353,0.0,-0.0,-0.0,0.0,1.0
S8,R4,PZ052,19,0.0,6078.8661559027705,0.0,6078.8661559027705,0.0,-0.0,0.0,0.0,1.0
S8,R4,PZ052,20,0.0,4350.159892951474,0.0,4350.159892951474,0.0,-0.0,0.0,0.0,1.0
S8,R4,PZ052,21,0.0,2199.158607295673,0.0,2199.158607295673,0.0,-0.0,0.0,0.0,1.0
S8,R4,PZ052,22,0.0,339.5734378291767,0.0,339.5734378291767,0.0,-0.0,0.0,0.0,1.0
S8,R4,PZ052,23,0.0,0.0,0.0,-0.0,0.0,-0.0,0.0,0.0,1.0
S8,R5,PZ001,0,-0.0,0.0,0.0,-0.0,0.0,-0.0,0.0,0.0,1.0
S8,R5,PZ001,1,-0.0,0.0,0.0,-0.0,0.0,-0.0,0.0,0.0,1.0
S8,R5,PZ001,2,-0.0,0.0,0.0,-0.0,0.0,-0.0,0.0,0.0,1.0
S8,R5,PZ001,3,-0.0,0.0,0.0,-0.0,0.0,-0.0,0.0,0.0,1.0
S8,R5,PZ001,4,-4.2623110514654454e-12,0.0,0.0,-4.2623110514654454e-12,0.0,-0.0,0.0,0.0,1.0
S8,R5,PZ001,5,-0.0,0.0,0.0,-0.0,0.0,-0.0,0.0,0.0,1.0
S8,R5,PZ001,6,0.0,0.0,0.0,0.0,0.0,0.0,0.0,0.0,1.0
S8,R5,PZ001,7,0.0,0.0,0.0,0.0,0.0,0.0,0.0,0.0,1.0
S8,R5,PZ001,8,0.0,0.0,0.0,0.0,0.0,0.0,0.0,0.0,1.0
S8,R5,PZ001,9,0.0,0.0,0.0,0.0,0.0,0.0,0.0,0.0,1.0
S8,R5,PZ001,10,-0.0,0.0,0.0,-0.0,0.0,-0.0,0.0,0.0,1.0
S8,R5,PZ001,11,0.0,221.8816386642725,0.0,221.8816386642725,0.0,-0.0,0.0,0.0,1.0
S8,R5,PZ001,12,0.0,1261.9581879677905,0.0,1261.9581879677905,0.0,-0.0,0.0,0.0,1.0
S8,R5,PZ001,13,0.0,2569.0229404658457,0.0,2569.0229404658457,0.0,-0.0,0.0,0.0,1.0
S8,R5,PZ001,14,0.0,3555.17279511796,0.0,3555.17279511796,0.0,-0.0,0.0,0.0,1.0
S8,R5,PZ001,15,0.0,4158.95760931521,0.0,4158.957609315212,0.0,1.8189894035458565e-12,0.0,0.0,1.0
S8,R5,PZ001,16,0.0,0.0,4525.590886515098,0.0,0.0,0.0,0.0,0.0,1.0
S8,R5,PZ001,17,0.0,1.5087905882253175e-12,4544.696282256198,0.0,1.5087905882253177e-12,0.0,0.0,0.0,1.0
S8,R5,PZ001,18,0.0,4247.544358671623,0.0,4247.544358671625,0.0,1.8189894035458565e-12,1.4333510588140516e-12,0.0,1.0
S8,R5,PZ001,19,0.0,3498.6301475323035,0.0,3498.6301475323035,0.0,-0.0,0.0,0.0,1.0
S8,R5,PZ001,20,0.0,2503.6906814089352,0.0,2503.6906814089366,0.0,1.3642420526593924e-12,0.0,0.0,1.0
S8,R5,PZ001,21,0.0,1265.7035712521217,0.0,1265.7035712521217,0.0,-0.0,0.0,0.0,1.0
S8,R5,PZ001,22,0.0,195.4380696039372,0.0,195.4380696039372,0.0,-0.0,0.0,0.0,1.0
S8,R5,PZ001,23,0.0,0.0,0.0,-0.0,0.0,-0.0,0.0,0.0,1.0
S8,R5,PZ006,0,-0.0,0.0,0.0,-0.0,0.0,-0.0,0.0,0.0,1.0
S8,R5,PZ006,1,-0.0,0.0,0.0,-0.0,0.0,-0.0,0.0,0.0,1.0
S8,R5,PZ006,2,-0.0,0.0,0.0,-0.0,0.0,-0.0,0.0,0.0,1.0
S8,R5,PZ006,3,3.410605131648481e-13,0.0,0.0,3.410605131648481e-13,0.0,-0.0,0.0,0.0,1.0
S8,R5,PZ006,4,-0.0,0.0,0.0,-0.0,0.0,-0.0,0.0,0.0,1.0
S8,R5,PZ006,5,-0.0,0.0,0.0,-0.0,0.0,-0.0,0.0,0.0,1.0
S8,R5,PZ006,6,0.0,0.0,0.0,0.0,0.0,0.0,0.0,0.0,1.0
S8,R5,PZ006,7,0.0,0.0,0.0,0.0,0.0,0.0,0.0,0.0,1.0
S8,R5,PZ006,8,0.0,0.0,0.0,0.0,0.0,0.0,0.0,0.0,1.0
S8,R5,PZ006,9,0.0,0.0,0.0,0.0,0.0,0.0,0.0,0.0,1.0
S8,R5,PZ006,10,-0.0,0.0,0.0,-0.0,0.0,-0.0,0.0,0.0,1.0
S8,R5,PZ006,11,0.0,31.697376952038923,0.0,31.697376952038923,0.0,-0.0,0.0,0.0,1.0
S8,R5,PZ006,12,0.0,180.2797411382558,0.0,180.2797411382558,0.0,-0.0,0.0,0.0,1.0
S8,R5,PZ006,13,0.0,367.00327720940646,0.0,367.00327720940646,0.0,-0.0,0.0,0.0,1.0
S8,R5,PZ006,14,0.0,507.88182787399427,0.0,507.88182787399427,0.0,-0.0,0.0,0.0,1.0
S8,R5,PZ006,15,0.0,594.1368013307443,0.0,594.1368013307443,0.0,-0.0,0.0,0.0,1.0
S8,R5,PZ006,16,0.0,-0.0,646.5129837878711,0.0,0.0,0.0,0.0,0.0,1.0
S8,R5,PZ006,17,0.0,-0.0,649.2423260365996,0.0,0.0,0.0,0.0,0.0,1.0
S8,R5,PZ006,18,0.0,606.7920512388032,0.0,606.7920512388032,0.0,-0.0,-0.0,0.0,1.0
S8,R5,PZ006,19,0.0,499.804306790329,0.0,499.804306790329,0.0,-0.0,0.0,0.0,1.0
S8,R5,PZ006,20,0.0,357.6700973441336,0.0,357.6700973441336,0.0,-0.0,0.0,0.0,1.0
S8,R5,PZ006,21,0.0,180.81479589316024,0.0,180.81479589316024,0.0,-0.0,0.0,0.0,1.0
S8,R5,PZ006,22,0.0,27.919724229133884,0.0,27.919724229133884,0.0,-0.0,0.0,0.0,1.0
S8,R5,PZ006,23,0.0,0.0,0.0,-0.0,0.0,-0.0,0.0,0.0,1.0
S8,R5,PZ039,0,-0.0,0.0,0.0,-0.0,0.0,-0.0,0.0,0.0,1.0
S8,R5,PZ039,1,-6.821210263296962e-12,0.0,0.0,-6.821210263296962e-12,0.0,-0.0,0.0,0.0,1.0
S8,R5,PZ039,2,-0.0,0.0,0.0,-0.0,0.0,-0.0,0.0,0.0,1.0
S8,R5,PZ039,3,-0.0,0.0,0.0,-0.0,0.0,-0.0,0.0,0.0,1.0
S8,R5,PZ039,4,-0.0,0.0,0.0,-0.0,0.0,-0.0,0.0,0.0,1.0
S8,R5,PZ039,5,-0.0,0.0,0.0,-0.0,0.0,-0.0,0.0,0.0,1.0
S8,R5,PZ039,6,0.0,0.0,0.0,0.0,0.0,0.0,0.0,0.0,1.0
S8,R5,PZ039,7,0.0,0.0,0.0,0.0,0.0,0.0,0.0,0.0,1.0
S8,R5,PZ039,8,0.0,0.0,0.0,0.0,0.0,0.0,0.0,0.0,1.0
S8,R5,PZ039,9,-0.0,0.0,0.0,-0.0,0.0,-0.0,0.0,0.0,1.0
S8,R5,PZ039,10,-0.0,0.0,0.0,-0.0,0.0,-0.0,0.0,0.0,1.0
S8,R5,PZ039,11,0.0,262.1129247957066,0.0,262.1129247957066,0.0,-0.0,0.0,0.0,1.0
S8,R5,PZ039,12,0.0,1490.7747824894234,0.0,1490.7747824894234,0.0,-0.0,0.0,0.0,1.0
S8,R5,PZ039,13,0.0,3034.8347923085553,0.0,3034.8347923085553,0.0,-0.0,0.0,0.0,1.0
S8,R5,PZ039,14,0.0,4199.792038188801,0.0,4199.792038188801,0.0,-0.0,0.0,0.0,1.0
S8,R5,PZ039,15,0.0,4913.0543186965415,0.0,4913.0543186965415,0.0,-0.0,0.0,0.0,1.0
S8,R5,PZ039,16,0.0,-0.0,5346.16505824586,0.0,0.0,0.0,0.0,0.0,1.0
S8,R5,PZ039,17,0.0,-0.0,5368.734619148806,0.0,0.0,0.0,0.0,0.0,1.0
S8,R5,PZ039,18,0.0,5017.703500628567,0.0,5017.703500628567,0.0,-0.0,-0.0,0.0,1.0
S8,R5,PZ039,19,0.0,4132.997152304646,0.0,4132.997152304646,0.0,0.0,-0.0,0.0,1.0
S8,R5,PZ039,20,0.0,2957.6565741918753,0.0,2957.6565741918744,0.0,0.0,-0.0,0.0,1.0
S8,R5,PZ039,21,0.0,1495.1992737319028,0.0,1495.1992737319028,0.0,0.0,8.232739866419869e-13,0.0,1.0
S8,R5,PZ039,22,0.0,230.87464266399186,0.0,230.874642663989,0.0,0.0,8.232739866419869e-13,0.0,1.0
S8,R5,PZ039,23,-2.2057229091070963e-12,0.0,0.0,0.0,0.0,3.637978807091713e-12,3.8294513758860134e-12,0.0,1.0
S8,R5,PZ040,0,-0.0,0.0,0.0,-0.0,0.0,-0.0,0.0,0.0,1.0
S8,R5,PZ040,1,-0.0,0.0,0.0,-0.0,0.0,-0.0,0.0,0.0,1.0
S8,R5,PZ040,2,-0.0,0.0,0.0,-0.0,0.0,-0.0,0.0,0.0,1.0
S8,R5,PZ040,3,-1.8189894035458565e-12,0.0,0.0,-1.8189894035458565e-12,0.0,-0.0,0.0,0.0,1.0
S8,R5,PZ040,4,-0.0,0.0,0.0,-0.0,0.0,-0.0,0.0,0.0,1.0
S8,R5,PZ040,5,-0.0,0.0,0.0,-0.0,0.0,-0.0,0.0,0.0,1.0
S8,R5,PZ040,6,0.0,0.0,0.0,0.0,0.0,0.0,0.0,0.0,1.0
S8,R5,PZ040,7,0.0,0.0,0.0,0.0,0.0,0.0,0.0,0.0,1.0
S8,R5,PZ040,8,0.0,0.0,0.0,0.0,0.0,0.0,0.0,0.0,1.0
S8,R5,PZ040,9,0.0,0.0,0.0,0.0,0.0,0.0,0.0,0.0,1.0
S8,R5,PZ040,10,-0.0,0.0,0.0,-0.0,0.0,-0.0,0.0,0.0,1.0
S8,R5,PZ040,11,0.0,273.65213089542016,0.0,273.65213089542016,0.0,-0.0,0.0,0.0,1.0
S8,R5,PZ040,12,0.0,1556.4043483599687,0.0,1556.4043483599687,0.0,-0.0,0.0,0.0,1.0
S8,R5,PZ040,13,0.0,3168.439742061889,0.0,3168.439742061889,0.0,-0.0,0.0,0.0,1.0
S8,R5,PZ040,14,0.0,4384.682828837024,0.0,4384.682828837024,0.0,-0.0,0.0,0.0,1.0
S8,R5,PZ040,15,0.0,5129.345622937696,0.0,5129.345622937696,0.0,-0.0,0.0,0.0,1.0
S8,R5,PZ040,16,0.0,-0.0,5581.523541610494,0.0,0.0,0.0,0.0,0.0,1.0
S8,R5,PZ040,17,0.0,-0.0,5605.08670027304,0.0,0.0,0.0,0.0,0.0,1.0
S8,R5,PZ040,18,0.0,5238.601859174355,0.0,5238.601859174355,0.0,-0.0,-0.0,0.0,1.0
S8,R5,PZ040,19,0.0,4314.947378479656,0.0,4314.947378479656,0.0,-0.0,0.0,0.0,1.0
S8,R5,PZ040,20,0.0,3087.863845765275,0.0,3087.863845765275,0.0,-0.0,0.0,0.0,1.0
S8,R5,PZ040,21,0.0,1561.0236225051726,0.0,1561.0236225051726,0.0,-0.0,0.0,0.0,1.0
S8,R5,PZ040,22,0.0,241.0386209835423,0.0,241.0386209835423,0.0,-0.0,0.0,0.0,1.0
S8,R5,PZ040,23,0.0,0.0,0.0,-0.0,0.0,-0.0,0.0,0.0,1.0
S8,R5,PZ041,0,0.0,0.0,0.0,0.0,0.0,-3.543915161330344e-12,4.126494467764017e-12,0.0,1.0
S8,R5,PZ041,1,0.0,0.0,0.0,0.0,0.0,-3.543915161330344e-12,7.856931479690695e-12,0.0,1.0
S8,R5,PZ041,2,0.0,0.0,0.0,0.0,0.0,-0.0,1.1587368491617373e-11,0.0,1.0
S8,R5,PZ041,3,0.0,0.0,0.0,0.0,0.0,-0.0,1.1587368491617373e-11,0.0,1.0
S8,R5,PZ041,4,0.0,0.0,0.0,0.0,0.0,3.543915161330344e-12,1.1587368491617373e-11,0.0,1.0
S8,R5,PZ041,5,0.0,0.0,0.0,0.0,0.0,3.73204245285308e-12,7.856931479690695e-12,0.0,1.0
S8,R5,PZ041,6,0.0,0.0,0.0,0.0,0.0,0.0,3.928465739845347e-12,0.0,1.0
S8,R5,PZ041,7,0.0,0.0,0.0,0.0,0.0,0.0,3.928465739845347e-12,0.0,1.0
S8,R5,PZ041,8,0.0,0.0,0.0,0.0,0.0,0.0,3.928465739845347e-12,0.0,1.0
S8,R5,PZ041,9,0.0,0.0,0.0,0.0,0.0,0.0,3.928465739845347e-12,0.0,1.0
S8,R5,PZ041,10,0.0,0.0,0.0,0.0,0.0,3.732042452853079e-12,3.928465739845347e-12,0.0,1.0
S8,R5,PZ041,11,0.0,229.15512313856576,0.0,229.15512313856576,0.0,-0.0,0.0,0.0,1.0
S8,R5,PZ041,12,0.0,1303.3263396663608,0.0,1303.3263396663608,0.0,-0.0,0.0,0.0,1.0
S8,R5,PZ041,13,0.0,2653.2378785926317,0.0,2653.2378785926317,0.0,-0.0,0.0,0.0,1.0
S8,R5,PZ041,14,0.0,3671.7146337504328,0.0,3671.7146337504328,0.0,-0.0,0.0,0.0,1.0
S8,R5,PZ041,15,0.0,4295.292070258909,0.0,4295.292070258909,0.0,-0.0,0.0,0.0,1.0
S8,R5,PZ041,16,0.0,4673.943923964388,0.0,4673.943923964387,0.0,-5.12094603571723e-13,0.0,0.0,1.0
S8,R5,PZ041,17,0.0,4693.6756121744575,0.0,4693.675612174456,0.0,-1.78535739926277e-12,-3.8857610366144416e-13,0.0,1.0
S8,R5,PZ041,18,0.0,4386.782774849973,0.0,4386.782774849975,0.0,1.5604879333705639e-12,1.4907474745098925e-12,0.0,1.0
S8,R5,PZ041,19,0.0,3613.3184660996394,0.0,3613.3184660996394,0.0,-0.0,0.0,0.0,1.0
S8,R5,PZ041,20,0.0,2585.763967911091,0.0,2585.763967911091,0.0,-0.0,0.0,0.0,1.0
S8,R5,PZ041,21,0.0,1307.19450006435,0.0,1307.194500064346,0.0,-3.920169744375817e-12,0.0,0.0,1.0
S8,R5,PZ041,22,0.0,201.8447095292037,0.0,201.8447095292037,0.0,0.0,4.126494467764017e-12,0.0,1.0
S8,R5,PZ041,23,0.0,0.0,0.0,-0.0,0.0,0.0,4.126494467764017e-12,0.0,1.0
S8,R5,PZ047,0,-0.0,0.0,0.0,-0.0,0.0,-0.0,0.0,0.0,1.0
S8,R5,PZ047,1,-0.0,0.0,0.0,-0.0,0.0,-0.0,0.0,0.0,1.0
S8,R5,PZ047,2,-0.0,0.0,0.0,-0.0,0.0,-0.0,0.0,0.0,1.0
S8,R5,PZ047,3,-0.0,0.0,0.0,-0.0,0.0,-0.0,0.0,0.0,1.0
S8,R5,PZ047,4,-0.0,0.0,0.0,-0.0,0.0,-0.0,0.0,0.0,1.0
S8,R5,PZ047,5,-0.0,0.0,0.0,-0.0,0.0,-0.0,0.0,0.0,1.0
S8,R5,PZ047,6,0.0,0.0,0.0,0.0,0.0,0.0,0.0,0.0,1.0
S8,R5,PZ047,7,0.0,0.0,0.0,0.0,0.0,0.0,0.0,0.0,1.0
S8,R5,PZ047,8,0.0,0.0,0.0,0.0,0.0,0.0,0.0,0.0,1.0
S8,R5,PZ047,9,0.0,0.0,0.0,0.0,0.0,0.0,0.0,0.0,1.0
S8,R5,PZ047,10,-0.0,0.0,0.0,-0.0,0.0,-0.0,0.0,0.0,1.0
S8,R5,PZ047,11,0.0,330.66299149863266,0.0,330.66299149863266,0.0,-0.0,0.0,0.0,1.0
S8,R5,PZ047,12,0.0,1880.6552542682955,0.0,1880.655254268294,0.0,-0.0,0.0,0.0,1.0
S8,R5,PZ047,13,0.0,3828.531354991449,0.0,3828.531354991449,0.0,-0.0,0.0,0.0,1.0
S8,R5,PZ047,14,0.0,5298.158418178071,0.0,5298.158418178071,0.0,-0.0,0.0,0.0,1.0
S8,R5,PZ047,15,0.0,6197.959294383049,0.0,6197.959294383049,0.0,-0.0,0.0,0.0,1.0
S8,R5,PZ047,16,0.0,0.0,6744.340946112681,0.0,0.0,0.0,0.0,0.0,1.0
S8,R5,PZ047,17,0.0,-0.0,6772.813096163257,0.0,0.0,0.0,0.0,0.0,1.0
S8,R5,PZ047,18,0.0,6329.977246502346,0.0,6329.977246502346,0.0,-0.0,-0.0,0.0,1.0
S8,R5,PZ047,19,0.0,5213.894748996252,0.0,5213.894748996252,0.0,-0.0,0.0,0.0,1.0
S8,R5,PZ047,20,0.0,3731.168813633041,0.0,3731.168813633041,0.0,-0.0,0.0,0.0,1.0
S8,R5,PZ047,21,0.0,1886.2368771937502,0.0,1886.2368771937502,0.0,-0.0,0.0,0.0,1.0
S8,R5,PZ047,22,0.0,291.2550003551136,0.0,291.2550003551136,0.0,-0.0,0.0,0.0,1.0
S8,R5,PZ047,23,0.0,0.0,0.0,-0.0,0.0,-0.0,0.0,0.0,1.0
S8,R5,PZ048,0,7.275957614183426e-12,0.0,0.0,7.275957614183426e-12,0.0,-0.0,0.0,0.0,1.0
S8,R5,PZ048,1,-0.0,0.0,0.0,-0.0,0.0,-0.0,0.0,0.0,1.0
S8,R5,PZ048,2,-0.0,0.0,0.0,-0.0,0.0,-0.0,0.0,0.0,1.0
S8,R5,PZ048,3,-0.0,0.0,0.0,-0.0,0.0,-0.0,0.0,0.0,1.0
S8,R5,PZ048,4,-0.0,0.0,0.0,-0.0,0.0,-0.0,0.0,0.0,1.0
S8,R5,PZ048,5,-0.0,0.0,0.0,-0.0,0.0,-0.0,0.0,0.0,1.0
S8,R5,PZ048,6,0.0,0.0,0.0,0.0,0.0,0.0,0.0,0.0,1.0
S8,R5,PZ048,7,0.0,0.0,0.0,0.0,0.0,0.0,0.0,0.0,1.0
S8,R5,PZ048,8,0.0,0.0,0.0,0.0,0.0,0.0,0.0,0.0,1.0
S8,R5,PZ048,9,0.0,0.0,0.0,0.0,0.0,0.0,0.0,0.0,1.0
S8,R5,PZ048,10,-0.0,0.0,0.0,-0.0,0.0,-0.0,0.0,0.0,1.0
S8,R5,PZ048,11,0.0,393.41982860358627,0.0,393.41982860358627,0.0,-0.0,0.0,0.0,1.0
S8,R5,PZ048,12,0.0,2237.586566441398,0.0,2237.586566441398,0.0,-0.0,0.0,0.0,1.0
S8,R5,PZ048,13,0.0,4555.1518863895,0.0,4555.1518863895,0.0,-0.0,0.0,0.0,1.0
S8,R5,PZ048,14,0.0,6303.700838570813,0.0,6303.700838570813,0.0,-0.0,0.0,0.0,1.0
S8,R5,PZ048,15,0.0,7374.2757610606905,0.0,7374.2757610606905,0.0,-0.0,0.0,0.0,1.0
S8,R5,PZ048,16,0.0,0.0,8024.355695320598,0.0,0.0,0.0,0.0,0.0,1.0
S8,R5,PZ048,17,0.0,-0.0,8058.2316012455585,0.0,0.0,0.0,0.0,0.0,1.0
S8,R5,PZ048,18,0.0,7531.349523261818,0.0,7531.349523261818,0.0,-0.0,-0.0,0.0,1.0
S8,R5,PZ048,19,0.0,6203.444689139716,0.0,6203.444689139716,0.0,-0.0,0.0,0.0,1.0
S8,R5,PZ048,20,0.0,4439.31081763236,0.0,4439.31081763236,0.0,-0.0,0.0,0.0,1.0
S8,R5,PZ048,21,0.0,2244.2275307800737,0.0,2244.2275307800737,0.0,-0.0,0.0,0.0,1.0
S8,R5,PZ048,22,0.0,346.5325581200401,0.0,346.5325581200401,0.0,-0.0,0.0,0.0,1.0
S8,R5,PZ048,23,0.0,0.0,0.0,-0.0,0.0,-0.0,0.0,0.0,1.0
S8,R5,PZ049,0,-0.0,0.0,0.0,-0.0,0.0,-0.0,0.0,0.0,1.0
S8,R5,PZ049,1,-0.0,0.0,0.0,-0.0,0.0,-0.0,0.0,0.0,1.0
S8,R5,PZ049,2,4.2444374298779275e-12,0.0,0.0,4.2444374298779275e-12,0.0,-0.0,0.0,0.0,1.0
S8,R5,PZ049,3,-0.0,0.0,0.0,-0.0,0.0,-0.0,0.0,0.0,1.0
S8,R5,PZ049,4,-2.425448026332071e-12,0.0,0.0,-2.425448026332071e-12,0.0,-0.0,0.0,0.0,1.0
S8,R5,PZ049,5,-0.0,0.0,0.0,-0.0,0.0,-0.0,0.0,0.0,1.0
S8,R5,PZ049,6,0.0,0.0,0.0,0.0,0.0,0.0,0.0,0.0,1.0
S8,R5,PZ049,7,0.0,0.0,0.0,0.0,0.0,0.0,0.0,0.0,1.0
S8,R5,PZ049,8,0.0,0.0,0.0,0.0,0.0,0.0,0.0,0.0,1.0
S8,R5,PZ049,9,0.0,0.0,0.0,0.0,0.0,0.0,0.0,0.0,1.0
S8,R5,PZ049,10,-0.0,0.0,0.0,-0.0,0.0,-0.0,0.0,0.0,1.0
S8,R5,PZ049,11,0.0,359.751997538697,0.0,359.751997538697,0.0,-0.0,0.0,0.0,1.0
S8,R5,PZ049,12,0.0,2046.099810983725,0.0,2046.099810983725,0.0,-0.0,0.0,0.0,1.0
S8,R5,PZ049,13,0.0,4165.334004738185,0.0,4165.334004738185,0.0,-0.0,0.0,0.0,1.0
S8,R5,PZ049,14,0.0,5764.246750377282,0.0,5764.246750377282,0.0,-0.0,0.0,0.0,1.0
S8,R5,PZ049,15,0.0,6743.204695246506,0.0,6743.204695246506,0.0,-0.0,0.0,0.0,1.0
S8,R5,PZ049,16,0.0,0.0,7337.652503685448,0.0,0.0,0.0,0.0,0.0,1.0
S8,R5,PZ049,17,0.0,-0.0,7368.6293989481865,0.0,0.0,0.0,0.0,0.0,1.0
S8,R5,PZ049,18,0.0,6886.836499249226,0.0,6886.836499249226,0.0,-0.0,-0.0,0.0,1.0
S8,R5,PZ049,19,0.0,5672.570257732278,0.0,5672.570257732278,0.0,-0.0,0.0,0.0,1.0
S8,R5,PZ049,20,0.0,4059.406309049035,0.0,4059.406309049035,0.0,-0.0,0.0,0.0,1.0
S8,R5,PZ049,21,0.0,2052.1724591135912,0.0,2052.1724591135912,0.0,-0.0,0.0,0.0,1.0
S8,R5,PZ049,22,0.0,316.8772159714744,0.0,316.8772159714744,0.0,-0.0,0.0,0.0,1.0
S8,R5,PZ049,23,0.0,0.0,0.0,-0.0,0.0,-0.0,0.0,0.0,1.0
S8,R5,PZ050,0,-0.0,0.0,0.0,-0.0,0.0,-0.0,0.0,0.0,1.0
S8,R5,PZ050,1,1.0913936421275139e-11,0.0,0.0,1.0913936421275139e-11,0.0,-0.0,0.0,0.0,1.0
S8,R5,PZ050,2,-0.0,0.0,0.0,-0.0,0.0,-0.0,0.0,0.0,1.0
S8,R5,PZ050,3,-0.0,0.0,0.0,-0.0,0.0,-0.0,0.0,0.0,1.0
S8,R5,PZ050,4,-0.0,0.0,0.0,-0.0,0.0,-0.0,0.0,0.0,1.0
S8,R5,PZ050,5,-0.0,0.0,0.0,-0.0,0.0,-0.0,0.0,0.0,1.0
S8,R5,PZ050,6,0.0,0.0,0.0,0.0,0.0,0.0,0.0,0.0,1.0
S8,R5,PZ050,7,0.0,0.0,0.0,0.0,0.0,0.0,0.0,0.0,1.0
S8,R5,PZ050,8,0.0,0.0,0.0,0.0,0.0,0.0,0.0,0.0,1.0
S8,R5,PZ050,9,0.0,0.0,0.0,0.0,0.0,0.0,0.0,0.0,1.0
S8,R5,PZ050,10,-0.0,0.0,0.0,-0.0,0.0,-0.0,0.0,0.0,1.0
S8,R5,PZ050,11,0.0,440.91391562579,0.0,440.91391562579,0.0,-0.0,0.0,0.0,1.0
S8,R5,PZ050,12,0.0,2507.710549473689,0.0,2507.710549473689,0.0,-0.0,0.0,0.0,1.0
S8,R5,PZ050,13,0.0,5105.054978105621,0.0,5105.054978105621,0.0,-0.0,0.0,0.0,1.0
S8,R5,PZ050,14,0.0,7064.690738982486,0.0,7064.690738982486,0.0,-0.0,0.0,0.0,1.0
S8,R5,PZ050,15,0.0,8264.506677902566,0.0,8264.506677902566,0.0,-0.0,0.0,0.0,1.0
S8,R5,PZ050,16,0.0,-0.0,8993.064997653913,0.0,0.0,0.0,0.0,0.0,1.0
S8,R5,PZ050,17,0.0,-0.0,9031.030441286382,0.0,0.0,0.0,0.0,0.0,1.0
S8,R5,PZ050,18,0.0,8440.542562468914,0.0,8440.542562468914,0.0,-0.0,-0.0,0.0,1.0
S8,R5,PZ050,19,0.0,6952.331553711807,0.0,6952.331553711807,0.0,-0.0,0.0,0.0,1.0
S8,R5,PZ050,20,0.0,4975.229444407238,0.0,4975.229444407238,0.0,-0.0,0.0,0.0,1.0
S8,R5,PZ050,21,0.0,2515.1532185442584,0.0,2515.1532185442584,0.0,-0.0,0.0,0.0,1.0
S8,R5,PZ050,22,0.0,388.36636077761676,0.0,388.36636077761676,0.0,-0.0,0.0,0.0,1.0
S8,R5,PZ050,23,0.0,0.0,0.0,-0.0,0.0,-0.0,0.0,0.0,1.0
S8,R5,PZ052,0,-0.0,0.0,0.0,-0.0,0.0,-0.0,0.0,0.0,1.0
S8,R5,PZ052,1,3.410605131648481e-13,0.0,0.0,3.410605131648481e-13,0.0,-0.0,0.0,0.0,1.0
S8,R5,PZ052,2,-0.0,0.0,0.0,-0.0,0.0,-0.0,0.0,0.0,1.0
S8,R5,PZ052,3,-0.0,0.0,0.0,-0.0,0.0,-0.0,0.0,0.0,1.0
S8,R5,PZ052,4,-0.0,0.0,0.0,-0.0,0.0,-0.0,0.0,0.0,1.0
S8,R5,PZ052,5,-0.0,0.0,0.0,-0.0,0.0,-0.0,0.0,0.0,1.0
S8,R5,PZ052,6,0.0,0.0,0.0,0.0,0.0,0.0,0.0,0.0,1.0
S8,R5,PZ052,7,0.0,0.0,0.0,0.0,0.0,0.0,0.0,0.0,1.0
S8,R5,PZ052,8,0.0,0.0,0.0,0.0,0.0,0.0,0.0,0.0,1.0
S8,R5,PZ052,9,0.0,0.0,0.0,0.0,0.0,0.0,0.0,0.0,1.0
S8,R5,PZ052,10,-0.0,0.0,0.0,-0.0,0.0,-0.0,0.0,0.0,1.0
S8,R5,PZ052,11,0.0,385.5191109136923,0.0,385.5191109136923,0.0,-0.0,0.0,0.0,1.0
S8,R5,PZ052,12,0.0,2192.651007827331,0.0,2192.651007827331,0.0,-0.0,0.0,0.0,1.0
S8,R5,PZ052,13,0.0,4463.674623495325,0.0,4463.674623495325,0.0,-0.0,0.0,0.0,1.0
S8,R5,PZ052,14,0.0,6177.108945874732,0.0,6177.108945874732,0.0,-0.0,0.0,0.0,1.0
S8,R5,PZ052,15,0.0,7226.184417616295,0.0,7226.184417616295,0.0,-0.0,0.0,0.0,1.0
S8,R5,PZ052,16,0.0,-0.0,7863.209346350217,0.0,0.0,0.0,0.0,0.0,1.0
S8,R5,PZ052,17,0.0,-0.0,7896.404951106442,0.0,0.0,0.0,0.0,0.0,1.0
S8,R5,PZ052,18,0.0,7380.10380029353,0.0,7380.10380029353,0.0,-0.0,-0.0,0.0,1.0
S8,R5,PZ052,19,0.0,6078.8661559027705,0.0,6078.8661559027705,0.0,-0.0,0.0,0.0,1.0
S8,R5,PZ052,20,0.0,4350.159892951474,0.0,4350.159892951474,0.0,-0.0,0.0,0.0,1.0
S8,R5,PZ052,21,0.0,2199.158607295673,0.0,2199.158607295673,0.0,-0.0,0.0,0.0,1.0
S8,R5,PZ052,22,0.0,339.5734378291767,0.0,339.5734378291767,0.0,-0.0,0.0,0.0,1.0
S8,R5,PZ052,23,0.0,0.0,0.0,-0.0,0.0,-0.0,0.0,0.0,1.0
S9,R1,PZ001,0,1675.0760096144388,0.0,0.0,1675.0760096144388,0.0,-0.0,0.0,0.0,1.0
S9,R1,PZ001,1,1675.0760096144384,0.0,0.0,1675.0760096144384,0.0,-0.0,0.0,0.0,1.0
S9,R1,PZ001,2,1675.0760096144384,0.0,0.0,1675.0760096144384,0.0,-0.0,0.0,0.0,1.0
S9,R1,PZ001,3,1675.0760096144384,0.0,0.0,1675.0760096144384,0.0,-0.0,0.0,0.0,1.0
S9,R1,PZ001,4,1675.0760096144384,0.0,0.0,1675.0760096144384,0.0,-0.0,0.0,0.0,1.0
S9,R1,PZ001,5,1675.0760096144384,0.0,0.0,1675.0760096144384,0.0,-0.0,0.0,0.0,1.0
S9,R1,PZ001,6,0.0,0.0,0.0,0.0,0.0,0.0,0.0,0.0,1.0
S9,R1,PZ001,7,0.0,0.0,0.0,0.0,0.0,0.0,0.0,0.0,1.0
S9,R1,PZ001,8,-0.0,0.0,0.0,0.0,0.0,0.0,0.0,0.0,1.0
S9,R1,PZ001,9,-0.0,0.0,0.0,0.0,0.0,0.0,0.0,0.0,1.0
S9,R1,PZ001,10,1675.0760096144384,0.0,0.0,1675.0760096144384,0.0,-0.0,0.0,0.0,1.0
S9,R1,PZ001,11,1675.0760096144384,0.2545606079443605,0.0,1675.3305702223827,0.0,-0.0,-0.0,0.0,1.0
S9,R1,PZ001,12,1675.0760096144384,1.447820763643798,0.0,1676.5238303780823,0.0,-0.0,0.0,0.0,1.0
S9,R1,PZ001,13,1675.0760096144384,2.9473914357443274,0.0,1678.0234010501827,0.0,-0.0,0.0,0.0,1.0
S9,R1,PZ001,14,1675.0760096144384,4.078782514500168,0.0,1679.1547921289384,0.0,-0.0,0.0,0.0,1.0
S9,R1,PZ001,15,1675.0760096144384,4.7714934134050875,0.0,1679.8475030278435,0.0,-0.0,0.0,0.0,1.0
S9,R1,PZ001,16,0.0,-0.0,5.192124838783435,0.0,0.0,0.0,0.0,0.0,1.0
S9,R1,PZ001,17,0.0,-0.0,5.214044098007182,0.0,0.0,0.0,0.0,0.0,1.0
S9,R1,PZ001,18,0.0,4.873127315641154,0.0,4.873127315641155,0.0,-0.0,-0.0,0.0,1.0
S9,R1,PZ001,19,0.0,4.013912204226467,0.0,4.013912204226467,0.0,-0.0,-0.0,0.0,1.0
S9,R1,PZ001,20,0.0,2.8724369704536246,0.0,2.8724369704536246,0.0,-0.0,0.0,0.0,1.0
S9,R1,PZ001,21,0.0,1.4521177710554238,0.0,1.4521177710554238,0.0,-0.0,0.0,0.0,1.0
S9,R1,PZ001,22,1675.0760096144384,0.22422240124667603,0.0,1675.300232015685,0.0,-0.0,0.0,0.0,1.0
S9,R1,PZ001,23,1675.0760096144384,0.0,0.0,1675.0760096144384,0.0,-0.0,0.0,0.0,1.0
S9,R1,PZ006,0,222.4122374671427,0.0,0.0,222.4122374671427,0.0,-0.0,0.0,0.0,1.0
S9,R1,PZ006,1,222.41223746714266,0.0,0.0,222.41223746714266,0.0,-0.0,0.0,0.0,1.0
S9,R1,PZ006,2,222.41223746714266,0.0,0.0,222.41223746714266,0.0,-0.0,0.0,0.0,1.0
S9,R1,PZ006,3,222.41223746714266,0.0,0.0,222.41223746714266,0.0,-0.0,0.0,0.0,1.0
S9,R1,PZ006,4,222.41223746714266,0.0,0.0,222.41223746714266,0.0,-0.0,0.0,0.0,1.0
S9,R1,PZ006,5,222.41223746714266,0.0,0.0,222.41223746714266,0.0,-0.0,0.0,0.0,1.0
S9,R1,PZ006,6,0.0,0.0,0.0,0.0,0.0,0.0,0.0,0.0,1.0
S9,R1,PZ006,7,0.0,0.0,0.0,0.0,0.0,0.0,0.0,0.0,1.0
S9,R1,PZ006,8,27.305443767855028,0.0,0.0,0.0,27.305443767855028,0.0,0.0,0.0,1.0
S9,R1,PZ006,9,27.305443767855028,0.0,0.0,0.0,27.305443767855028,0.0,25.940171579462277,0.0,1.0
S9,R1,PZ006,10,222.41223746714266,0.0,0.0,249.71768123499768,0.0,27.305443767855028,51.88034315892455,0.0,1.0
S9,R1,PZ006,11,222.41223746714266,1.3387371416447649,0.0,245.7318568419107,0.0,21.980882233123303,23.137770771708738,0.0,1.0
S9,R1,PZ006,12,222.41223746714266,7.614105915232903,0.0,230.02634338237556,0.0,-0.0,0.0,0.0,1.0
S9,R1,PZ006,13,222.41223746714266,15.500365189491747,0.0,237.91260265663442,0.0,-0.0,0.0,0.0,1.0
S9,R1,PZ006,14,222.41223746714266,21.450363781524636,0.0,243.8626012486673,0.0,-0.0,0.0,0.0,1.0
S9,R1,PZ006,15,222.41223746714266,25.093338302503316,0.0,247.505575769646,0.0,-0.0,0.0,0.0,1.0
S9,R1,PZ006,16,0.0,27.305443767855028,0.0,0.0,27.305443767855028,0.0,0.0,0.0,1.0
S9,R1,PZ006,17,0.0,27.30544376785502,0.11527363435030906,0.0,27.30544376785502,0.0,25.940171579462277,0.0,1.0
S9,R1,PZ006,18,0.0,25.627832153977202,0.0,52.933275921832234,0.0,27.305443767855028,51.880343158924546,0.0,1.0
S9,R1,PZ006,19,0.0,21.10921007964314,0.0,43.09009231276644,0.0,21.9808822331233,23.137770771708734,0.0,1.0
S9,R1,PZ006,20,0.0,15.106178801318444,0.0,15.106178801318444,0.0,-0.0,0.0,0.0,1.0
S9,R1,PZ006,21,0.0,7.636703926238296,0.0,7.636703926238296,0.0,-0.0,0.0,0.0,1.0
S9,R1,PZ006,22,222.41223746714266,1.1791881664711852,0.0,223.59142563361385,0.0,-0.0,0.0,0.0,1.0
S9,R1,PZ006,23,222.41223746714266,0.0,0.0,222.41223746714266,0.0,-0.0,0.0,0.0,1.0
S9,R1,PZ039,0,1815.6329645644985,0.0,0.0,1815.6329645644985,0.0,-0.0,0.0,0.0,1.0
S9,R1,PZ039,1,1815.6329645644985,0.0,0.0,1815.6329645644985,0.0,-0.0,0.0,0.0,1.0
S9,R1,PZ039,2,1815.6329645644985,0.0,0.0,1815.6329645644985,0.0,-0.0,0.0,0.0,1.0
S9,R1,PZ039,3,1815.6329645644985,0.0,0.0,1815.6329645644985,0.0,-0.0,0.0,0.0,1.0
S9,R1,PZ039,4,1815.6329645644985,0.0,0.0,1815.6329645644985,0.0,-0.0,0.0,0.0,1.0
S9,R1,PZ039,5,1815.6329645644985,0.0,0.0,1815.6329645644985,0.0,-0.0,0.0,0.0,1.0
S9,R1,PZ039,6,0.0,0.0,0.0,0.0,0.0,0.0,0.0,0.0,1.0
S9,R1,PZ039,7,56.889651581321004,0.0,0.0,0.0,56.889651581321004,0.0,0.0,0.0,1.0
S9,R1,PZ039,8,56.88965158132099,0.0,0.0,0.0,56.88965158132099,0.0,54.04516900225495,0.0,1.0
S9,R1,PZ039,9,1815.6329645644985,0.0,0.0,1872.5226161458195,0.0,56.88965158132099,108.09033800450989,0.0,1.0
S9,R1,PZ039,10,1815.6329645644985,0.0,0.0,1861.429134087462,0.0,45.7961695229634,48.20649423469832,0.0,1.0
S9,R1,PZ039,11,1815.6329645644985,2.789198014675848,0.0,1818.4221625791743,0.0,-0.0,0.0,0.0,1.0
S9,R1,PZ039,12,1815.6329645644985,15.863643759227655,0.0,1831.4966083237262,0.0,-0.0,0.0,0.0,1.0
S9,R1,PZ039,13,1815.6329645644985,32.29430667783255,0.0,1847.927271242331,0.0,-0.0,0.0,0.0,1.0
S9,R1,PZ039,14,1815.6329645644985,44.69085843095178,0.0,1860.3238229954502,0.0,-0.0,0.0,0.0,1.0
S9,R1,PZ039,15,1815.6329645644985,52.28083034205056,0.0,1867.9137949065491,0.0,-0.0,0.0,0.0,1.0
S9,R1,PZ039,16,0.0,56.88965158132099,0.0,0.0,56.88965158132099,0.0,0.0,0.0,1.0
S9,R1,PZ039,17,0.0,56.889651581321,0.2401673801918325,0.0,56.889651581321004,0.0,54.04516900225494,0.0,1.0
S9,R1,PZ039,18,0.0,53.39442399909649,0.0,110.28407558041748,0.0,56.88965158132099,108.09033800450989,0.0,1.0
S9,R1,PZ039,19,0.0,43.980080191977905,0.0,89.77624971494132,0.0,45.79616952296341,48.206494234698326,0.0,1.0
S9,R1,PZ039,20,0.0,31.47303724628872,0.0,31.47303724628872,0.0,-0.0,0.0,0.0,1.0
S9,R1,PZ039,21,0.0,15.910725688510968,0.0,15.910725688510968,0.0,-0.0,0.0,0.0,1.0
S9,R1,PZ039,22,1815.6329645644985,2.4567849733442437,0.0,1818.0897495378426,0.0,-0.0,0.0,0.0,1.0
S9,R1,PZ039,23,1815.6329645644985,0.0,0.0,1815.6329645644985,0.0,-0.0,0.0,0.0,1.0
S9,R1,PZ040,0,2030.529226551528,0.0,0.0,2030.529226551528,0.0,-0.0,0.0,0.0,1.0
S9,R1,PZ040,1,2030.5292265515277,0.0,0.0,2030.5292265515277,0.0,-0.0,0.0,0.0,1.0
S9,R1,PZ040,2,2030.5292265515277,0.0,0.0,2030.5292265515277,0.0,-0.0,0.0,0.0,1.0
S9,R1,PZ040,3,2030.5292265515277,0.0,0.0,2030.5292265515277,0.0,0.0,-0.0,0.0,1.0
S9,R1,PZ040,4,2030.5292265515277,0.0,0.0,2030.5292265515277,0.0,-0.0,0.0,0.0,1.0
S9,R1,PZ040,5,2030.5292265515277,0.0,0.0,2030.5292265515277,0.0,-0.0,0.0,0.0,1.0
S9,R1,PZ040,6,0.0,0.0,0.0,0.0,0.0,0.0,0.0,0.0,1.0
S9,R1,PZ040,7,0.0,0.0,0.0,0.0,0.0,0.0,0.0,0.0,1.0
S9,R1,PZ040,8,60.081949459729,0.0,0.0,0.0,60.081949459729,0.0,0.0,0.0,1.0
S9,R1,PZ040,9,60.08194945972899,0.0,0.0,0.0,60.08194945972899,0.0,57.07785198674255,0.0,1.0
S9,R1,PZ040,10,2030.5292265515277,0.0,0.0,2090.6111760112567,0.0,60.08194945972899,114.15570397348509,0.0,1.0
S9,R1,PZ040,11,2030.5292265515277,2.9457106783539118,0.0,2081.8409065449637,0.0,48.365969315081855,50.91154664745458,0.0,1.0
S9,R1,PZ040,12,2030.5292265515277,16.75381402585362,0.0,2047.2830405773814,0.0,-0.0,0.0,0.0,1.0
S9,R1,PZ040,13,2030.5292265515277,34.10646484415452,0.0,2064.6356913956824,0.0,-0.0,0.0,0.0,1.0
S9,R1,PZ040,14,2030.5292265515277,47.198634952476525,0.0,2077.727861504004,0.0,-0.0,0.0,0.0,1.0
S9,R1,PZ040,15,2030.5292265515277,55.214509476009866,0.0,2085.7437360275376,0.0,-0.0,0.0,0.0,1.0
S9,R1,PZ040,16,0.0,60.08194945972899,0.0,0.0,60.08194945972899,0.0,0.0,0.0,1.0
S9,R1,PZ040,17,0.0,60.081949459729,0.2536440986623752,0.0,60.081949459729,0.0,57.07785198674254,0.0,1.0
S9,R1,PZ040,18,0.0,56.39059117033468,0.0,116.47254063006366,0.0,60.08194945972899,114.15570397348509,0.0,1.0
S9,R1,PZ040,19,0.0,46.44797220373286,0.0,94.81394151881472,0.0,48.365969315081855,50.91154664745458,0.0,1.0
S9,R1,PZ040,20,0.0,33.23911081565774,0.0,33.23911081565774,0.0,-0.0,0.0,0.0,1.0
S9,R1,PZ040,21,0.0,16.80353790387075,0.0,16.80353790387075,0.0,-0.0,0.0,0.0,1.0
S9,R1,PZ040,22,2030.5292265515277,2.5946446585437677,0.0,2033.1238712100715,0.0,-0.0,0.0,0.0,1.0
S9,R1,PZ040,23,2030.5292265515277,0.0,0.0,2030.5292265515277,0.0,-0.0,0.0,0.0,1.0
S9,R1,PZ041,0,2396.2595994959393,0.0,0.0,2396.2595994959393,0.0,-0.0,0.0,0.0,1.0
S9,R1,PZ041,1,2396.2595994959393,0.0,0.0,2396.2595994959393,0.0,-0.0,0.0,0.0,1.0
S9,R1,PZ041,2,2396.2595994959393,0.0,0.0,2396.2595994959393,0.0,-0.0,0.0,0.0,1.0
S9,R1,PZ041,3,2396.2595994959393,0.0,0.0,2396.2595994959393,0.0,-0.0,0.0,0.0,1.0
S9,R1,PZ041,4,2396.2595994959393,0.0,0.0,2396.2595994959393,0.0,-0.0,0.0,0.0,1.0
S9,R1,PZ041,5,2396.2595994959393,0.0,0.0,2396.2595994959393,0.0,-0.0,0.0,0.0,1.0
S9,R1,PZ041,6,0.0,0.0,0.0,0.0,0.0,0.0,0.0,0.0,1.0
S9,R1,PZ041,7,0.0,0.0,0.0,0.0,0.0,0.0,0.0,0.0,1.0
S9,R1,PZ041,8,0.0,0.0,0.0,0.0,0.0,0.0,0.0,0.0,1.0
S9,R1,PZ041,9,0.0,0.0,0.0,0.0,0.0,0.0,0.0,0.0,1.0
S9,R1,PZ041,10,2396.2595994959393,0.0,0.0,2396.259599495941,0.0,1.8189894035458565e-12,1.9147256879430067e-12,0.0,1.0
S9,R1,PZ041,11,2396.2595994959393,0.4609355206698448,0.0,2396.720535016609,0.0,-0.0,0.0,0.0,1.0
S9,R1,PZ041,12,2396.2595994959393,2.6215840027873836,0.0,2398.881183498727,0.0,-0.0,0.0,0.0,1.0
S9,R1,PZ041,13,2396.2595994959393,5.336872099038961,0.0,2401.596471594978,0.0,-0.0,0.0,0.0,1.0
S9,R1,PZ041,14,2396.2595994959393,7.385493604851538,0.0,2403.6450931007907,0.0,-0.0,0.0,0.0,1.0
S9,R1,PZ041,15,2396.2595994959393,8.639792380450801,0.0,2404.89939187639,0.0,0.0,-0.0,0.0,1.0
S9,R1,PZ041,16,0.0,9.401434044620796,0.0,9.401434044629548,0.0,0.0,-0.0,0.0,1.0
S9,R1,PZ041,17,0.0,9.441123473572832,0.0,9.441123473572832,0.0,-0.0,0.0,0.0,1.0
S9,R1,PZ041,18,0.0,8.823821936410727,0.0,8.823821936410727,0.0,-0.0,0.0,0.0,1.0
S9,R1,PZ041,19,0.0,7.268032264373604,0.0,7.268032264373604,0.0,-0.0,0.0,0.0,1.0
S9,R1,PZ041,20,0.0,5.201151274971588,0.0,5.201151274971588,0.0,-0.0,0.0,0.0,1.0
S9,R1,PZ041,21,0.0,2.6293646384662264,0.0,2.6293646384662264,0.0,-0.0,0.0,0.0,1.0
S9,R1,PZ041,22,2396.2595994959393,0.406001816616769,0.0,2396.665601312556,0.0,-0.0,0.0,0.0,1.0
S9,R1,PZ041,23,2396.2595994959393,0.0,0.0,2396.2595994959393,0.0,-0.0,0.0,0.0,1.0
S9,R1,PZ047,0,2499.178571428571,0.0,0.0,2499.178571428571,0.0,-0.0,0.0,0.0,1.0
S9,R1,PZ047,1,2499.178571428571,0.0,0.0,2499.178571428571,0.0,-0.0,0.0,0.0,1.0
S9,R1,PZ047,2,2499.178571428571,0.0,0.0,2499.178571428571,0.0,-0.0,0.0,0.0,1.0
S9,R1,PZ047,3,2499.178571428571,0.0,0.0,2499.178571428571,0.0,-0.0,0.0,0.0,1.0
S9,R1,PZ047,4,2499.178571428571,0.0,0.0,2499.178571428571,0.0,-0.0,0.0,0.0,1.0
S9,R1,PZ047,5,2499.178571428571,0.0,0.0,2499.178571428571,0.0,-0.0,0.0,0.0,1.0
S9,R1,PZ047,6,0.0,0.0,0.0,0.0,0.0,0.0,0.0,0.0,1.0
S9,R1,PZ047,7,0.0,0.0,0.0,0.0,0.0,0.0,0.0,0.0,1.0
S9,R1,PZ047,8,0.0,0.0,0.0,0.0,0.0,0.0,0.0,0.0,1.0
S9,R1,PZ047,9,0.0,0.0,0.0,0.0,0.0,0.0,0.0,0.0,1.0
S9,R1,PZ047,10,2499.178571428571,0.0,0.0,2499.178571428571,0.0,-0.0,0.0,0.0,1.0
S9,R1,PZ047,11,2499.178571428571,0.0,0.0,2499.178571428571,0.0,-0.0,0.0,0.0,1.0
S9,R1,PZ047,12,2499.178571428571,0.0,0.0,2499.178571428571,0.0,-0.0,0.0,0.0,1.0
S9,R1,PZ047,13,2499.178571428571,0.0,0.0,2499.178571428571,0.0,-0.0,0.0,0.0,1.0
S9,R1,PZ047,14,2499.178571428572,0.0,0.0,2499.178571428572,0.0,-0.0,0.0,0.0,1.0
S9,R1,PZ047,15,2499.1785714285716,0.0,0.0,2499.1785714285716,0.0,-0.0,0.0,0.0,1.0
S9,R1,PZ047,16,0.0,0.0,0.0,0.0,0.0,0.0,0.0,0.0,1.0
S9,R1,PZ047,17,0.0,0.0,0.0,0.0,0.0,0.0,0.0,0.0,1.0
S9,R1,PZ047,18,0.0,0.0,0.0,-0.0,0.0,-0.0,0.0,0.0,1.0
S9,R1,PZ047,19,0.0,0.0,0.0,-0.0,0.0,-0.0,0.0,0.0,1.0
S9,R1,PZ047,20,0.0,0.0,0.0,-0.0,0.0,-0.0,0.0,0.0,1.0
S9,R1,PZ047,21,0.0,0.0,0.0,-0.0,0.0,-0.0,0.0,0.0,1.0
S9,R1,PZ047,22,2499.1785714285716,0.0,0.0,2499.1785714285716,0.0,-0.0,0.0,0.0,1.0
S9,R1,PZ047,23,2499.178571428571,0.0,0.0,2499.178571428571,0.0,-0.0,0.0,0.0,1.0
S9,R1,PZ048,0,2973.5,0.0,0.0,2973.5,0.0,-0.0,0.0,0.0,1.0
S9,R1,PZ048,1,2973.5,0.0,0.0,2973.5,0.0,-0.0,0.0,0.0,1.0
S9,R1,PZ048,2,2973.5,0.0,0.0,2973.5,0.0,-0.0,0.0,0.0,1.0
S9,R1,PZ048,3,2973.5,0.0,0.0,2973.5,0.0,-0.0,0.0,0.0,1.0
S9,R1,PZ048,4,2973.5,0.0,0.0,2973.5,0.0,-0.0,0.0,0.0,1.0
S9,R1,PZ048,5,2973.5,0.0,0.0,2973.5,0.0,-0.0,0.0,0.0,1.0
S9,R1,PZ048,6,0.0,0.0,0.0,0.0,0.0,0.0,0.0,0.0,1.0
S9,R1,PZ048,7,0.0,0.0,0.0,0.0,0.0,0.0,0.0,0.0,1.0
S9,R1,PZ048,8,0.0,0.0,0.0,0.0,0.0,0.0,0.0,0.0,1.0
S9,R1,PZ048,9,0.0,0.0,0.0,0.0,0.0,0.0,0.0,0.0,1.0
S9,R1,PZ048,10,2973.5,0.0,0.0,2973.5,0.0,-0.0,0.0,0.0,1.0
S9,R1,PZ048,11,2973.5,0.0,0.0,2973.5,0.0,-0.0,0.0,0.0,1.0
S9,R1,PZ048,12,2973.5,0.0,0.0,2973.5,0.0,-0.0,0.0,0.0,1.0
S9,R1,PZ048,13,2973.5,0.0,0.0,2973.5,0.0,-0.0,0.0,0.0,1.0
S9,R1,PZ048,14,2973.5000000000005,0.0,0.0,2973.5000000000005,0.0,-0.0,0.0,0.0,1.0
S9,R1,PZ048,15,2973.5,0.0,0.0,2973.5,0.0,-0.0,0.0,0.0,1.0
S9,R1,PZ048,16,0.0,0.0,0.0,0.0,0.0,0.0,0.0,0.0,1.0
S9,R1,PZ048,17,0.0,0.0,0.0,0.0,0.0,0.0,0.0,0.0,1.0
S9,R1,PZ048,18,0.0,0.0,0.0,-0.0,0.0,-0.0,0.0,0.0,1.0
S9,R1,PZ048,19,0.0,0.0,0.0,-0.0,0.0,-0.0,0.0,0.0,1.0
S9,R1,PZ048,20,0.0,0.0,0.0,-0.0,0.0,-0.0,0.0,0.0,1.0
S9,R1,PZ048,21,0.0,0.0,0.0,-0.0,0.0,-0.0,0.0,0.0,1.0
S9,R1,PZ048,22,2973.5000000000005,0.0,0.0,2973.5000000000005,0.0,-0.0,0.0,0.0,1.0
S9,R1,PZ048,23,2973.5,0.0,0.0,2973.5,0.0,-0.0,0.0,0.0,1.0
S9,R1,PZ049,0,2719.035714285714,0.0,0.0,2719.035714285714,0.0,-0.0,0.0,0.0,1.0
S9,R1,PZ049,1,2719.035714285714,0.0,0.0,2719.035714285714,0.0,-0.0,0.0,0.0,1.0
S9,R1,PZ049,2,2719.035714285714,0.0,0.0,2719.035714285714,0.0,-0.0,0.0,0.0,1.0
S9,R1,PZ049,3,2719.035714285714,0.0,0.0,2719.035714285714,0.0,-0.0,0.0,0.0,1.0
S9,R1,PZ049,4,2719.035714285714,0.0,0.0,2719.035714285714,0.0,-0.0,0.0,0.0,1.0
S9,R1,PZ049,5,2719.035714285714,0.0,0.0,2719.035714285714,0.0,-0.0,0.0,0.0,1.0
S9,R1,PZ049,6,0.0,0.0,0.0,0.0,0.0,0.0,0.0,0.0,1.0
S9,R1,PZ049,7,0.0,0.0,0.0,0.0,0.0,0.0,0.0,0.0,1.0
S9,R1,PZ049,8,0.0,0.0,0.0,0.0,0.0,0.0,0.0,0.0,1.0
S9,R1,PZ049,9,0.0,0.0,0.0,0.0,0.0,0.0,0.0,0.0,1.0
S9,R1,PZ049,10,2719.035714285714,0.0,0.0,2719.035714285714,0.0,-0.0,0.0,0.0,1.0
S9,R1,PZ049,11,2719.035714285714,0.0,0.0,2719.035714285714,0.0,-0.0,0.0,0.0,1.0
S9,R1,PZ049,12,2719.035714285714,0.0,0.0,2719.035714285714,0.0,-0.0,0.0,0.0,1.0
S9,R1,PZ049,13,2719.035714285714,0.0,0.0,2719.035714285714,0.0,-0.0,0.0,0.0,1.0
S9,R1,PZ049,14,2719.035714285714,0.0,0.0,2719.035714285714,0.0,-0.0,0.0,0.0,1.0
S9,R1,PZ049,15,2719.035714285717,0.0,0.0,2719.035714285717,0.0,-0.0,0.0,0.0,1.0
S9,R1,PZ049,16,0.0,0.0,0.0,0.0,0.0,0.0,0.0,0.0,1.0
S9,R1,PZ049,17,0.0,0.0,0.0,0.0,0.0,0.0,0.0,0.0,1.0
S9,R1,PZ049,18,0.0,0.0,0.0,-0.0,0.0,-0.0,0.0,0.0,1.0
S9,R1,PZ049,19,0.0,0.0,0.0,-0.0,0.0,-0.0,0.0,0.0,1.0
S9,R1,PZ049,20,0.0,0.0,0.0,-0.0,0.0,-0.0,0.0,0.0,1.0
S9,R1,PZ049,21,0.0,0.0,0.0,-0.0,0.0,-0.0,0.0,0.0,1.0
S9,R1,PZ049,22,2719.035714285714,0.0,0.0,2719.035714285714,0.0,-0.0,0.0,0.0,1.0
S9,R1,PZ049,23,2719.035714285714,0.0,0.0,2719.035714285714,0.0,-0.0,0.0,0.0,1.0
S9,R1,PZ050,0,3246.7107126566225,0.0,0.0,3246.7107126566225,0.0,-0.0,0.0,0.0,1.0
S9,R1,PZ050,1,3246.7107126566216,0.0,0.0,3246.7107126566216,0.0,-0.0,0.0,0.0,1.0
S9,R1,PZ050,2,3246.7107126566216,0.0,0.0,3246.7107126566216,0.0,-0.0,0.0,0.0,1.0
S9,R1,PZ050,3,3246.7107126566216,0.0,0.0,3246.7107126566216,0.0,-0.0,0.0,0.0,1.0
S9,R1,PZ050,4,3246.7107126566216,0.0,0.0,3246.7107126566216,0.0,-0.0,0.0,0.0,1.0
S9,R1,PZ050,5,3246.7107126566216,0.0,0.0,3246.7107126566216,0.0,-0.0,0.0,0.0,1.0
S9,R1,PZ050,6,0.0,0.0,0.0,0.0,0.0,0.0,0.0,0.0,1.0
S9,R1,PZ050,7,0.0,0.0,0.0,0.0,0.0,0.0,0.0,0.0,1.0
S9,R1,PZ050,8,136.45977556796473,0.0,0.0,0.0,136.45977556796473,0.0,0.0,0.0,1.0
S9,R1,PZ050,9,136.45977556796478,0.0,0.0,0.0,136.45977556796478,0.0,129.6367867895665,0.0,1.0
S9,R1,PZ050,10,3246.7107126566216,0.0,0.0,3383.1704882245863,0.0,136.45977556796478,259.27357357913303,0.0,1.0
S9,R1,PZ050,11,3246.7107126566216,6.6903790850821245,0.0,3363.2512110739153,0.0,109.85011933221162,115.63170456022274,0.0,1.0
S9,R1,PZ050,12,3246.7107126566216,38.05172306214509,0.0,3284.7624357187665,0.0,-0.0,0.0,0.0,1.0
S9,R1,PZ050,13,3246.7107126566216,77.46354071233229,0.0,3324.174253368954,0.0,-0.0,0.0,0.0,1.0
S9,R1,PZ050,14,3246.7107126566216,107.19883743196866,0.0,3353.90955008859,0.0,-0.0,0.0,0.0,1.0
S9,R1,PZ050,15,3246.7107126566216,125.40471204653147,0.0,3372.115424703153,0.0,-0.0,0.0,0.0,1.0
S9,R1,PZ050,16,0.0,136.45977556796478,0.0,0.0,136.45977556796478,0.0,0.0,0.0,1.0
S9,R1,PZ050,17,0.0,136.45977556796473,0.5760834508342937,0.0,136.45977556796473,0.0,129.63678678956654,0.0,1.0
S9,R1,PZ050,18,0.0,128.07586112708398,0.0,264.53563669504877,0.0,136.45977556796478,259.27357357913303,0.0,1.0
S9,R1,PZ050,19,0.0,105.49391155752693,0.0,215.34403088973858,0.0,109.85011933221163,115.63170456022277,0.0,1.0
S9,R1,PZ050,20,0.0,75.49358239488498,0.0,75.49358239488498,0.0,-0.0,0.0,0.0,1.0
S9,R1,PZ050,21,0.0,38.16465730105713,0.0,38.16465730105713,0.0,-0.0,0.0,0.0,1.0
S9,R1,PZ050,22,3246.7107126566216,5.89302828831843,0.0,3252.60374094494,0.0,-0.0,0.0,0.0,1.0
S9,R1,PZ050,23,3246.7107126566216,0.0,0.0,3246.7107126566216,0.0,-0.0,0.0,0.0,1.0
S9,R1,PZ052,0,2876.5444342409855,0.0,0.0,2876.5444342409855,0.0,-0.0,0.0,0.0,1.0
S9,R1,PZ052,1,2876.5444342409855,0.0,0.0,2876.5444342409855,0.0,-0.0,0.0,0.0,1.0
S9,R1,PZ052,2,2876.5444342409855,0.0,0.0,2876.5444342409855,0.0,-0.0,0.0,0.0,1.0
S9,R1,PZ052,3,2876.5444342409855,0.0,0.0,2876.5444342409855,0.0,-0.0,0.0,0.0,1.0
S9,R1,PZ052,4,2876.5444342409855,0.0,0.0,2876.5444342409855,0.0,-0.0,0.0,0.0,1.0
S9,R1,PZ052,5,2876.5444342409855,0.0,0.0,2876.5444342409855,0.0,-0.0,0.0,0.0,1.0
S9,R1,PZ052,6,0.0,0.0,0.0,0.0,0.0,0.0,0.0,0.0,1.0
S9,R1,PZ052,7,0.0,0.0,0.0,0.0,0.0,0.0,0.0,0.0,1.0
S9,R1,PZ052,8,59.2620987740093,0.0,0.0,0.0,59.2620987740093,0.0,0.0,0.0,1.0
S9,R1,PZ052,9,59.26209877400929,0.0,0.0,0.0,59.26209877400929,0.0,56.298993835308835,0.0,1.0
S9,R1,PZ052,10,2876.5444342409855,0.0,0.0,2935.806533014995,0.0,59.26209877400929,112.59798767061766,0.0,1.0
S9,R1,PZ052,11,2876.5444342409855,2.9055148634494863,0.0,2927.1559386175127,0.0,47.70598951307749,50.216831066397354,0.0,1.0
S9,R1,PZ052,12,2876.5444342409855,16.525199174953634,0.0,2893.0696334159393,0.0,-0.0,0.0,0.0,1.0
S9,R1,PZ052,13,2876.5444342409855,33.64106369054021,0.0,2910.185497931526,0.0,-0.0,0.0,0.0,1.0
S9,R1,PZ052,14,2876.5444342409855,46.55458405900879,0.0,2923.0990182999944,0.0,-0.0,0.0,0.0,1.0
S9,R1,PZ052,15,2876.5444342409855,54.46107764061436,0.0,2931.0055118816,0.0,-0.0,0.0,0.0,1.0
S9,R1,PZ052,16,0.0,59.26209877400929,0.0,0.0,59.26209877400929,0.0,0.0,0.0,1.0
S9,R1,PZ052,17,0.0,59.262098774009296,0.25018298779486053,0.0,59.2620987740093,0.0,56.29899383530882,0.0,1.0
S9,R1,PZ052,18,0.0,55.6211110643317,0.0,114.88320983834099,0.0,59.26209877400929,112.59798767061766,0.0,1.0
S9,R1,PZ052,19,0.0,45.81416450934298,0.0,93.52015402242047,0.0,47.70598951307749,50.216831066397354,0.0,1.0
S9,R1,PZ052,20,0.0,32.7855451767266,0.0,32.7855451767266,0.0,-0.0,0.0,0.0,1.0
S9,R1,PZ052,21,0.0,16.57424454377032,0.0,16.57424454377032,0.0,-0.0,0.0,0.0,1.0
S9,R1,PZ052,22,2876.5444342409855,2.55923932929539,0.0,2879.103673570281,0.0,-0.0,0.0,0.0,1.0
S9,R1,PZ052,23,2876.5444342409855,0.0,0.0,2876.5444342409855,0.0,-0.0,0.0,0.0,1.0
S9,R2,PZ001,0,1673.921615383102,0.0,0.0,1673.921615383102,0.0,-0.0,0.0,0.0,1.0
S9,R2,PZ001,1,1673.9216153831014,0.0,0.0,1673.9216153831014,0.0,-0.0,0.0,0.0,1.0
S9,R2,PZ001,2,1673.9216153831014,0.0,0.0,1673.9216153831014,0.0,-0.0,0.0,0.0,1.0
S9,R2,PZ001,3,1673.9216153831014,0.0,0.0,1673.9216153831014,0.0,-0.0,0.0,0.0,1.0
S9,R2,PZ001,4,1673.9216153831014,0.0,0.0,1673.9216153831014,0.0,-0.0,0.0,0.0,1.0
S9,R2,PZ001,5,1673.9216153831014,0.0,0.0,1673.9216153831014,0.0,-0.0,0.0,0.0,1.0
S9,R2,PZ001,6,0.0,0.0,0.0,0.0,0.0,0.0,0.0,0.0,1.0
S9,R2,PZ001,7,0.0,0.0,0.0,0.0,0.0,0.0,0.0,0.0,1.0
S9,R2,PZ001,8,-0.0,0.0,0.0,0.0,0.0,0.0,0.0,0.0,1.0
S9,R2,PZ001,9,-0.0,0.0,0.0,0.0,0.0,0.0,0.0,0.0,1.0
S9,R2,PZ001,10,1673.9216153831014,0.0,0.0,1673.9216153831014,0.0,-0.0,0.0,0.0,1.0
S9,R2,PZ001,11,1673.9216153831014,0.4072969727109768,0.0,1674.3289123558125,0.0,-0.0,-0.0,0.0,1.0
S9,R2,PZ001,12,1673.9216153831014,2.3165132218300775,0.0,1676.2381286049315,0.0,-0.0,0.0,0.0,1.0
S9,R2,PZ001,13,1673.9216153831014,4.715826297190924,0.0,1678.6374416802923,0.0,-0.0,0.0,0.0,1.0
S9,R2,PZ001,14,1673.9216153831014,6.526052023200269,0.0,1680.4476674063017,0.0,-0.0,0.0,0.0,1.0
S9,R2,PZ001,15,1673.9216153831014,7.634389461448141,0.0,1681.5560048445495,0.0,-0.0,0.0,0.0,1.0
S9,R2,PZ001,16,0.0,-0.0,8.307399742053498,0.0,0.0,0.0,0.0,0.0,1.0
S9,R2,PZ001,17,0.0,-0.0,8.342470556811493,0.0,0.0,0.0,0.0,0.0,1.0
S9,R2,PZ001,18,0.0,7.797003705025848,0.0,7.797003705025848,0.0,-0.0,-0.0,0.0,1.0
S9,R2,PZ001,19,0.0,6.422259526762348,0.0,6.422259526762348,0.0,-0.0,-0.0,0.0,1.0
S9,R2,PZ001,20,0.0,4.5958991527258,0.0,4.5958991527258,0.0,-0.0,0.0,0.0,1.0
S9,R2,PZ001,21,0.0,2.3233884336886783,0.0,2.3233884336886783,0.0,-0.0,0.0,0.0,1.0
S9,R2,PZ001,22,1673.9216153831014,0.3587558419946817,0.0,1674.2803712250961,0.0,-0.0,0.0,0.0,1.0
S9,R2,PZ001,23,1673.9216153831014,0.0,0.0,1673.9216153831014,0.0,-0.0,0.0,0.0,1.0
S9,R2,PZ006,0,212.11672280457117,0.0,0.0,212.11672280457117,0.0,-0.0,0.0,0.0,1.0
S9,R2,PZ006,1,212.11672280457117,0.0,0.0,212.11672280457117,0.0,-0.0,0.0,0.0,1.0
S9,R2,PZ006,2,212.11672280457117,0.0,0.0,212.11672280457117,0.0,-0.0,0.0,0.0,1.0
S9,R2,PZ006,3,212.11672280457117,0.0,0.0,212.11672280457117,0.0,-0.0,0.0,0.0,1.0
S9,R2,PZ006,4,212.11672280457117,0.0,0.0,212.11672280457117,0.0,-0.0,0.0,0.0,1.0
S9,R2,PZ006,5,212.11672280457117,0.0,0.0,212.11672280457117,0.0,-0.0,0.0,0.0,1.0
S9,R2,PZ006,6,0.0,0.0,0.0,0.0,0.0,0.0,0.0,0.0,1.0
S9,R2,PZ006,7,0.0,0.0,0.0,0.0,0.0,0.0,0.0,0.0,1.0
S9,R2,PZ006,8,43.68871002856805,0.0,0.0,0.0,43.68871002856805,0.0,0.0,0.0,1.0
S9,R2,PZ006,9,43.68871002856804,0.0,0.0,0.0,43.68871002856804,0.0,41.50427452713965,0.0,1.0
S9,R2,PZ006,10,212.11672280457117,0.0,0.0,255.8054328331392,0.0,43.68871002856804,83.00854905427929,0.0,1.0
S9,R2,PZ006,11,212.11672280457117,2.141979426631624,0.0,249.42811380420008,0.0,35.16941157299729,37.020433234733986,0.0,1.0
S9,R2,PZ006,12,212.11672280457117,12.182569464372646,0.0,224.29929226894382,0.0,-0.0,0.0,0.0,1.0
S9,R2,PZ006,13,212.11672280457117,24.800584303186795,0.0,236.91730710775795,0.0,-0.0,0.0,0.0,1.0
S9,R2,PZ006,14,212.11672280457117,34.32058205043942,0.0,246.43730485501058,0.0,-0.0,0.0,0.0,1.0
S9,R2,PZ006,15,212.11672280457117,40.14934128400531,0.0,252.26606408857648,0.0,-0.0,0.0,0.0,1.0
S9,R2,PZ006,16,0.0,43.68871002856804,0.0,0.0,43.68871002856804,0.0,0.0,0.0,1.0
S9,R2,PZ006,17,0.0,43.68871002856805,0.18443781496047754,0.0,43.68871002856805,0.0,41.504274527139636,0.0,1.0
S9,R2,PZ006,18,0.0,41.00453144636352,0.0,84.69324147493157,0.0,43.68871002856804,83.00854905427929,0.0,1.0
S9,R2,PZ006,19,0.0,33.77473612742902,0.0,68.9441477004263,0.0,35.169411572997284,37.02043323473398,0.0,1.0
S9,R2,PZ006,20,0.0,24.16988608210951,0.0,24.16988608210951,0.0,-0.0,0.0,0.0,1.0
S9,R2,PZ006,21,0.0,12.218726281981274,0.0,12.218726281981274,0.0,-0.0,0.0,0.0,1.0
S9,R2,PZ006,22,212.11672280457117,1.8867010663538966,0.0,214.00342387092508,0.0,-0.0,0.0,0.0,1.0
S9,R2,PZ006,23,212.11672280457117,0.0,0.0,212.11672280457117,0.0,-0.0,0.0,0.0,1.0
S9,R2,PZ039,0,1795.6127433031972,0.0,0.0,1795.6127433031972,0.0,-0.0,0.0,0.0,1.0
S9,R2,PZ039,1,1795.6127433031972,0.0,0.0,1795.6127433031972,0.0,-0.0,0.0,0.0,1.0
S9,R2,PZ039,2,1795.6127433031972,0.0,0.0,1795.6127433031972,0.0,-0.0,0.0,0.0,1.0
S9,R2,PZ039,3,1795.6127433031972,0.0,0.0,1795.6127433031972,0.0,-0.0,0.0,0.0,1.0
S9,R2,PZ039,4,1795.6127433031972,0.0,0.0,1795.6127433031972,0.0,-0.0,0.0,0.0,1.0
S9,R2,PZ039,5,1795.6127433031972,0.0,0.0,1795.6127433031972,0.0,-0.0,0.0,0.0,1.0
S9,R2,PZ039,6,0.0,0.0,0.0,0.0,0.0,0.0,0.0,0.0,1.0
S9,R2,PZ039,7,91.02344253011354,0.0,0.0,0.0,91.02344253011354,0.0,0.0,0.0,1.0
S9,R2,PZ039,8,91.02344253011357,0.0,0.0,0.0,91.02344253011357,0.0,86.47227040360787,0.0,1.0
S9,R2,PZ039,9,1795.6127433031972,0.0,0.0,1886.6361858333107,0.0,91.02344253011357,172.94454080721576,0.0,1.0
S9,R2,PZ039,10,1795.6127433031972,0.0,0.0,1868.8866145399386,0.0,73.2738712367414,77.13039077551726,0.0,1.0
S9,R2,PZ039,11,1795.6127433031972,4.462716823481356,0.0,1800.0754601266785,0.0,-0.0,0.0,0.0,1.0
S9,R2,PZ039,12,1795.6127433031972,25.381830014764247,0.0,1820.9945733179616,0.0,-0.0,0.0,0.0,1.0
S9,R2,PZ039,13,1795.6127433031972,51.67089068453208,0.0,1847.2836339877294,0.0,-0.0,0.0,0.0,1.0
S9,R2,PZ039,14,1795.6127433031972,71.50537348952284,0.0,1867.11811679272,0.0,-0.0,0.0,0.0,1.0
S9,R2,PZ039,15,1795.6127433031972,83.64932854728089,0.0,1879.2620718504782,0.0,-0.0,0.0,0.0,1.0
S9,R2,PZ039,16,0.0,91.02344253011357,0.0,0.0,91.02344253011357,0.0,0.0,0.0,1.0
S9,R2,PZ039,17,0.0,91.02344253011354,0.3842678083069831,0.0,91.02344253011354,0.0,86.4722704036079,0.0,1.0
S9,R2,PZ039,18,0.0,85.43107839855438,0.0,176.45452092866793,0.0,91.02344253011357,172.94454080721576,0.0,1.0
S9,R2,PZ039,19,0.0,70.36812830716464,0.0,143.64199954390605,0.0,73.27387123674143,77.13039077551728,0.0,1.0
S9,R2,PZ039,20,0.0,50.356859594061945,0.0,50.356859594061945,0.0,-0.0,0.0,0.0,1.0
S9,R2,PZ039,21,0.0,25.457161101617547,0.0,25.457161101617547,0.0,-0.0,0.0,0.0,1.0
S9,R2,PZ039,22,1795.6127433031972,3.93085595735079,0.0,1799.543599260548,0.0,-0.0,0.0,0.0,1.0
S9,R2,PZ039,23,1795.6127433031972,0.0,0.0,1795.6127433031972,0.0,-0.0,0.0,0.0,1.0
S9,R2,PZ040,0,2007.8753339110162,0.0,0.0,2007.8753339110162,0.0,-0.0,0.0,0.0,1.0
S9,R2,PZ040,1,2007.8753339110162,0.0,0.0,2007.8753339110162,0.0,-0.0,0.0,0.0,1.0
S9,R2,PZ040,2,2007.8753339110162,0.0,0.0,2007.8753339110162,0.0,-0.0,0.0,0.0,1.0
S9,R2,PZ040,3,2007.8753339110162,0.0,0.0,2007.8753339110162,0.0,-0.0,0.0,0.0,1.0
S9,R2,PZ040,4,2007.8753339110162,0.0,0.0,2007.8753339110162,0.0,-0.0,0.0,0.0,1.0
S9,R2,PZ040,5,2007.8753339110162,0.0,0.0,2007.8753339110162,0.0,-0.0,0.0,0.0,1.0
S9,R2,PZ040,6,0.0,0.0,0.0,0.0,0.0,0.0,0.0,0.0,1.0
S9,R2,PZ040,7,0.0,0.0,0.0,0.0,0.0,0.0,0.0,0.0,1.0
S9,R2,PZ040,8,96.13111913556642,0.0,0.0,0.0,96.13111913556642,0.0,0.0,0.0,1.0
S9,R2,PZ040,9,96.1311191355664,0.0,0.0,0.0,96.1311191355664,0.0,91.3245631787881,0.0,1.0
S9,R2,PZ040,10,2007.8753339110162,0.0,0.0,2104.0064530465825,0.0,96.1311191355664,182.64912635757616,0.0,1.0
S9,R2,PZ040,11,2007.8753339110162,4.7131370853662595,0.0,2089.9740219005134,0.0,77.38555090413097,81.45847463592733,0.0,1.0
S9,R2,PZ040,12,2007.8753339110162,26.806102441365795,0.0,2034.681436352382,0.0,-0.0,0.0,0.0,1.0
S9,R2,PZ040,13,2007.8753339110162,54.57034375064725,0.0,2062.4456776616635,0.0,-0.0,0.0,0.0,1.0
S9,R2,PZ040,14,2007.8753339110162,75.51781592396244,0.0,2083.393149834979,0.0,-0.0,0.0,0.0,1.0
S9,R2,PZ040,15,2007.8753339110162,88.3432151616158,0.0,2096.218549072632,0.0,-0.0,0.0,0.0,1.0
S9,R2,PZ040,16,0.0,96.1311191355664,0.0,0.0,96.1311191355664,0.0,0.0,0.0,1.0
S9,R2,PZ040,17,0.0,96.13111913556642,0.4058305578598038,0.0,96.13111913556642,0.0,91.32456317878807,0.0,1.0
S9,R2,PZ040,18,0.0,90.2249458725355,0.0,186.3560650081019,0.0,96.1311191355664,182.64912635757616,0.0,1.0
S9,R2,PZ040,19,0.0,74.31675552597258,0.0,151.70230643010356,0.0,77.38555090413097,81.45847463592733,0.0,1.0
S9,R2,PZ040,20,0.0,53.18257730505239,0.0,53.18257730505239,0.0,-0.0,0.0,0.0,1.0
S9,R2,PZ040,21,0.0,26.8856606461932,0.0,26.8856606461932,0.0,-0.0,0.0,0.0,1.0
S9,R2,PZ040,22,2007.8753339110162,4.151431453670028,0.0,2012.0267653646863,0.0,-0.0,0.0,0.0,1.0
S9,R2,PZ040,23,2007.8753339110162,0.0,0.0,2007.8753339110162,0.0,-0.0,0.0,0.0,1.0
S9,R2,PZ041,0,2393.361787764934,0.0,0.0,2393.361787764934,0.0,-0.0,0.0,0.0,1.0
S9,R2,PZ041,1,2393.361787764934,0.0,0.0,2393.361787764934,0.0,-0.0,0.0,0.0,1.0
S9,R2,PZ041,2,2393.361787764934,0.0,0.0,2393.361787764934,0.0,-0.0,0.0,0.0,1.0
S9,R2,PZ041,3,2393.361787764934,0.0,0.0,2393.361787764934,0.0,-0.0,0.0,0.0,1.0
S9,R2,PZ041,4,2393.361787764934,0.0,0.0,2393.361787764934,0.0,-0.0,0.0,0.0,1.0
S9,R2,PZ041,5,2393.361787764934,0.0,0.0,2393.361787764934,0.0,-0.0,0.0,0.0,1.0
S9,R2,PZ041,6,0.0,0.0,0.0,0.0,0.0,0.0,0.0,0.0,1.0
S9,R2,PZ041,7,0.0,0.0,0.0,0.0,0.0,0.0,0.0,0.0,1.0
S9,R2,PZ041,8,0.0,0.0,0.0,0.0,0.0,0.0,0.0,0.0,1.0
S9,R2,PZ041,9,0.0,0.0,0.0,0.0,0.0,0.0,0.0,0.0,1.0
S9,R2,PZ041,10,2393.361787764934,0.0,0.0,2393.361787764934,0.0,-0.0,0.0,0.0,1.0
S9,R2,PZ041,11,2393.361787764934,0.7374968330717517,0.0,2394.099284598006,0.0,-0.0,0.0,0.0,1.0
S9,R2,PZ041,12,2393.361787764934,4.194534404459814,0.0,2397.5563221693938,0.0,-0.0,0.0,0.0,1.0
S9,R2,PZ041,13,2393.361787764934,8.538995358462339,0.0,2401.900783123396,0.0,-0.0,0.0,0.0,1.0
S9,R2,PZ041,14,2393.361787764934,11.816789767762463,0.0,2405.1785775326966,0.0,-0.0,0.0,0.0,1.0
S9,R2,PZ041,15,2393.361787764934,13.823667808721284,0.0,2407.1854555736554,0.0,0.0,-0.0,0.0,1.0
S9,R2,PZ041,16,0.0,15.042294471393275,0.0,15.04229447139854,0.0,0.0,-0.0,0.0,1.0
S9,R2,PZ041,17,0.0,15.105797557716532,0.0,15.105797557716532,0.0,-0.0,0.0,0.0,1.0
S9,R2,PZ041,18,0.0,14.118115098257165,0.0,14.118115098257165,0.0,-0.0,0.0,0.0,1.0
S9,R2,PZ041,19,0.0,11.628851622997768,0.0,11.628851622997768,0.0,-0.0,0.0,0.0,1.0
S9,R2,PZ041,20,0.0,8.321842039954541,0.0,8.321842039954541,0.0,-0.0,0.0,0.0,1.0
S9,R2,PZ041,21,0.0,4.206983421545963,0.0,4.206983421545963,0.0,-0.0,0.0,0.0,1.0
S9,R2,PZ041,22,2393.361787764934,0.6496029065868305,0.0,2394.011390671521,0.0,-0.0,0.0,0.0,1.0
S9,R2,PZ041,23,2393.361787764934,0.0,0.0,2393.361787764934,0.0,-0.0,0.0,0.0,1.0
S9,R2,PZ047,0,2499.178571428571,0.0,0.0,2499.178571428571,0.0,-0.0,0.0,0.0,1.0
S9,R2,PZ047,1,2499.178571428571,0.0,0.0,2499.178571428571,0.0,-0.0,0.0,0.0,1.0
S9,R2,PZ047,2,2499.178571428571,0.0,0.0,2499.178571428571,0.0,-0.0,0.0,0.0,1.0
S9,R2,PZ047,3,2499.178571428571,0.0,0.0,2499.178571428571,0.0,-0.0,0.0,0.0,1.0
S9,R2,PZ047,4,2499.178571428571,0.0,0.0,2499.178571428571,0.0,-0.0,0.0,0.0,1.0
S9,R2,PZ047,5,2499.178571428571,0.0,0.0,2499.178571428571,0.0,-0.0,0.0,0.0,1.0
S9,R2,PZ047,6,0.0,0.0,0.0,0.0,0.0,0.0,0.0,0.0,1.0
S9,R2,PZ047,7,0.0,0.0,0.0,0.0,0.0,0.0,0.0,0.0,1.0
S9,R2,PZ047,8,0.0,0.0,0.0,0.0,0.0,0.0,0.0,0.0,1.0
S9,R2,PZ047,9,0.0,0.0,0.0,0.0,0.0,0.0,0.0,0.0,1.0
S9,R2,PZ047,10,2499.178571428571,0.0,0.0,2499.178571428571,0.0,-0.0,0.0,0.0,1.0
S9,R2,PZ047,11,2499.178571428571,0.0,0.0,2499.178571428571,0.0,-0.0,0.0,0.0,1.0
S9,R2,PZ047,12,2499.178571428571,0.0,0.0,2499.178571428571,0.0,-0.0,0.0,0.0,1.0
S9,R2,PZ047,13,2499.178571428571,0.0,0.0,2499.178571428571,0.0,-0.0,0.0,0.0,1.0
S9,R2,PZ047,14,2499.178571428572,0.0,0.0,2499.178571428572,0.0,-0.0,0.0,0.0,1.0
S9,R2,PZ047,15,2499.1785714285716,0.0,0.0,2499.1785714285716,0.0,-0.0,0.0,0.0,1.0
S9,R2,PZ047,16,0.0,0.0,0.0,0.0,0.0,0.0,0.0,0.0,1.0
S9,R2,PZ047,17,0.0,0.0,0.0,0.0,0.0,0.0,0.0,0.0,1.0
S9,R2,PZ047,18,0.0,0.0,0.0,-0.0,0.0,-0.0,0.0,0.0,1.0
S9,R2,PZ047,19,0.0,0.0,0.0,-0.0,0.0,-0.0,0.0,0.0,1.0
S9,R2,PZ047,20,0.0,0.0,0.0,-0.0,0.0,-0.0,0.0,0.0,1.0
S9,R2,PZ047,21,0.0,0.0,0.0,-0.0,0.0,-0.0,0.0,0.0,1.0
S9,R2,PZ047,22,2499.1785714285716,0.0,0.0,2499.1785714285716,0.0,-0.0,0.0,0.0,1.0
S9,R2,PZ047,23,2499.178571428571,0.0,0.0,2499.178571428571,0.0,-0.0,0.0,0.0,1.0
S9,R2,PZ048,0,2973.5,0.0,0.0,2973.5,0.0,-0.0,0.0,0.0,1.0
S9,R2,PZ048,1,2973.5,0.0,0.0,2973.5,0.0,-0.0,0.0,0.0,1.0
S9,R2,PZ048,2,2973.5,0.0,0.0,2973.5,0.0,-0.0,0.0,0.0,1.0
S9,R2,PZ048,3,2973.5,0.0,0.0,2973.5,0.0,-0.0,0.0,0.0,1.0
S9,R2,PZ048,4,2973.5,0.0,0.0,2973.5,0.0,-0.0,0.0,0.0,1.0
S9,R2,PZ048,5,2973.5,0.0,0.0,2973.5,0.0,-0.0,0.0,0.0,1.0
S9,R2,PZ048,6,0.0,0.0,0.0,0.0,0.0,0.0,0.0,0.0,1.0
S9,R2,PZ048,7,0.0,0.0,0.0,0.0,0.0,0.0,0.0,0.0,1.0
S9,R2,PZ048,8,0.0,0.0,0.0,0.0,0.0,0.0,0.0,0.0,1.0
S9,R2,PZ048,9,0.0,0.0,0.0,0.0,0.0,0.0,0.0,0.0,1.0
S9,R2,PZ048,10,2973.5,0.0,0.0,2973.5,0.0,-0.0,0.0,0.0,1.0
S9,R2,PZ048,11,2973.5,0.0,0.0,2973.5,0.0,-0.0,0.0,0.0,1.0
S9,R2,PZ048,12,2973.5,0.0,0.0,2973.5,0.0,-0.0,0.0,0.0,1.0
S9,R2,PZ048,13,2973.5,0.0,0.0,2973.5,0.0,-0.0,0.0,0.0,1.0
S9,R2,PZ048,14,2973.5000000000005,0.0,0.0,2973.5000000000005,0.0,-0.0,0.0,0.0,1.0
S9,R2,PZ048,15,2973.5,0.0,0.0,2973.5,0.0,-0.0,0.0,0.0,1.0
S9,R2,PZ048,16,0.0,0.0,0.0,0.0,0.0,0.0,0.0,0.0,1.0
S9,R2,PZ048,17,0.0,0.0,0.0,0.0,0.0,0.0,0.0,0.0,1.0
S9,R2,PZ048,18,0.0,0.0,0.0,-0.0,0.0,-0.0,0.0,0.0,1.0
S9,R2,PZ048,19,0.0,0.0,0.0,-0.0,0.0,-0.0,0.0,0.0,1.0
S9,R2,PZ048,20,0.0,0.0,0.0,-0.0,0.0,-0.0,0.0,0.0,1.0
S9,R2,PZ048,21,0.0,0.0,0.0,-0.0,0.0,-0.0,0.0,0.0,1.0
S9,R2,PZ048,22,2973.5000000000005,0.0,0.0,2973.5000000000005,0.0,-0.0,0.0,0.0,1.0
S9,R2,PZ048,23,2973.5,0.0,0.0,2973.5,0.0,-0.0,0.0,0.0,1.0
S9,R2,PZ049,0,2719.035714285714,0.0,0.0,2719.035714285714,0.0,-0.0,0.0,0.0,1.0
S9,R2,PZ049,1,2719.035714285714,0.0,0.0,2719.035714285714,0.0,-0.0,0.0,0.0,1.0
S9,R2,PZ049,2,2719.035714285714,0.0,0.0,2719.035714285714,0.0,-0.0,0.0,0.0,1.0
S9,R2,PZ049,3,2719.035714285714,0.0,0.0,2719.035714285714,0.0,-0.0,0.0,0.0,1.0
S9,R2,PZ049,4,2719.035714285714,0.0,0.0,2719.035714285714,0.0,-0.0,0.0,0.0,1.0
S9,R2,PZ049,5,2719.035714285714,0.0,0.0,2719.035714285714,0.0,-0.0,0.0,0.0,1.0
S9,R2,PZ049,6,0.0,0.0,0.0,0.0,0.0,0.0,0.0,0.0,1.0
S9,R2,PZ049,7,0.0,0.0,0.0,0.0,0.0,0.0,0.0,0.0,1.0
S9,R2,PZ049,8,0.0,0.0,0.0,0.0,0.0,0.0,0.0,0.0,1.0
S9,R2,PZ049,9,0.0,0.0,0.0,0.0,0.0,0.0,0.0,0.0,1.0
S9,R2,PZ049,10,2719.035714285714,0.0,0.0,2719.035714285714,0.0,-0.0,0.0,0.0,1.0
S9,R2,PZ049,11,2719.035714285714,0.0,0.0,2719.035714285714,0.0,-0.0,0.0,0.0,1.0
S9,R2,PZ049,12,2719.035714285714,0.0,0.0,2719.035714285714,0.0,-0.0,0.0,0.0,1.0
S9,R2,PZ049,13,2719.035714285714,0.0,0.0,2719.035714285714,0.0,-0.0,0.0,0.0,1.0
S9,R2,PZ049,14,2719.035714285714,0.0,0.0,2719.035714285714,0.0,-0.0,0.0,0.0,1.0
S9,R2,PZ049,15,2719.035714285717,0.0,0.0,2719.035714285717,0.0,-0.0,0.0,0.0,1.0
S9,R2,PZ049,16,0.0,0.0,0.0,0.0,0.0,0.0,0.0,0.0,1.0
S9,R2,PZ049,17,0.0,0.0,0.0,0.0,0.0,0.0,0.0,0.0,1.0
S9,R2,PZ049,18,0.0,0.0,0.0,-0.0,0.0,-0.0,0.0,0.0,1.0
S9,R2,PZ049,19,0.0,0.0,0.0,-0.0,0.0,-0.0,0.0,0.0,1.0
S9,R2,PZ049,20,0.0,0.0,0.0,-0.0,0.0,-0.0,0.0,0.0,1.0
S9,R2,PZ049,21,0.0,0.0,0.0,-0.0,0.0,-0.0,0.0,0.0,1.0
S9,R2,PZ049,22,2719.035714285714,0.0,0.0,2719.035714285714,0.0,-0.0,0.0,0.0,1.0
S9,R2,PZ049,23,2719.035714285714,0.0,0.0,2719.035714285714,0.0,-0.0,0.0,0.0,1.0
S9,R2,PZ050,0,3195.258568822025,0.0,0.0,3195.258568822025,0.0,-0.0,0.0,0.0,1.0
S9,R2,PZ050,1,3195.2585688220247,0.0,0.0,3195.2585688220247,0.0,-0.0,0.0,0.0,1.0
S9,R2,PZ050,2,3195.2585688220247,0.0,0.0,3195.2585688220247,0.0,-0.0,0.0,0.0,1.0
S9,R2,PZ050,3,3195.2585688220247,0.0,0.0,3195.2585688220247,0.0,-0.0,0.0,0.0,1.0
S9,R2,PZ050,4,3195.2585688220247,0.0,0.0,3195.2585688220247,0.0,-0.0,0.0,0.0,1.0
S9,R2,PZ050,5,3195.2585688220247,0.0,0.0,3195.2585688220247,0.0,-0.0,0.0,0.0,1.0
S9,R2,PZ050,6,0.0,0.0,0.0,0.0,0.0,0.0,0.0,0.0,1.0
S9,R2,PZ050,7,0.0,0.0,0.0,0.0,0.0,0.0,0.0,0.0,1.0
S9,R2,PZ050,8,218.3356409087437,0.0,0.0,0.0,218.3356409087437,0.0,0.0,0.0,1.0
S9,R2,PZ050,9,218.33564090874364,0.0,0.0,0.0,218.33564090874364,0.0,207.4188588633065,0.0,1.0
S9,R2,PZ050,10,3195.2585688220247,0.0,0.0,3413.5942097307684,0.0,218.33564090874364,414.83771772661294,0.0,1.0
S9,R2,PZ050,11,3195.2585688220247,10.704606536131399,0.0,3381.7233662896947,0.0,175.7601909315387,185.0107272963565,0.0,1.0
S9,R2,PZ050,12,3195.2585688220247,60.88275689943215,0.0,3256.1413257214567,0.0,-0.0,0.0,0.0,1.0
S9,R2,PZ050,13,3195.2585688220247,123.94166513973165,0.0,3319.2002339617566,0.0,-0.0,0.0,0.0,1.0
S9,R2,PZ050,14,3195.2585688220247,171.51813989114984,0.0,3366.7767087131747,0.0,-0.0,0.0,0.0,1.0
S9,R2,PZ050,15,3195.2585688220247,200.64753927445037,0.0,3395.9061080964752,0.0,-0.0,0.0,0.0,1.0
S9,R2,PZ050,16,0.0,218.33564090874364,0.0,0.0,218.33564090874364,0.0,0.0,0.0,1.0
S9,R2,PZ050,17,0.0,218.33564090874367,0.9217335213347678,0.0,218.3356409087437,0.0,207.41885886330644,0.0,1.0
S9,R2,PZ050,18,0.0,204.92137780333434,0.0,423.257018712078,0.0,218.33564090874364,414.83771772661294,0.0,1.0
S9,R2,PZ050,19,0.0,168.79025849204308,0.0,344.55044942358177,0.0,175.7601909315387,185.0107272963565,0.0,1.0
S9,R2,PZ050,20,0.0,120.78973183181598,0.0,120.78973183181598,0.0,-0.0,0.0,0.0,1.0
S9,R2,PZ050,21,0.0,61.06345168169142,0.0,61.06345168169142,0.0,-0.0,0.0,0.0,1.0
S9,R2,PZ050,22,3195.2585688220247,9.428845261309487,0.0,3204.6874140833343,0.0,-0.0,0.0,0.0,1.0
S9,R2,PZ050,23,3195.2585688220247,0.0,0.0,3195.2585688220247,0.0,-0.0,0.0,0.0,1.0
S9,R2,PZ052,0,2854.1996662141487,0.0,0.0,2854.1996662141487,0.0,-0.0,0.0,0.0,1.0
S9,R2,PZ052,1,2854.1996662141487,0.0,0.0,2854.1996662141487,0.0,-0.0,0.0,0.0,1.0
S9,R2,PZ052,2,2854.1996662141487,0.0,0.0,2854.1996662141487,0.0,-0.0,0.0,0.0,1.0
S9,R2,PZ052,3,2854.1996662141487,0.0,0.0,2854.1996662141487,0.0,-0.0,0.0,0.0,1.0
S9,R2,PZ052,4,2854.1996662141487,0.0,0.0,2854.1996662141487,0.0,-0.0,0.0,0.0,1.0
S9,R2,PZ052,5,2854.1996662141487,0.0,0.0,2854.1996662141487,0.0,-0.0,0.0,0.0,1.0
S9,R2,PZ052,6,0.0,0.0,0.0,0.0,0.0,0.0,0.0,0.0,1.0
S9,R2,PZ052,7,0.0,0.0,0.0,0.0,0.0,0.0,0.0,0.0,1.0
S9,R2,PZ052,8,94.81935803841488,0.0,0.0,0.0,94.81935803841488,0.0,0.0,0.0,1.0
S9,R2,PZ052,9,94.81935803841488,0.0,0.0,0.0,94.81935803841488,0.0,90.07839013649412,0.0,1.0
S9,R2,PZ052,10,2854.1996662141487,0.0,0.0,2949.0190242525637,0.0,94.81935803841488,180.15678027298824,0.0,1.0
S9,R2,PZ052,11,2854.1996662141487,4.648823781519178,0.0,2935.1780732165917,0.0,76.32958322092396,80.34692970623574,0.0,1.0
S9,R2,PZ052,12,2854.1996662141487,26.440318679925817,0.0,2880.6399848940746,0.0,-0.0,0.0,0.0,1.0
S9,R2,PZ052,13,2854.1996662141487,53.82570190486434,0.0,2908.025368119013,0.0,-0.0,0.0,0.0,1.0
S9,R2,PZ052,14,2854.1996662141487,74.48733449441407,0.0,2928.6870007085627,0.0,-0.0,0.0,0.0,1.0
S9,R2,PZ052,15,2854.1996662141487,87.13772422498299,0.0,2941.3373904391315,0.0,-0.0,0.0,0.0,1.0
S9,R2,PZ052,16,0.0,94.81935803841488,0.0,0.0,94.81935803841488,0.0,0.0,0.0,1.0
S9,R2,PZ052,17,0.0,94.81935803841486,0.4002927804718,0.0,94.81935803841488,0.0,90.07839013649412,0.0,1.0
S9,R2,PZ052,18,0.0,88.99377770293073,0.0,183.8131357413456,0.0,94.81935803841488,180.15678027298824,0.0,1.0
S9,R2,PZ052,19,0.0,73.30266321494878,0.0,149.63224643587273,0.0,76.32958322092396,80.34692970623574,0.0,1.0
S9,R2,PZ052,20,0.0,52.45687228276257,0.0,52.45687228276257,0.0,-0.0,0.0,0.0,1.0
S9,R2,PZ052,21,0.0,26.518791270032516,0.0,26.518791270032516,0.0,-0.0,0.0,0.0,1.0
S9,R2,PZ052,22,2854.1996662141487,4.094782926872624,0.0,2858.2944491410212,0.0,-0.0,0.0,0.0,1.0
S9,R2,PZ052,23,2854.1996662141487,0.0,0.0,2854.1996662141487,0.0,-0.0,0.0,0.0,1.0
S9,R3,PZ001,0,1669.8218029039347,0.0,0.0,1669.8218029039347,0.0,-0.0,0.0,0.0,1.0
S9,R3,PZ001,1,1669.8218029039344,0.0,0.0,1669.8218029039344,0.0,-0.0,0.0,0.0,1.0
S9,R3,PZ001,2,1669.8218029039344,0.0,0.0,1669.8218029039344,0.0,-0.0,0.0,0.0,1.0
S9,R3,PZ001,3,1669.8218029039344,0.0,0.0,1669.8218029039344,0.0,-0.0,0.0,0.0,1.0
S9,R3,PZ001,4,1669.8218029039344,0.0,0.0,1669.8218029039344,0.0,-0.0,0.0,0.0,1.0
S9,R3,PZ001,5,1669.8218029039344,0.0,0.0,1669.8218029039344,0.0,-0.0,0.0,0.0,1.0
S9,R3,PZ001,6,0.0,0.0,0.0,0.0,0.0,0.0,0.0,0.0,1.0
S9,R3,PZ001,7,0.0,0.0,0.0,0.0,0.0,0.0,0.0,0.0,1.0
S9,R3,PZ001,8,11.422674645323564,0.0,0.0,0.0,11.422674645323564,0.0,0.0,0.0,1.0
S9,R3,PZ001,9,11.422674645323564,0.0,0.0,0.0,11.422674645323564,0.0,10.851540913057386,0.0,1.0
S9,R3,PZ001,10,1669.8218029039344,0.0,0.0,1681.244477549258,0.0,11.422674645323564,21.703081826114772,0.0,1.0
S9,R3,PZ001,11,1669.8218029039344,0.5600333374775931,0.0,1679.5770893308975,0.0,9.19525308948547,9.679213778405758,0.0,1.0
S9,R3,PZ001,12,1669.8218029039344,3.1852056800163564,0.0,1673.007008583951,0.0,-0.0,0.0,0.0,1.0
S9,R3,PZ001,13,1669.8218029039344,6.484261158637523,0.0,1676.306064062572,0.0,-0.0,0.0,0.0,1.0
S9,R3,PZ001,14,1669.8218029039344,8.973321531900373,0.0,1678.7951244358349,0.0,-0.0,0.0,0.0,1.0
S9,R3,PZ001,15,1669.8218029039344,10.497285509491197,0.0,1680.3190884134256,0.0,-0.0,0.0,0.0,1.0
S9,R3,PZ001,16,0.0,11.422674645323564,0.0,0.0,11.422674645323564,0.0,0.0,0.0,1.0
S9,R3,PZ001,17,0.0,11.422674645323564,0.048222370292242,0.0,11.422674645323564,0.0,10.851540913057386,0.0,1.0
S9,R3,PZ001,18,0.0,10.720880094410543,0.0,22.143554739734107,0.0,11.422674645323564,21.703081826114772,0.0,1.0
S9,R3,PZ001,19,0.0,8.830606849298231,0.0,18.025859938783704,0.0,9.195253089485472,9.67921377840576,0.0,1.0
S9,R3,PZ001,20,0.0,6.319361334997976,0.0,6.319361334997976,0.0,-0.0,0.0,0.0,1.0
S9,R3,PZ001,21,0.0,3.194659096321933,0.0,3.194659096321933,0.0,-0.0,0.0,0.0,1.0
S9,R3,PZ001,22,1669.8218029039344,0.49328928274268735,0.0,1670.315092186677,0.0,-0.0,0.0,0.0,1.0
S9,R3,PZ001,23,1669.8218029039344,0.0,0.0,1669.8218029039344,0.0,-0.0,0.0,0.0,1.0
S9,R3,PZ006,0,201.82120814199965,0.0,0.0,201.82120814199965,0.0,-0.0,0.0,0.0,1.0
S9,R3,PZ006,1,201.82120814199965,0.0,0.0,201.82120814199965,0.0,-0.0,0.0,0.0,1.0
S9,R3,PZ006,2,201.82120814199965,0.0,0.0,201.82120814199965,0.0,-0.0,0.0,0.0,1.0
S9,R3,PZ006,3,201.82120814199965,0.0,0.0,201.82120814199965,0.0,-0.0,0.0,0.0,1.0
S9,R3,PZ006,4,201.82120814199965,0.0,0.0,201.82120814199965,0.0,-0.0,0.0,0.0,1.0
S9,R3,PZ006,5,201.82120814199965,0.0,0.0,201.82120814199965,0.0,-0.0,0.0,0.0,1.0
S9,R3,PZ006,6,0.0,0.0,0.0,0.0,0.0,0.0,0.0,0.0,1.0
S9,R3,PZ006,7,0.0,0.0,0.0,0.0,0.0,0.0,0.0,0.0,1.0
S9,R3,PZ006,8,60.07197628928106,0.0,0.0,0.0,60.07197628928106,0.0,0.0,0.0,1.0
S9,R3,PZ006,9,60.07197628928106,0.0,0.0,0.0,60.07197628928106,0.0,57.068377474817005,0.0,1.0
S9,R3,PZ006,10,201.82120814199965,0.0,0.0,261.8931844312807,0.0,60.07197628928106,114.13675494963401,0.0,1.0
S9,R3,PZ006,11,201.82120814199965,2.945221711618483,0.0,253.1243707664894,0.0,48.35794091287126,50.90309569775921,0.0,1.0
S9,R3,PZ006,12,201.82120814199965,16.751033013512387,0.0,218.57224115551205,0.0,-0.0,0.0,0.0,1.0
S9,R3,PZ006,13,201.82120814199965,34.100803416881845,0.0,235.92201155888148,0.0,-0.0,0.0,0.0,1.0
S9,R3,PZ006,14,201.82120814199965,47.1908003193542,0.0,249.01200846135384,0.0,-0.0,0.0,0.0,1.0
S9,R3,PZ006,15,201.82120814199965,55.2053442655073,0.0,257.0265524075069,0.0,-0.0,0.0,0.0,1.0
S9,R3,PZ006,16,0.0,60.07197628928106,0.0,0.0,60.07197628928106,0.0,0.0,0.0,1.0
S9,R3,PZ006,17,0.0,60.071976289281054,0.2536019955706743,0.0,60.07197628928106,0.0,57.068377474817005,0.0,1.0
S9,R3,PZ006,18,0.0,56.38123073874985,0.0,116.4532070280309,0.0,60.07197628928106,114.13675494963401,0.0,1.0
S9,R3,PZ006,19,0.0,46.44026217521491,0.0,94.79820308808617,0.0,48.35794091287126,50.90309569775921,0.0,1.0
S9,R3,PZ006,20,0.0,33.23359336290058,0.0,33.23359336290058,0.0,-0.0,0.0,0.0,1.0
S9,R3,PZ006,21,0.0,16.80074863772425,0.0,16.80074863772425,0.0,-0.0,0.0,0.0,1.0
S9,R3,PZ006,22,201.82120814199965,2.5942139662366075,0.0,204.41542210823624,0.0,-0.0,0.0,0.0,1.0
S9,R3,PZ006,23,201.82120814199965,0.0,0.0,201.82120814199965,0.0,-0.0,0.0,0.0,1.0
S9,R3,PZ039,0,1775.5925220418958,0.0,0.0,1775.5925220418958,0.0,-0.0,0.0,0.0,1.0
S9,R3,PZ039,1,1775.592522041896,0.0,0.0,1775.592522041896,0.0,-0.0,0.0,0.0,1.0
S9,R3,PZ039,2,1775.592522041896,0.0,0.0,1775.592522041896,0.0,-0.0,0.0,0.0,1.0
S9,R3,PZ039,3,1775.592522041896,0.0,0.0,1775.592522041896,0.0,-0.0,0.0,0.0,1.0
S9,R3,PZ039,4,1775.592522041896,0.0,0.0,1775.592522041896,0.0,-0.0,0.0,0.0,1.0
S9,R3,PZ039,5,1775.592522041896,0.0,0.0,1775.592522041896,0.0,-0.0,0.0,0.0,1.0
S9,R3,PZ039,6,0.0,0.0,0.0,0.0,0.0,0.0,0.0,0.0,1.0
S9,R3,PZ039,7,125.15723347890618,0.0,0.0,0.0,125.15723347890618,0.0,0.0,0.0,1.0
S9,R3,PZ039,8,125.15723347890618,0.0,0.0,0.0,125.15723347890618,0.0,118.89937180496086,0.0,1.0
S9,R3,PZ039,9,1775.592522041896,0.0,0.0,1900.7497555208022,0.0,125.15723347890618,237.79874360992173,0.0,1.0
S9,R3,PZ039,10,1775.592522041896,0.0,0.0,1876.3440949924154,0.0,100.75157295051946,106.05428731633627,0.0,1.0
S9,R3,PZ039,11,1775.592522041896,6.136235632286866,0.0,1781.7287576741828,0.0,-0.0,0.0,0.0,1.0
S9,R3,PZ039,12,1775.592522041896,34.90001627030084,0.0,1810.4925383121968,0.0,-0.0,0.0,0.0,1.0
S9,R3,PZ039,13,1775.592522041896,71.04747469123161,0.0,1846.6399967331276,0.0,-0.0,0.0,0.0,1.0
S9,R3,PZ039,14,1775.592522041896,98.31988854809391,0.0,1873.91241058999,0.0,-0.0,0.0,0.0,1.0
S9,R3,PZ039,15,1775.592522041896,115.01782675251123,0.0,1890.6103487944072,0.0,-0.0,0.0,0.0,1.0
S9,R3,PZ039,16,0.0,125.15723347890618,0.0,0.0,125.15723347890618,0.0,0.0,0.0,1.0
S9,R3,PZ039,17,0.0,125.15723347890616,0.5283682364220629,0.0,125.15723347890618,0.0,118.89937180496086,0.0,1.0
S9,R3,PZ039,18,0.0,117.46773279801228,0.0,242.62496627691846,0.0,125.15723347890618,237.79874360992173,0.0,1.0
S9,R3,PZ039,19,0.0,96.75617642235139,0.0,197.50774937287088,0.0,100.75157295051947,106.05428731633629,0.0,1.0
S9,R3,PZ039,20,0.0,69.24068194183518,0.0,69.24068194183518,0.0,-0.0,0.0,0.0,1.0
S9,R3,PZ039,21,0.0,35.00359651472413,0.0,35.00359651472413,0.0,-0.0,0.0,0.0,1.0
S9,R3,PZ039,22,1775.592522041896,5.404926941357337,0.0,1780.9974489832534,0.0,-0.0,0.0,0.0,1.0
S9,R3,PZ039,23,1775.592522041896,0.0,0.0,1775.592522041896,0.0,-0.0,0.0,0.0,1.0
S9,R3,PZ040,0,1985.2214412705046,0.0,0.0,1985.2214412705046,0.0,-0.0,0.0,0.0,1.0
S9,R3,PZ040,1,1985.2214412705043,0.0,0.0,1985.2214412705043,0.0,-0.0,0.0,0.0,1.0
S9,R3,PZ040,2,1985.2214412705043,0.0,0.0,1985.2214412705043,0.0,-0.0,0.0,0.0,1.0
S9,R3,PZ040,3,1985.2214412705043,0.0,0.0,1985.2214412705043,0.0,-0.0,0.0,0.0,1.0
S9,R3,PZ040,4,1985.2214412705043,0.0,0.0,1985.2214412705043,0.0,-0.0,0.0,0.0,1.0
S9,R3,PZ040,5,1985.2214412705043,0.0,0.0,1985.2214412705043,0.0,-0.0,0.0,0.0,1.0
S9,R3,PZ040,6,0.0,0.0,0.0,0.0,0.0,0.0,0.0,0.0,1.0
S9,R3,PZ040,7,0.0,0.0,0.0,0.0,0.0,0.0,0.0,0.0,1.0
S9,R3,PZ040,8,132.1802888114038,0.0,0.0,0.0,132.1802888114038,0.0,0.0,0.0,1.0
S9,R3,PZ040,9,132.18028881140378,0.0,0.0,0.0,132.18028881140378,0.0,125.57127437083362,0.0,1.0
S9,R3,PZ040,10,1985.2214412705043,0.0,0.0,2117.401730081908,0.0,132.18028881140378,251.1425487416672,0.0,1.0
S9,R3,PZ040,11,1985.2214412705043,6.480563492378606,0.0,2098.107137256063,0.0,106.40513249318009,112.00540262440009,0.0,1.0
S9,R3,PZ040,12,1985.2214412705043,36.85839085687797,0.0,2022.0798321273824,0.0,-0.0,0.0,0.0,1.0
S9,R3,PZ040,13,1985.2214412705043,75.03422265713996,0.0,2060.2556639276445,0.0,-0.0,0.0,0.0,1.0
S9,R3,PZ040,14,1985.2214412705043,103.83699689544837,0.0,2089.058438165953,0.0,-0.0,0.0,0.0,1.0
S9,R3,PZ040,15,1985.2214412705043,121.47192084722172,0.0,2106.693362117726,0.0,-0.0,0.0,0.0,1.0
S9,R3,PZ040,16,0.0,132.18028881140378,0.0,0.0,132.18028881140378,0.0,0.0,0.0,1.0
S9,R3,PZ040,17,0.0,132.1802888114038,0.5580170170572462,0.0,132.1802888114038,0.0,125.57127437083359,0.0,1.0
S9,R3,PZ040,18,0.0,124.05930057473633,0.0,256.2395893861401,0.0,132.18028881140378,251.1425487416672,0.0,1.0
S9,R3,PZ040,19,0.0,102.1855388482123,0.0,208.5906713413924,0.0,106.40513249318009,112.00540262440009,0.0,1.0
S9,R3,PZ040,20,0.0,73.12604379444703,0.0,73.12604379444703,0.0,-0.0,0.0,0.0,1.0
S9,R3,PZ040,21,0.0,36.96778338851565,0.0,36.96778338851565,0.0,-0.0,0.0,0.0,1.0
S9,R3,PZ040,22,1985.2214412705043,5.708218248796289,0.0,1990.9296595193007,0.0,-0.0,0.0,0.0,1.0
S9,R3,PZ040,23,1985.2214412705043,0.0,0.0,1985.2214412705043,0.0,-0.0,0.0,0.0,1.0
S9,R3,PZ041,0,2390.4639760339255,0.0,0.0,2390.4639760339255,0.0,-0.0,0.0,0.0,1.0
S9,R3,PZ041,1,2390.4639760339255,0.0,0.0,2390.4639760339255,0.0,-0.0,0.0,0.0,1.0
S9,R3,PZ041,2,2390.4639760339255,0.0,0.0,2390.4639760339255,0.0,-0.0,0.0,0.0,1.0
S9,R3,PZ041,3,2390.4639760339255,0.0,0.0,2390.4639760339255,0.0,-0.0,0.0,0.0,1.0
S9,R3,PZ041,4,2390.4639760339255,0.0,0.0,2390.4639760339255,0.0,-0.0,0.0,0.0,1.0
S9,R3,PZ041,5,2390.4639760339255,0.0,0.0,2390.4639760339255,0.0,-0.0,0.0,0.0,1.0
S9,R3,PZ041,6,0.0,0.0,0.0,0.0,0.0,0.0,0.0,0.0,1.0
S9,R3,PZ041,7,0.0,0.0,0.0,0.0,0.0,0.0,0.0,0.0,1.0
S9,R3,PZ041,8,0.0,0.0,0.0,0.0,0.0,0.0,0.0,0.0,1.0
S9,R3,PZ041,9,0.0,0.0,0.0,0.0,0.0,0.0,0.0,0.0,1.0
S9,R3,PZ041,10,2390.4639760339255,0.0,0.0,2390.46397603393,0.0,4.547473508864641e-12,4.7868142198575166e-12,0.0,1.0
S9,R3,PZ041,11,2390.4639760339255,1.0140581454736586,0.0,2391.4780341793994,0.0,-0.0,0.0,0.0,1.0
S9,R3,PZ041,12,2390.4639760339255,5.767484806132244,0.0,2396.231460840058,0.0,-0.0,0.0,0.0,1.0
S9,R3,PZ041,13,2390.4639760339255,11.741118617885714,0.0,2402.205094651811,0.0,-0.0,0.0,0.0,1.0
S9,R3,PZ041,14,2390.4639760339255,16.248085930673387,0.0,2406.712061964599,0.0,-0.0,0.0,0.0,1.0
S9,R3,PZ041,15,2390.4639760339255,19.007543236991765,0.0,2409.4715192709173,0.0,0.0,-0.0,0.0,1.0
S9,R3,PZ041,16,0.0,20.68315489816575,0.0,20.683154898173353,0.0,0.0,-0.0,0.0,1.0
S9,R3,PZ041,17,0.0,20.77047164186023,0.0,20.77047164186023,0.0,-0.0,0.0,0.0,1.0
S9,R3,PZ041,18,0.0,19.412408260103604,0.0,19.412408260103604,0.0,-0.0,0.0,0.0,1.0
S9,R3,PZ041,19,0.0,15.989670981621929,0.0,15.989670981621929,0.0,-0.0,0.0,0.0,1.0
S9,R3,PZ041,20,0.0,11.442532804937494,0.0,11.442532804937494,0.0,-0.0,0.0,0.0,1.0
S9,R3,PZ041,21,0.0,5.784602204625699,0.0,5.784602204625699,0.0,-0.0,0.0,0.0,1.0
S9,R3,PZ041,22,2390.4639760339255,0.8932039965568919,0.0,2391.3571800304826,0.0,-0.0,0.0,0.0,1.0
S9,R3,PZ041,23,2390.4639760339255,0.0,0.0,2390.4639760339255,0.0,-0.0,0.0,0.0,1.0
S9,R3,PZ047,0,2499.178571428571,0.0,0.0,2499.178571428571,0.0,-0.0,0.0,0.0,1.0
S9,R3,PZ047,1,2499.178571428571,0.0,0.0,2499.178571428571,0.0,-0.0,0.0,0.0,1.0
S9,R3,PZ047,2,2499.178571428571,0.0,0.0,2499.178571428571,0.0,-0.0,0.0,0.0,1.0
S9,R3,PZ047,3,2499.178571428571,0.0,0.0,2499.178571428571,0.0,-0.0,0.0,0.0,1.0
S9,R3,PZ047,4,2499.178571428571,0.0,0.0,2499.178571428571,0.0,-0.0,0.0,0.0,1.0
S9,R3,PZ047,5,2499.178571428571,0.0,0.0,2499.178571428571,0.0,-0.0,0.0,0.0,1.0
S9,R3,PZ047,6,0.0,0.0,0.0,0.0,0.0,0.0,0.0,0.0,1.0
S9,R3,PZ047,7,0.0,0.0,0.0,0.0,0.0,0.0,0.0,0.0,1.0
S9,R3,PZ047,8,0.0,0.0,0.0,0.0,0.0,0.0,0.0,0.0,1.0
S9,R3,PZ047,9,0.0,0.0,0.0,0.0,0.0,0.0,0.0,0.0,1.0
S9,R3,PZ047,10,2499.178571428571,0.0,0.0,2499.178571428571,0.0,-0.0,0.0,0.0,1.0
S9,R3,PZ047,11,2499.178571428571,0.0,0.0,2499.178571428571,0.0,-0.0,0.0,0.0,1.0
S9,R3,PZ047,12,2499.178571428571,0.0,0.0,2499.178571428571,0.0,-0.0,0.0,0.0,1.0
S9,R3,PZ047,13,2499.178571428571,0.0,0.0,2499.178571428571,0.0,-0.0,0.0,0.0,1.0
S9,R3,PZ047,14,2499.178571428572,0.0,0.0,2499.178571428572,0.0,-0.0,0.0,0.0,1.0
S9,R3,PZ047,15,2499.1785714285716,0.0,0.0,2499.1785714285716,0.0,-0.0,0.0,0.0,1.0
S9,R3,PZ047,16,0.0,0.0,0.0,0.0,0.0,0.0,0.0,0.0,1.0
S9,R3,PZ047,17,0.0,0.0,0.0,0.0,0.0,0.0,0.0,0.0,1.0
S9,R3,PZ047,18,0.0,0.0,0.0,-0.0,0.0,-0.0,0.0,0.0,1.0
S9,R3,PZ047,19,0.0,0.0,0.0,-0.0,0.0,-0.0,0.0,0.0,1.0
S9,R3,PZ047,20,0.0,0.0,0.0,-0.0,0.0,-0.0,0.0,0.0,1.0
S9,R3,PZ047,21,0.0,0.0,0.0,-0.0,0.0,-0.0,0.0,0.0,1.0
S9,R3,PZ047,22,2499.1785714285716,0.0,0.0,2499.1785714285716,0.0,-0.0,0.0,0.0,1.0
S9,R3,PZ047,23,2499.178571428571,0.0,0.0,2499.178571428571,0.0,-0.0,0.0,0.0,1.0
S9,R3,PZ048,0,2973.5,0.0,0.0,2973.5,0.0,-0.0,0.0,0.0,1.0
S9,R3,PZ048,1,2973.5,0.0,0.0,2973.5,0.0,-0.0,0.0,0.0,1.0
S9,R3,PZ048,2,2973.5,0.0,0.0,2973.5,0.0,-0.0,0.0,0.0,1.0
S9,R3,PZ048,3,2973.5,0.0,0.0,2973.5,0.0,-0.0,0.0,0.0,1.0
S9,R3,PZ048,4,2973.5,0.0,0.0,2973.5,0.0,-0.0,0.0,0.0,1.0
S9,R3,PZ048,5,2973.5,0.0,0.0,2973.5,0.0,-0.0,0.0,0.0,1.0
S9,R3,PZ048,6,0.0,0.0,0.0,0.0,0.0,0.0,0.0,0.0,1.0
S9,R3,PZ048,7,0.0,0.0,0.0,0.0,0.0,0.0,0.0,0.0,1.0
S9,R3,PZ048,8,0.0,0.0,0.0,0.0,0.0,0.0,0.0,0.0,1.0
S9,R3,PZ048,9,0.0,0.0,0.0,0.0,0.0,0.0,0.0,0.0,1.0
S9,R3,PZ048,10,2973.5,0.0,0.0,2973.5,0.0,-0.0,0.0,0.0,1.0
S9,R3,PZ048,11,2973.5,0.0,0.0,2973.5,0.0,-0.0,0.0,0.0,1.0
S9,R3,PZ048,12,2973.5,0.0,0.0,2973.5,0.0,-0.0,0.0,0.0,1.0
S9,R3,PZ048,13,2973.5,0.0,0.0,2973.5,0.0,-0.0,0.0,0.0,1.0
S9,R3,PZ048,14,2973.5000000000005,0.0,0.0,2973.5000000000005,0.0,-0.0,0.0,0.0,1.0
S9,R3,PZ048,15,2973.5,0.0,0.0,2973.5,0.0,-0.0,0.0,0.0,1.0
S9,R3,PZ048,16,0.0,0.0,0.0,0.0,0.0,0.0,0.0,0.0,1.0
S9,R3,PZ048,17,0.0,0.0,0.0,0.0,0.0,0.0,0.0,0.0,1.0
S9,R3,PZ048,18,0.0,0.0,0.0,-0.0,0.0,-0.0,0.0,0.0,1.0
S9,R3,PZ048,19,0.0,0.0,0.0,-0.0,0.0,-0.0,0.0,0.0,1.0
S9,R3,PZ048,20,0.0,0.0,0.0,-0.0,0.0,-0.0,0.0,0.0,1.0
S9,R3,PZ048,21,0.0,0.0,0.0,-0.0,0.0,-0.0,0.0,0.0,1.0
S9,R3,PZ048,22,2973.5000000000005,0.0,0.0,2973.5000000000005,0.0,-0.0,0.0,0.0,1.0
S9,R3,PZ048,23,2973.5,0.0,0.0,2973.5,0.0,-0.0,0.0,0.0,1.0
S9,R3,PZ049,0,2719.035714285714,0.0,0.0,2719.035714285714,0.0,-0.0,0.0,0.0,1.0
S9,R3,PZ049,1,2719.035714285714,0.0,0.0,2719.035714285714,0.0,-0.0,0.0,0.0,1.0
S9,R3,PZ049,2,2719.035714285714,0.0,0.0,2719.035714285714,0.0,-0.0,0.0,0.0,1.0
S9,R3,PZ049,3,2719.035714285714,0.0,0.0,2719.035714285714,0.0,-0.0,0.0,0.0,1.0
S9,R3,PZ049,4,2719.035714285714,0.0,0.0,2719.035714285714,0.0,-0.0,0.0,0.0,1.0
S9,R3,PZ049,5,2719.035714285714,0.0,0.0,2719.035714285714,0.0,-0.0,0.0,0.0,1.0
S9,R3,PZ049,6,0.0,0.0,0.0,0.0,0.0,0.0,0.0,0.0,1.0
S9,R3,PZ049,7,0.0,0.0,0.0,0.0,0.0,0.0,0.0,0.0,1.0
S9,R3,PZ049,8,0.0,0.0,0.0,0.0,0.0,0.0,0.0,0.0,1.0
S9,R3,PZ049,9,0.0,0.0,0.0,0.0,0.0,0.0,0.0,0.0,1.0
S9,R3,PZ049,10,2719.035714285714,0.0,0.0,2719.035714285714,0.0,-0.0,0.0,0.0,1.0
S9,R3,PZ049,11,2719.035714285714,0.0,0.0,2719.035714285714,0.0,-0.0,0.0,0.0,1.0
S9,R3,PZ049,12,2719.035714285714,0.0,0.0,2719.035714285714,0.0,-0.0,0.0,0.0,1.0
S9,R3,PZ049,13,2719.035714285714,0.0,0.0,2719.035714285714,0.0,-0.0,0.0,0.0,1.0
S9,R3,PZ049,14,2719.035714285714,0.0,0.0,2719.035714285714,0.0,-0.0,0.0,0.0,1.0
S9,R3,PZ049,15,2719.035714285717,0.0,0.0,2719.035714285717,0.0,-0.0,0.0,0.0,1.0
S9,R3,PZ049,16,0.0,0.0,0.0,0.0,0.0,0.0,0.0,0.0,1.0
S9,R3,PZ049,17,0.0,0.0,0.0,0.0,0.0,0.0,0.0,0.0,1.0
S9,R3,PZ049,18,0.0,0.0,0.0,-0.0,0.0,-0.0,0.0,0.0,1.0
S9,R3,PZ049,19,0.0,0.0,0.0,-0.0,0.0,-0.0,0.0,0.0,1.0
S9,R3,PZ049,20,0.0,0.0,0.0,-0.0,0.0,-0.0,0.0,0.0,1.0
S9,R3,PZ049,21,0.0,0.0,0.0,-0.0,0.0,-0.0,0.0,0.0,1.0
S9,R3,PZ049,22,2719.035714285714,0.0,0.0,2719.035714285714,0.0,-0.0,0.0,0.0,1.0
S9,R3,PZ049,23,2719.035714285714,0.0,0.0,2719.035714285714,0.0,-0.0,0.0,0.0,1.0
S9,R3,PZ050,0,3143.8064249874265,0.0,0.0,3143.8064249874265,0.0,-0.0,0.0,0.0,1.0
S9,R3,PZ050,1,3143.8064249874265,0.0,0.0,3143.8064249874265,0.0,-0.0,0.0,0.0,1.0
S9,R3,PZ050,2,3143.8064249874265,0.0,0.0,3143.8064249874265,0.0,-0.0,0.0,0.0,1.0
S9,R3,PZ050,3,3143.8064249874265,0.0,0.0,3143.8064249874265,0.0,-0.0,0.0,0.0,1.0
S9,R3,PZ050,4,3143.8064249874265,0.0,0.0,3143.8064249874265,0.0,-0.0,0.0,0.0,1.0
S9,R3,PZ050,5,3143.8064249874265,0.0,0.0,3143.8064249874265,0.0,-0.0,0.0,0.0,1.0
S9,R3,PZ050,6,0.0,0.0,0.0,0.0,0.0,0.0,0.0,0.0,1.0
S9,R3,PZ050,7,0.0,0.0,0.0,0.0,0.0,0.0,0.0,0.0,1.0
S9,R3,PZ050,8,300.2115062495226,0.0,0.0,0.0,300.2115062495226,0.0,0.0,0.0,1.0
S9,R3,PZ050,9,300.2115062495226,0.0,0.0,0.0,300.2115062495226,0.0,285.20093093704645,0.0,1.0
S9,R3,PZ050,10,3143.8064249874265,0.0,0.0,3444.017931236949,0.0,300.2115062495226,570.4018618740929,0.0,1.0
S9,R3,PZ050,11,3143.8064249874265,14.718833987180675,0.0,3400.1955215054727,0.0,241.67026253086573,254.3897500324902,0.0,1.0
S9,R3,PZ050,12,3143.8064249874265,83.71379073671922,0.0,3227.5202157241456,0.0,-0.0,0.0,0.0,1.0
S9,R3,PZ050,13,3143.8064249874265,170.41978956713106,0.0,3314.2262145545574,0.0,-0.0,0.0,0.0,1.0
S9,R3,PZ050,14,3143.8064249874265,235.83744235033106,0.0,3379.6438673377575,0.0,-0.0,0.0,0.0,1.0
S9,R3,PZ050,15,3143.8064249874265,275.8903665023693,0.0,3419.696791489796,0.0,-0.0,0.0,0.0,1.0
S9,R3,PZ050,16,0.0,300.2115062495226,0.0,0.0,300.2115062495226,0.0,0.0,0.0,1.0
S9,R3,PZ050,17,0.0,300.2115062495226,1.2673835918352998,0.0,300.2115062495226,0.0,285.20093093704645,0.0,1.0
S9,R3,PZ050,18,0.0,281.7668944795848,0.0,581.9784007291073,0.0,300.2115062495226,570.4018618740929,0.0,1.0
S9,R3,PZ050,19,0.0,232.0866054265593,0.0,473.7568679574251,0.0,241.67026253086576,254.38975003249027,0.0,1.0
S9,R3,PZ050,20,0.0,166.085881268747,0.0,166.085881268747,0.0,-0.0,0.0,0.0,1.0
S9,R3,PZ050,21,0.0,83.9622460623257,0.0,83.9622460623257,0.0,-0.0,0.0,0.0,1.0
S9,R3,PZ050,22,3143.8064249874265,12.964662234300546,0.0,3156.771087221727,0.0,-0.0,0.0,0.0,1.0
S9,R3,PZ050,23,3143.8064249874265,0.0,0.0,3143.8064249874265,0.0,-0.0,0.0,0.0,1.0
S9,R3,PZ052,0,2831.8548981873105,0.0,0.0,2831.8548981873105,0.0,-0.0,0.0,0.0,1.0
S9,R3,PZ052,1,2831.85489818731,0.0,0.0,2831.85489818731,0.0,-0.0,0.0,0.0,1.0
S9,R3,PZ052,2,2831.85489818731,0.0,0.0,2831.85489818731,0.0,-0.0,0.0,0.0,1.0
S9,R3,PZ052,3,2831.85489818731,0.0,0.0,2831.85489818731,0.0,-0.0,0.0,0.0,1.0
S9,R3,PZ052,4,2831.85489818731,0.0,0.0,2831.85489818731,0.0,-0.0,0.0,0.0,1.0
S9,R3,PZ052,5,2831.85489818731,0.0,0.0,2831.85489818731,0.0,-0.0,0.0,0.0,1.0
S9,R3,PZ052,6,0.0,0.0,0.0,0.0,0.0,0.0,0.0,0.0,1.0
S9,R3,PZ052,7,0.0,0.0,0.0,0.0,0.0,0.0,0.0,0.0,1.0
S9,R3,PZ052,8,130.37661730282045,0.0,0.0,0.0,130.37661730282045,0.0,0.0,0.0,1.0
S9,R3,PZ052,9,130.37661730282042,0.0,0.0,0.0,130.37661730282042,0.0,123.85778643767942,0.0,1.0
S9,R3,PZ052,10,2831.85489818731,0.0,0.0,2962.2315154901303,0.0,130.37661730282042,247.71557287535882,0.0,1.0
S9,R3,PZ052,11,2831.85489818731,6.3921326995888705,0.0,2943.2002078156693,0.0,104.95317692877047,110.47702834607418,0.0,1.0
S9,R3,PZ052,12,2831.85489818731,36.355438184898,0.0,2868.210336372208,0.0,-0.0,0.0,0.0,1.0
S9,R3,PZ052,13,2831.85489818731,74.01034011918846,0.0,2905.8652383064987,0.0,-0.0,0.0,0.0,1.0
S9,R3,PZ052,14,2831.85489818731,102.42008492981934,0.0,2934.2749831171295,0.0,-0.0,0.0,0.0,1.0
S9,R3,PZ052,15,2831.85489818731,119.81437080935159,0.0,2951.6692689966617,0.0,-0.0,0.0,0.0,1.0
S9,R3,PZ052,16,0.0,130.37661730282042,0.0,0.0,130.37661730282042,0.0,0.0,0.0,1.0
S9,R3,PZ052,17,0.0,130.37661730282045,0.5504025731487034,0.0,130.37661730282045,0.0,123.8577864376794,0.0,1.0
S9,R3,PZ052,18,0.0,122.36644434152974,0.0,252.74306164435018,0.0,130.37661730282042,247.71557287535882,0.0,1.0
S9,R3,PZ052,19,0.0,100.79116192055456,0.0,205.74433884932503,0.0,104.95317692877047,110.47702834607418,0.0,1.0
S9,R3,PZ052,20,0.0,72.12819938879854,0.0,72.12819938879854,0.0,-0.0,0.0,0.0,1.0
S9,R3,PZ052,21,0.0,36.463337996294705,0.0,36.463337996294705,0.0,-0.0,0.0,0.0,1.0
S9,R3,PZ052,22,2831.85489818731,5.630326524449859,0.0,2837.48522471176,0.0,-0.0,0.0,0.0,1.0
S9,R3,PZ052,23,2831.85489818731,0.0,0.0,2831.85489818731,0.0,-0.0,0.0,0.0,1.0
S9,R4,PZ001,0,-2.2737367544323206e-12,0.0,0.0,-2.2737367544323206e-12,0.0,0.0,-2.1951657806937602e-12,0.0,1.0
S9,R4,PZ001,1,-0.0,0.0,0.0,-0.0,0.0,0.0,-2.1951657806937602e-12,0.0,1.0
S9,R4,PZ001,2,-0.0,0.0,0.0,-0.0,0.0,0.0,-2.1951657806937602e-12,0.0,1.0
S9,R4,PZ001,3,-0.0,0.0,0.0,-0.0,0.0,0.0,-2.1951657806937602e-12,0.0,1.0
S9,R4,PZ001,4,-0.0,0.0,0.0,-0.0,0.0,0.0,-2.1951657806937602e-12,0.0,1.0
S9,R4,PZ001,5,-0.0,0.0,0.0,-0.0,0.0,0.0,-2.1951657806937602e-12,0.0,1.0
S9,R4,PZ001,6,2.310700821782906e-12,0.0,0.0,0.0,2.310700821782906e-12,0.0,-2.1951657806937602e-12,0.0,1.0
S9,R4,PZ001,7,-0.0,0.0,0.0,0.0,0.0,0.0,4.0389678347315804e-28,0.0,1.0
S9,R4,PZ001,8,-0.0,0.0,0.0,0.0,0.0,0.0,4.0389678347315804e-28,0.0,1.0
S9,R4,PZ001,9,-0.0,0.0,0.0,0.0,0.0,0.0,4.0389678347315804e-28,0.0,1.0
S9,R4,PZ001,10,-0.0,0.0,0.0,0.0,0.0,-1.7580475663289253e-12,4.0389678347315804e-28,0.0,1.0
S9,R4,PZ001,11,0.0,221.88163866427243,0.0,221.8816386642742,0.0,0.0,1.8505763856093954e-12,0.0,1.0
S9,R4,PZ001,12,0.0,1261.9581879677903,0.0,1261.9581879677903,0.0,-0.0,0.0,0.0,1.0
S9,R4,PZ001,13,0.0,2569.0229404658457,0.0,2569.0229404658457,0.0,-0.0,0.0,0.0,1.0
S9,R4,PZ001,14,0.0,3555.17279511796,0.0,3555.17279511796,0.0,-3.5302831547789746e-14,0.0,0.0,1.0
S9,R4,PZ001,15,0.0,4158.95760931521,0.0,4158.95760931521,0.0,1.439675326391697e-13,0.0,0.0,1.0
S9,R4,PZ001,16,0.0,3.4166586769478982e-12,4525.590886515098,0.0,3.4166586769478982e-12,0.0,0.0,0.0,1.0
S9,R4,PZ001,17,0.0,1.1167089171393909e-12,4544.696282256196,0.0,1.116708917139391e-12,0.0,3.245825743100503e-12,0.0,1.0
S9,R4,PZ001,18,0.0,4247.544358671623,0.0,4247.544358671623,0.0,-0.0,4.3066992143829246e-12,0.0,1.0
S9,R4,PZ001,19,0.0,3498.6301475323035,0.0,3498.63014753231,0.0,6.176771745322851e-12,4.3066992143829246e-12,0.0,1.0
S9,R4,PZ001,20,0.0,2503.6906814089352,0.0,2503.6906814089352,0.0,0.0,-2.1951657806937602e-12,0.0,1.0
S9,R4,PZ001,21,0.0,1265.7035712521217,0.0,1265.7035712521217,0.0,0.0,-2.1951657806937602e-12,0.0,1.0
S9,R4,PZ001,22,0.0,195.4380696039372,0.0,195.4380696039372,0.0,0.0,-2.1951657806937602e-12,0.0,1.0
S9,R4,PZ001,23,-2.114440801394491e-12,0.0,0.0,0.0,0.0,-0.0,-2.1951657806937602e-12,0.0,1.0
S9,R4,PZ006,0,-0.0,0.0,0.0,-0.0,0.0,-0.0,0.0,0.0,1.0
S9,R4,PZ006,1,-0.0,0.0,0.0,-0.0,0.0,-0.0,0.0,0.0,1.0
S9,R4,PZ006,2,-0.0,0.0,0.0,-0.0,0.0,-0.0,0.0,0.0,1.0
S9,R4,PZ006,3,3.410605131648481e-13,0.0,0.0,3.410605131648481e-13,0.0,-0.0,0.0,0.0,1.0
S9,R4,PZ006,4,-0.0,0.0,0.0,-0.0,0.0,-0.0,0.0,0.0,1.0
S9,R4,PZ006,5,-0.0,0.0,0.0,-0.0,0.0,-0.0,0.0,0.0,1.0
S9,R4,PZ006,6,0.0,0.0,0.0,0.0,0.0,0.0,0.0,0.0,1.0
S9,R4,PZ006,7,0.0,0.0,0.0,0.0,0.0,0.0,0.0,0.0,1.0
S9,R4,PZ006,8,0.0,0.0,0.0,0.0,0.0,0.0,0.0,0.0,1.0
S9,R4,PZ006,9,0.0,0.0,0.0,0.0,0.0,0.0,0.0,0.0,1.0
S9,R4,PZ006,10,-0.0,0.0,0.0,-0.0,0.0,-0.0,0.0,0.0,1.0
S9,R4,PZ006,11,0.0,31.697376952038923,0.0,31.697376952038923,0.0,-0.0,0.0,0.0,1.0
S9,R4,PZ006,12,0.0,180.2797411382558,0.0,180.2797411382558,0.0,-0.0,0.0,0.0,1.0
S9,R4,PZ006,13,0.0,367.00327720940646,0.0,367.00327720940646,0.0,-0.0,0.0,0.0,1.0
S9,R4,PZ006,14,0.0,507.88182787399427,0.0,507.88182787399427,0.0,-0.0,0.0,0.0,1.0
S9,R4,PZ006,15,0.0,594.1368013307443,0.0,594.1368013307443,0.0,-0.0,0.0,0.0,1.0
S9,R4,PZ006,16,0.0,-0.0,646.5129837878711,0.0,0.0,0.0,0.0,0.0,1.0
S9,R4,PZ006,17,0.0,-0.0,649.2423260365996,0.0,0.0,0.0,0.0,0.0,1.0
S9,R4,PZ006,18,0.0,606.7920512388032,0.0,606.7920512388032,0.0,-0.0,-0.0,0.0,1.0
S9,R4,PZ006,19,0.0,499.804306790329,0.0,499.804306790329,0.0,-0.0,0.0,0.0,1.0
S9,R4,PZ006,20,0.0,357.6700973441336,0.0,357.6700973441336,0.0,-0.0,0.0,0.0,1.0
S9,R4,PZ006,21,0.0,180.81479589316024,0.0,180.81479589316024,0.0,-0.0,0.0,0.0,1.0
S9,R4,PZ006,22,0.0,27.919724229133884,0.0,27.919724229133884,0.0,-0.0,0.0,0.0,1.0
S9,R4,PZ006,23,0.0,0.0,0.0,-0.0,0.0,-0.0,0.0,0.0,1.0
S9,R4,PZ039,0,-0.0,0.0,0.0,-0.0,0.0,-0.0,0.0,0.0,1.0
S9,R4,PZ039,1,-0.0,0.0,0.0,-0.0,0.0,-0.0,0.0,0.0,1.0
S9,R4,PZ039,2,-0.0,0.0,0.0,-0.0,0.0,-0.0,0.0,0.0,1.0
S9,R4,PZ039,3,-0.0,0.0,0.0,-0.0,0.0,-0.0,0.0,0.0,1.0
S9,R4,PZ039,4,-0.0,0.0,0.0,-0.0,0.0,-0.0,0.0,0.0,1.0
S9,R4,PZ039,5,-0.0,0.0,0.0,-0.0,0.0,-0.0,0.0,0.0,1.0
S9,R4,PZ039,6,0.0,0.0,0.0,0.0,0.0,0.0,0.0,0.0,1.0
S9,R4,PZ039,7,0.0,0.0,0.0,0.0,0.0,0.0,0.0,0.0,1.0
S9,R4,PZ039,8,0.0,0.0,0.0,0.0,0.0,0.0,0.0,0.0,1.0
S9,R4,PZ039,9,4.092726157978177e-12,0.0,0.0,4.092726157978177e-12,0.0,-0.0,0.0,0.0,1.0
S9,R4,PZ039,10,-0.0,0.0,0.0,-0.0,0.0,-0.0,0.0,0.0,1.0
S9,R4,PZ039,11,0.0,262.11292479570653,0.0,262.11292479570653,0.0,-0.0,0.0,0.0,1.0
S9,R4,PZ039,12,0.0,1490.774782489423,0.0,1490.774782489423,0.0,-0.0,0.0,0.0,1.0
S9,R4,PZ039,13,0.0,3034.834792308554,0.0,3034.834792308554,0.0,-0.0,0.0,0.0,1.0
S9,R4,PZ039,14,0.0,4199.792038188799,0.0,4199.792038188799,0.0,-0.0,0.0,0.0,1.0
S9,R4,PZ039,15,0.0,4913.05431869654,0.0,4913.05431869654,0.0,-0.0,0.0,0.0,1.0
S9,R4,PZ039,16,0.0,-5.2109492699518525e-12,5346.165058245864,0.0,-5.2109492699518525e-12,0.0,0.0,0.0,1.0
S9,R4,PZ039,17,0.0,-0.0,5368.734619148805,0.0,0.0,0.0,-4.95040180645426e-12,0.0,1.0
S9,R4,PZ039,18,0.0,5017.703500628566,0.0,5017.703500628566,0.0,-0.0,-4.95040180645426e-12,0.0,1.0
S9,R4,PZ039,19,0.0,4132.997152304644,0.0,4132.997152304644,0.0,0.0,-4.95040180645426e-12,0.0,1.0
S9,R4,PZ039,20,0.0,2957.6565741918744,0.0,2957.65657419187,0.0,0.0,-4.95040180645426e-12,0.0,1.0
S9,R4,PZ039,21,0.0,1495.1992737319022,0.0,1495.1992737319022,0.0,-0.0,0.0,0.0,1.0
S9,R4,PZ039,22,0.0,230.87464266399178,0.0,230.87464266399178,0.0,-0.0,0.0,0.0,1.0
S9,R4,PZ039,23,0.0,0.0,0.0,-0.0,0.0,-0.0,0.0,0.0,1.0
S9,R4,PZ040,0,-0.0,0.0,0.0,-0.0,0.0,-0.0,0.0,0.0,1.0
S9,R4,PZ040,1,-0.0,0.0,0.0,-0.0,0.0,-0.0,0.0,0.0,1.0
S9,R4,PZ040,2,-0.0,0.0,0.0,-0.0,0.0,-0.0,0.0,0.0,1.0
S9,R4,PZ040,3,8.526512829121202e-14,0.0,0.0,8.526512829121202e-14,0.0,-0.0,0.0,0.0,1.0
S9,R4,PZ040,4,-0.0,0.0,0.0,-0.0,0.0,-0.0,0.0,0.0,1.0
S9,R4,PZ040,5,-0.0,0.0,0.0,-0.0,0.0,-0.0,0.0,0.0,1.0
S9,R4,PZ040,6,0.0,0.0,0.0,0.0,0.0,0.0,0.0,0.0,1.0
S9,R4,PZ040,7,0.0,0.0,0.0,0.0,0.0,0.0,0.0,0.0,1.0
S9,R4,PZ040,8,0.0,0.0,0.0,0.0,0.0,0.0,0.0,0.0,1.0
S9,R4,PZ040,9,0.0,0.0,0.0,0.0,0.0,0.0,0.0,0.0,1.0
S9,R4,PZ040,10,-0.0,0.0,0.0,-0.0,0.0,-0.0,0.0,0.0,1.0
S9,R4,PZ040,11,0.0,273.65213089542016,0.0,273.65213089542016,0.0,-0.0,0.0,0.0,1.0
S9,R4,PZ040,12,0.0,1556.4043483599687,0.0,1556.4043483599687,0.0,-0.0,0.0,0.0,1.0
S9,R4,PZ040,13,0.0,3168.439742061889,0.0,3168.439742061889,0.0,-0.0,0.0,0.0,1.0
S9,R4,PZ040,14,0.0,4384.682828837024,0.0,4384.682828837024,0.0,-0.0,0.0,0.0,1.0
S9,R4,PZ040,15,0.0,5129.345622937696,0.0,5129.345622937696,0.0,-0.0,0.0,0.0,1.0
S9,R4,PZ040,16,0.0,-0.0,5581.523541610494,0.0,0.0,0.0,0.0,0.0,1.0
S9,R4,PZ040,17,0.0,-0.0,5605.08670027304,0.0,0.0,0.0,0.0,0.0,1.0
S9,R4,PZ040,18,0.0,5238.601859174355,0.0,5238.601859174355,0.0,-0.0,-0.0,0.0,1.0
S9,R4,PZ040,19,0.0,4314.947378479656,0.0,4314.947378479656,0.0,-0.0,0.0,0.0,1.0
S9,R4,PZ040,20,0.0,3087.863845765275,0.0,3087.863845765275,0.0,-0.0,0.0,0.0,1.0
S9,R4,PZ040,21,0.0,1561.0236225051726,0.0,1561.0236225051726,0.0,-0.0,0.0,0.0,1.0
S9,R4,PZ040,22,0.0,241.0386209835423,0.0,241.0386209835423,0.0,-0.0,0.0,0.0,1.0
S9,R4,PZ040,23,0.0,0.0,0.0,-0.0,0.0,-0.0,0.0,0.0,1.0
S9,R4,PZ041,0,0.0,0.0,0.0,-0.0,0.0,-0.0,0.0,0.0,1.0
S9,R4,PZ041,1,0.0,0.0,0.0,-0.0,0.0,-0.0,0.0,0.0,1.0
S9,R4,PZ041,2,0.0,0.0,0.0,-0.0,0.0,0.0,-0.0,0.0,1.0
S9,R4,PZ041,3,0.0,0.0,0.0,0.0,0.0,-0.0,-0.0,0.0,1.0
S9,R4,PZ041,4,0.0,0.0,0.0,-0.0,0.0,-0.0,0.0,0.0,1.0
S9,R4,PZ041,5,0.0,0.0,0.0,-0.0,0.0,-0.0,0.0,0.0,1.0
S9,R4,PZ041,6,0.0,0.0,0.0,0.0,0.0,0.0,0.0,0.0,1.0
S9,R4,PZ041,7,0.0,0.0,0.0,0.0,0.0,0.0,0.0,0.0,1.0
S9,R4,PZ041,8,0.0,0.0,0.0,0.0,0.0,0.0,0.0,0.0,1.0
S9,R4,PZ041,9,0.0,0.0,0.0,0.0,0.0,0.0,0.0,0.0,1.0
S9,R4,PZ041,10,0.0,0.0,0.0,-5.427361406167103e-13,0.0,-5.427361406167103e-13,-5.713012006491686e-13,0.0,1.0
S9,R4,PZ041,11,0.0,229.15512313856584,0.0,229.15512313856584,0.0,-0.0,0.0,0.0,1.0
S9,R4,PZ041,12,0.0,1303.3263396663613,0.0,1303.3263396663613,0.0,-0.0,0.0,0.0,1.0
S9,R4,PZ041,13,0.0,2653.2378785926326,0.0,2653.2378785926326,0.0,-0.0,0.0,0.0,1.0
S9,R4,PZ041,14,0.0,3671.714633750434,0.0,3671.714633750435,0.0,7.358080963686847e-13,0.0,0.0,1.0
S9,R4,PZ041,15,0.0,4295.29207025891,0.0,4295.292070258909,0.0,-7.358080963686847e-13,0.0,0.0,1.0
S9,R4,PZ041,16,0.0,4673.94392396439,0.0,4673.94392396439,0.0,1.2586955911091044e-13,0.0,0.0,1.0
S9,R4,PZ041,17,0.0,4693.675612174459,0.0,4693.675612174459,0.0,-1.2586955911091044e-13,0.0,0.0,1.0
S9,R4,PZ041,18,0.0,4386.782774849972,0.0,4386.782774849971,0.0,-1.3432976136058007e-12,0.0,0.0,1.0
S9,R4,PZ041,19,0.0,3613.318466099641,0.0,3613.318466099633,0.0,-7.73070496506989e-12,0.0,0.0,1.0
S9,R4,PZ041,20,0.0,2585.763967911092,0.0,2585.7639679110903,0.0,-1.6223295898985951e-12,-1.7077153577879948e-12,0.0,1.0
S9,R4,PZ041,21,0.0,1307.1945000643504,0.0,1307.1945000643504,0.0,-0.0,0.0,0.0,1.0
S9,R4,PZ041,22,0.0,201.84470952920375,0.0,201.84470952920375,0.0,-0.0,0.0,0.0,1.0
S9,R4,PZ041,23,0.0,0.0,0.0,-0.0,0.0,-0.0,0.0,0.0,1.0
S9,R4,PZ047,0,-0.0,0.0,0.0,-0.0,0.0,-0.0,0.0,0.0,1.0
S9,R4,PZ047,1,-9.094947017729282e-13,0.0,0.0,-9.094947017729282e-13,0.0,-0.0,0.0,0.0,1.0
S9,R4,PZ047,2,-0.0,0.0,0.0,-0.0,0.0,-0.0,0.0,0.0,1.0
S9,R4,PZ047,3,-0.0,0.0,0.0,-0.0,0.0,-0.0,0.0,0.0,1.0
S9,R4,PZ047,4,-0.0,0.0,0.0,-0.0,0.0,-0.0,0.0,0.0,1.0
S9,R4,PZ047,5,-0.0,0.0,0.0,-0.0,0.0,-0.0,0.0,0.0,1.0
S9,R4,PZ047,6,0.0,0.0,0.0,0.0,0.0,0.0,0.0,0.0,1.0
S9,R4,PZ047,7,0.0,0.0,0.0,0.0,0.0,0.0,0.0,0.0,1.0
S9,R4,PZ047,8,0.0,0.0,0.0,0.0,0.0,0.0,0.0,0.0,1.0
S9,R4,PZ047,9,0.0,0.0,0.0,0.0,0.0,0.0,0.0,0.0,1.0
S9,R4,PZ047,10,-0.0,0.0,0.0,-0.0,0.0,-0.0,0.0,0.0,1.0
S9,R4,PZ047,11,0.0,330.66299149863266,0.0,330.66299149863266,0.0,-0.0,0.0,0.0,1.0
S9,R4,PZ047,12,0.0,1880.6552542682955,0.0,1880.6552542682955,0.0,-0.0,0.0,0.0,1.0
S9,R4,PZ047,13,0.0,3828.531354991449,0.0,3828.531354991449,0.0,-0.0,0.0,0.0,1.0
S9,R4,PZ047,14,0.0,5298.158418178071,0.0,5298.158418178071,0.0,-0.0,0.0,0.0,1.0
S9,R4,PZ047,15,0.0,6197.959294383049,0.0,6197.959294383046,0.0,-3.5874758719245397e-12,0.0,0.0,1.0
S9,R4,PZ047,16,0.0,-1.606227134624301e-12,6744.340946112682,0.0,-1.606227134624301e-12,0.0,0.0,0.0,1.0
S9,R4,PZ047,17,0.0,-0.0,6772.813096163258,0.0,1.293870158297091e-12,0.0,-1.5259157778930858e-12,0.0,1.0
S9,R4,PZ047,18,0.0,6329.977246502346,0.0,6329.977246502344,0.0,0.0,-2.967391275108495e-13,0.0,1.0
S9,R4,PZ047,19,0.0,5213.894748996252,0.0,5213.894748996254,0.0,0.0,1.5619830838110642e-12,0.0,1.0
S9,R4,PZ047,20,0.0,3731.168813633041,0.0,3731.168813633041,0.0,-0.0,0.0,0.0,1.0
S9,R4,PZ047,21,0.0,1886.2368771937502,0.0,1886.2368771937502,0.0,-0.0,0.0,0.0,1.0
S9,R4,PZ047,22,0.0,291.2550003551136,0.0,291.2550003551136,0.0,-0.0,0.0,0.0,1.0
S9,R4,PZ047,23,0.0,0.0,0.0,-0.0,0.0,-0.0,0.0,0.0,1.0
S9,R4,PZ048,0,7.275957614183426e-12,0.0,0.0,7.275957614183426e-12,0.0,-0.0,0.0,0.0,1.0
S9,R4,PZ048,1,-0.0,0.0,0.0,-0.0,0.0,-0.0,0.0,0.0,1.0
S9,R4,PZ048,2,-0.0,0.0,0.0,-0.0,0.0,-0.0,0.0,0.0,1.0
S9,R4,PZ048,3,-0.0,0.0,0.0,-0.0,0.0,-0.0,0.0,0.0,1.0
S9,R4,PZ048,4,-0.0,0.0,0.0,-0.0,0.0,-0.0,0.0,0.0,1.0
S9,R4,PZ048,5,-0.0,0.0,0.0,-0.0,0.0,-0.0,0.0,0.0,1.0
S9,R4,PZ048,6,0.0,0.0,0.0,0.0,0.0,0.0,0.0,0.0,1.0
S9,R4,PZ048,7,0.0,0.0,0.0,0.0,0.0,0.0,0.0,0.0,1.0
S9,R4,PZ048,8,0.0,0.0,0.0,0.0,0.0,0.0,0.0,0.0,1.0
S9,R4,PZ048,9,0.0,0.0,0.0,0.0,0.0,0.0,0.0,0.0,1.0
S9,R4,PZ048,10,-0.0,0.0,0.0,-0.0,0.0,-0.0,0.0,0.0,1.0
S9,R4,PZ048,11,0.0,393.41982860358627,0.0,393.41982860358627,0.0,-0.0,0.0,0.0,1.0
S9,R4,PZ048,12,0.0,2237.586566441398,0.0,2237.586566441398,0.0,-0.0,0.0,0.0,1.0
S9,R4,PZ048,13,0.0,4555.1518863895,0.0,4555.1518863895,0.0,-0.0,0.0,0.0,1.0
S9,R4,PZ048,14,0.0,6303.700838570813,0.0,6303.700838570813,0.0,-0.0,0.0,0.0,1.0
S9,R4,PZ048,15,0.0,7374.2757610606905,0.0,7374.2757610606905,0.0,-0.0,0.0,0.0,1.0
S9,R4,PZ048,16,0.0,0.0,8024.355695320598,0.0,0.0,0.0,0.0,0.0,1.0
S9,R4,PZ048,17,0.0,-0.0,8058.2316012455585,0.0,0.0,0.0,0.0,0.0,1.0
S9,R4,PZ048,18,0.0,7531.349523261818,0.0,7531.349523261818,0.0,-0.0,-0.0,0.0,1.0
S9,R4,PZ048,19,0.0,6203.444689139716,0.0,6203.444689139716,0.0,-0.0,0.0,0.0,1.0
S9,R4,PZ048,20,0.0,4439.31081763236,0.0,4439.31081763236,0.0,-0.0,0.0,0.0,1.0
S9,R4,PZ048,21,0.0,2244.2275307800737,0.0,2244.2275307800737,0.0,-0.0,0.0,0.0,1.0
S9,R4,PZ048,22,0.0,346.5325581200401,0.0,346.5325581200401,0.0,-0.0,0.0,0.0,1.0
S9,R4,PZ048,23,0.0,0.0,0.0,-0.0,0.0,-0.0,0.0,0.0,1.0
S9,R4,PZ049,0,-0.0,0.0,0.0,-0.0,0.0,-0.0,0.0,0.0,1.0
S9,R4,PZ049,1,-0.0,0.0,0.0,-0.0,0.0,-0.0,0.0,0.0,1.0
S9,R4,PZ049,2,4.2444374298779275e-12,0.0,0.0,4.2444374298779275e-12,0.0,-0.0,0.0,0.0,1.0
S9,R4,PZ049,3,-0.0,0.0,0.0,-0.0,0.0,-0.0,0.0,0.0,1.0
S9,R4,PZ049,4,-2.425448026332071e-12,0.0,0.0,-2.425448026332071e-12,0.0,-0.0,0.0,0.0,1.0
S9,R4,PZ049,5,-0.0,0.0,0.0,-0.0,0.0,-0.0,0.0,0.0,1.0
S9,R4,PZ049,6,0.0,0.0,0.0,0.0,0.0,0.0,0.0,0.0,1.0
S9,R4,PZ049,7,0.0,0.0,0.0,0.0,0.0,0.0,0.0,0.0,1.0
S9,R4,PZ049,8,0.0,0.0,0.0,0.0,0.0,0.0,0.0,0.0,1.0
S9,R4,PZ049,9,0.0,0.0,0.0,0.0,0.0,0.0,0.0,0.0,1.0
S9,R4,PZ049,10,-0.0,0.0,0.0,-0.0,0.0,-0.0,0.0,0.0,1.0
S9,R4,PZ049,11,0.0,359.751997538697,0.0,359.751997538697,0.0,-0.0,0.0,0.0,1.0
S9,R4,PZ049,12,0.0,2046.099810983725,0.0,2046.099810983725,0.0,-0.0,0.0,0.0,1.0
S9,R4,PZ049,13,0.0,4165.334004738185,0.0,4165.334004738185,0.0,-0.0,0.0,0.0,1.0
S9,R4,PZ049,14,0.0,5764.246750377282,0.0,5764.246750377282,0.0,-0.0,0.0,0.0,1.0
S9,R4,PZ049,15,0.0,6743.204695246506,0.0,6743.204695246506,0.0,-0.0,0.0,0.0,1.0
S9,R4,PZ049,16,0.0,-0.0,7337.652503685449,0.0,0.0,0.0,0.0,0.0,1.0
S9,R4,PZ049,17,0.0,-0.0,7368.6293989481865,0.0,0.0,0.0,0.0,0.0,1.0
S9,R4,PZ049,18,0.0,6886.836499249226,0.0,6886.836499249226,0.0,-0.0,-0.0,0.0,1.0
S9,R4,PZ049,19,0.0,5672.570257732278,0.0,5672.570257732278,0.0,-0.0,0.0,0.0,1.0
S9,R4,PZ049,20,0.0,4059.406309049035,0.0,4059.406309049035,0.0,-0.0,0.0,0.0,1.0
S9,R4,PZ049,21,0.0,2052.1724591135912,0.0,2052.1724591135912,0.0,-0.0,0.0,0.0,1.0
S9,R4,PZ049,22,0.0,316.8772159714744,0.0,316.8772159714744,0.0,-0.0,0.0,0.0,1.0
S9,R4,PZ049,23,0.0,0.0,0.0,-0.0,0.0,-0.0,0.0,0.0,1.0
S9,R4,PZ050,0,1.58523194898569e-13,0.0,0.0,0.0,0.0,-0.0,-1.0147054554647985e-11,0.0,1.0
S9,R4,PZ050,1,1.58523194898569e-13,0.0,0.0,0.0,0.0,-0.0,-1.0147054554647985e-11,0.0,1.0
S9,R4,PZ050,2,1.58523194898569e-13,0.0,0.0,1.58523194898569e-13,0.0,0.0,-1.0147054554647985e-11,0.0,1.0
S9,R4,PZ050,3,1.58523194898569e-13,0.0,0.0,0.0,0.0,-0.0,-1.0147054554647985e-11,0.0,1.0
S9,R4,PZ050,4,1.58523194898569e-13,0.0,0.0,0.0,0.0,-0.0,-1.0147054554647985e-11,0.0,1.0
S9,R4,PZ050,5,-0.0,0.0,0.0,0.0,0.0,-0.0,-1.0147054554647985e-11,0.0,1.0
S9,R4,PZ050,6,1.0416076763921232e-11,0.0,0.0,0.0,1.0416076763921232e-11,0.0,-1.0147054554647985e-11,0.0,1.0
S9,R4,PZ050,7,0.0,0.0,0.0,0.0,0.0,0.0,-2.517816289228161e-13,0.0,1.0
S9,R4,PZ050,8,7.39955715748205e-13,0.0,0.0,0.0,7.39955715748205e-13,0.0,-2.517816289228161e-13,0.0,1.0
S9,R4,PZ050,9,2.857761673297836e-12,0.0,0.0,0.0,2.857761673297836e-12,0.0,2.287239305258074e-12,0.0,1.0
S9,R4,PZ050,10,1.58523194898569e-13,0.0,0.0,0.0,0.0,4.752007250146468e-12,5.002112894891018e-12,0.0,1.0
S9,R4,PZ050,11,0.0,440.9139156257903,0.0,440.91391562579116,0.0,8.279154889964941e-13,0.0,0.0,1.0
S9,R4,PZ050,12,0.0,2507.7105494736893,0.0,2507.7105494736884,0.0,-8.279154889964941e-13,-8.714899884173622e-13,0.0,1.0
S9,R4,PZ050,13,0.0,5105.0549781056225,0.0,5105.0549781056225,0.0,-0.0,0.0,0.0,1.0
S9,R4,PZ050,14,0.0,7064.690738982489,0.0,7064.690738982489,0.0,-0.0,0.0,0.0,1.0
S9,R4,PZ050,15,0.0,8264.50667790257,0.0,8264.50667790257,0.0,-0.0,0.0,0.0,1.0
S9,R4,PZ050,16,0.0,6.5179122294254095e-12,8993.064997653919,0.0,6.5179122294254095e-12,0.0,0.0,0.0,1.0
S9,R4,PZ050,17,0.0,-6.517912229425409e-12,9031.030441286393,0.0,-6.5179122294254095e-12,0.0,6.192016617954139e-12,0.0,1.0
S9,R4,PZ050,18,0.0,8440.542562468918,0.0,8440.542562468918,0.0,0.0,0.0,0.0,1.0
S9,R4,PZ050,19,0.0,6952.33155371181,0.0,6952.33155371181,0.0,0.0,-7.275957614183428e-12,0.0,1.0
S9,R4,PZ050,20,0.0,4975.229444407241,0.0,4975.229444407241,0.0,0.0,-7.275957614183428e-12,0.0,1.0
S9,R4,PZ050,21,0.0,2515.15321854426,0.0,2515.15321854426,0.0,0.0,-7.275957614183428e-12,0.0,1.0
S9,R4,PZ050,22,0.0,388.36636077761705,0.0,388.3663607776198,0.0,0.0,-7.275957614183428e-12,0.0,1.0
S9,R4,PZ050,23,1.58523194898569e-13,0.0,0.0,0.0,0.0,-0.0,-1.0147054554647985e-11,0.0,1.0
S9,R4,PZ052,0,-0.0,0.0,0.0,-0.0,0.0,-0.0,0.0,0.0,1.0
S9,R4,PZ052,1,3.410605131648481e-13,0.0,0.0,3.410605131648481e-13,0.0,-0.0,0.0,0.0,1.0
S9,R4,PZ052,2,-0.0,0.0,0.0,-0.0,0.0,-0.0,0.0,0.0,1.0
S9,R4,PZ052,3,-0.0,0.0,0.0,-0.0,0.0,-0.0,0.0,0.0,1.0
S9,R4,PZ052,4,-0.0,0.0,0.0,-0.0,0.0,-0.0,0.0,0.0,1.0
S9,R4,PZ052,5,-0.0,0.0,0.0,-0.0,0.0,-0.0,0.0,0.0,1.0
S9,R4,PZ052,6,0.0,0.0,0.0,0.0,0.0,0.0,0.0,0.0,1.0
S9,R4,PZ052,7,0.0,0.0,0.0,0.0,0.0,0.0,0.0,0.0,1.0
S9,R4,PZ052,8,0.0,0.0,0.0,0.0,0.0,0.0,0.0,0.0,1.0
S9,R4,PZ052,9,0.0,0.0,0.0,0.0,0.0,0.0,0.0,0.0,1.0
S9,R4,PZ052,10,-0.0,0.0,0.0,-0.0,0.0,-0.0,0.0,0.0,1.0
S9,R4,PZ052,11,0.0,385.5191109136923,0.0,385.5191109136923,0.0,-0.0,0.0,0.0,1.0
S9,R4,PZ052,12,0.0,2192.651007827331,0.0,2192.651007827331,0.0,-0.0,0.0,0.0,1.0
S9,R4,PZ052,13,0.0,4463.674623495325,0.0,4463.674623495325,0.0,-0.0,0.0,0.0,1.0
S9,R4,PZ052,14,0.0,6177.108945874732,0.0,6177.108945874732,0.0,-0.0,0.0,0.0,1.0
S9,R4,PZ052,15,0.0,7226.184417616295,0.0,7226.184417616295,0.0,-0.0,0.0,0.0,1.0
S9,R4,PZ052,16,0.0,-0.0,7863.209346350217,0.0,0.0,0.0,0.0,0.0,1.0
S9,R4,PZ052,17,0.0,-0.0,7896.404951106442,0.0,0.0,0.0,0.0,0.0,1.0
S9,R4,PZ052,18,0.0,7380.10380029353,0.0,7380.10380029353,0.0,-0.0,-0.0,0.0,1.0
S9,R4,PZ052,19,0.0,6078.8661559027705,0.0,6078.8661559027705,0.0,-0.0,0.0,0.0,1.0
S9,R4,PZ052,20,0.0,4350.159892951474,0.0,4350.159892951474,0.0,-0.0,0.0,0.0,1.0
S9,R4,PZ052,21,0.0,2199.158607295673,0.0,2199.158607295673,0.0,-0.0,0.0,0.0,1.0
S9,R4,PZ052,22,0.0,339.5734378291767,0.0,339.5734378291767,0.0,-0.0,0.0,0.0,1.0
S9,R4,PZ052,23,0.0,0.0,0.0,-0.0,0.0,-0.0,0.0,0.0,1.0
S9,R5,PZ001,0,-0.0,0.0,0.0,-0.0,0.0,-0.0,0.0,0.0,1.0
S9,R5,PZ001,1,-0.0,0.0,0.0,-0.0,0.0,-0.0,0.0,0.0,1.0
S9,R5,PZ001,2,-0.0,0.0,0.0,-0.0,0.0,-0.0,0.0,0.0,1.0
S9,R5,PZ001,3,-0.0,0.0,0.0,-0.0,0.0,-0.0,0.0,0.0,1.0
S9,R5,PZ001,4,-4.2623110514654454e-12,0.0,0.0,-4.2623110514654454e-12,0.0,-0.0,0.0,0.0,1.0
S9,R5,PZ001,5,-0.0,0.0,0.0,-0.0,0.0,-0.0,0.0,0.0,1.0
S9,R5,PZ001,6,0.0,0.0,0.0,0.0,0.0,0.0,0.0,0.0,1.0
S9,R5,PZ001,7,0.0,0.0,0.0,0.0,0.0,0.0,0.0,0.0,1.0
S9,R5,PZ001,8,0.0,0.0,0.0,0.0,0.0,0.0,0.0,0.0,1.0
S9,R5,PZ001,9,0.0,0.0,0.0,0.0,0.0,0.0,0.0,0.0,1.0
S9,R5,PZ001,10,-0.0,0.0,0.0,-0.0,0.0,-0.0,0.0,0.0,1.0
S9,R5,PZ001,11,0.0,221.8816386642725,0.0,221.8816386642725,0.0,-0.0,0.0,0.0,1.0
S9,R5,PZ001,12,0.0,1261.9581879677905,0.0,1261.9581879677905,0.0,-0.0,0.0,0.0,1.0
S9,R5,PZ001,13,0.0,2569.0229404658457,0.0,2569.0229404658457,0.0,-0.0,0.0,0.0,1.0
S9,R5,PZ001,14,0.0,3555.17279511796,0.0,3555.17279511796,0.0,-0.0,0.0,0.0,1.0
S9,R5,PZ001,15,0.0,4158.95760931521,0.0,4158.957609315212,0.0,1.8189894035458565e-12,0.0,0.0,1.0
S9,R5,PZ001,16,0.0,0.0,4525.590886515098,0.0,0.0,0.0,0.0,0.0,1.0
S9,R5,PZ001,17,0.0,1.5087905882253175e-12,4544.696282256198,0.0,1.5087905882253177e-12,0.0,0.0,0.0,1.0
S9,R5,PZ001,18,0.0,4247.544358671623,0.0,4247.544358671625,0.0,1.8189894035458565e-12,1.4333510588140516e-12,0.0,1.0
S9,R5,PZ001,19,0.0,3498.6301475323035,0.0,3498.6301475323035,0.0,-0.0,0.0,0.0,1.0
S9,R5,PZ001,20,0.0,2503.6906814089352,0.0,2503.6906814089366,0.0,1.3642420526593924e-12,0.0,0.0,1.0
S9,R5,PZ001,21,0.0,1265.7035712521217,0.0,1265.7035712521217,0.0,-0.0,0.0,0.0,1.0
S9,R5,PZ001,22,0.0,195.4380696039372,0.0,195.4380696039372,0.0,-0.0,0.0,0.0,1.0
S9,R5,PZ001,23,0.0,0.0,0.0,-0.0,0.0,-0.0,0.0,0.0,1.0
S9,R5,PZ006,0,-0.0,0.0,0.0,-0.0,0.0,-0.0,0.0,0.0,1.0
S9,R5,PZ006,1,-0.0,0.0,0.0,-0.0,0.0,-0.0,0.0,0.0,1.0
S9,R5,PZ006,2,-0.0,0.0,0.0,-0.0,0.0,-0.0,0.0,0.0,1.0
S9,R5,PZ006,3,3.410605131648481e-13,0.0,0.0,3.410605131648481e-13,0.0,-0.0,0.0,0.0,1.0
S9,R5,PZ006,4,-0.0,0.0,0.0,-0.0,0.0,-0.0,0.0,0.0,1.0
S9,R5,PZ006,5,-0.0,0.0,0.0,-0.0,0.0,-0.0,0.0,0.0,1.0
S9,R5,PZ006,6,0.0,0.0,0.0,0.0,0.0,0.0,0.0,0.0,1.0
S9,R5,PZ006,7,0.0,0.0,0.0,0.0,0.0,0.0,0.0,0.0,1.0
S9,R5,PZ006,8,0.0,0.0,0.0,0.0,0.0,0.0,0.0,0.0,1.0
S9,R5,PZ006,9,0.0,0.0,0.0,0.0,0.0,0.0,0.0,0.0,1.0
S9,R5,PZ006,10,-0.0,0.0,0.0,-0.0,0.0,-0.0,0.0,0.0,1.0
S9,R5,PZ006,11,0.0,31.697376952038923,0.0,31.697376952038923,0.0,-0.0,0.0,0.0,1.0
S9,R5,PZ006,12,0.0,180.2797411382558,0.0,180.2797411382558,0.0,-0.0,0.0,0.0,1.0
S9,R5,PZ006,13,0.0,367.00327720940646,0.0,367.00327720940646,0.0,-0.0,0.0,0.0,1.0
S9,R5,PZ006,14,0.0,507.88182787399427,0.0,507.88182787399427,0.0,-0.0,0.0,0.0,1.0
S9,R5,PZ006,15,0.0,594.1368013307443,0.0,594.1368013307443,0.0,-0.0,0.0,0.0,1.0
S9,R5,PZ006,16,0.0,-0.0,646.5129837878711,0.0,0.0,0.0,0.0,0.0,1.0
S9,R5,PZ006,17,0.0,-0.0,649.2423260365996,0.0,0.0,0.0,0.0,0.0,1.0
S9,R5,PZ006,18,0.0,606.7920512388032,0.0,606.7920512388032,0.0,-0.0,-0.0,0.0,1.0
S9,R5,PZ006,19,0.0,499.804306790329,0.0,499.804306790329,0.0,-0.0,0.0,0.0,1.0
S9,R5,PZ006,20,0.0,357.6700973441336,0.0,357.6700973441336,0.0,-0.0,0.0,0.0,1.0
S9,R5,PZ006,21,0.0,180.81479589316024,0.0,180.81479589316024,0.0,-0.0,0.0,0.0,1.0
S9,R5,PZ006,22,0.0,27.919724229133884,0.0,27.919724229133884,0.0,-0.0,0.0,0.0,1.0
S9,R5,PZ006,23,0.0,0.0,0.0,-0.0,0.0,-0.0,0.0,0.0,1.0
S9,R5,PZ039,0,-0.0,0.0,0.0,-0.0,0.0,-0.0,0.0,0.0,1.0
S9,R5,PZ039,1,9.094947017729282e-13,0.0,0.0,9.094947017729282e-13,0.0,-0.0,0.0,0.0,1.0
S9,R5,PZ039,2,-0.0,0.0,0.0,-0.0,0.0,-0.0,0.0,0.0,1.0
S9,R5,PZ039,3,-0.0,0.0,0.0,-0.0,0.0,-0.0,0.0,0.0,1.0
S9,R5,PZ039,4,-0.0,0.0,0.0,-0.0,0.0,-0.0,0.0,0.0,1.0
S9,R5,PZ039,5,-0.0,0.0,0.0,-0.0,0.0,-0.0,0.0,0.0,1.0
S9,R5,PZ039,6,0.0,0.0,0.0,0.0,0.0,0.0,0.0,0.0,1.0
S9,R5,PZ039,7,0.0,0.0,0.0,0.0,0.0,0.0,0.0,0.0,1.0
S9,R5,PZ039,8,0.0,0.0,0.0,0.0,0.0,0.0,0.0,0.0,1.0
S9,R5,PZ039,9,-0.0,0.0,0.0,-0.0,0.0,-0.0,0.0,0.0,1.0
S9,R5,PZ039,10,-0.0,0.0,0.0,-0.0,0.0,-0.0,0.0,0.0,1.0
S9,R5,PZ039,11,0.0,262.1129247957065,0.0,262.1129247957065,0.0,-0.0,0.0,0.0,1.0
S9,R5,PZ039,12,0.0,1490.7747824894227,0.0,1490.7747824894227,0.0,-0.0,0.0,0.0,1.0
S9,R5,PZ039,13,0.0,3034.8347923085535,0.0,3034.8347923085535,0.0,-0.0,0.0,0.0,1.0
S9,R5,PZ039,14,0.0,4199.792038188799,0.0,4199.792038188799,0.0,-0.0,0.0,0.0,1.0
S9,R5,PZ039,15,0.0,4913.054318696539,0.0,4913.054318696539,0.0,-0.0,0.0,0.0,1.0
S9,R5,PZ039,16,0.0,-0.0,5346.165058245858,0.0,0.0,0.0,0.0,0.0,1.0
S9,R5,PZ039,17,0.0,-0.0,5368.734619148804,0.0,2.575040147009813e-12,0.0,0.0,0.0,1.0
S9,R5,PZ039,18,0.0,5017.703500628565,0.0,5017.703500628565,0.0,-0.0,2.4462881396593225e-12,0.0,1.0
S9,R5,PZ039,19,0.0,4132.997152304643,0.0,4132.997152304646,-1.2916473547531954e-12,0.0,2.4462881396593225e-12,0.0,1.0
S9,R5,PZ039,20,0.0,2957.656574191874,0.0,2957.656574191874,0.0,-0.0,0.0,0.0,1.0
S9,R5,PZ039,21,0.0,1495.199273731902,0.0,1495.199273731902,0.0,-0.0,0.0,0.0,1.0
S9,R5,PZ039,22,0.0,230.87464266399172,0.0,230.87464266399172,0.0,-0.0,0.0,0.0,1.0
S9,R5,PZ039,23,0.0,0.0,0.0,-0.0,0.0,-0.0,0.0,0.0,1.0
S9,R5,PZ040,0,-0.0,0.0,0.0,-0.0,0.0,-0.0,0.0,0.0,1.0
S9,R5,PZ040,1,-0.0,0.0,0.0,-0.0,0.0,-0.0,0.0,0.0,1.0
S9,R5,PZ040,2,-0.0,0.0,0.0,-0.0,0.0,-0.0,0.0,0.0,1.0
S9,R5,PZ040,3,-1.8189894035458565e-12,0.0,0.0,-1.8189894035458565e-12,0.0,-0.0,0.0,0.0,1.0
S9,R5,PZ040,4,-0.0,0.0,0.0,-0.0,0.0,-0.0,0.0,0.0,1.0
S9,R5,PZ040,5,-0.0,0.0,0.0,-0.0,0.0,-0.0,0.0,0.0,1.0
S9,R5,PZ040,6,0.0,0.0,0.0,0.0,0.0,0.0,0.0,0.0,1.0
S9,R5,PZ040,7,0.0,0.0,0.0,0.0,0.0,0.0,0.0,0.0,1.0
S9,R5,PZ040,8,0.0,0.0,0.0,0.0,0.0,0.0,0.0,0.0,1.0
S9,R5,PZ040,9,0.0,0.0,0.0,0.0,0.0,0.0,0.0,0.0,1.0
S9,R5,PZ040,10,-0.0,0.0,0.0,-0.0,0.0,-0.0,0.0,0.0,1.0
S9,R5,PZ040,11,0.0,273.65213089542016,0.0,273.65213089542016,0.0,-0.0,0.0,0.0,1.0
S9,R5,PZ040,12,0.0,1556.4043483599687,0.0,1556.4043483599687,0.0,-0.0,0.0,0.0,1.0
S9,R5,PZ040,13,0.0,3168.439742061889,0.0,3168.439742061889,0.0,-0.0,0.0,0.0,1.0
S9,R5,PZ040,14,0.0,4384.682828837024,0.0,4384.682828837024,0.0,-0.0,0.0,0.0,1.0
S9,R5,PZ040,15,0.0,5129.345622937696,0.0,5129.345622937696,0.0,-0.0,0.0,0.0,1.0
S9,R5,PZ040,16,0.0,-0.0,5581.523541610494,0.0,0.0,0.0,0.0,0.0,1.0
S9,R5,PZ040,17,0.0,-0.0,5605.08670027304,0.0,0.0,0.0,0.0,0.0,1.0
S9,R5,PZ040,18,0.0,5238.601859174355,0.0,5238.601859174355,0.0,-0.0,-0.0,0.0,1.0
S9,R5,PZ040,19,0.0,4314.947378479656,0.0,4314.947378479656,0.0,-0.0,0.0,0.0,1.0
S9,R5,PZ040,20,0.0,3087.863845765275,0.0,3087.863845765275,0.0,-0.0,0.0,0.0,1.0
S9,R5,PZ040,21,0.0,1561.0236225051726,0.0,1561.0236225051726,0.0,-0.0,0.0,0.0,1.0
S9,R5,PZ040,22,0.0,241.0386209835423,0.0,241.0386209835423,0.0,-0.0,0.0,0.0,1.0
S9,R5,PZ040,23,0.0,0.0,0.0,-0.0,0.0,-0.0,0.0,0.0,1.0
S9,R5,PZ041,0,0.0,0.0,0.0,0.0,0.0,-3.5439151613303466e-12,-1.491154949026757e-11,0.0,1.0
S9,R5,PZ041,1,0.0,0.0,0.0,0.0,0.0,-1.100800006703651e-11,-1.118111247834089e-11,0.0,1.0
S9,R5,PZ041,2,3.346099240240415e-12,0.0,0.0,0.0,0.0,-3.346099240240415e-12,4.062560132764889e-13,0.0,1.0
S9,R5,PZ041,3,3.2131304368338695e-12,0.0,0.0,0.0,0.0,0.0,3.928465739845347e-12,0.0,1.0
S9,R5,PZ041,4,0.0,0.0,0.0,0.0,0.0,3.732042452853079e-12,3.928465739845347e-12,0.0,1.0
S9,R5,PZ041,5,0.0,0.0,0.0,-0.0,0.0,-0.0,0.0,0.0,1.0
S9,R5,PZ041,6,0.0,0.0,0.0,0.0,0.0,0.0,0.0,0.0,1.0
S9,R5,PZ041,7,0.0,0.0,0.0,0.0,0.0,0.0,0.0,0.0,1.0
S9,R5,PZ041,8,0.0,0.0,0.0,0.0,0.0,0.0,0.0,0.0,1.0
S9,R5,PZ041,9,0.0,0.0,0.0,0.0,0.0,0.0,0.0,0.0,1.0
S9,R5,PZ041,10,0.0,0.0,0.0,-0.0,0.0,-0.0,0.0,0.0,1.0
S9,R5,PZ041,11,0.0,229.1551231385656,0.0,229.1551231385656,0.0,-0.0,0.0,0.0,1.0
S9,R5,PZ041,12,0.0,1303.3263396663601,0.0,1303.3263396663601,0.0,-0.0,0.0,0.0,1.0
S9,R5,PZ041,13,0.0,2653.23787859263,0.0,2653.23787859263,0.0,-0.0,0.0,0.0,1.0
S9,R5,PZ041,14,0.0,3671.7146337504305,0.0,3671.7146337504305,0.0,-0.0,0.0,0.0,1.0
S9,R5,PZ041,15,0.0,4295.292070258906,0.0,4295.292070258906,0.0,-0.0,0.0,0.0,1.0
S9,R5,PZ041,16,0.0,4673.943923964386,0.0,4673.943923964386,0.0,2.505191238574353e-13,0.0,0.0,1.0
S9,R5,PZ041,17,0.0,4693.675612174455,0.0,4693.675612174451,0.0,-3.900983346369239e-12,-3.3918712725352827e-13,0.0,1.0
S9,R5,PZ041,18,0.0,4386.782774849969,0.0,4386.782774849973,0.0,3.970950699813509e-12,3.7671111320825126e-12,0.0,1.0
S9,R5,PZ041,19,0.0,3613.318466099637,0.0,3613.318466099637,0.0,-0.0,0.0,0.0,1.0
S9,R5,PZ041,20,0.0,2585.7639679110894,0.0,2585.7639679110894,0.0,-0.0,0.0,0.0,1.0
S9,R5,PZ041,21,0.0,1307.194500064349,0.0,1307.194500064349,0.0,-0.0,0.0,0.0,1.0
S9,R5,PZ041,22,0.0,201.84470952920358,0.0,201.84470952921777,0.0,1.4165972015754192e-11,0.0,0.0,1.0
S9,R5,PZ041,23,0.0,0.0,0.0,-0.0,0.0,0.0,-1.491154949026757e-11,0.0,1.0
S9,R5,PZ047,0,-0.0,0.0,0.0,-0.0,0.0,-0.0,0.0,0.0,1.0
S9,R5,PZ047,1,-0.0,0.0,0.0,-0.0,0.0,-0.0,0.0,0.0,1.0
S9,R5,PZ047,2,-0.0,0.0,0.0,-0.0,0.0,-0.0,0.0,0.0,1.0
S9,R5,PZ047,3,-0.0,0.0,0.0,-0.0,0.0,-0.0,0.0,0.0,1.0
S9,R5,PZ047,4,-0.0,0.0,0.0,-0.0,0.0,-0.0,0.0,0.0,1.0
S9,R5,PZ047,5,-0.0,0.0,0.0,-0.0,0.0,-0.0,0.0,0.0,1.0
S9,R5,PZ047,6,0.0,0.0,0.0,0.0,0.0,0.0,0.0,0.0,1.0
S9,R5,PZ047,7,0.0,0.0,0.0,0.0,0.0,0.0,0.0,0.0,1.0
S9,R5,PZ047,8,0.0,0.0,0.0,0.0,0.0,0.0,0.0,0.0,1.0
S9,R5,PZ047,9,0.0,0.0,0.0,0.0,0.0,0.0,0.0,0.0,1.0
S9,R5,PZ047,10,-0.0,0.0,0.0,-0.0,0.0,-0.0,0.0,0.0,1.0
S9,R5,PZ047,11,0.0,330.66299149863266,0.0,330.66299149863266,0.0,-0.0,0.0,0.0,1.0
S9,R5,PZ047,12,0.0,1880.6552542682955,0.0,1880.6552542682955,0.0,-0.0,0.0,0.0,1.0
S9,R5,PZ047,13,0.0,3828.531354991449,0.0,3828.531354991449,0.0,-0.0,0.0,0.0,1.0
S9,R5,PZ047,14,0.0,5298.158418178071,0.0,5298.158418178071,0.0,-0.0,0.0,0.0,1.0
S9,R5,PZ047,15,0.0,6197.959294383049,0.0,6197.959294383046,0.0,-3.5874758719245405e-12,0.0,0.0,1.0
S9,R5,PZ047,16,0.0,4.188397803745e-12,6744.340946112676,0.0,4.188397803745e-12,0.0,0.0,0.0,1.0
S9,R5,PZ047,17,0.0,-0.0,6772.813096163258,0.0,-2.5442050839438784e-12,0.0,3.97897791355775e-12,0.0,1.0
S9,R5,PZ047,18,0.0,6329.977246502346,0.0,6329.977246502348,0.0,0.0,1.5619830838110654e-12,0.0,1.0
S9,R5,PZ047,19,0.0,5213.894748996252,0.0,5213.894748996254,0.0,0.0,1.5619830838110654e-12,0.0,1.0
S9,R5,PZ047,20,0.0,3731.168813633041,0.0,3731.168813633041,0.0,-0.0,0.0,0.0,1.0
S9,R5,PZ047,21,0.0,1886.2368771937502,0.0,1886.2368771937502,0.0,-0.0,0.0,0.0,1.0
S9,R5,PZ047,22,0.0,291.2550003551136,0.0,291.2550003551136,0.0,-0.0,0.0,0.0,1.0
S9,R5,PZ047,23,0.0,0.0,0.0,-0.0,0.0,-0.0,0.0,0.0,1.0
S9,R5,PZ048,0,7.275957614183426e-12,0.0,0.0,7.275957614183426e-12,0.0,-0.0,0.0,0.0,1.0
S9,R5,PZ048,1,-0.0,0.0,0.0,-0.0,0.0,-0.0,0.0,0.0,1.0
S9,R5,PZ048,2,-0.0,0.0,0.0,-0.0,0.0,-0.0,0.0,0.0,1.0
S9,R5,PZ048,3,-0.0,0.0,0.0,-0.0,0.0,-0.0,0.0,0.0,1.0
S9,R5,PZ048,4,-0.0,0.0,0.0,-0.0,0.0,-0.0,0.0,0.0,1.0
S9,R5,PZ048,5,-0.0,0.0,0.0,-0.0,0.0,-0.0,0.0,0.0,1.0
S9,R5,PZ048,6,0.0,0.0,0.0,0.0,0.0,0.0,0.0,0.0,1.0
S9,R5,PZ048,7,0.0,0.0,0.0,0.0,0.0,0.0,0.0,0.0,1.0
S9,R5,PZ048,8,0.0,0.0,0.0,0.0,0.0,0.0,0.0,0.0,1.0
S9,R5,PZ048,9,0.0,0.0,0.0,0.0,0.0,0.0,0.0,0.0,1.0
S9,R5,PZ048,10,-0.0,0.0,0.0,-0.0,0.0,-0.0,0.0,0.0,1.0
S9,R5,PZ048,11,0.0,393.41982860358627,0.0,393.41982860358627,0.0,-0.0,0.0,0.0,1.0
S9,R5,PZ048,12,0.0,2237.586566441398,0.0,2237.586566441398,0.0,-0.0,0.0,0.0,1.0
S9,R5,PZ048,13,0.0,4555.1518863895,0.0,4555.1518863895,0.0,-0.0,0.0,0.0,1.0
S9,R5,PZ048,14,0.0,6303.700838570813,0.0,6303.700838570813,0.0,-0.0,0.0,0.0,1.0
S9,R5,PZ048,15,0.0,7374.2757610606905,0.0,7374.2757610606905,0.0,-0.0,0.0,0.0,1.0
S9,R5,PZ048,16,0.0,0.0,8024.355695320598,0.0,0.0,0.0,0.0,0.0,1.0
S9,R5,PZ048,17,0.0,-0.0,8058.2316012455585,0.0,0.0,0.0,0.0,0.0,1.0
S9,R5,PZ048,18,0.0,7531.349523261818,0.0,7531.349523261818,0.0,-0.0,-0.0,0.0,1.0
S9,R5,PZ048,19,0.0,6203.444689139716,0.0,6203.444689139716,0.0,-0.0,0.0,0.0,1.0
S9,R5,PZ048,20,0.0,4439.31081763236,0.0,4439.31081763236,0.0,-0.0,0.0,0.0,1.0
S9,R5,PZ048,21,0.0,2244.2275307800737,0.0,2244.2275307800737,0.0,-0.0,0.0,0.0,1.0
S9,R5,PZ048,22,0.0,346.5325581200401,0.0,346.5325581200401,0.0,-0.0,0.0,0.0,1.0
S9,R5,PZ048,23,0.0,0.0,0.0,-0.0,0.0,-0.0,0.0,0.0,1.0
S9,R5,PZ049,0,-0.0,0.0,0.0,-0.0,0.0,-0.0,0.0,0.0,1.0
S9,R5,PZ049,1,-0.0,0.0,0.0,-0.0,0.0,-0.0,0.0,0.0,1.0
S9,R5,PZ049,2,4.2444374298779275e-12,0.0,0.0,4.2444374298779275e-12,0.0,-0.0,0.0,0.0,1.0
S9,R5,PZ049,3,-0.0,0.0,0.0,-0.0,0.0,-0.0,0.0,0.0,1.0
S9,R5,PZ049,4,-2.425448026332071e-12,0.0,0.0,-2.425448026332071e-12,0.0,-0.0,0.0,0.0,1.0
S9,R5,PZ049,5,-0.0,0.0,0.0,-0.0,0.0,-0.0,0.0,0.0,1.0
S9,R5,PZ049,6,0.0,0.0,0.0,0.0,0.0,0.0,0.0,0.0,1.0
S9,R5,PZ049,7,0.0,0.0,0.0,0.0,0.0,0.0,0.0,0.0,1.0
S9,R5,PZ049,8,0.0,0.0,0.0,0.0,0.0,0.0,0.0,0.0,1.0
S9,R5,PZ049,9,0.0,0.0,0.0,0.0,0.0,0.0,0.0,0.0,1.0
S9,R5,PZ049,10,-0.0,0.0,0.0,-0.0,0.0,-0.0,0.0,0.0,1.0
S9,R5,PZ049,11,0.0,359.751997538697,0.0,359.751997538697,0.0,-0.0,0.0,0.0,1.0
S9,R5,PZ049,12,0.0,2046.099810983725,0.0,2046.099810983725,0.0,-0.0,0.0,0.0,1.0
S9,R5,PZ049,13,0.0,4165.334004738185,0.0,4165.334004738185,0.0,-0.0,0.0,0.0,1.0
S9,R5,PZ049,14,0.0,5764.246750377282,0.0,5764.246750377282,0.0,-0.0,0.0,0.0,1.0
S9,R5,PZ049,15,0.0,6743.204695246506,0.0,6743.204695246506,0.0,-0.0,0.0,0.0,1.0
S9,R5,PZ049,16,0.0,0.0,7337.652503685448,0.0,0.0,0.0,0.0,0.0,1.0
S9,R5,PZ049,17,0.0,-0.0,7368.6293989481865,0.0,0.0,0.0,0.0,0.0,1.0
S9,R5,PZ049,18,0.0,6886.836499249226,0.0,6886.836499249226,0.0,-0.0,-0.0,0.0,1.0
S9,R5,PZ049,19,0.0,5672.570257732278,0.0,5672.570257732278,0.0,-0.0,0.0,0.0,1.0
S9,R5,PZ049,20,0.0,4059.406309049035,0.0,4059.406309049035,0.0,-0.0,0.0,0.0,1.0
S9,R5,PZ049,21,0.0,2052.1724591135912,0.0,2052.1724591135912,0.0,-0.0,0.0,0.0,1.0
S9,R5,PZ049,22,0.0,316.8772159714744,0.0,316.8772159714744,0.0,-0.0,0.0,0.0,1.0
S9,R5,PZ049,23,0.0,0.0,0.0,-0.0,0.0,-0.0,0.0,0.0,1.0
S9,R5,PZ050,0,-0.0,0.0,0.0,-0.0,0.0,-0.0,0.0,0.0,1.0
S9,R5,PZ050,1,1.2732925824820995e-11,0.0,0.0,1.2732925824820995e-11,0.0,-0.0,0.0,0.0,1.0
S9,R5,PZ050,2,-0.0,0.0,0.0,-0.0,0.0,-0.0,0.0,0.0,1.0
S9,R5,PZ050,3,-0.0,0.0,0.0,-0.0,0.0,-0.0,0.0,0.0,1.0
S9,R5,PZ050,4,-0.0,0.0,0.0,-0.0,0.0,-0.0,0.0,0.0,1.0
S9,R5,PZ050,5,-0.0,0.0,0.0,-0.0,0.0,-0.0,0.0,0.0,1.0
S9,R5,PZ050,6,0.0,0.0,0.0,0.0,0.0,0.0,0.0,0.0,1.0
S9,R5,PZ050,7,0.0,0.0,0.0,0.0,0.0,0.0,0.0,0.0,1.0
S9,R5,PZ050,8,0.0,0.0,0.0,0.0,0.0,0.0,0.0,0.0,1.0
S9,R5,PZ050,9,0.0,0.0,0.0,0.0,0.0,0.0,0.0,0.0,1.0
S9,R5,PZ050,10,-0.0,0.0,0.0,-0.0,0.0,-0.0,0.0,0.0,1.0
S9,R5,PZ050,11,0.0,440.91391562579,0.0,440.91391562579,0.0,-0.0,0.0,0.0,1.0
S9,R5,PZ050,12,0.0,2507.710549473689,0.0,2507.710549473689,0.0,-0.0,0.0,0.0,1.0
S9,R5,PZ050,13,0.0,5105.054978105621,0.0,5105.054978105621,0.0,-0.0,0.0,0.0,1.0
S9,R5,PZ050,14,0.0,7064.690738982486,0.0,7064.690738982486,0.0,-0.0,0.0,0.0,1.0
S9,R5,PZ050,15,0.0,8264.506677902566,0.0,8264.506677902566,0.0,-0.0,0.0,0.0,1.0
S9,R5,PZ050,16,0.0,-0.0,8993.064997653913,0.0,0.0,0.0,0.0,0.0,1.0
S9,R5,PZ050,17,0.0,-0.0,9031.030441286382,0.0,0.0,0.0,0.0,0.0,1.0
S9,R5,PZ050,18,0.0,8440.542562468914,0.0,8440.542562468914,0.0,-0.0,-0.0,0.0,1.0
S9,R5,PZ050,19,0.0,6952.331553711807,0.0,6952.331553711807,0.0,-0.0,0.0,0.0,1.0
S9,R5,PZ050,20,0.0,4975.229444407238,0.0,4975.229444407238,0.0,-0.0,0.0,0.0,1.0
S9,R5,PZ050,21,0.0,2515.1532185442584,0.0,2515.1532185442584,0.0,-0.0,0.0,0.0,1.0
S9,R5,PZ050,22,0.0,388.36636077761676,0.0,388.36636077761676,0.0,-0.0,0.0,0.0,1.0
S9,R5,PZ050,23,0.0,0.0,0.0,-0.0,0.0,-0.0,0.0,0.0,1.0
S9,R5,PZ052,0,-0.0,0.0,0.0,-0.0,0.0,-0.0,0.0,0.0,1.0
S9,R5,PZ052,1,3.410605131648481e-13,0.0,0.0,3.410605131648481e-13,0.0,-0.0,0.0,0.0,1.0
S9,R5,PZ052,2,-0.0,0.0,0.0,-0.0,0.0,-0.0,0.0,0.0,1.0
S9,R5,PZ052,3,-0.0,0.0,0.0,-0.0,0.0,-0.0,0.0,0.0,1.0
S9,R5,PZ052,4,-0.0,0.0,0.0,-0.0,0.0,-0.0,0.0,0.0,1.0
S9,R5,PZ052,5,-0.0,0.0,0.0,-0.0,0.0,-0.0,0.0,0.0,1.0
S9,R5,PZ052,6,0.0,0.0,0.0,0.0,0.0,0.0,0.0,0.0,1.0
S9,R5,PZ052,7,0.0,0.0,0.0,0.0,0.0,0.0,0.0,0.0,1.0
S9,R5,PZ052,8,0.0,0.0,0.0,0.0,0.0,0.0,0.0,0.0,1.0
S9,R5,PZ052,9,0.0,0.0,0.0,0.0,0.0,0.0,0.0,0.0,1.0
S9,R5,PZ052,10,-0.0,0.0,0.0,-0.0,0.0,-0.0,0.0,0.0,1.0
S9,R5,PZ052,11,0.0,385.5191109136923,0.0,385.5191109136923,0.0,-0.0,0.0,0.0,1.0
S9,R5,PZ052,12,0.0,2192.651007827331,0.0,2192.651007827331,0.0,-0.0,0.0,0.0,1.0
S9,R5,PZ052,13,0.0,4463.674623495325,0.0,4463.674623495325,0.0,-0.0,0.0,0.0,1.0
S9,R5,PZ052,14,0.0,6177.108945874732,0.0,6177.108945874732,0.0,-0.0,0.0,0.0,1.0
S9,R5,PZ052,15,0.0,7226.184417616295,0.0,7226.184417616295,0.0,-0.0,0.0,0.0,1.0
S9,R5,PZ052,16,0.0,-0.0,7863.209346350217,0.0,0.0,0.0,0.0,0.0,1.0
S9,R5,PZ052,17,0.0,-0.0,7896.404951106442,0.0,0.0,0.0,0.0,0.0,1.0
S9,R5,PZ052,18,0.0,7380.10380029353,0.0,7380.10380029353,0.0,-0.0,-0.0,0.0,1.0
S9,R5,PZ052,19,0.0,6078.8661559027705,0.0,6078.8661559027705,0.0,-0.0,0.0,0.0,1.0
S9,R5,PZ052,20,0.0,4350.159892951474,0.0,4350.159892951474,0.0,-0.0,0.0,0.0,1.0
S9,R5,PZ052,21,0.0,2199.158607295673,0.0,2199.158607295673,0.0,-0.0,0.0,0.0,1.0
S9,R5,PZ052,22,0.0,339.5734378291767,0.0,339.5734378291767,0.0,-0.0,0.0,0.0,1.0
S9,R5,PZ052,23,0.0,0.0,0.0,-0.0,0.0,-0.0,0.0,0.0,1.0
