scenario,roof_scenario,depot_id,hour,grid_kw,pv_used_kw,pv_curtail_kw,bus_charge_kw,bess_charge_kw,bess_discharge_kw,bess_soc_kwh,unserved_kwh,dt_hours
S0,R0,PZ001,0,2347.8,0.0,0.0,2347.8,0.0,0.0,0.0,0.0,1.0
S0,R0,PZ001,1,2347.8,0.0,0.0,2347.8,0.0,0.0,0.0,0.0,1.0
S0,R0,PZ001,2,2113.02,0.0,0.0,2113.02,0.0,0.0,0.0,0.0,1.0
S0,R0,PZ001,3,1878.24,0.0,0.0,1878.24,0.0,0.0,0.0,0.0,1.0
S0,R0,PZ001,4,1643.4600000000005,0.0,0.0,1643.4600000000005,0.0,0.0,0.0,0.0,1.0
S0,R0,PZ001,5,939.12,0.0,0.0,939.12,0.0,0.0,0.0,0.0,1.0
S0,R0,PZ001,6,0.0,0.0,0.0,0.0,0.0,0.0,0.0,0.0,1.0
S0,R0,PZ001,7,0.0,0.0,0.0,0.0,0.0,0.0,0.0,0.0,1.0
S0,R0,PZ001,8,0.0,0.0,0.0,0.0,0.0,0.0,0.0,0.0,1.0
S0,R0,PZ001,9,0.0,0.0,0.0,0.0,0.0,0.0,0.0,0.0,1.0
S0,R0,PZ001,10,0.0,0.0,0.0,0.0,0.0,0.0,0.0,0.0,1.0
S0,R0,PZ001,11,0.0,0.0,0.0,0.0,0.0,0.0,0.0,0.0,1.0
S0,R0,PZ001,12,0.0,0.0,0.0,0.0,0.0,0.0,0.0,0.0,1.0
S0,R0,PZ001,13,0.0,0.0,0.0,0.0,0.0,0.0,0.0,0.0,1.0
S0,R0,PZ001,14,0.0,0.0,0.0,0.0,0.0,0.0,0.0,0.0,1.0
S0,R0,PZ001,15,0.0,0.0,0.0,0.0,0.0,0.0,0.0,0.0,1.0
S0,R0,PZ001,16,0.0,0.0,0.0,0.0,0.0,0.0,0.0,0.0,1.0
S0,R0,PZ001,17,0.0,0.0,0.0,0.0,0.0,0.0,0.0,0.0,1.0
S0,R0,PZ001,18,939.12,0.0,0.0,939.12,0.0,0.0,0.0,0.0,1.0
S0,R0,PZ001,19,1878.24,0.0,0.0,1878.24,0.0,0.0,0.0,0.0,1.0
S0,R0,PZ001,20,2817.3599999999997,0.0,0.0,2817.3599999999997,0.0,0.0,0.0,0.0,1.0
S0,R0,PZ001,21,3052.1400000000003,0.0,0.0,3052.1400000000003,0.0,0.0,0.0,0.0,1.0
S0,R0,PZ001,22,2347.8,0.0,0.0,2347.8,0.0,0.0,0.0,0.0,1.0
S0,R0,PZ001,23,1173.9,0.0,0.0,1173.9,0.0,0.0,0.0,0.0,1.0
S0,R0,PZ006,0,335.40000000000003,0.0,0.0,335.40000000000003,0.0,0.0,0.0,0.0,1.0
S0,R0,PZ006,1,335.40000000000003,0.0,0.0,335.40000000000003,0.0,0.0,0.0,0.0,1.0
S0,R0,PZ006,2,301.86,0.0,0.0,301.86,0.0,0.0,0.0,0.0,1.0
S0,R0,PZ006,3,268.32,0.0,0.0,268.32,0.0,0.0,0.0,0.0,1.0
S0,R0,PZ006,4,234.78000000000003,0.0,0.0,234.78000000000003,0.0,0.0,0.0,0.0,1.0
S0,R0,PZ006,5,134.16,0.0,0.0,134.16,0.0,0.0,0.0,0.0,1.0
S0,R0,PZ006,6,0.0,0.0,0.0,0.0,0.0,0.0,0.0,0.0,1.0
S0,R0,PZ006,7,0.0,0.0,0.0,0.0,0.0,0.0,0.0,0.0,1.0
S0,R0,PZ006,8,0.0,0.0,0.0,0.0,0.0,0.0,0.0,0.0,1.0
S0,R0,PZ006,9,0.0,0.0,0.0,0.0,0.0,0.0,0.0,0.0,1.0
S0,R0,PZ006,10,0.0,0.0,0.0,0.0,0.0,0.0,0.0,0.0,1.0
S0,R0,PZ006,11,0.0,0.0,0.0,0.0,0.0,0.0,0.0,0.0,1.0
S0,R0,PZ006,12,0.0,0.0,0.0,0.0,0.0,0.0,0.0,0.0,1.0
S0,R0,PZ006,13,0.0,0.0,0.0,0.0,0.0,0.0,0.0,0.0,1.0
S0,R0,PZ006,14,0.0,0.0,0.0,0.0,0.0,0.0,0.0,0.0,1.0
S0,R0,PZ006,15,0.0,0.0,0.0,0.0,0.0,0.0,0.0,0.0,1.0
S0,R0,PZ006,16,0.0,0.0,0.0,0.0,0.0,0.0,0.0,0.0,1.0
S0,R0,PZ006,17,0.0,0.0,0.0,0.0,0.0,0.0,0.0,0.0,1.0
S0,R0,PZ006,18,134.16,0.0,0.0,134.16,0.0,0.0,0.0,0.0,1.0
S0,R0,PZ006,19,268.32,0.0,0.0,268.32,0.0,0.0,0.0,0.0,1.0
S0,R0,PZ006,20,402.48,0.0,0.0,402.48,0.0,0.0,0.0,0.0,1.0
S0,R0,PZ006,21,436.02,0.0,0.0,436.02,0.0,0.0,0.0,0.0,1.0
S0,R0,PZ006,22,335.40000000000003,0.0,0.0,335.40000000000003,0.0,0.0,0.0,0.0,1.0
S0,R0,PZ006,23,167.70000000000002,0.0,0.0,167.70000000000002,0.0,0.0,0.0,0.0,1.0
S0,R0,PZ039,0,2773.5,0.0,0.0,2773.5,0.0,0.0,0.0,0.0,1.0
S0,R0,PZ039,1,2773.5,0.0,0.0,2773.5,0.0,0.0,0.0,0.0,1.0
S0,R0,PZ039,2,2496.15,0.0,0.0,2496.15,0.0,0.0,0.0,0.0,1.0
S0,R0,PZ039,3,2218.8,0.0,0.0,2218.8,0.0,0.0,0.0,0.0,1.0
S0,R0,PZ039,4,1941.4500000000005,0.0,0.0,1941.4500000000005,0.0,0.0,0.0,0.0,1.0
S0,R0,PZ039,5,1109.4,0.0,0.0,1109.4,0.0,0.0,0.0,0.0,1.0
S0,R0,PZ039,6,0.0,0.0,0.0,0.0,0.0,0.0,0.0,0.0,1.0
S0,R0,PZ039,7,0.0,0.0,0.0,0.0,0.0,0.0,0.0,0.0,1.0
S0,R0,PZ039,8,0.0,0.0,0.0,0.0,0.0,0.0,0.0,0.0,1.0
S0,R0,PZ039,9,0.0,0.0,0.0,0.0,0.0,0.0,0.0,0.0,1.0
S0,R0,PZ039,10,0.0,0.0,0.0,0.0,0.0,0.0,0.0,0.0,1.0
S0,R0,PZ039,11,0.0,0.0,0.0,0.0,0.0,0.0,0.0,0.0,1.0
S0,R0,PZ039,12,0.0,0.0,0.0,0.0,0.0,0.0,0.0,0.0,1.0
S0,R0,PZ039,13,0.0,0.0,0.0,0.0,0.0,0.0,0.0,0.0,1.0
S0,R0,PZ039,14,0.0,0.0,0.0,0.0,0.0,0.0,0.0,0.0,1.0
S0,R0,PZ039,15,0.0,0.0,0.0,0.0,0.0,0.0,0.0,0.0,1.0
S0,R0,PZ039,16,0.0,0.0,0.0,0.0,0.0,0.0,0.0,0.0,1.0
S0,R0,PZ039,17,0.0,0.0,0.0,0.0,0.0,0.0,0.0,0.0,1.0
S0,R0,PZ039,18,1109.4,0.0,0.0,1109.4,0.0,0.0,0.0,0.0,1.0
S0,R0,PZ039,19,2218.8,0.0,0.0,2218.8,0.0,0.0,0.0,0.0,1.0
S0,R0,PZ039,20,3328.2,0.0,0.0,3328.2,0.0,0.0,0.0,0.0,1.0
S0,R0,PZ039,21,3605.55,0.0,0.0,3605.55,0.0,0.0,0.0,0.0,1.0
S0,R0,PZ039,22,2773.5,0.0,0.0,2773.5,0.0,0.0,0.0,0.0,1.0
S0,R0,PZ039,23,1386.75,0.0,0.0,1386.75,0.0,0.0,0.0,0.0,1.0
S0,R0,PZ040,0,2895.6000000000004,0.0,0.0,2895.6000000000004,0.0,0.0,0.0,0.0,1.0
S0,R0,PZ040,1,2895.6000000000004,0.0,0.0,2895.6000000000004,0.0,0.0,0.0,0.0,1.0
S0,R0,PZ040,2,2606.04,0.0,0.0,2606.04,0.0,0.0,0.0,0.0,1.0
S0,R0,PZ040,3,2316.48,0.0,0.0,2316.48,0.0,0.0,0.0,0.0,1.0
S0,R0,PZ040,4,2026.9200000000003,0.0,0.0,2026.9200000000003,0.0,0.0,0.0,0.0,1.0
S0,R0,PZ040,5,1158.24,0.0,0.0,1158.24,0.0,0.0,0.0,0.0,1.0
S0,R0,PZ040,6,0.0,0.0,0.0,0.0,0.0,0.0,0.0,0.0,1.0
S0,R0,PZ040,7,0.0,0.0,0.0,0.0,0.0,0.0,0.0,0.0,1.0
S0,R0,PZ040,8,0.0,0.0,0.0,0.0,0.0,0.0,0.0,0.0,1.0
S0,R0,PZ040,9,0.0,0.0,0.0,0.0,0.0,0.0,0.0,0.0,1.0
S0,R0,PZ040,10,0.0,0.0,0.0,0.0,0.0,0.0,0.0,0.0,1.0
S0,R0,PZ040,11,0.0,0.0,0.0,0.0,0.0,0.0,0.0,0.0,1.0
S0,R0,PZ040,12,0.0,0.0,0.0,0.0,0.0,0.0,0.0,0.0,1.0
S0,R0,PZ040,13,0.0,0.0,0.0,0.0,0.0,0.0,0.0,0.0,1.0
S0,R0,PZ040,14,0.0,0.0,0.0,0.0,0.0,0.0,0.0,0.0,1.0
S0,R0,PZ040,15,0.0,0.0,0.0,0.0,0.0,0.0,0.0,0.0,1.0
S0,R0,PZ040,16,0.0,0.0,0.0,0.0,0.0,0.0,0.0,0.0,1.0
S0,R0,PZ040,17,0.0,0.0,0.0,0.0,0.0,0.0,0.0,0.0,1.0
S0,R0,PZ040,18,1158.24,0.0,0.0,1158.24,0.0,0.0,0.0,0.0,1.0
S0,R0,PZ040,19,2316.48,0.0,0.0,2316.48,0.0,0.0,0.0,0.0,1.0
S0,R0,PZ040,20,3474.72,0.0,0.0,3474.72,0.0,0.0,0.0,0.0,1.0
S0,R0,PZ040,21,3764.28,0.0,0.0,3764.28,0.0,0.0,0.0,0.0,1.0
S0,R0,PZ040,22,2895.6000000000004,0.0,0.0,2895.6000000000004,0.0,0.0,0.0,0.0,1.0
S0,R0,PZ040,23,1447.8000000000002,0.0,0.0,1447.8000000000002,0.0,0.0,0.0,0.0,1.0
S0,R0,PZ041,0,3361.525,0.0,0.0,3361.525,0.0,0.0,0.0,0.0,1.0
S0,R0,PZ041,1,3361.525,0.0,0.0,3361.525,0.0,0.0,0.0,0.0,1.0
S0,R0,PZ041,2,3025.3725,0.0,0.0,3025.3725,0.0,0.0,0.0,0.0,1.0
S0,R0,PZ041,3,2689.2200000000003,0.0,0.0,2689.2200000000003,0.0,0.0,0.0,0.0,1.0
S0,R0,PZ041,4,2353.0675,0.0,0.0,2353.0675,0.0,0.0,0.0,0.0,1.0
S0,R0,PZ041,5,1344.61,0.0,0.0,1344.61,0.0,0.0,0.0,0.0,1.0
S0,R0,PZ041,6,0.0,0.0,0.0,0.0,0.0,0.0,0.0,0.0,1.0
S0,R0,PZ041,7,0.0,0.0,0.0,0.0,0.0,0.0,0.0,0.0,1.0
S0,R0,PZ041,8,0.0,0.0,0.0,0.0,0.0,0.0,0.0,0.0,1.0
S0,R0,PZ041,9,0.0,0.0,0.0,0.0,0.0,0.0,0.0,0.0,1.0
S0,R0,PZ041,10,0.0,0.0,0.0,0.0,0.0,0.0,0.0,0.0,1.0
S0,R0,PZ041,11,0.0,0.0,0.0,0.0,0.0,0.0,0.0,0.0,1.0
S0,R0,PZ041,12,0.0,0.0,0.0,0.0,0.0,0.0,0.0,0.0,1.0
S0,R0,PZ041,13,0.0,0.0,0.0,0.0,0.0,0.0,0.0,0.0,1.0
S0,R0,PZ041,14,0.0,0.0,0.0,0.0,0.0,0.0,0.0,0.0,1.0
S0,R0,PZ041,15,0.0,0.0,0.0,0.0,0.0,0.0,0.0,0.0,1.0
S0,R0,PZ041,16,0.0,0.0,0.0,0.0,0.0,0.0,0.0,0.0,1.0
S0,R0,PZ041,17,0.0,0.0,0.0,0.0,0.0,0.0,0.0,0.0,1.0
S0,R0,PZ041,18,1344.61,0.0,0.0,1344.61,0.0,0.0,0.0,0.0,1.0
S0,R0,PZ041,19,2689.2200000000003,0.0,0.0,2689.2200000000003,0.0,0.0,0.0,0.0,1.0
S0,R0,PZ041,20,4033.83,0.0,0.0,4033.83,0.0,0.0,0.0,0.0,1.0
S0,R0,PZ041,21,4369.9825,0.0,0.0,4369.9825,0.0,0.0,0.0,0.0,1.0
S0,R0,PZ041,22,3361.525,0.0,0.0,3361.525,0.0,0.0,0.0,0.0,1.0
S0,R0,PZ041,23,1680.7625,0.0,0.0,1680.7625,0.0,0.0,0.0,0.0,1.0
S0,R0,PZ047,0,3498.8500000000004,0.0,0.0,3498.8500000000004,0.0,0.0,0.0,0.0,1.0
S0,R0,PZ047,1,3498.8500000000004,0.0,0.0,3498.8500000000004,0.0,0.0,0.0,0.0,1.0
S0,R0,PZ047,2,3148.9649999999997,0.0,0.0,3148.9649999999997,0.0,0.0,0.0,0.0,1.0
S0,R0,PZ047,3,2799.08,0.0,0.0,2799.08,0.0,0.0,0.0,0.0,1.0
S0,R0,PZ047,4,2449.195,0.0,0.0,2449.195,0.0,0.0,0.0,0.0,1.0
S0,R0,PZ047,5,1399.54,0.0,0.0,1399.54,0.0,0.0,0.0,0.0,1.0
S0,R0,PZ047,6,0.0,0.0,0.0,0.0,0.0,0.0,0.0,0.0,1.0
S0,R0,PZ047,7,0.0,0.0,0.0,0.0,0.0,0.0,0.0,0.0,1.0
S0,R0,PZ047,8,0.0,0.0,0.0,0.0,0.0,0.0,0.0,0.0,1.0
S0,R0,PZ047,9,0.0,0.0,0.0,0.0,0.0,0.0,0.0,0.0,1.0
S0,R0,PZ047,10,0.0,0.0,0.0,0.0,0.0,0.0,0.0,0.0,1.0
S0,R0,PZ047,11,0.0,0.0,0.0,0.0,0.0,0.0,0.0,0.0,1.0
S0,R0,PZ047,12,0.0,0.0,0.0,0.0,0.0,0.0,0.0,0.0,1.0
S0,R0,PZ047,13,0.0,0.0,0.0,0.0,0.0,0.0,0.0,0.0,1.0
S0,R0,PZ047,14,0.0,0.0,0.0,0.0,0.0,0.0,0.0,0.0,1.0
S0,R0,PZ047,15,0.0,0.0,0.0,0.0,0.0,0.0,0.0,0.0,1.0
S0,R0,PZ047,16,0.0,0.0,0.0,0.0,0.0,0.0,0.0,0.0,1.0
S0,R0,PZ047,17,0.0,0.0,0.0,0.0,0.0,0.0,0.0,0.0,1.0
S0,R0,PZ047,18,1399.54,0.0,0.0,1399.54,0.0,0.0,0.0,0.0,1.0
S0,R0,PZ047,19,2799.08,0.0,0.0,2799.08,0.0,0.0,0.0,0.0,1.0
S0,R0,PZ047,20,4198.62,0.0,0.0,4198.62,0.0,0.0,0.0,0.0,1.0
S0,R0,PZ047,21,4548.505,0.0,0.0,4548.505,0.0,0.0,0.0,0.0,1.0
S0,R0,PZ047,22,3498.8500000000004,0.0,0.0,3498.8500000000004,0.0,0.0,0.0,0.0,1.0
S0,R0,PZ047,23,1749.4250000000002,0.0,0.0,1749.4250000000002,0.0,0.0,0.0,0.0,1.0
S0,R0,PZ048,0,4162.900000000001,0.0,0.0,4162.900000000001,0.0,0.0,0.0,0.0,1.0
S0,R0,PZ048,1,4162.900000000001,0.0,0.0,4162.900000000001,0.0,0.0,0.0,0.0,1.0
S0,R0,PZ048,2,3746.61,0.0,0.0,3746.61,0.0,0.0,0.0,0.0,1.0
S0,R0,PZ048,3,3330.32,0.0,0.0,3330.32,0.0,0.0,0.0,0.0,1.0
S0,R0,PZ048,4,2914.03,0.0,0.0,2914.03,0.0,0.0,0.0,0.0,1.0
S0,R0,PZ048,5,1665.16,0.0,0.0,1665.16,0.0,0.0,0.0,0.0,1.0
S0,R0,PZ048,6,0.0,0.0,0.0,0.0,0.0,0.0,0.0,0.0,1.0
S0,R0,PZ048,7,0.0,0.0,0.0,0.0,0.0,0.0,0.0,0.0,1.0
S0,R0,PZ048,8,0.0,0.0,0.0,0.0,0.0,0.0,0.0,0.0,1.0
S0,R0,PZ048,9,0.0,0.0,0.0,0.0,0.0,0.0,0.0,0.0,1.0
S0,R0,PZ048,10,0.0,0.0,0.0,0.0,0.0,0.0,0.0,0.0,1.0
S0,R0,PZ048,11,0.0,0.0,0.0,0.0,0.0,0.0,0.0,0.0,1.0
S0,R0,PZ048,12,0.0,0.0,0.0,0.0,0.0,0.0,0.0,0.0,1.0
S0,R0,PZ048,13,0.0,0.0,0.0,0.0,0.0,0.0,0.0,0.0,1.0
S0,R0,PZ048,14,0.0,0.0,0.0,0.0,0.0,0.0,0.0,0.0,1.0
S0,R0,PZ048,15,0.0,0.0,0.0,0.0,0.0,0.0,0.0,0.0,1.0
S0,R0,PZ048,16,0.0,0.0,0.0,0.0,0.0,0.0,0.0,0.0,1.0
S0,R0,PZ048,17,0.0,0.0,0.0,0.0,0.0,0.0,0.0,0.0,1.0
S0,R0,PZ048,18,1665.16,0.0,0.0,1665.16,0.0,0.0,0.0,0.0,1.0
S0,R0,PZ048,19,3330.32,0.0,0.0,3330.32,0.0,0.0,0.0,0.0,1.0
S0,R0,PZ048,20,4995.48,0.0,0.0,4995.48,0.0,0.0,0.0,0.0,1.0
S0,R0,PZ048,21,5411.77,0.0,0.0,5411.77,0.0,0.0,0.0,0.0,1.0
S0,R0,PZ048,22,4162.900000000001,0.0,0.0,4162.900000000001,0.0,0.0,0.0,0.0,1.0
S0,R0,PZ048,23,2081.4500000000003,0.0,0.0,2081.4500000000003,0.0,0.0,0.0,0.0,1.0
S0,R0,PZ049,0,3806.65,0.0,0.0,3806.65,0.0,0.0,0.0,0.0,1.0
S0,R0,PZ049,1,3806.65,0.0,0.0,3806.65,0.0,0.0,0.0,0.0,1.0
S0,R0,PZ049,2,3425.9849999999997,0.0,0.0,3425.9849999999997,0.0,0.0,0.0,0.0,1.0
S0,R0,PZ049,3,3045.32,0.0,0.0,3045.32,0.0,0.0,0.0,0.0,1.0
S0,R0,PZ049,4,2664.655,0.0,0.0,2664.655,0.0,0.0,0.0,0.0,1.0
S0,R0,PZ049,5,1522.66,0.0,0.0,1522.66,0.0,0.0,0.0,0.0,1.0
S0,R0,PZ049,6,0.0,0.0,0.0,0.0,0.0,0.0,0.0,0.0,1.0
S0,R0,PZ049,7,0.0,0.0,0.0,0.0,0.0,0.0,0.0,0.0,1.0
S0,R0,PZ049,8,0.0,0.0,0.0,0.0,0.0,0.0,0.0,0.0,1.0
S0,R0,PZ049,9,0.0,0.0,0.0,0.0,0.0,0.0,0.0,0.0,1.0
S0,R0,PZ049,10,0.0,0.0,0.0,0.0,0.0,0.0,0.0,0.0,1.0
S0,R0,PZ049,11,0.0,0.0,0.0,0.0,0.0,0.0,0.0,0.0,1.0
S0,R0,PZ049,12,0.0,0.0,0.0,0.0,0.0,0.0,0.0,0.0,1.0
S0,R0,PZ049,13,0.0,0.0,0.0,0.0,0.0,0.0,0.0,0.0,1.0
S0,R0,PZ049,14,0.0,0.0,0.0,0.0,0.0,0.0,0.0,0.0,1.0
S0,R0,PZ049,15,0.0,0.0,0.0,0.0,0.0,0.0,0.0,0.0,1.0
S0,R0,PZ049,16,0.0,0.0,0.0,0.0,0.0,0.0,0.0,0.0,1.0
S0,R0,PZ049,17,0.0,0.0,0.0,0.0,0.0,0.0,0.0,0.0,1.0
S0,R0,PZ049,18,1522.66,0.0,0.0,1522.66,0.0,0.0,0.0,0.0,1.0
S0,R0,PZ049,19,3045.32,0.0,0.0,3045.32,0.0,0.0,0.0,0.0,1.0
S0,R0,PZ049,20,4567.98,0.0,0.0,4567.98,0.0,0.0,0.0,0.0,1.0
S0,R0,PZ049,21,4948.645,0.0,0.0,4948.645,0.0,0.0,0.0,0.0,1.0
S0,R0,PZ049,22,3806.65,0.0,0.0,3806.65,0.0,0.0,0.0,0.0,1.0
S0,R0,PZ049,23,1903.325,0.0,0.0,1903.325,0.0,0.0,0.0,0.0,1.0
S0,R0,PZ050,0,4665.45,0.0,0.0,4665.45,0.0,0.0,0.0,0.0,1.0
S0,R0,PZ050,1,4665.45,0.0,0.0,4665.45,0.0,0.0,0.0,0.0,1.0
S0,R0,PZ050,2,4198.905,0.0,0.0,4198.905,0.0,0.0,0.0,0.0,1.0
S0,R0,PZ050,3,3732.36,0.0,0.0,3732.36,0.0,0.0,0.0,0.0,1.0
S0,R0,PZ050,4,3265.8150000000005,0.0,0.0,3265.8150000000005,0.0,0.0,0.0,0.0,1.0
S0,R0,PZ050,5,1866.18,0.0,0.0,1866.18,0.0,0.0,0.0,0.0,1.0
S0,R0,PZ050,6,0.0,0.0,0.0,0.0,0.0,0.0,0.0,0.0,1.0
S0,R0,PZ050,7,0.0,0.0,0.0,0.0,0.0,0.0,0.0,0.0,1.0
S0,R0,PZ050,8,0.0,0.0,0.0,0.0,0.0,0.0,0.0,0.0,1.0
S0,R0,PZ050,9,0.0,0.0,0.0,0.0,0.0,0.0,0.0,0.0,1.0
S0,R0,PZ050,10,0.0,0.0,0.0,0.0,0.0,0.0,0.0,0.0,1.0
S0,R0,PZ050,11,0.0,0.0,0.0,0.0,0.0,0.0,0.0,0.0,1.0
S0,R0,PZ050,12,0.0,0.0,0.0,0.0,0.0,0.0,0.0,0.0,1.0
S0,R0,PZ050,13,0.0,0.0,0.0,0.0,0.0,0.0,0.0,0.0,1.0
S0,R0,PZ050,14,0.0,0.0,0.0,0.0,0.0,0.0,0.0,0.0,1.0
S0,R0,PZ050,15,0.0,0.0,0.0,0.0,0.0,0.0,0.0,0.0,1.0
S0,R0,PZ050,16,0.0,0.0,0.0,0.0,0.0,0.0,0.0,0.0,1.0
S0,R0,PZ050,17,0.0,0.0,0.0,0.0,0.0,0.0,0.0,0.0,1.0
S0,R0,PZ050,18,1866.18,0.0,0.0,1866.18,0.0,0.0,0.0,0.0,1.0
S0,R0,PZ050,19,3732.36,0.0,0.0,3732.36,0.0,0.0,0.0,0.0,1.0
S0,R0,PZ050,20,5598.54,0.0,0.0,5598.54,0.0,0.0,0.0,0.0,1.0
S0,R0,PZ050,21,6065.085,0.0,0.0,6065.085,0.0,0.0,0.0,0.0,1.0
S0,R0,PZ050,22,4665.45,0.0,0.0,4665.45,0.0,0.0,0.0,0.0,1.0
S0,R0,PZ050,23,2332.725,0.0,0.0,2332.725,0.0,0.0,0.0,0.0,1.0
S0,R0,PZ052,0,4079.3,0.0,0.0,4079.3,0.0,0.0,0.0,0.0,1.0
S0,R0,PZ052,1,4079.3,0.0,0.0,4079.3,0.0,0.0,0.0,0.0,1.0
S0,R0,PZ052,2,3671.37,0.0,0.0,3671.37,0.0,0.0,0.0,0.0,1.0
S0,R0,PZ052,3,3263.44,0.0,0.0,3263.44,0.0,0.0,0.0,0.0,1.0
S0,R0,PZ052,4,2855.51,0.0,0.0,2855.51,0.0,0.0,0.0,0.0,1.0
S0,R0,PZ052,5,1631.72,0.0,0.0,1631.72,0.0,0.0,0.0,0.0,1.0
S0,R0,PZ052,6,0.0,0.0,0.0,0.0,0.0,0.0,0.0,0.0,1.0
S0,R0,PZ052,7,0.0,0.0,0.0,0.0,0.0,0.0,0.0,0.0,1.0
S0,R0,PZ052,8,0.0,0.0,0.0,0.0,0.0,0.0,0.0,0.0,1.0
S0,R0,PZ052,9,0.0,0.0,0.0,0.0,0.0,0.0,0.0,0.0,1.0
S0,R0,PZ052,10,0.0,0.0,0.0,0.0,0.0,0.0,0.0,0.0,1.0
S0,R0,PZ052,11,0.0,0.0,0.0,0.0,0.0,0.0,0.0,0.0,1.0
S0,R0,PZ052,12,0.0,0.0,0.0,0.0,0.0,0.0,0.0,0.0,1.0
S0,R0,PZ052,13,0.0,0.0,0.0,0.0,0.0,0.0,0.0,0.0,1.0
S0,R0,PZ052,14,0.0,0.0,0.0,0.0,0.0,0.0,0.0,0.0,1.0
S0,R0,PZ052,15,0.0,0.0,0.0,0.0,0.0,0.0,0.0,0.0,1.0
S0,R0,PZ052,16,0.0,0.0,0.0,0.0,0.0,0.0,0.0,0.0,1.0
S0,R0,PZ052,17,0.0,0.0,0.0,0.0,0.0,0.0,0.0,0.0,1.0
S0,R0,PZ052,18,1631.72,0.0,0.0,1631.72,0.0,0.0,0.0,0.0,1.0
S0,R0,PZ052,19,3263.44,0.0,0.0,3263.44,0.0,0.0,0.0,0.0,1.0
S0,R0,PZ052,20,4895.16,0.0,0.0,4895.16,0.0,0.0,0.0,0.0,1.0
S0,R0,PZ052,21,5303.09,0.0,0.0,5303.09,0.0,0.0,0.0,0.0,1.0
S0,R0,PZ052,22,4079.3,0.0,0.0,4079.3,0.0,0.0,0.0,0.0,1.0
S0,R0,PZ052,23,2039.65,0.0,0.0,2039.65,0.0,0.0,0.0,0.0,1.0
S1,R0,PZ001,0,1565.1999999999998,0.0,0.0,1565.1999999999998,0.0,0.0,0.0,0.0,1.0
S1,R0,PZ001,1,1565.1999999999998,0.0,0.0,1565.1999999999998,0.0,0.0,0.0,0.0,1.0
S1,R0,PZ001,2,1565.1999999999998,0.0,0.0,1565.1999999999998,0.0,0.0,0.0,0.0,1.0
S1,R0,PZ001,3,1565.1999999999998,0.0,0.0,1565.1999999999998,0.0,0.0,0.0,0.0,1.0
S1,R0,PZ001,4,1565.1999999999998,0.0,0.0,1565.1999999999998,0.0,0.0,0.0,0.0,1.0
S1,R0,PZ001,5,1565.1999999999998,0.0,0.0,1565.1999999999998,0.0,0.0,0.0,0.0,1.0
S1,R0,PZ001,6,0.0,0.0,0.0,0.0,0.0,0.0,0.0,0.0,1.0
S1,R0,PZ001,7,0.0,0.0,0.0,0.0,0.0,0.0,0.0,0.0,1.0
S1,R0,PZ001,8,0.0,0.0,0.0,0.0,0.0,0.0,0.0,0.0,1.0
S1,R0,PZ001,9,0.0,0.0,0.0,0.0,0.0,0.0,0.0,0.0,1.0
S1,R0,PZ001,10,1565.1999999999998,0.0,0.0,1565.1999999999998,0.0,0.0,0.0,0.0,1.0
S1,R0,PZ001,11,1565.1999999999998,0.0,0.0,1565.1999999999998,0.0,0.0,0.0,0.0,1.0
S1,R0,PZ001,12,1565.199999999998,0.0,0.0,1565.199999999998,0.0,0.0,0.0,0.0,1.0
S1,R0,PZ001,13,1565.2,0.0,0.0,1565.2,0.0,0.0,0.0,0.0,1.0
S1,R0,PZ001,14,1565.1999999999998,0.0,0.0,1565.1999999999998,0.0,0.0,0.0,0.0,1.0
S1,R0,PZ001,15,1565.1999999999996,0.0,0.0,1565.1999999999996,0.0,0.0,0.0,0.0,1.0
S1,R0,PZ001,16,0.0,0.0,0.0,0.0,0.0,0.0,0.0,0.0,1.0
S1,R0,PZ001,17,0.0,0.0,0.0,0.0,0.0,0.0,0.0,0.0,1.0
S1,R0,PZ001,18,0.0,0.0,0.0,0.0,0.0,0.0,0.0,0.0,1.0
S1,R0,PZ001,19,0.0,0.0,0.0,0.0,0.0,0.0,0.0,0.0,1.0
S1,R0,PZ001,20,0.0,0.0,0.0,0.0,0.0,0.0,0.0,0.0,1.0
S1,R0,PZ001,21,1565.1999999999998,0.0,0.0,1565.1999999999998,0.0,0.0,0.0,0.0,1.0
S1,R0,PZ001,22,1565.2,0.0,0.0,1565.2,0.0,0.0,0.0,0.0,1.0
S1,R0,PZ001,23,1565.1999999999998,0.0,0.0,1565.1999999999998,0.0,0.0,0.0,0.0,1.0
S1,R0,PZ006,0,223.6,0.0,0.0,223.6,0.0,0.0,0.0,0.0,1.0
S1,R0,PZ006,1,223.6,0.0,0.0,223.6,0.0,0.0,0.0,0.0,1.0
S1,R0,PZ006,2,223.6,0.0,0.0,223.6,0.0,0.0,0.0,0.0,1.0
S1,R0,PZ006,3,223.6,0.0,0.0,223.6,0.0,0.0,0.0,0.0,1.0
S1,R0,PZ006,4,223.6,0.0,0.0,223.6,0.0,0.0,0.0,0.0,1.0
S1,R0,PZ006,5,223.6,0.0,0.0,223.6,0.0,0.0,0.0,0.0,1.0
S1,R0,PZ006,6,0.0,0.0,0.0,0.0,0.0,0.0,0.0,0.0,1.0
S1,R0,PZ006,7,0.0,0.0,0.0,0.0,0.0,0.0,0.0,0.0,1.0
S1,R0,PZ006,8,0.0,0.0,0.0,0.0,0.0,0.0,0.0,0.0,1.0
S1,R0,PZ006,9,0.0,0.0,0.0,0.0,0.0,0.0,0.0,0.0,1.0
S1,R0,PZ006,10,223.60000000000062,0.0,0.0,223.60000000000062,0.0,0.0,0.0,0.0,1.0
S1,R0,PZ006,11,223.6,0.0,0.0,223.6,0.0,0.0,0.0,0.0,1.0
S1,R0,PZ006,12,223.6,0.0,0.0,223.6,0.0,0.0,0.0,0.0,1.0
S1,R0,PZ006,13,223.6,0.0,0.0,223.6,0.0,0.0,0.0,0.0,1.0
S1,R0,PZ006,14,223.6,0.0,0.0,223.6,0.0,0.0,0.0,0.0,1.0
S1,R0,PZ006,15,223.60000000000016,0.0,0.0,223.60000000000016,0.0,0.0,0.0,0.0,1.0
S1,R0,PZ006,16,0.0,0.0,0.0,0.0,0.0,0.0,0.0,0.0,1.0
S1,R0,PZ006,17,0.0,0.0,0.0,0.0,0.0,0.0,0.0,0.0,1.0
S1,R0,PZ006,18,0.0,0.0,0.0,0.0,0.0,0.0,0.0,0.0,1.0
S1,R0,PZ006,19,0.0,0.0,0.0,0.0,0.0,0.0,0.0,0.0,1.0
S1,R0,PZ006,20,0.0,0.0,0.0,0.0,0.0,0.0,0.0,0.0,1.0
S1,R0,PZ006,21,223.6,0.0,0.0,223.6,0.0,0.0,0.0,0.0,1.0
S1,R0,PZ006,22,223.6,0.0,0.0,223.6,0.0,0.0,0.0,0.0,1.0
S1,R0,PZ006,23,223.6,0.0,0.0,223.6,0.0,0.0,0.0,0.0,1.0
S1,R0,PZ039,0,1733.4375,0.0,0.0,1733.4375,0.0,0.0,0.0,0.0,1.0
S1,R0,PZ039,1,1733.4375,0.0,0.0,1733.4375,0.0,0.0,0.0,0.0,1.0
S1,R0,PZ039,2,1733.4375,0.0,0.0,1733.4375,0.0,0.0,0.0,0.0,1.0
S1,R0,PZ039,3,1733.4375,0.0,0.0,1733.4375,0.0,0.0,0.0,0.0,1.0
S1,R0,PZ039,4,1733.4375,0.0,0.0,1733.4375,0.0,0.0,0.0,0.0,1.0
S1,R0,PZ039,5,1733.4375,0.0,0.0,1733.4375,0.0,0.0,0.0,0.0,1.0
S1,R0,PZ039,6,0.0,0.0,0.0,0.0,0.0,0.0,0.0,0.0,1.0
S1,R0,PZ039,7,0.0,0.0,0.0,0.0,0.0,0.0,0.0,0.0,1.0
S1,R0,PZ039,8,0.0,0.0,0.0,0.0,0.0,0.0,0.0,0.0,1.0
S1,R0,PZ039,9,1733.4375,0.0,0.0,1733.4375,0.0,0.0,0.0,0.0,1.0
S1,R0,PZ039,10,1733.4375,0.0,0.0,1733.4375,0.0,0.0,0.0,0.0,1.0
S1,R0,PZ039,11,1733.4375,0.0,0.0,1733.4375,0.0,0.0,0.0,0.0,1.0
S1,R0,PZ039,12,1733.4375,0.0,0.0,1733.4375,0.0,0.0,0.0,0.0,1.0
S1,R0,PZ039,13,1733.4375,0.0,0.0,1733.4375,0.0,0.0,0.0,0.0,1.0
S1,R0,PZ039,14,1733.4375,0.0,0.0,1733.4375,0.0,0.0,0.0,0.0,1.0
S1,R0,PZ039,15,1733.4374999999998,0.0,0.0,1733.4374999999998,0.0,0.0,0.0,0.0,1.0
S1,R0,PZ039,16,0.0,0.0,0.0,0.0,0.0,0.0,0.0,0.0,1.0
S1,R0,PZ039,17,0.0,0.0,0.0,0.0,0.0,0.0,0.0,0.0,1.0
S1,R0,PZ039,18,0.0,0.0,0.0,0.0,0.0,0.0,0.0,0.0,1.0
S1,R0,PZ039,19,0.0,0.0,0.0,0.0,0.0,0.0,0.0,0.0,1.0
S1,R0,PZ039,20,0.0,0.0,0.0,0.0,0.0,0.0,0.0,0.0,1.0
S1,R0,PZ039,21,1733.4375,0.0,0.0,1733.4375,0.0,0.0,0.0,0.0,1.0
S1,R0,PZ039,22,1733.4375,0.0,0.0,1733.4375,0.0,0.0,0.0,0.0,1.0
S1,R0,PZ039,23,1733.4375,0.0,0.0,1733.4375,0.0,0.0,0.0,0.0,1.0
S1,R0,PZ040,0,1930.3999999999999,0.0,0.0,1930.3999999999999,0.0,0.0,0.0,0.0,1.0
S1,R0,PZ040,1,1930.3999999999999,0.0,0.0,1930.3999999999999,0.0,0.0,0.0,0.0,1.0
S1,R0,PZ040,2,1930.3999999999999,0.0,0.0,1930.3999999999999,0.0,0.0,0.0,0.0,1.0
S1,R0,PZ040,3,1930.3999999999999,0.0,0.0,1930.3999999999999,0.0,0.0,0.0,0.0,1.0
S1,R0,PZ040,4,1930.3999999999999,0.0,0.0,1930.3999999999999,0.0,0.0,0.0,0.0,1.0
S1,R0,PZ040,5,1930.3999999999999,0.0,0.0,1930.3999999999999,0.0,0.0,0.0,0.0,1.0
S1,R0,PZ040,6,0.0,0.0,0.0,0.0,0.0,0.0,0.0,0.0,1.0
S1,R0,PZ040,7,0.0,0.0,0.0,0.0,0.0,0.0,0.0,0.0,1.0
S1,R0,PZ040,8,0.0,0.0,0.0,0.0,0.0,0.0,0.0,0.0,1.0
S1,R0,PZ040,9,0.0,0.0,0.0,0.0,0.0,0.0,0.0,0.0,1.0
S1,R0,PZ040,10,1930.3999999999921,0.0,0.0,1930.3999999999921,0.0,0.0,0.0,0.0,1.0
S1,R0,PZ040,11,1930.3999999999999,0.0,0.0,1930.3999999999999,0.0,0.0,0.0,0.0,1.0
S1,R0,PZ040,12,1930.3999999999999,0.0,0.0,1930.3999999999999,0.0,0.0,0.0,0.0,1.0
S1,R0,PZ040,13,1930.3999999999999,0.0,0.0,1930.3999999999999,0.0,0.0,0.0,0.0,1.0
S1,R0,PZ040,14,1930.3999999999999,0.0,0.0,1930.3999999999999,0.0,0.0,0.0,0.0,1.0
S1,R0,PZ040,15,1930.4000000000012,0.0,0.0,1930.4000000000012,0.0,0.0,0.0,0.0,1.0
S1,R0,PZ040,16,0.0,0.0,0.0,0.0,0.0,0.0,0.0,0.0,1.0
S1,R0,PZ040,17,0.0,0.0,0.0,0.0,0.0,0.0,0.0,0.0,1.0
S1,R0,PZ040,18,0.0,0.0,0.0,0.0,0.0,0.0,0.0,0.0,1.0
S1,R0,PZ040,19,0.0,0.0,0.0,0.0,0.0,0.0,0.0,0.0,1.0
S1,R0,PZ040,20,0.0,0.0,0.0,0.0,0.0,0.0,0.0,0.0,1.0
S1,R0,PZ040,21,1930.4,0.0,0.0,1930.4,0.0,0.0,0.0,0.0,1.0
S1,R0,PZ040,22,1930.3999999999999,0.0,0.0,1930.3999999999999,0.0,0.0,0.0,0.0,1.0
S1,R0,PZ040,23,1930.3999999999999,0.0,0.0,1930.3999999999999,0.0,0.0,0.0,0.0,1.0
S1,R0,PZ041,0,1977.3676470588234,0.0,0.0,1977.3676470588234,0.0,0.0,0.0,0.0,1.0
S1,R0,PZ041,1,1977.3676470588234,0.0,0.0,1977.3676470588234,0.0,0.0,0.0,0.0,1.0
S1,R0,PZ041,2,1977.3676470588234,0.0,0.0,1977.3676470588234,0.0,0.0,0.0,0.0,1.0
S1,R0,PZ041,3,1977.3676470588234,0.0,0.0,1977.3676470588234,0.0,0.0,0.0,0.0,1.0
S1,R0,PZ041,4,1977.3676470588234,0.0,0.0,1977.3676470588234,0.0,0.0,0.0,0.0,1.0
S1,R0,PZ041,5,1977.3676470588234,0.0,0.0,1977.3676470588234,0.0,0.0,0.0,0.0,1.0
S1,R0,PZ041,6,0.0,0.0,0.0,0.0,0.0,0.0,0.0,0.0,1.0
S1,R0,PZ041,7,0.0,0.0,0.0,0.0,0.0,0.0,0.0,0.0,1.0
S1,R0,PZ041,8,0.0,0.0,0.0,0.0,0.0,0.0,0.0,0.0,1.0
S1,R0,PZ041,9,0.0,0.0,0.0,0.0,0.0,0.0,0.0,0.0,1.0
S1,R0,PZ041,10,1977.3676470588234,0.0,0.0,1977.3676470588234,0.0,0.0,0.0,0.0,1.0
S1,R0,PZ041,11,1977.3676470588234,0.0,0.0,1977.3676470588234,0.0,0.0,0.0,0.0,1.0
S1,R0,PZ041,12,1977.3676470588107,0.0,0.0,1977.3676470588107,0.0,0.0,0.0,0.0,1.0
S1,R0,PZ041,13,1977.3676470588234,0.0,0.0,1977.3676470588234,0.0,0.0,0.0,0.0,1.0
S1,R0,PZ041,14,1977.3676470588234,0.0,0.0,1977.3676470588234,0.0,0.0,0.0,0.0,1.0
S1,R0,PZ041,15,1977.3676470588234,0.0,0.0,1977.3676470588234,0.0,0.0,0.0,0.0,1.0
S1,R0,PZ041,16,1977.3676470588234,0.0,0.0,1977.3676470588234,0.0,0.0,0.0,0.0,1.0
S1,R0,PZ041,17,1977.3676470588234,0.0,0.0,1977.3676470588234,0.0,0.0,0.0,0.0,1.0
S1,R0,PZ041,18,0.0,0.0,0.0,0.0,0.0,0.0,0.0,0.0,1.0
S1,R0,PZ041,19,0.0,0.0,0.0,0.0,0.0,0.0,0.0,0.0,1.0
S1,R0,PZ041,20,0.0,0.0,0.0,0.0,0.0,0.0,0.0,0.0,1.0
S1,R0,PZ041,21,1977.3676470588234,0.0,0.0,1977.3676470588234,0.0,0.0,0.0,0.0,1.0
S1,R0,PZ041,22,1977.3676470588234,0.0,0.0,1977.3676470588234,0.0,0.0,0.0,0.0,1.0
S1,R0,PZ041,23,1977.3676470588234,0.0,0.0,1977.3676470588234,0.0,0.0,0.0,0.0,1.0
S1,R0,PZ047,0,2332.5666666666666,0.0,0.0,2332.5666666666666,0.0,0.0,0.0,0.0,1.0
S1,R0,PZ047,1,2332.5666666666666,0.0,0.0,2332.5666666666666,0.0,0.0,0.0,0.0,1.0
S1,R0,PZ047,2,2332.5666666666666,0.0,0.0,2332.5666666666666,0.0,0.0,0.0,0.0,1.0
S1,R0,PZ047,3,2332.5666666666666,0.0,0.0,2332.5666666666666,0.0,0.0,0.0,0.0,1.0
S1,R0,PZ047,4,2332.5666666666666,0.0,0.0,2332.5666666666666,0.0,0.0,0.0,0.0,1.0
S1,R0,PZ047,5,2332.5666666666666,0.0,0.0,2332.5666666666666,0.0,0.0,0.0,0.0,1.0
S1,R0,PZ047,6,0.0,0.0,0.0,0.0,0.0,0.0,0.0,0.0,1.0
S1,R0,PZ047,7,0.0,0.0,0.0,0.0,0.0,0.0,0.0,0.0,1.0
S1,R0,PZ047,8,0.0,0.0,0.0,0.0,0.0,0.0,0.0,0.0,1.0
S1,R0,PZ047,9,0.0,0.0,0.0,0.0,0.0,0.0,0.0,0.0,1.0
S1,R0,PZ047,10,2332.566666666674,0.0,0.0,2332.566666666674,0.0,0.0,0.0,0.0,1.0
S1,R0,PZ047,11,2332.5666666666666,0.0,0.0,2332.5666666666666,0.0,0.0,0.0,0.0,1.0
S1,R0,PZ047,12,2332.5666666666666,0.0,0.0,2332.5666666666666,0.0,0.0,0.0,0.0,1.0
S1,R0,PZ047,13,2332.5666666666666,0.0,0.0,2332.5666666666666,0.0,0.0,0.0,0.0,1.0
S1,R0,PZ047,14,2332.5666666666666,0.0,0.0,2332.5666666666666,0.0,0.0,0.0,0.0,1.0
S1,R0,PZ047,15,2332.5666666666702,0.0,0.0,2332.5666666666702,0.0,0.0,0.0,0.0,1.0
S1,R0,PZ047,16,0.0,0.0,0.0,0.0,0.0,0.0,0.0,0.0,1.0
S1,R0,PZ047,17,0.0,0.0,0.0,0.0,0.0,0.0,0.0,0.0,1.0
S1,R0,PZ047,18,0.0,0.0,0.0,0.0,0.0,0.0,0.0,0.0,1.0
S1,R0,PZ047,19,0.0,0.0,0.0,0.0,0.0,0.0,0.0,0.0,1.0
S1,R0,PZ047,20,0.0,0.0,0.0,0.0,0.0,0.0,0.0,0.0,1.0
S1,R0,PZ047,21,2332.5666666666666,0.0,0.0,2332.5666666666666,0.0,0.0,0.0,0.0,1.0
S1,R0,PZ047,22,2332.5666666666666,0.0,0.0,2332.5666666666666,0.0,0.0,0.0,0.0,1.0
S1,R0,PZ047,23,2332.5666666666666,0.0,0.0,2332.5666666666666,0.0,0.0,0.0,0.0,1.0
S1,R0,PZ048,0,2775.2666666666664,0.0,0.0,2775.2666666666664,0.0,0.0,0.0,0.0,1.0
S1,R0,PZ048,1,2775.2666666666664,0.0,0.0,2775.2666666666664,0.0,0.0,0.0,0.0,1.0
S1,R0,PZ048,2,2775.2666666666664,0.0,0.0,2775.2666666666664,0.0,0.0,0.0,0.0,1.0
S1,R0,PZ048,3,2775.2666666666664,0.0,0.0,2775.2666666666664,0.0,0.0,0.0,0.0,1.0
S1,R0,PZ048,4,2775.2666666666664,0.0,0.0,2775.2666666666664,0.0,0.0,0.0,0.0,1.0
S1,R0,PZ048,5,2775.2666666666664,0.0,0.0,2775.2666666666664,0.0,0.0,0.0,0.0,1.0
S1,R0,PZ048,6,0.0,0.0,0.0,0.0,0.0,0.0,0.0,0.0,1.0
S1,R0,PZ048,7,0.0,0.0,0.0,0.0,0.0,0.0,0.0,0.0,1.0
S1,R0,PZ048,8,0.0,0.0,0.0,0.0,0.0,0.0,0.0,0.0,1.0
S1,R0,PZ048,9,0.0,0.0,0.0,0.0,0.0,0.0,0.0,0.0,1.0
S1,R0,PZ048,10,2775.2666666666664,0.0,0.0,2775.2666666666664,0.0,0.0,0.0,0.0,1.0
S1,R0,PZ048,11,2775.2666666666664,0.0,0.0,2775.2666666666664,0.0,0.0,0.0,0.0,1.0
S1,R0,PZ048,12,2775.2666666666664,0.0,0.0,2775.2666666666664,0.0,0.0,0.0,0.0,1.0
S1,R0,PZ048,13,2775.2666666666664,0.0,0.0,2775.2666666666664,0.0,0.0,0.0,0.0,1.0
S1,R0,PZ048,14,2775.2666666666664,0.0,0.0,2775.2666666666664,0.0,0.0,0.0,0.0,1.0
S1,R0,PZ048,15,2775.2666666666664,0.0,0.0,2775.2666666666664,0.0,0.0,0.0,0.0,1.0
S1,R0,PZ048,16,0.0,0.0,0.0,0.0,0.0,0.0,0.0,0.0,1.0
S1,R0,PZ048,17,0.0,0.0,0.0,0.0,0.0,0.0,0.0,0.0,1.0
S1,R0,PZ048,18,0.0,0.0,0.0,0.0,0.0,0.0,0.0,0.0,1.0
S1,R0,PZ048,19,0.0,0.0,0.0,0.0,0.0,0.0,0.0,0.0,1.0
S1,R0,PZ048,20,0.0,0.0,0.0,0.0,0.0,0.0,0.0,0.0,1.0
S1,R0,PZ048,21,2775.266666666667,0.0,0.0,2775.266666666667,0.0,0.0,0.0,0.0,1.0
S1,R0,PZ048,22,2775.266666666667,0.0,0.0,2775.266666666667,0.0,0.0,0.0,0.0,1.0
S1,R0,PZ048,23,2775.2666666666664,0.0,0.0,2775.2666666666664,0.0,0.0,0.0,0.0,1.0
S1,R0,PZ049,0,2537.7666666666632,0.0,0.0,2537.7666666666632,0.0,0.0,0.0,0.0,1.0
S1,R0,PZ049,1,2537.766666666666,0.0,0.0,2537.766666666666,0.0,0.0,0.0,0.0,1.0
S1,R0,PZ049,2,2537.766666666666,0.0,0.0,2537.766666666666,0.0,0.0,0.0,0.0,1.0
S1,R0,PZ049,3,2537.766666666666,0.0,0.0,2537.766666666666,0.0,0.0,0.0,0.0,1.0
S1,R0,PZ049,4,2537.766666666666,0.0,0.0,2537.766666666666,0.0,0.0,0.0,0.0,1.0
S1,R0,PZ049,5,2537.766666666666,0.0,0.0,2537.766666666666,0.0,0.0,0.0,0.0,1.0
S1,R0,PZ049,6,0.0,0.0,0.0,0.0,0.0,0.0,0.0,0.0,1.0
S1,R0,PZ049,7,0.0,0.0,0.0,0.0,0.0,0.0,0.0,0.0,1.0
S1,R0,PZ049,8,0.0,0.0,0.0,0.0,0.0,0.0,0.0,0.0,1.0
S1,R0,PZ049,9,0.0,0.0,0.0,0.0,0.0,0.0,0.0,0.0,1.0
S1,R0,PZ049,10,2537.766666666666,0.0,0.0,2537.766666666666,0.0,0.0,0.0,0.0,1.0
S1,R0,PZ049,11,2537.766666666666,0.0,0.0,2537.766666666666,0.0,0.0,0.0,0.0,1.0
S1,R0,PZ049,12,2537.766666666667,0.0,0.0,2537.766666666667,0.0,0.0,0.0,0.0,1.0
S1,R0,PZ049,13,2537.766666666666,0.0,0.0,2537.766666666666,0.0,0.0,0.0,0.0,1.0
S1,R0,PZ049,14,2537.766666666667,0.0,0.0,2537.766666666667,0.0,0.0,0.0,0.0,1.0
S1,R0,PZ049,15,2537.766666666667,0.0,0.0,2537.766666666667,0.0,0.0,0.0,0.0,1.0
S1,R0,PZ049,16,0.0,0.0,0.0,0.0,0.0,0.0,0.0,0.0,1.0
S1,R0,PZ049,17,0.0,0.0,0.0,0.0,0.0,0.0,0.0,0.0,1.0
S1,R0,PZ049,18,0.0,0.0,0.0,0.0,0.0,0.0,0.0,0.0,1.0
S1,R0,PZ049,19,0.0,0.0,0.0,0.0,0.0,0.0,0.0,0.0,1.0
S1,R0,PZ049,20,0.0,0.0,0.0,0.0,0.0,0.0,0.0,0.0,1.0
S1,R0,PZ049,21,2537.7666666666664,0.0,0.0,2537.7666666666664,0.0,0.0,0.0,0.0,1.0
S1,R0,PZ049,22,2537.766666666667,0.0,0.0,2537.766666666667,0.0,0.0,0.0,0.0,1.0
S1,R0,PZ049,23,2537.766666666666,0.0,0.0,2537.766666666666,0.0,0.0,0.0,0.0,1.0
S1,R0,PZ050,0,3110.2999999999997,0.0,0.0,3110.2999999999997,0.0,0.0,0.0,0.0,1.0
S1,R0,PZ050,1,3110.2999999999997,0.0,0.0,3110.2999999999997,0.0,0.0,0.0,0.0,1.0
S1,R0,PZ050,2,3110.2999999999997,0.0,0.0,3110.2999999999997,0.0,0.0,0.0,0.0,1.0
S1,R0,PZ050,3,3110.2999999999997,0.0,0.0,3110.2999999999997,0.0,0.0,0.0,0.0,1.0
S1,R0,PZ050,4,3110.2999999999997,0.0,0.0,3110.2999999999997,0.0,0.0,0.0,0.0,1.0
S1,R0,PZ050,5,3110.2999999999997,0.0,0.0,3110.2999999999997,0.0,0.0,0.0,0.0,1.0
S1,R0,PZ050,6,0.0,0.0,0.0,0.0,0.0,0.0,0.0,0.0,1.0
S1,R0,PZ050,7,0.0,0.0,0.0,0.0,0.0,0.0,0.0,0.0,1.0
S1,R0,PZ050,8,0.0,0.0,0.0,0.0,0.0,0.0,0.0,0.0,1.0
S1,R0,PZ050,9,0.0,0.0,0.0,0.0,0.0,0.0,0.0,0.0,1.0
S1,R0,PZ050,10,3110.2999999999915,0.0,0.0,3110.2999999999915,0.0,0.0,0.0,0.0,1.0
S1,R0,PZ050,11,3110.2999999999997,0.0,0.0,3110.2999999999997,0.0,0.0,0.0,0.0,1.0
S1,R0,PZ050,12,3110.2999999999997,0.0,0.0,3110.2999999999997,0.0,0.0,0.0,0.0,1.0
S1,R0,PZ050,13,3110.2999999999997,0.0,0.0,3110.2999999999997,0.0,0.0,0.0,0.0,1.0
S1,R0,PZ050,14,3110.2999999999997,0.0,0.0,3110.2999999999997,0.0,0.0,0.0,0.0,1.0
S1,R0,PZ050,15,3110.3000000000025,0.0,0.0,3110.3000000000025,0.0,0.0,0.0,0.0,1.0
S1,R0,PZ050,16,0.0,0.0,0.0,0.0,0.0,0.0,0.0,0.0,1.0
S1,R0,PZ050,17,0.0,0.0,0.0,0.0,0.0,0.0,0.0,0.0,1.0
S1,R0,PZ050,18,0.0,0.0,0.0,0.0,0.0,0.0,0.0,0.0,1.0
S1,R0,PZ050,19,0.0,0.0,0.0,0.0,0.0,0.0,0.0,0.0,1.0
S1,R0,PZ050,20,0.0,0.0,0.0,0.0,0.0,0.0,0.0,0.0,1.0
S1,R0,PZ050,21,3110.2999999999997,0.0,0.0,3110.2999999999997,0.0,0.0,0.0,0.0,1.0
S1,R0,PZ050,22,3110.2999999999997,0.0,0.0,3110.2999999999997,0.0,0.0,0.0,0.0,1.0
S1,R0,PZ050,23,3110.2999999999997,0.0,0.0,3110.2999999999997,0.0,0.0,0.0,0.0,1.0
S1,R0,PZ052,0,2719.5333333333333,0.0,0.0,2719.5333333333333,0.0,0.0,0.0,0.0,1.0
S1,R0,PZ052,1,2719.5333333333333,0.0,0.0,2719.5333333333333,0.0,0.0,0.0,0.0,1.0
S1,R0,PZ052,2,2719.5333333333333,0.0,0.0,2719.5333333333333,0.0,0.0,0.0,0.0,1.0
S1,R0,PZ052,3,2719.5333333333333,0.0,0.0,2719.5333333333333,0.0,0.0,0.0,0.0,1.0
S1,R0,PZ052,4,2719.5333333333333,0.0,0.0,2719.5333333333333,0.0,0.0,0.0,0.0,1.0
S1,R0,PZ052,5,2719.533333333336,0.0,0.0,2719.533333333336,0.0,0.0,0.0,0.0,1.0
S1,R0,PZ052,6,0.0,0.0,0.0,0.0,0.0,0.0,0.0,0.0,1.0
S1,R0,PZ052,7,0.0,0.0,0.0,0.0,0.0,0.0,0.0,0.0,1.0
S1,R0,PZ052,8,0.0,0.0,0.0,0.0,0.0,0.0,0.0,0.0,1.0
S1,R0,PZ052,9,0.0,0.0,0.0,0.0,0.0,0.0,0.0,0.0,1.0
S1,R0,PZ052,10,2719.5333333333333,0.0,0.0,2719.5333333333333,0.0,0.0,0.0,0.0,1.0
S1,R0,PZ052,11,2719.5333333333333,0.0,0.0,2719.5333333333333,0.0,0.0,0.0,0.0,1.0
S1,R0,PZ052,12,2719.5333333333333,0.0,0.0,2719.5333333333333,0.0,0.0,0.0,0.0,1.0
S1,R0,PZ052,13,2719.5333333333333,0.0,0.0,2719.5333333333333,0.0,0.0,0.0,0.0,1.0
S1,R0,PZ052,14,2719.533333333336,0.0,0.0,2719.533333333336,0.0,0.0,0.0,0.0,1.0
S1,R0,PZ052,15,2719.5333333333333,0.0,0.0,2719.5333333333333,0.0,0.0,0.0,0.0,1.0
S1,R0,PZ052,16,0.0,0.0,0.0,0.0,0.0,0.0,0.0,0.0,1.0
S1,R0,PZ052,17,0.0,0.0,0.0,0.0,0.0,0.0,0.0,0.0,1.0
S1,R0,PZ052,18,0.0,0.0,0.0,0.0,0.0,0.0,0.0,0.0,1.0
S1,R0,PZ052,19,0.0,0.0,0.0,0.0,0.0,0.0,0.0,0.0,1.0
S1,R0,PZ052,20,0.0,0.0,0.0,0.0,0.0,0.0,0.0,0.0,1.0
S1,R0,PZ052,21,2719.5333333333333,0.0,0.0,2719.5333333333333,0.0,0.0,0.0,0.0,1.0
S1,R0,PZ052,22,2719.5333333333333,0.0,0.0,2719.5333333333333,0.0,0.0,0.0,0.0,1.0
S1,R0,PZ052,23,2719.5333333333333,0.0,0.0,2719.5333333333333,0.0,0.0,0.0,0.0,1.0
S2,R1,PZ001,0,1563.404275640142,0.0,0.0,1563.404275640142,0.0,0.0,0.0,0.0,1.0
S2,R1,PZ001,1,1563.404275640142,0.0,0.0,1563.404275640142,0.0,0.0,0.0,0.0,1.0
S2,R1,PZ001,2,1563.404275640142,0.0,0.0,1563.404275640142,0.0,0.0,0.0,0.0,1.0
S2,R1,PZ001,3,1563.404275640142,0.0,0.0,1563.404275640142,0.0,0.0,0.0,0.0,1.0
S2,R1,PZ001,4,1563.404275640142,0.0,0.0,1563.404275640142,0.0,0.0,0.0,0.0,1.0
S2,R1,PZ001,5,1563.404275640142,0.0,0.0,1563.404275640142,0.0,0.0,0.0,0.0,1.0
S2,R1,PZ001,6,0.0,0.0,0.0,0.0,0.0,0.0,0.0,0.0,1.0
S2,R1,PZ001,7,0.0,0.0,0.0,0.0,0.0,0.0,0.0,0.0,1.0
S2,R1,PZ001,8,0.0,0.0,0.0,0.0,0.0,0.0,0.0,0.0,1.0
S2,R1,PZ001,9,0.0,0.0,0.0,0.0,0.0,0.0,0.0,0.0,1.0
S2,R1,PZ001,10,1563.404275640142,0.0,0.0,1563.404275640142,0.0,0.0,0.0,0.0,1.0
S2,R1,PZ001,11,1563.404275640143,0.2545606079443605,0.0,1563.6588362480873,0.0,0.0,0.0,0.0,1.0
S2,R1,PZ001,12,1563.4042756401425,1.447820763643798,0.0,1564.8520964037864,0.0,0.0,0.0,0.0,1.0
S2,R1,PZ001,13,1563.4042756401427,2.947391435744328,0.0,1566.351667075887,0.0,0.0,0.0,0.0,1.0
S2,R1,PZ001,14,1563.4042756401427,4.078782514500169,0.0,1567.4830581546428,0.0,0.0,0.0,0.0,1.0
S2,R1,PZ001,15,1563.4042756401423,4.771493413405088,0.0,1568.1757690535474,0.0,0.0,0.0,0.0,1.0
S2,R1,PZ001,16,0.0,0.0,5.192124838783437,0.0,0.0,0.0,0.0,0.0,1.0
S2,R1,PZ001,17,0.0,0.0,5.214044098007184,0.0,0.0,0.0,0.0,0.0,1.0
S2,R1,PZ001,18,0.0,4.873127315641155,0.0,4.873127315641155,0.0,0.0,0.0,0.0,1.0
S2,R1,PZ001,19,0.0,4.013912204226468,0.0,4.013912204226468,0.0,0.0,0.0,0.0,1.0
S2,R1,PZ001,20,0.0,2.8724369704536246,0.0,2.8724369704536246,0.0,0.0,0.0,0.0,1.0
S2,R1,PZ001,21,1563.404275640142,1.4521177710554238,0.0,1564.8563934111974,0.0,0.0,0.0,0.0,1.0
S2,R1,PZ001,22,1563.4042756401423,0.22422240124667603,0.0,1563.6284980413889,0.0,0.0,0.0,0.0,1.0
S2,R1,PZ001,23,1563.4042756401427,0.0,0.0,1563.4042756401427,0.0,0.0,0.0,0.0,1.0
S2,R1,PZ006,0,214.15626510279694,0.0,0.0,214.15626510279694,0.0,0.0,0.0,0.0,1.0
S2,R1,PZ006,1,214.15626510279694,0.0,0.0,214.15626510279694,0.0,0.0,0.0,0.0,1.0
S2,R1,PZ006,2,214.15626510279694,0.0,0.0,214.15626510279694,0.0,0.0,0.0,0.0,1.0
S2,R1,PZ006,3,214.15626510279694,0.0,0.0,214.15626510279694,0.0,0.0,0.0,0.0,1.0
S2,R1,PZ006,4,214.15626510279694,0.0,0.0,214.15626510279694,0.0,0.0,0.0,0.0,1.0
S2,R1,PZ006,5,214.15626510279694,0.0,0.0,214.15626510279694,0.0,0.0,0.0,0.0,1.0
S2,R1,PZ006,6,0.0,0.0,0.0,0.0,0.0,0.0,0.0,0.0,1.0
S2,R1,PZ006,7,0.0,0.0,0.0,0.0,0.0,0.0,0.0,0.0,1.0
S2,R1,PZ006,8,0.0,0.0,0.0,0.0,0.0,0.0,0.0,0.0,1.0
S2,R1,PZ006,9,0.0,0.0,0.0,0.0,0.0,0.0,0.0,0.0,1.0
S2,R1,PZ006,10,214.15626510279665,0.0,0.0,214.15626510279665,0.0,0.0,0.0,0.0,1.0
S2,R1,PZ006,11,214.15626510279694,1.3387371416447649,0.0,215.4950022444417,0.0,0.0,0.0,0.0,1.0
S2,R1,PZ006,12,214.15626510279694,7.614105915232903,0.0,221.77037101802983,0.0,0.0,0.0,0.0,1.0
S2,R1,PZ006,13,214.15626510279694,15.500365189491747,0.0,229.6566302922887,0.0,0.0,0.0,0.0,1.0
S2,R1,PZ006,14,214.15626510279694,21.450363781524636,0.0,235.60662888432157,0.0,0.0,0.0,0.0,1.0
S2,R1,PZ006,15,214.1562651027971,25.093338302503316,0.0,239.24960340530043,0.0,0.0,0.0,0.0,1.0
S2,R1,PZ006,16,0.0,0.0,27.305443767855028,0.0,0.0,0.0,0.0,0.0,1.0
S2,R1,PZ006,17,0.0,0.0,27.42071740220533,0.0,0.0,0.0,0.0,0.0,1.0
S2,R1,PZ006,18,0.0,25.627832153977206,0.0,25.627832153977206,0.0,0.0,0.0,0.0,1.0
S2,R1,PZ006,19,0.0,21.10921007964314,0.0,21.10921007964314,0.0,0.0,0.0,0.0,1.0
S2,R1,PZ006,20,0.0,15.106178801318444,0.0,15.106178801318444,0.0,0.0,0.0,0.0,1.0
S2,R1,PZ006,21,214.15626510279697,7.636703926238296,0.0,221.79296902903525,0.0,0.0,0.0,0.0,1.0
S2,R1,PZ006,22,214.15626510279694,1.1791881664711852,0.0,215.33545326926813,0.0,0.0,0.0,0.0,1.0
S2,R1,PZ006,23,214.15626510279694,0.0,0.0,214.15626510279694,0.0,0.0,0.0,0.0,1.0
S2,R1,PZ039,0,1714.9916319172532,0.0,0.0,1714.9916319172532,0.0,0.0,0.0,0.0,1.0
S2,R1,PZ039,1,1714.9916319172532,0.0,0.0,1714.9916319172532,0.0,0.0,0.0,0.0,1.0
S2,R1,PZ039,2,1714.9916319172532,0.0,0.0,1714.9916319172532,0.0,0.0,0.0,0.0,1.0
S2,R1,PZ039,3,1714.9916319172532,0.0,0.0,1714.9916319172532,0.0,0.0,0.0,0.0,1.0
S2,R1,PZ039,4,1714.9916319172532,0.0,0.0,1714.9916319172532,0.0,0.0,0.0,0.0,1.0
S2,R1,PZ039,5,1714.9916319172592,0.0,0.0,1714.9916319172592,0.0,0.0,0.0,0.0,1.0
S2,R1,PZ039,6,0.0,0.0,0.0,0.0,0.0,0.0,0.0,0.0,1.0
S2,R1,PZ039,7,0.0,0.0,0.0,0.0,0.0,0.0,0.0,0.0,1.0
S2,R1,PZ039,8,0.0,0.0,0.0,0.0,0.0,0.0,0.0,0.0,1.0
S2,R1,PZ039,9,1714.9916319172532,0.0,0.0,1714.9916319172532,0.0,0.0,0.0,0.0,1.0
S2,R1,PZ039,10,1714.9916319172532,0.0,0.0,1714.9916319172532,0.0,0.0,0.0,0.0,1.0
S2,R1,PZ039,11,1714.9916319172532,2.789198014675848,0.0,1717.780829931929,0.0,0.0,0.0,0.0,1.0
S2,R1,PZ039,12,1714.9916319172532,15.863643759227655,0.0,1730.855275676481,0.0,0.0,0.0,0.0,1.0
S2,R1,PZ039,13,1714.9916319172532,32.29430667783256,0.0,1747.2859385950858,0.0,0.0,0.0,0.0,1.0
S2,R1,PZ039,14,1714.9916319172532,44.690858430951785,0.0,1759.682490348205,0.0,0.0,0.0,0.0,1.0
S2,R1,PZ039,15,1714.991631917253,52.28083034205056,0.0,1767.2724622593037,0.0,0.0,0.0,0.0,1.0
S2,R1,PZ039,16,0.0,0.0,56.88965158132099,0.0,0.0,0.0,0.0,0.0,1.0
S2,R1,PZ039,17,0.0,0.0,57.12981896151283,0.0,0.0,0.0,0.0,0.0,1.0
S2,R1,PZ039,18,0.0,53.394423999096496,0.0,53.394423999096496,0.0,0.0,0.0,0.0,1.0
S2,R1,PZ039,19,0.0,43.980080191977905,0.0,43.980080191977905,0.0,0.0,0.0,0.0,1.0
S2,R1,PZ039,20,0.0,31.47303724628872,0.0,31.47303724628872,0.0,0.0,0.0,0.0,1.0
S2,R1,PZ039,21,1714.9916319172528,15.910725688510968,0.0,1730.9023576057637,0.0,0.0,0.0,0.0,1.0
S2,R1,PZ039,22,1714.9916319172519,2.4567849733442437,0.0,1717.448416890596,0.0,0.0,0.0,0.0,1.0
S2,R1,PZ039,23,1714.9916319172532,0.0,0.0,1714.9916319172532,0.0,0.0,0.0,0.0,1.0
S2,R1,PZ040,0,1909.6203339514009,0.0,0.0,1909.6203339514009,0.0,0.0,0.0,0.0,1.0
S2,R1,PZ040,1,1909.6203339514009,0.0,0.0,1909.6203339514009,0.0,0.0,0.0,0.0,1.0
S2,R1,PZ040,2,1909.6203339514009,0.0,0.0,1909.6203339514009,0.0,0.0,0.0,0.0,1.0
S2,R1,PZ040,3,1909.6203339514009,0.0,0.0,1909.6203339514009,0.0,0.0,0.0,0.0,1.0
S2,R1,PZ040,4,1909.6203339514009,0.0,0.0,1909.6203339514009,0.0,0.0,0.0,0.0,1.0
S2,R1,PZ040,5,1909.6203339514009,0.0,0.0,1909.6203339514009,0.0,0.0,0.0,0.0,1.0
S2,R1,PZ040,6,0.0,0.0,0.0,0.0,0.0,0.0,0.0,0.0,1.0
S2,R1,PZ040,7,0.0,0.0,0.0,0.0,0.0,0.0,0.0,0.0,1.0
S2,R1,PZ040,8,0.0,0.0,0.0,0.0,0.0,0.0,0.0,0.0,1.0
S2,R1,PZ040,9,0.0,0.0,0.0,0.0,0.0,0.0,0.0,0.0,1.0
S2,R1,PZ040,10,1909.6203339514077,0.0,0.0,1909.6203339514077,0.0,0.0,0.0,0.0,1.0
S2,R1,PZ040,11,1909.6203339514009,2.9457106783539118,0.0,1912.5660446297547,0.0,0.0,0.0,0.0,1.0
S2,R1,PZ040,12,1909.6203339514009,16.75381402585362,0.0,1926.3741479772546,0.0,0.0,0.0,0.0,1.0
S2,R1,PZ040,13,1909.6203339514009,34.10646484415452,0.0,1943.7267987955554,0.0,0.0,0.0,0.0,1.0
S2,R1,PZ040,14,1909.6203339514009,47.198634952476525,0.0,1956.8189689038775,0.0,0.0,0.0,0.0,1.0
S2,R1,PZ040,15,1909.6203339513986,55.21450947600987,0.0,1964.8348434274085,0.0,0.0,0.0,0.0,1.0
S2,R1,PZ040,16,0.0,0.0,60.081949459728996,0.0,0.0,0.0,0.0,0.0,1.0
S2,R1,PZ040,17,0.0,0.0,60.33559355839139,0.0,0.0,0.0,0.0,0.0,1.0
S2,R1,PZ040,18,0.0,56.390591170334694,0.0,56.390591170334694,0.0,0.0,0.0,0.0,1.0
S2,R1,PZ040,19,0.0,46.44797220373287,0.0,46.44797220373287,0.0,0.0,0.0,0.0,1.0
S2,R1,PZ040,20,0.0,33.23911081565774,0.0,33.23911081565774,0.0,0.0,0.0,0.0,1.0
S2,R1,PZ040,21,1909.6203339514007,16.80353790387075,0.0,1926.4238718552715,0.0,0.0,0.0,0.0,1.0
S2,R1,PZ040,22,1909.6203339514009,2.5946446585437677,0.0,1912.2149786099446,0.0,0.0,0.0,0.0,1.0
S2,R1,PZ040,23,1909.6203339514009,0.0,0.0,1909.6203339514009,0.0,0.0,0.0,0.0,1.0
S2,R1,PZ041,0,1973.3902584084208,0.0,0.0,1973.3902584084208,0.0,0.0,0.0,0.0,1.0
S2,R1,PZ041,1,1973.3902584084208,0.0,0.0,1973.3902584084208,0.0,0.0,0.0,0.0,1.0
S2,R1,PZ041,2,1973.3902584084208,0.0,0.0,1973.3902584084208,0.0,0.0,0.0,0.0,1.0
S2,R1,PZ041,3,1973.3902584084208,0.0,0.0,1973.3902584084208,0.0,0.0,0.0,0.0,1.0
S2,R1,PZ041,4,1973.3902584084208,0.0,0.0,1973.3902584084208,0.0,0.0,0.0,0.0,1.0
S2,R1,PZ041,5,1973.3902584084208,0.0,0.0,1973.3902584084208,0.0,0.0,0.0,0.0,1.0
S2,R1,PZ041,6,0.0,0.0,0.0,0.0,0.0,0.0,0.0,0.0,1.0
S2,R1,PZ041,7,0.0,0.0,0.0,0.0,0.0,0.0,0.0,0.0,1.0
S2,R1,PZ041,8,0.0,0.0,0.0,0.0,0.0,0.0,0.0,0.0,1.0
S2,R1,PZ041,9,0.0,0.0,0.0,0.0,0.0,0.0,0.0,0.0,1.0
S2,R1,PZ041,10,1973.3902584084208,0.0,0.0,1973.3902584084208,0.0,0.0,0.0,0.0,1.0
S2,R1,PZ041,11,1973.3902584084208,0.4609355206698448,0.0,1973.8511939290906,0.0,0.0,0.0,0.0,1.0
S2,R1,PZ041,12,1973.3902584084208,2.6215840027873836,0.0,1976.0118424112081,0.0,0.0,0.0,0.0,1.0
S2,R1,PZ041,13,1973.3902584084208,5.336872099038961,0.0,1978.7271305074598,0.0,0.0,0.0,0.0,1.0
S2,R1,PZ041,14,1973.3902584084208,7.385493604851538,0.0,1980.7757520132723,0.0,0.0,0.0,0.0,1.0
S2,R1,PZ041,15,1973.3902584084208,8.639792380450801,0.0,1982.0300507888717,0.0,0.0,0.0,0.0,1.0
S2,R1,PZ041,16,1973.3902584084208,9.401434044620796,0.0,1982.7916924530416,0.0,0.0,0.0,0.0,1.0
S2,R1,PZ041,17,1973.3902584084208,9.441123473572832,0.0,1982.8313818819936,0.0,0.0,0.0,0.0,1.0
S2,R1,PZ041,18,0.0,8.823821936410727,0.0,8.823821936410727,0.0,0.0,0.0,0.0,1.0
S2,R1,PZ041,19,0.0,7.268032264373604,0.0,7.268032264373604,0.0,0.0,0.0,0.0,1.0
S2,R1,PZ041,20,0.0,5.201151274971588,0.0,5.201151274971588,0.0,0.0,0.0,0.0,1.0
S2,R1,PZ041,21,1973.3902584084208,2.6293646384662264,0.0,1976.019623046887,0.0,0.0,0.0,0.0,1.0
S2,R1,PZ041,22,1973.3902584084208,0.406001816616769,0.0,1973.7962602250375,0.0,0.0,0.0,0.0,1.0
S2,R1,PZ041,23,1973.3902584084208,0.0,0.0,1973.3902584084208,0.0,0.0,0.0,0.0,1.0
S2,R1,PZ047,0,2332.5666666666666,0.0,0.0,2332.5666666666666,0.0,0.0,0.0,0.0,1.0
S2,R1,PZ047,1,2332.5666666666666,0.0,0.0,2332.5666666666666,0.0,0.0,0.0,0.0,1.0
S2,R1,PZ047,2,2332.5666666666666,0.0,0.0,2332.5666666666666,0.0,0.0,0.0,0.0,1.0
S2,R1,PZ047,3,2332.5666666666666,0.0,0.0,2332.5666666666666,0.0,0.0,0.0,0.0,1.0
S2,R1,PZ047,4,2332.5666666666666,0.0,0.0,2332.5666666666666,0.0,0.0,0.0,0.0,1.0
S2,R1,PZ047,5,2332.5666666666666,0.0,0.0,2332.5666666666666,0.0,0.0,0.0,0.0,1.0
S2,R1,PZ047,6,0.0,0.0,0.0,0.0,0.0,0.0,0.0,0.0,1.0
S2,R1,PZ047,7,0.0,0.0,0.0,0.0,0.0,0.0,0.0,0.0,1.0
S2,R1,PZ047,8,0.0,0.0,0.0,0.0,0.0,0.0,0.0,0.0,1.0
S2,R1,PZ047,9,0.0,0.0,0.0,0.0,0.0,0.0,0.0,0.0,1.0
S2,R1,PZ047,10,2332.566666666674,0.0,0.0,2332.566666666674,0.0,0.0,0.0,0.0,1.0
S2,R1,PZ047,11,2332.5666666666666,0.0,0.0,2332.5666666666666,0.0,0.0,0.0,0.0,1.0
S2,R1,PZ047,12,2332.5666666666666,0.0,0.0,2332.5666666666666,0.0,0.0,0.0,0.0,1.0
S2,R1,PZ047,13,2332.5666666666666,0.0,0.0,2332.5666666666666,0.0,0.0,0.0,0.0,1.0
S2,R1,PZ047,14,2332.5666666666666,0.0,0.0,2332.5666666666666,0.0,0.0,0.0,0.0,1.0
S2,R1,PZ047,15,2332.5666666666702,0.0,0.0,2332.5666666666702,0.0,0.0,0.0,0.0,1.0
S2,R1,PZ047,16,0.0,0.0,0.0,0.0,0.0,0.0,0.0,0.0,1.0
S2,R1,PZ047,17,0.0,0.0,0.0,0.0,0.0,0.0,0.0,0.0,1.0
S2,R1,PZ047,18,0.0,0.0,0.0,0.0,0.0,0.0,0.0,0.0,1.0
S2,R1,PZ047,19,0.0,0.0,0.0,0.0,0.0,0.0,0.0,0.0,1.0
S2,R1,PZ047,20,0.0,0.0,0.0,0.0,0.0,0.0,0.0,0.0,1.0
S2,R1,PZ047,21,2332.5666666666666,0.0,0.0,2332.5666666666666,0.0,0.0,0.0,0.0,1.0
S2,R1,PZ047,22,2332.5666666666666,0.0,0.0,2332.5666666666666,0.0,0.0,0.0,0.0,1.0
S2,R1,PZ047,23,2332.5666666666666,0.0,0.0,2332.5666666666666,0.0,0.0,0.0,0.0,1.0
S2,R1,PZ048,0,2775.2666666666664,0.0,0.0,2775.2666666666664,0.0,0.0,0.0,0.0,1.0
S2,R1,PZ048,1,2775.2666666666664,0.0,0.0,2775.2666666666664,0.0,0.0,0.0,0.0,1.0
S2,R1,PZ048,2,2775.2666666666664,0.0,0.0,2775.2666666666664,0.0,0.0,0.0,0.0,1.0
S2,R1,PZ048,3,2775.2666666666664,0.0,0.0,2775.2666666666664,0.0,0.0,0.0,0.0,1.0
S2,R1,PZ048,4,2775.2666666666664,0.0,0.0,2775.2666666666664,0.0,0.0,0.0,0.0,1.0
S2,R1,PZ048,5,2775.2666666666664,0.0,0.0,2775.2666666666664,0.0,0.0,0.0,0.0,1.0
S2,R1,PZ048,6,0.0,0.0,0.0,0.0,0.0,0.0,0.0,0.0,1.0
S2,R1,PZ048,7,0.0,0.0,0.0,0.0,0.0,0.0,0.0,0.0,1.0
S2,R1,PZ048,8,0.0,0.0,0.0,0.0,0.0,0.0,0.0,0.0,1.0
S2,R1,PZ048,9,0.0,0.0,0.0,0.0,0.0,0.0,0.0,0.0,1.0
S2,R1,PZ048,10,2775.2666666666664,0.0,0.0,2775.2666666666664,0.0,0.0,0.0,0.0,1.0
S2,R1,PZ048,11,2775.2666666666664,0.0,0.0,2775.2666666666664,0.0,0.0,0.0,0.0,1.0
S2,R1,PZ048,12,2775.2666666666664,0.0,0.0,2775.2666666666664,0.0,0.0,0.0,0.0,1.0
S2,R1,PZ048,13,2775.2666666666664,0.0,0.0,2775.2666666666664,0.0,0.0,0.0,0.0,1.0
S2,R1,PZ048,14,2775.2666666666664,0.0,0.0,2775.2666666666664,0.0,0.0,0.0,0.0,1.0
S2,R1,PZ048,15,2775.2666666666664,0.0,0.0,2775.2666666666664,0.0,0.0,0.0,0.0,1.0
S2,R1,PZ048,16,0.0,0.0,0.0,0.0,0.0,0.0,0.0,0.0,1.0
S2,R1,PZ048,17,0.0,0.0,0.0,0.0,0.0,0.0,0.0,0.0,1.0
S2,R1,PZ048,18,0.0,0.0,0.0,0.0,0.0,0.0,0.0,0.0,1.0
S2,R1,PZ048,19,0.0,0.0,0.0,0.0,0.0,0.0,0.0,0.0,1.0
S2,R1,PZ048,20,0.0,0.0,0.0,0.0,0.0,0.0,0.0,0.0,1.0
S2,R1,PZ048,21,2775.266666666667,0.0,0.0,2775.266666666667,0.0,0.0,0.0,0.0,1.0
S2,R1,PZ048,22,2775.266666666667,0.0,0.0,2775.266666666667,0.0,0.0,0.0,0.0,1.0
S2,R1,PZ048,23,2775.2666666666664,0.0,0.0,2775.2666666666664,0.0,0.0,0.0,0.0,1.0
S2,R1,PZ049,0,2537.7666666666632,0.0,0.0,2537.7666666666632,0.0,0.0,0.0,0.0,1.0
S2,R1,PZ049,1,2537.766666666666,0.0,0.0,2537.766666666666,0.0,0.0,0.0,0.0,1.0
S2,R1,PZ049,2,2537.766666666666,0.0,0.0,2537.766666666666,0.0,0.0,0.0,0.0,1.0
S2,R1,PZ049,3,2537.766666666666,0.0,0.0,2537.766666666666,0.0,0.0,0.0,0.0,1.0
S2,R1,PZ049,4,2537.766666666666,0.0,0.0,2537.766666666666,0.0,0.0,0.0,0.0,1.0
S2,R1,PZ049,5,2537.766666666666,0.0,0.0,2537.766666666666,0.0,0.0,0.0,0.0,1.0
S2,R1,PZ049,6,0.0,0.0,0.0,0.0,0.0,0.0,0.0,0.0,1.0
S2,R1,PZ049,7,0.0,0.0,0.0,0.0,0.0,0.0,0.0,0.0,1.0
S2,R1,PZ049,8,0.0,0.0,0.0,0.0,0.0,0.0,0.0,0.0,1.0
S2,R1,PZ049,9,0.0,0.0,0.0,0.0,0.0,0.0,0.0,0.0,1.0
S2,R1,PZ049,10,2537.766666666666,0.0,0.0,2537.766666666666,0.0,0.0,0.0,0.0,1.0
S2,R1,PZ049,11,2537.766666666666,0.0,0.0,2537.766666666666,0.0,0.0,0.0,0.0,1.0
S2,R1,PZ049,12,2537.766666666667,0.0,0.0,2537.766666666667,0.0,0.0,0.0,0.0,1.0
S2,R1,PZ049,13,2537.766666666666,0.0,0.0,2537.766666666666,0.0,0.0,0.0,0.0,1.0
S2,R1,PZ049,14,2537.766666666667,0.0,0.0,2537.766666666667,0.0,0.0,0.0,0.0,1.0
S2,R1,PZ049,15,2537.766666666667,0.0,0.0,2537.766666666667,0.0,0.0,0.0,0.0,1.0
S2,R1,PZ049,16,0.0,0.0,0.0,0.0,0.0,0.0,0.0,0.0,1.0
S2,R1,PZ049,17,0.0,0.0,0.0,0.0,0.0,0.0,0.0,0.0,1.0
S2,R1,PZ049,18,0.0,0.0,0.0,0.0,0.0,0.0,0.0,0.0,1.0
S2,R1,PZ049,19,0.0,0.0,0.0,0.0,0.0,0.0,0.0,0.0,1.0
S2,R1,PZ049,20,0.0,0.0,0.0,0.0,0.0,0.0,0.0,0.0,1.0
S2,R1,PZ049,21,2537.7666666666664,0.0,0.0,2537.7666666666664,0.0,0.0,0.0,0.0,1.0
S2,R1,PZ049,22,2537.766666666667,0.0,0.0,2537.766666666667,0.0,0.0,0.0,0.0,1.0
S2,R1,PZ049,23,2537.766666666666,0.0,0.0,2537.766666666666,0.0,0.0,0.0,0.0,1.0
S2,R1,PZ050,0,3063.1046511328714,0.0,0.0,3063.1046511328714,0.0,0.0,0.0,0.0,1.0
S2,R1,PZ050,1,3063.1046511328714,0.0,0.0,3063.1046511328714,0.0,0.0,0.0,0.0,1.0
S2,R1,PZ050,2,3063.1046511328714,0.0,0.0,3063.1046511328714,0.0,0.0,0.0,0.0,1.0
S2,R1,PZ050,3,3063.1046511328714,0.0,0.0,3063.1046511328714,0.0,0.0,0.0,0.0,1.0
S2,R1,PZ050,4,3063.1046511328714,0.0,0.0,3063.1046511328714,0.0,0.0,0.0,0.0,1.0
S2,R1,PZ050,5,3063.1046511328677,0.0,0.0,3063.1046511328677,0.0,0.0,0.0,0.0,1.0
S2,R1,PZ050,6,0.0,0.0,0.0,0.0,0.0,0.0,0.0,0.0,1.0
S2,R1,PZ050,7,0.0,0.0,0.0,0.0,0.0,0.0,0.0,0.0,1.0
S2,R1,PZ050,8,0.0,0.0,0.0,0.0,0.0,0.0,0.0,0.0,1.0
S2,R1,PZ050,9,0.0,0.0,0.0,0.0,0.0,0.0,0.0,0.0,1.0
S2,R1,PZ050,10,3063.1046511328714,0.0,0.0,3063.1046511328714,0.0,0.0,0.0,0.0,1.0
S2,R1,PZ050,11,3063.1046511328714,6.6903790850821245,0.0,3069.7950302179534,0.0,0.0,0.0,0.0,1.0
S2,R1,PZ050,12,3063.1046511328714,38.05172306214509,0.0,3101.1563741950163,0.0,0.0,0.0,0.0,1.0
S2,R1,PZ050,13,3063.1046511328714,77.46354071233229,0.0,3140.5681918452037,0.0,0.0,0.0,0.0,1.0
S2,R1,PZ050,14,3063.1046511328714,107.19883743196866,0.0,3170.30348856484,0.0,0.0,0.0,0.0,1.0
S2,R1,PZ050,15,3063.104651132871,125.40471204653147,0.0,3188.5093631794025,0.0,0.0,0.0,0.0,1.0
S2,R1,PZ050,16,0.0,0.0,136.45977556796478,0.0,0.0,0.0,0.0,0.0,1.0
S2,R1,PZ050,17,0.0,0.0,137.03585901879902,0.0,0.0,0.0,0.0,0.0,1.0
S2,R1,PZ050,18,0.0,128.07586112708398,0.0,128.07586112708398,0.0,0.0,0.0,0.0,1.0
S2,R1,PZ050,19,0.0,105.49391155752693,0.0,105.49391155752693,0.0,0.0,0.0,0.0,1.0
S2,R1,PZ050,20,0.0,75.49358239488498,0.0,75.49358239488498,0.0,0.0,0.0,0.0,1.0
S2,R1,PZ050,21,3063.104651132871,38.16465730105713,0.0,3101.269308433928,0.0,0.0,0.0,0.0,1.0
S2,R1,PZ050,22,3063.1046511328705,5.89302828831843,0.0,3068.997679421189,0.0,0.0,0.0,0.0,1.0
S2,R1,PZ050,23,3063.1046511328714,0.0,0.0,3063.1046511328714,0.0,0.0,0.0,0.0,1.0
S2,R1,PZ052,0,2699.037217063198,0.0,0.0,2699.037217063198,0.0,0.0,0.0,0.0,1.0
S2,R1,PZ052,1,2699.037217063198,0.0,0.0,2699.037217063198,0.0,0.0,0.0,0.0,1.0
S2,R1,PZ052,2,2699.037217063198,0.0,0.0,2699.037217063198,0.0,0.0,0.0,0.0,1.0
S2,R1,PZ052,3,2699.037217063198,0.0,0.0,2699.037217063198,0.0,0.0,0.0,0.0,1.0
S2,R1,PZ052,4,2699.037217063198,0.0,0.0,2699.037217063198,0.0,0.0,0.0,0.0,1.0
S2,R1,PZ052,5,2699.037217063207,0.0,0.0,2699.037217063207,0.0,0.0,0.0,0.0,1.0
S2,R1,PZ052,6,0.0,0.0,0.0,0.0,0.0,0.0,0.0,0.0,1.0
S2,R1,PZ052,7,0.0,0.0,0.0,0.0,0.0,0.0,0.0,0.0,1.0
S2,R1,PZ052,8,0.0,0.0,0.0,0.0,0.0,0.0,0.0,0.0,1.0
S2,R1,PZ052,9,0.0,0.0,0.0,0.0,0.0,0.0,0.0,0.0,1.0
S2,R1,PZ052,10,2699.037217063198,0.0,0.0,2699.037217063198,0.0,0.0,0.0,0.0,1.0
S2,R1,PZ052,11,2699.037217063198,2.9055148634494863,0.0,2701.9427319266474,0.0,0.0,0.0,0.0,1.0
S2,R1,PZ052,12,2699.037217063198,16.525199174953634,0.0,2715.562416238152,0.0,0.0,0.0,0.0,1.0
S2,R1,PZ052,13,2699.037217063198,33.64106369054021,0.0,2732.6782807537384,0.0,0.0,0.0,0.0,1.0
S2,R1,PZ052,14,2699.037217063198,46.55458405900879,0.0,2745.591801122207,0.0,0.0,0.0,0.0,1.0
S2,R1,PZ052,15,2699.0372170631977,54.46107764061436,0.0,2753.498294703812,0.0,0.0,0.0,0.0,1.0
S2,R1,PZ052,16,0.0,0.0,59.26209877400929,0.0,0.0,0.0,0.0,0.0,1.0
S2,R1,PZ052,17,0.0,0.0,59.512281761804154,0.0,0.0,0.0,0.0,0.0,1.0
S2,R1,PZ052,18,0.0,55.6211110643317,0.0,55.6211110643317,0.0,0.0,0.0,0.0,1.0
S2,R1,PZ052,19,0.0,45.81416450934299,0.0,45.81416450934299,0.0,0.0,0.0,0.0,1.0
S2,R1,PZ052,20,0.0,32.7855451767266,0.0,32.7855451767266,0.0,0.0,0.0,0.0,1.0
S2,R1,PZ052,21,2699.037217063198,16.57424454377032,0.0,2715.6114616069685,0.0,0.0,0.0,0.0,1.0
S2,R1,PZ052,22,2699.037217063198,2.55923932929539,0.0,2701.5964563924936,0.0,0.0,0.0,0.0,1.0
S2,R1,PZ052,23,2699.037217063198,0.0,0.0,2699.037217063198,0.0,0.0,0.0,0.0,1.0
S2,R2,PZ001,0,1562.326841024229,0.0,0.0,1562.326841024229,0.0,0.0,0.0,0.0,1.0
S2,R2,PZ001,1,1562.326841024229,0.0,0.0,1562.326841024229,0.0,0.0,0.0,0.0,1.0
S2,R2,PZ001,2,1562.326841024229,0.0,0.0,1562.326841024229,0.0,0.0,0.0,0.0,1.0
S2,R2,PZ001,3,1562.326841024229,0.0,0.0,1562.326841024229,0.0,0.0,0.0,0.0,1.0
S2,R2,PZ001,4,1562.326841024229,0.0,0.0,1562.326841024229,0.0,0.0,0.0,0.0,1.0
S2,R2,PZ001,5,1562.326841024229,0.0,0.0,1562.326841024229,0.0,0.0,0.0,0.0,1.0
S2,R2,PZ001,6,0.0,0.0,0.0,0.0,0.0,0.0,0.0,0.0,1.0
S2,R2,PZ001,7,0.0,0.0,0.0,0.0,0.0,0.0,0.0,0.0,1.0
S2,R2,PZ001,8,0.0,0.0,0.0,0.0,0.0,0.0,0.0,0.0,1.0
S2,R2,PZ001,9,0.0,0.0,0.0,0.0,0.0,0.0,0.0,0.0,1.0
S2,R2,PZ001,10,1562.326841024229,0.0,0.0,1562.326841024229,0.0,0.0,0.0,0.0,1.0
S2,R2,PZ001,11,1562.3268410242285,0.4072969727109768,0.0,1562.7341379969396,0.0,0.0,0.0,0.0,1.0
S2,R2,PZ001,12,1562.326841024229,2.3165132218300775,0.0,1564.643354246059,0.0,0.0,0.0,0.0,1.0
S2,R2,PZ001,13,1562.3268410242285,4.715826297190925,0.0,1567.0426673214195,0.0,0.0,0.0,0.0,1.0
S2,R2,PZ001,14,1562.3268410242285,6.526052023200271,0.0,1568.8528930474288,0.0,0.0,0.0,0.0,1.0
S2,R2,PZ001,15,1562.3268410242283,7.6343894614481425,0.0,1569.9612304856764,0.0,0.0,0.0,0.0,1.0
S2,R2,PZ001,16,0.0,0.0,8.3073997420535,0.0,0.0,0.0,0.0,0.0,1.0
S2,R2,PZ001,17,0.0,0.0,8.342470556811495,0.0,0.0,0.0,0.0,0.0,1.0
S2,R2,PZ001,18,0.0,7.797003705025849,0.0,7.797003705025849,0.0,0.0,0.0,0.0,1.0
S2,R2,PZ001,19,0.0,6.42225952676235,0.0,6.42225952676235,0.0,0.0,0.0,0.0,1.0
S2,R2,PZ001,20,0.0,4.5958991527258,0.0,4.5958991527258,0.0,0.0,0.0,0.0,1.0
S2,R2,PZ001,21,1562.326841024229,2.3233884336886783,0.0,1564.6502294579177,0.0,0.0,0.0,0.0,1.0
S2,R2,PZ001,22,1562.3268410242279,0.3587558419946817,0.0,1562.6855968662226,0.0,0.0,0.0,0.0,1.0
S2,R2,PZ001,23,1562.3268410242283,0.0,0.0,1562.3268410242283,0.0,0.0,0.0,0.0,1.0
S2,R2,PZ006,0,208.4900241644751,0.0,0.0,208.4900241644751,0.0,0.0,0.0,0.0,1.0
S2,R2,PZ006,1,208.4900241644751,0.0,0.0,208.4900241644751,0.0,0.0,0.0,0.0,1.0
S2,R2,PZ006,2,208.4900241644751,0.0,0.0,208.4900241644751,0.0,0.0,0.0,0.0,1.0
S2,R2,PZ006,3,208.4900241644751,0.0,0.0,208.4900241644751,0.0,0.0,0.0,0.0,1.0
S2,R2,PZ006,4,208.4900241644751,0.0,0.0,208.4900241644751,0.0,0.0,0.0,0.0,1.0
S2,R2,PZ006,5,208.4900241644751,0.0,0.0,208.4900241644751,0.0,0.0,0.0,0.0,1.0
S2,R2,PZ006,6,0.0,0.0,0.0,0.0,0.0,0.0,0.0,0.0,1.0
S2,R2,PZ006,7,0.0,0.0,0.0,0.0,0.0,0.0,0.0,0.0,1.0
S2,R2,PZ006,8,0.0,0.0,0.0,0.0,0.0,0.0,0.0,0.0,1.0
S2,R2,PZ006,9,0.0,0.0,0.0,0.0,0.0,0.0,0.0,0.0,1.0
S2,R2,PZ006,10,208.49002416447573,0.0,0.0,208.49002416447573,0.0,0.0,0.0,0.0,1.0
S2,R2,PZ006,11,208.4900241644751,2.141979426631624,0.0,210.63200359110672,0.0,0.0,0.0,0.0,1.0
S2,R2,PZ006,12,208.4900241644751,12.182569464372646,0.0,220.67259362884775,0.0,0.0,0.0,0.0,1.0
S2,R2,PZ006,13,208.4900241644751,24.800584303186795,0.0,233.2906084676619,0.0,0.0,0.0,0.0,1.0
S2,R2,PZ006,14,208.4900241644751,34.32058205043942,0.0,242.81060621491451,0.0,0.0,0.0,0.0,1.0
S2,R2,PZ006,15,208.49002416447527,40.14934128400531,0.0,248.6393654484806,0.0,0.0,0.0,0.0,1.0
S2,R2,PZ006,16,0.0,0.0,43.688710028568046,0.0,0.0,0.0,0.0,0.0,1.0
S2,R2,PZ006,17,0.0,0.0,43.87314784352853,0.0,0.0,0.0,0.0,0.0,1.0
S2,R2,PZ006,18,0.0,41.00453144636353,0.0,41.00453144636353,0.0,0.0,0.0,0.0,1.0
S2,R2,PZ006,19,0.0,33.77473612742903,0.0,33.77473612742903,0.0,0.0,0.0,0.0,1.0
S2,R2,PZ006,20,0.0,24.16988608210951,0.0,24.16988608210951,0.0,0.0,0.0,0.0,1.0
S2,R2,PZ006,21,208.4900241644751,12.218726281981274,0.0,220.70875044645638,0.0,0.0,0.0,0.0,1.0
S2,R2,PZ006,22,208.4900241644751,1.8867010663538966,0.0,210.376725230829,0.0,0.0,0.0,0.0,1.0
S2,R2,PZ006,23,208.4900241644751,0.0,0.0,208.4900241644751,0.0,0.0,0.0,0.0,1.0
S2,R2,PZ039,0,1703.9241110676044,0.0,0.0,1703.9241110676044,0.0,0.0,0.0,0.0,1.0
S2,R2,PZ039,1,1703.9241110676044,0.0,0.0,1703.9241110676044,0.0,0.0,0.0,0.0,1.0
S2,R2,PZ039,2,1703.9241110676044,0.0,0.0,1703.9241110676044,0.0,0.0,0.0,0.0,1.0
S2,R2,PZ039,3,1703.9241110676044,0.0,0.0,1703.9241110676044,0.0,0.0,0.0,0.0,1.0
S2,R2,PZ039,4,1703.9241110676044,0.0,0.0,1703.9241110676044,0.0,0.0,0.0,0.0,1.0
S2,R2,PZ039,5,1703.924111067602,0.0,0.0,1703.924111067602,0.0,0.0,0.0,0.0,1.0
S2,R2,PZ039,6,0.0,0.0,0.0,0.0,0.0,0.0,0.0,0.0,1.0
S2,R2,PZ039,7,0.0,0.0,0.0,0.0,0.0,0.0,0.0,0.0,1.0
S2,R2,PZ039,8,0.0,0.0,0.0,0.0,0.0,0.0,0.0,0.0,1.0
S2,R2,PZ039,9,1703.9241110676044,0.0,0.0,1703.9241110676044,0.0,0.0,0.0,0.0,1.0
S2,R2,PZ039,10,1703.9241110676044,0.0,0.0,1703.9241110676044,0.0,0.0,0.0,0.0,1.0
S2,R2,PZ039,11,1703.9241110676044,4.462716823481356,0.0,1708.3868278910857,0.0,0.0,0.0,0.0,1.0
S2,R2,PZ039,12,1703.9241110676044,25.381830014764247,0.0,1729.3059410823687,0.0,0.0,0.0,0.0,1.0
S2,R2,PZ039,13,1703.9241110676044,51.67089068453209,0.0,1755.5950017521366,0.0,0.0,0.0,0.0,1.0
S2,R2,PZ039,14,1703.9241110676044,71.50537348952285,0.0,1775.4294845571271,0.0,0.0,0.0,0.0,1.0
S2,R2,PZ039,15,1703.9241110676044,83.64932854728089,0.0,1787.5734396148853,0.0,0.0,0.0,0.0,1.0
S2,R2,PZ039,16,0.0,0.0,91.02344253011358,0.0,0.0,0.0,0.0,0.0,1.0
S2,R2,PZ039,17,0.0,0.0,91.40771033842053,0.0,0.0,0.0,0.0,0.0,1.0
S2,R2,PZ039,18,0.0,85.43107839855439,0.0,85.43107839855439,0.0,0.0,0.0,0.0,1.0
S2,R2,PZ039,19,0.0,70.36812830716465,0.0,70.36812830716465,0.0,0.0,0.0,0.0,1.0
S2,R2,PZ039,20,0.0,50.356859594061945,0.0,50.356859594061945,0.0,0.0,0.0,0.0,1.0
S2,R2,PZ039,21,1703.9241110676044,25.457161101617547,0.0,1729.381272169222,0.0,0.0,0.0,0.0,1.0
S2,R2,PZ039,22,1703.924111067602,3.93085595735079,0.0,1707.8549670249529,0.0,0.0,0.0,0.0,1.0
S2,R2,PZ039,23,1703.9241110676044,0.0,0.0,1703.9241110676044,0.0,0.0,0.0,0.0,1.0
S2,R2,PZ040,0,1897.1525343222415,0.0,0.0,1897.1525343222415,0.0,0.0,0.0,0.0,1.0
S2,R2,PZ040,1,1897.1525343222415,0.0,0.0,1897.1525343222415,0.0,0.0,0.0,0.0,1.0
S2,R2,PZ040,2,1897.1525343222415,0.0,0.0,1897.1525343222415,0.0,0.0,0.0,0.0,1.0
S2,R2,PZ040,3,1897.1525343222415,0.0,0.0,1897.1525343222415,0.0,0.0,0.0,0.0,1.0
S2,R2,PZ040,4,1897.1525343222415,0.0,0.0,1897.1525343222415,0.0,0.0,0.0,0.0,1.0
S2,R2,PZ040,5,1897.1525343222415,0.0,0.0,1897.1525343222415,0.0,0.0,0.0,0.0,1.0
S2,R2,PZ040,6,0.0,0.0,0.0,0.0,0.0,0.0,0.0,0.0,1.0
S2,R2,PZ040,7,0.0,0.0,0.0,0.0,0.0,0.0,0.0,0.0,1.0
S2,R2,PZ040,8,0.0,0.0,0.0,0.0,0.0,0.0,0.0,0.0,1.0
S2,R2,PZ040,9,0.0,0.0,0.0,0.0,0.0,0.0,0.0,0.0,1.0
S2,R2,PZ040,10,1897.1525343222393,0.0,0.0,1897.1525343222393,0.0,0.0,0.0,0.0,1.0
S2,R2,PZ040,11,1897.1525343222415,4.7131370853662595,0.0,1901.8656714076078,0.0,0.0,0.0,0.0,1.0
S2,R2,PZ040,12,1897.1525343222415,26.806102441365795,0.0,1923.9586367636073,0.0,0.0,0.0,0.0,1.0
S2,R2,PZ040,13,1897.1525343222415,54.57034375064725,0.0,1951.7228780728888,0.0,0.0,0.0,0.0,1.0
S2,R2,PZ040,14,1897.1525343222415,75.51781592396244,0.0,1972.670350246204,0.0,0.0,0.0,0.0,1.0
S2,R2,PZ040,15,1897.1525343222393,88.3432151616158,0.0,1985.495749483855,0.0,0.0,0.0,0.0,1.0
S2,R2,PZ040,16,0.0,0.0,96.13111913556641,0.0,0.0,0.0,0.0,0.0,1.0
S2,R2,PZ040,17,0.0,0.0,96.53694969342622,0.0,0.0,0.0,0.0,0.0,1.0
S2,R2,PZ040,18,0.0,90.22494587253551,0.0,90.22494587253551,0.0,0.0,0.0,0.0,1.0
S2,R2,PZ040,19,0.0,74.3167555259726,0.0,74.3167555259726,0.0,0.0,0.0,0.0,1.0
S2,R2,PZ040,20,0.0,53.18257730505239,0.0,53.18257730505239,0.0,0.0,0.0,0.0,1.0
S2,R2,PZ040,21,1897.1525343222415,26.8856606461932,0.0,1924.0381949684347,0.0,0.0,0.0,0.0,1.0
S2,R2,PZ040,22,1897.1525343222415,4.151431453670028,0.0,1901.3039657759116,0.0,0.0,0.0,0.0,1.0
S2,R2,PZ040,23,1897.1525343222415,0.0,0.0,1897.1525343222415,0.0,0.0,0.0,0.0,1.0
S2,R2,PZ041,0,1971.003825218181,0.0,0.0,1971.003825218181,0.0,0.0,0.0,0.0,1.0
S2,R2,PZ041,1,1971.003825218181,0.0,0.0,1971.003825218181,0.0,0.0,0.0,0.0,1.0
S2,R2,PZ041,2,1971.003825218181,0.0,0.0,1971.003825218181,0.0,0.0,0.0,0.0,1.0
S2,R2,PZ041,3,1971.003825218181,0.0,0.0,1971.003825218181,0.0,0.0,0.0,0.0,1.0
S2,R2,PZ041,4,1971.003825218181,0.0,0.0,1971.003825218181,0.0,0.0,0.0,0.0,1.0
S2,R2,PZ041,5,1971.003825218181,0.0,0.0,1971.003825218181,0.0,0.0,0.0,0.0,1.0
S2,R2,PZ041,6,0.0,0.0,0.0,0.0,0.0,0.0,0.0,0.0,1.0
S2,R2,PZ041,7,0.0,0.0,0.0,0.0,0.0,0.0,0.0,0.0,1.0
S2,R2,PZ041,8,0.0,0.0,0.0,0.0,0.0,0.0,0.0,0.0,1.0
S2,R2,PZ041,9,0.0,0.0,0.0,0.0,0.0,0.0,0.0,0.0,1.0
S2,R2,PZ041,10,1971.003825218181,0.0,0.0,1971.003825218181,0.0,0.0,0.0,0.0,1.0
S2,R2,PZ041,11,1971.003825218181,0.7374968330717517,0.0,1971.7413220512526,0.0,0.0,0.0,0.0,1.0
S2,R2,PZ041,12,1971.003825218186,4.194534404459814,0.0,1975.1983596226457,0.0,0.0,0.0,0.0,1.0
S2,R2,PZ041,13,1971.003825218181,8.538995358462339,0.0,1979.5428205766434,0.0,0.0,0.0,0.0,1.0
S2,R2,PZ041,14,1971.003825218181,11.816789767762463,0.0,1982.8206149859434,0.0,0.0,0.0,0.0,1.0
S2,R2,PZ041,15,1971.003825218181,13.823667808721284,0.0,1984.8274930269022,0.0,0.0,0.0,0.0,1.0
S2,R2,PZ041,16,1971.003825218181,15.042294471393275,0.0,1986.0461196895742,0.0,0.0,0.0,0.0,1.0
S2,R2,PZ041,17,1971.0038252181823,15.105797557716532,0.0,1986.109622775899,0.0,0.0,0.0,0.0,1.0
S2,R2,PZ041,18,0.0,14.118115098257165,0.0,14.118115098257165,0.0,0.0,0.0,0.0,1.0
S2,R2,PZ041,19,0.0,11.628851622997768,0.0,11.628851622997768,0.0,0.0,0.0,0.0,1.0
S2,R2,PZ041,20,0.0,8.321842039954541,0.0,8.321842039954541,0.0,0.0,0.0,0.0,1.0
S2,R2,PZ041,21,1971.003825218181,4.206983421545963,0.0,1975.210808639727,0.0,0.0,0.0,0.0,1.0
S2,R2,PZ041,22,1971.003825218181,0.6496029065868305,0.0,1971.6534281247677,0.0,0.0,0.0,0.0,1.0
S2,R2,PZ041,23,1971.003825218181,0.0,0.0,1971.003825218181,0.0,0.0,0.0,0.0,1.0
S2,R2,PZ047,0,2332.5666666666666,0.0,0.0,2332.5666666666666,0.0,0.0,0.0,0.0,1.0
S2,R2,PZ047,1,2332.5666666666666,0.0,0.0,2332.5666666666666,0.0,0.0,0.0,0.0,1.0
S2,R2,PZ047,2,2332.5666666666666,0.0,0.0,2332.5666666666666,0.0,0.0,0.0,0.0,1.0
S2,R2,PZ047,3,2332.5666666666666,0.0,0.0,2332.5666666666666,0.0,0.0,0.0,0.0,1.0
S2,R2,PZ047,4,2332.5666666666666,0.0,0.0,2332.5666666666666,0.0,0.0,0.0,0.0,1.0
S2,R2,PZ047,5,2332.5666666666666,0.0,0.0,2332.5666666666666,0.0,0.0,0.0,0.0,1.0
S2,R2,PZ047,6,0.0,0.0,0.0,0.0,0.0,0.0,0.0,0.0,1.0
S2,R2,PZ047,7,0.0,0.0,0.0,0.0,0.0,0.0,0.0,0.0,1.0
S2,R2,PZ047,8,0.0,0.0,0.0,0.0,0.0,0.0,0.0,0.0,1.0
S2,R2,PZ047,9,0.0,0.0,0.0,0.0,0.0,0.0,0.0,0.0,1.0
S2,R2,PZ047,10,2332.566666666674,0.0,0.0,2332.566666666674,0.0,0.0,0.0,0.0,1.0
S2,R2,PZ047,11,2332.5666666666666,0.0,0.0,2332.5666666666666,0.0,0.0,0.0,0.0,1.0
S2,R2,PZ047,12,2332.5666666666666,0.0,0.0,2332.5666666666666,0.0,0.0,0.0,0.0,1.0
S2,R2,PZ047,13,2332.5666666666666,0.0,0.0,2332.5666666666666,0.0,0.0,0.0,0.0,1.0
S2,R2,PZ047,14,2332.5666666666666,0.0,0.0,2332.5666666666666,0.0,0.0,0.0,0.0,1.0
S2,R2,PZ047,15,2332.5666666666702,0.0,0.0,2332.5666666666702,0.0,0.0,0.0,0.0,1.0
S2,R2,PZ047,16,0.0,0.0,0.0,0.0,0.0,0.0,0.0,0.0,1.0
S2,R2,PZ047,17,0.0,0.0,0.0,0.0,0.0,0.0,0.0,0.0,1.0
S2,R2,PZ047,18,0.0,0.0,0.0,0.0,0.0,0.0,0.0,0.0,1.0
S2,R2,PZ047,19,0.0,0.0,0.0,0.0,0.0,0.0,0.0,0.0,1.0
S2,R2,PZ047,20,0.0,0.0,0.0,0.0,0.0,0.0,0.0,0.0,1.0
S2,R2,PZ047,21,2332.5666666666666,0.0,0.0,2332.5666666666666,0.0,0.0,0.0,0.0,1.0
S2,R2,PZ047,22,2332.5666666666666,0.0,0.0,2332.5666666666666,0.0,0.0,0.0,0.0,1.0
S2,R2,PZ047,23,2332.5666666666666,0.0,0.0,2332.5666666666666,0.0,0.0,0.0,0.0,1.0
S2,R2,PZ048,0,2775.2666666666664,0.0,0.0,2775.2666666666664,0.0,0.0,0.0,0.0,1.0
S2,R2,PZ048,1,2775.2666666666664,0.0,0.0,2775.2666666666664,0.0,0.0,0.0,0.0,1.0
S2,R2,PZ048,2,2775.2666666666664,0.0,0.0,2775.2666666666664,0.0,0.0,0.0,0.0,1.0
S2,R2,PZ048,3,2775.2666666666664,0.0,0.0,2775.2666666666664,0.0,0.0,0.0,0.0,1.0
S2,R2,PZ048,4,2775.2666666666664,0.0,0.0,2775.2666666666664,0.0,0.0,0.0,0.0,1.0
S2,R2,PZ048,5,2775.2666666666664,0.0,0.0,2775.2666666666664,0.0,0.0,0.0,0.0,1.0
S2,R2,PZ048,6,0.0,0.0,0.0,0.0,0.0,0.0,0.0,0.0,1.0
S2,R2,PZ048,7,0.0,0.0,0.0,0.0,0.0,0.0,0.0,0.0,1.0
S2,R2,PZ048,8,0.0,0.0,0.0,0.0,0.0,0.0,0.0,0.0,1.0
S2,R2,PZ048,9,0.0,0.0,0.0,0.0,0.0,0.0,0.0,0.0,1.0
S2,R2,PZ048,10,2775.2666666666664,0.0,0.0,2775.2666666666664,0.0,0.0,0.0,0.0,1.0
S2,R2,PZ048,11,2775.2666666666664,0.0,0.0,2775.2666666666664,0.0,0.0,0.0,0.0,1.0
S2,R2,PZ048,12,2775.2666666666664,0.0,0.0,2775.2666666666664,0.0,0.0,0.0,0.0,1.0
S2,R2,PZ048,13,2775.2666666666664,0.0,0.0,2775.2666666666664,0.0,0.0,0.0,0.0,1.0
S2,R2,PZ048,14,2775.2666666666664,0.0,0.0,2775.2666666666664,0.0,0.0,0.0,0.0,1.0
S2,R2,PZ048,15,2775.2666666666664,0.0,0.0,2775.2666666666664,0.0,0.0,0.0,0.0,1.0
S2,R2,PZ048,16,0.0,0.0,0.0,0.0,0.0,0.0,0.0,0.0,1.0
S2,R2,PZ048,17,0.0,0.0,0.0,0.0,0.0,0.0,0.0,0.0,1.0
S2,R2,PZ048,18,0.0,0.0,0.0,0.0,0.0,0.0,0.0,0.0,1.0
S2,R2,PZ048,19,0.0,0.0,0.0,0.0,0.0,0.0,0.0,0.0,1.0
S2,R2,PZ048,20,0.0,0.0,0.0,0.0,0.0,0.0,0.0,0.0,1.0
S2,R2,PZ048,21,2775.266666666667,0.0,0.0,2775.266666666667,0.0,0.0,0.0,0.0,1.0
S2,R2,PZ048,22,2775.266666666667,0.0,0.0,2775.266666666667,0.0,0.0,0.0,0.0,1.0
S2,R2,PZ048,23,2775.2666666666664,0.0,0.0,2775.2666666666664,0.0,0.0,0.0,0.0,1.0
S2,R2,PZ049,0,2537.7666666666632,0.0,0.0,2537.7666666666632,0.0,0.0,0.0,0.0,1.0
S2,R2,PZ049,1,2537.766666666666,0.0,0.0,2537.766666666666,0.0,0.0,0.0,0.0,1.0
S2,R2,PZ049,2,2537.766666666666,0.0,0.0,2537.766666666666,0.0,0.0,0.0,0.0,1.0
S2,R2,PZ049,3,2537.766666666666,0.0,0.0,2537.766666666666,0.0,0.0,0.0,0.0,1.0
S2,R2,PZ049,4,2537.766666666666,0.0,0.0,2537.766666666666,0.0,0.0,0.0,0.0,1.0
S2,R2,PZ049,5,2537.766666666666,0.0,0.0,2537.766666666666,0.0,0.0,0.0,0.0,1.0
S2,R2,PZ049,6,0.0,0.0,0.0,0.0,0.0,0.0,0.0,0.0,1.0
S2,R2,PZ049,7,0.0,0.0,0.0,0.0,0.0,0.0,0.0,0.0,1.0
S2,R2,PZ049,8,0.0,0.0,0.0,0.0,0.0,0.0,0.0,0.0,1.0
S2,R2,PZ049,9,0.0,0.0,0.0,0.0,0.0,0.0,0.0,0.0,1.0
S2,R2,PZ049,10,2537.766666666666,0.0,0.0,2537.766666666666,0.0,0.0,0.0,0.0,1.0
S2,R2,PZ049,11,2537.766666666666,0.0,0.0,2537.766666666666,0.0,0.0,0.0,0.0,1.0
S2,R2,PZ049,12,2537.766666666667,0.0,0.0,2537.766666666667,0.0,0.0,0.0,0.0,1.0
S2,R2,PZ049,13,2537.766666666666,0.0,0.0,2537.766666666666,0.0,0.0,0.0,0.0,1.0
S2,R2,PZ049,14,2537.766666666667,0.0,0.0,2537.766666666667,0.0,0.0,0.0,0.0,1.0
S2,R2,PZ049,15,2537.766666666667,0.0,0.0,2537.766666666667,0.0,0.0,0.0,0.0,1.0
S2,R2,PZ049,16,0.0,0.0,0.0,0.0,0.0,0.0,0.0,0.0,1.0
S2,R2,PZ049,17,0.0,0.0,0.0,0.0,0.0,0.0,0.0,0.0,1.0
S2,R2,PZ049,18,0.0,0.0,0.0,0.0,0.0,0.0,0.0,0.0,1.0
S2,R2,PZ049,19,0.0,0.0,0.0,0.0,0.0,0.0,0.0,0.0,1.0
S2,R2,PZ049,20,0.0,0.0,0.0,0.0,0.0,0.0,0.0,0.0,1.0
S2,R2,PZ049,21,2537.7666666666664,0.0,0.0,2537.7666666666664,0.0,0.0,0.0,0.0,1.0
S2,R2,PZ049,22,2537.766666666667,0.0,0.0,2537.766666666667,0.0,0.0,0.0,0.0,1.0
S2,R2,PZ049,23,2537.766666666666,0.0,0.0,2537.766666666666,0.0,0.0,0.0,0.0,1.0
S2,R2,PZ050,0,3034.787441812594,0.0,0.0,3034.787441812594,0.0,0.0,0.0,0.0,1.0
S2,R2,PZ050,1,3034.787441812594,0.0,0.0,3034.787441812594,0.0,0.0,0.0,0.0,1.0
S2,R2,PZ050,2,3034.787441812594,0.0,0.0,3034.787441812594,0.0,0.0,0.0,0.0,1.0
S2,R2,PZ050,3,3034.787441812594,0.0,0.0,3034.787441812594,0.0,0.0,0.0,0.0,1.0
S2,R2,PZ050,4,3034.787441812594,0.0,0.0,3034.787441812594,0.0,0.0,0.0,0.0,1.0
S2,R2,PZ050,5,3034.787441812594,0.0,0.0,3034.787441812594,0.0,0.0,0.0,0.0,1.0
S2,R2,PZ050,6,0.0,0.0,0.0,0.0,0.0,0.0,0.0,0.0,1.0
S2,R2,PZ050,7,0.0,0.0,0.0,0.0,0.0,0.0,0.0,0.0,1.0
S2,R2,PZ050,8,0.0,0.0,0.0,0.0,0.0,0.0,0.0,0.0,1.0
S2,R2,PZ050,9,0.0,0.0,0.0,0.0,0.0,0.0,0.0,0.0,1.0
S2,R2,PZ050,10,3034.787441812594,0.0,0.0,3034.787441812594,0.0,0.0,0.0,0.0,1.0
S2,R2,PZ050,11,3034.787441812594,10.704606536131399,0.0,3045.4920483487253,0.0,0.0,0.0,0.0,1.0
S2,R2,PZ050,12,3034.787441812594,60.88275689943215,0.0,3095.670198712026,0.0,0.0,0.0,0.0,1.0
S2,R2,PZ050,13,3034.787441812594,123.94166513973165,0.0,3158.7291069523258,0.0,0.0,0.0,0.0,1.0
S2,R2,PZ050,14,3034.787441812594,171.51813989114984,0.0,3206.305581703744,0.0,0.0,0.0,0.0,1.0
S2,R2,PZ050,15,3034.7874418125944,200.64753927445037,0.0,3235.434981087045,0.0,0.0,0.0,0.0,1.0
S2,R2,PZ050,16,0.0,0.0,218.33564090874367,0.0,0.0,0.0,0.0,0.0,1.0
S2,R2,PZ050,17,0.0,0.0,219.25737443007844,0.0,0.0,0.0,0.0,0.0,1.0
S2,R2,PZ050,18,0.0,204.92137780333437,0.0,204.92137780333437,0.0,0.0,0.0,0.0,1.0
S2,R2,PZ050,19,0.0,168.7902584920431,0.0,168.7902584920431,0.0,0.0,0.0,0.0,1.0
S2,R2,PZ050,20,0.0,120.78973183181598,0.0,120.78973183181598,0.0,0.0,0.0,0.0,1.0
S2,R2,PZ050,21,3034.787441812594,61.06345168169142,0.0,3095.850893494285,0.0,0.0,0.0,0.0,1.0
S2,R2,PZ050,22,3034.787441812594,9.428845261309487,0.0,3044.2162870739035,0.0,0.0,0.0,0.0,1.0
S2,R2,PZ050,23,3034.787441812594,0.0,0.0,3034.787441812594,0.0,0.0,0.0,0.0,1.0
S2,R2,PZ052,0,2686.7395473011175,0.0,0.0,2686.7395473011175,0.0,0.0,0.0,0.0,1.0
S2,R2,PZ052,1,2686.7395473011175,0.0,0.0,2686.7395473011175,0.0,0.0,0.0,0.0,1.0
S2,R2,PZ052,2,2686.7395473011175,0.0,0.0,2686.7395473011175,0.0,0.0,0.0,0.0,1.0
S2,R2,PZ052,3,2686.7395473011175,0.0,0.0,2686.7395473011175,0.0,0.0,0.0,0.0,1.0
S2,R2,PZ052,4,2686.7395473011175,0.0,0.0,2686.7395473011175,0.0,0.0,0.0,0.0,1.0
S2,R2,PZ052,5,2686.7395473011247,0.0,0.0,2686.7395473011247,0.0,0.0,0.0,0.0,1.0
S2,R2,PZ052,6,0.0,0.0,0.0,0.0,0.0,0.0,0.0,0.0,1.0
S2,R2,PZ052,7,0.0,0.0,0.0,0.0,0.0,0.0,0.0,0.0,1.0
S2,R2,PZ052,8,0.0,0.0,0.0,0.0,0.0,0.0,0.0,0.0,1.0
S2,R2,PZ052,9,0.0,0.0,0.0,0.0,0.0,0.0,0.0,0.0,1.0
S2,R2,PZ052,10,2686.7395473011175,0.0,0.0,2686.7395473011175,0.0,0.0,0.0,0.0,1.0
S2,R2,PZ052,11,2686.7395473011175,4.648823781519178,0.0,2691.3883710826367,0.0,0.0,0.0,0.0,1.0
S2,R2,PZ052,12,2686.7395473011175,26.440318679925817,0.0,2713.1798659810433,0.0,0.0,0.0,0.0,1.0
S2,R2,PZ052,13,2686.7395473011175,53.82570190486434,0.0,2740.5652492059817,0.0,0.0,0.0,0.0,1.0
S2,R2,PZ052,14,2686.7395473011175,74.48733449441407,0.0,2761.2268817955314,0.0,0.0,0.0,0.0,1.0
S2,R2,PZ052,15,2686.739547301117,87.13772422498299,0.0,2773.8772715261,0.0,0.0,0.0,0.0,1.0
S2,R2,PZ052,16,0.0,0.0,94.81935803841488,0.0,0.0,0.0,0.0,0.0,1.0
S2,R2,PZ052,17,0.0,0.0,95.21965081888666,0.0,0.0,0.0,0.0,0.0,1.0
S2,R2,PZ052,18,0.0,88.99377770293074,0.0,88.99377770293074,0.0,0.0,0.0,0.0,1.0
S2,R2,PZ052,19,0.0,73.30266321494878,0.0,73.30266321494878,0.0,0.0,0.0,0.0,1.0
S2,R2,PZ052,20,0.0,52.45687228276257,0.0,52.45687228276257,0.0,0.0,0.0,0.0,1.0
S2,R2,PZ052,21,2686.7395473011165,26.518791270032516,0.0,2713.258338571149,0.0,0.0,0.0,0.0,1.0
S2,R2,PZ052,22,2686.7395473011165,4.094782926872624,0.0,2690.834330227989,0.0,0.0,0.0,0.0,1.0
S2,R2,PZ052,23,2686.7395473011175,0.0,0.0,2686.7395473011175,0.0,0.0,0.0,0.0,1.0
S2,R3,PZ001,0,1561.2494064083132,0.0,0.0,1561.2494064083132,0.0,0.0,0.0,0.0,1.0
S2,R3,PZ001,1,1561.2494064083132,0.0,0.0,1561.2494064083132,0.0,0.0,0.0,0.0,1.0
S2,R3,PZ001,2,1561.2494064083132,0.0,0.0,1561.2494064083132,0.0,0.0,0.0,0.0,1.0
S2,R3,PZ001,3,1561.2494064083132,0.0,0.0,1561.2494064083132,0.0,0.0,0.0,0.0,1.0
S2,R3,PZ001,4,1561.2494064083132,0.0,0.0,1561.2494064083132,0.0,0.0,0.0,0.0,1.0
S2,R3,PZ001,5,1561.2494064083132,0.0,0.0,1561.2494064083132,0.0,0.0,0.0,0.0,1.0
S2,R3,PZ001,6,0.0,0.0,0.0,0.0,0.0,0.0,0.0,0.0,1.0
S2,R3,PZ001,7,0.0,0.0,0.0,0.0,0.0,0.0,0.0,0.0,1.0
S2,R3,PZ001,8,0.0,0.0,0.0,0.0,0.0,0.0,0.0,0.0,1.0
S2,R3,PZ001,9,0.0,0.0,0.0,0.0,0.0,0.0,0.0,0.0,1.0
S2,R3,PZ001,10,1561.2494064083132,0.0,0.0,1561.2494064083132,0.0,0.0,0.0,0.0,1.0
S2,R3,PZ001,11,1561.249406408314,0.5600333374775931,0.0,1561.8094397457915,0.0,0.0,0.0,0.0,1.0
S2,R3,PZ001,12,1561.2494064083146,3.1852056800163564,0.0,1564.434612088331,0.0,0.0,0.0,0.0,1.0
S2,R3,PZ001,13,1561.2494064083137,6.484261158637523,0.0,1567.7336675669512,0.0,0.0,0.0,0.0,1.0
S2,R3,PZ001,14,1561.2494064083137,8.973321531900373,0.0,1570.222727940214,0.0,0.0,0.0,0.0,1.0
S2,R3,PZ001,15,1561.2494064083132,10.497285509491196,0.0,1571.7466919178044,0.0,0.0,0.0,0.0,1.0
S2,R3,PZ001,16,0.0,0.0,11.422674645323564,0.0,0.0,0.0,0.0,0.0,1.0
S2,R3,PZ001,17,0.0,0.0,11.470897015615806,0.0,0.0,0.0,0.0,0.0,1.0
S2,R3,PZ001,18,0.0,10.720880094410544,0.0,10.720880094410544,0.0,0.0,0.0,0.0,1.0
S2,R3,PZ001,19,0.0,8.830606849298231,0.0,8.830606849298231,0.0,0.0,0.0,0.0,1.0
S2,R3,PZ001,20,0.0,6.319361334997976,0.0,6.319361334997976,0.0,0.0,0.0,0.0,1.0
S2,R3,PZ001,21,1561.2494064083132,3.194659096321933,0.0,1564.444065504635,0.0,0.0,0.0,0.0,1.0
S2,R3,PZ001,22,1561.2494064083135,0.49328928274268735,0.0,1561.742695691056,0.0,0.0,0.0,0.0,1.0
S2,R3,PZ001,23,1561.249406408314,0.0,0.0,1561.249406408314,0.0,0.0,0.0,0.0,1.0
S2,R3,PZ006,0,202.82378322615327,0.0,0.0,202.82378322615327,0.0,0.0,0.0,0.0,1.0
S2,R3,PZ006,1,202.82378322615327,0.0,0.0,202.82378322615327,0.0,0.0,0.0,0.0,1.0
S2,R3,PZ006,2,202.82378322615327,0.0,0.0,202.82378322615327,0.0,0.0,0.0,0.0,1.0
S2,R3,PZ006,3,202.82378322615327,0.0,0.0,202.82378322615327,0.0,0.0,0.0,0.0,1.0
S2,R3,PZ006,4,202.82378322615327,0.0,0.0,202.82378322615327,0.0,0.0,0.0,0.0,1.0
S2,R3,PZ006,5,202.82378322615327,0.0,0.0,202.82378322615327,0.0,0.0,0.0,0.0,1.0
S2,R3,PZ006,6,0.0,0.0,0.0,0.0,0.0,0.0,0.0,0.0,1.0
S2,R3,PZ006,7,0.0,0.0,0.0,0.0,0.0,0.0,0.0,0.0,1.0
S2,R3,PZ006,8,0.0,0.0,0.0,0.0,0.0,0.0,0.0,0.0,1.0
S2,R3,PZ006,9,0.0,0.0,0.0,0.0,0.0,0.0,0.0,0.0,1.0
S2,R3,PZ006,10,202.8237832261531,0.0,0.0,202.8237832261531,0.0,0.0,0.0,0.0,1.0
S2,R3,PZ006,11,202.82378322615327,2.945221711618483,0.0,205.76900493777174,0.0,0.0,0.0,0.0,1.0
S2,R3,PZ006,12,202.82378322615327,16.751033013512387,0.0,219.57481623966567,0.0,0.0,0.0,0.0,1.0
S2,R3,PZ006,13,202.82378322615327,34.100803416881845,0.0,236.92458664303513,0.0,0.0,0.0,0.0,1.0
S2,R3,PZ006,14,202.82378322615327,47.1908003193542,0.0,250.01458354550746,0.0,0.0,0.0,0.0,1.0
S2,R3,PZ006,15,202.82378322615332,55.2053442655073,0.0,258.02912749166063,0.0,0.0,0.0,0.0,1.0
S2,R3,PZ006,16,0.0,0.0,60.07197628928106,0.0,0.0,0.0,0.0,0.0,1.0
S2,R3,PZ006,17,0.0,0.0,60.32557828485173,0.0,0.0,0.0,0.0,0.0,1.0
S2,R3,PZ006,18,0.0,56.381230738749856,0.0,56.381230738749856,0.0,0.0,0.0,0.0,1.0
S2,R3,PZ006,19,0.0,46.44026217521491,0.0,46.44026217521491,0.0,0.0,0.0,0.0,1.0
S2,R3,PZ006,20,0.0,33.23359336290058,0.0,33.23359336290058,0.0,0.0,0.0,0.0,1.0
S2,R3,PZ006,21,202.82378322615327,16.80074863772425,0.0,219.6245318638775,0.0,0.0,0.0,0.0,1.0
S2,R3,PZ006,22,202.82378322615327,2.5942139662366075,0.0,205.41799719238986,0.0,0.0,0.0,0.0,1.0
S2,R3,PZ006,23,202.82378322615327,0.0,0.0,202.82378322615327,0.0,0.0,0.0,0.0,1.0
S2,R3,PZ039,0,1692.856590217956,0.0,0.0,1692.856590217956,0.0,0.0,0.0,0.0,1.0
S2,R3,PZ039,1,1692.856590217956,0.0,0.0,1692.856590217956,0.0,0.0,0.0,0.0,1.0
S2,R3,PZ039,2,1692.856590217956,0.0,0.0,1692.856590217956,0.0,0.0,0.0,0.0,1.0
S2,R3,PZ039,3,1692.856590217956,0.0,0.0,1692.856590217956,0.0,0.0,0.0,0.0,1.0
S2,R3,PZ039,4,1692.856590217956,0.0,0.0,1692.856590217956,0.0,0.0,0.0,0.0,1.0
S2,R3,PZ039,5,1692.8565902179619,0.0,0.0,1692.8565902179619,0.0,0.0,0.0,0.0,1.0
S2,R3,PZ039,6,0.0,0.0,0.0,0.0,0.0,0.0,0.0,0.0,1.0
S2,R3,PZ039,7,0.0,0.0,0.0,0.0,0.0,0.0,0.0,0.0,1.0
S2,R3,PZ039,8,0.0,0.0,0.0,0.0,0.0,0.0,0.0,0.0,1.0
S2,R3,PZ039,9,1692.856590217956,0.0,0.0,1692.856590217956,0.0,0.0,0.0,0.0,1.0
S2,R3,PZ039,10,1692.856590217956,0.0,0.0,1692.856590217956,0.0,0.0,0.0,0.0,1.0
S2,R3,PZ039,11,1692.856590217956,6.136235632286866,0.0,1698.9928258502428,0.0,0.0,0.0,0.0,1.0
S2,R3,PZ039,12,1692.856590217956,34.90001627030084,0.0,1727.7566064882567,0.0,0.0,0.0,0.0,1.0
S2,R3,PZ039,13,1692.856590217956,71.04747469123163,0.0,1763.9040649091876,0.0,0.0,0.0,0.0,1.0
S2,R3,PZ039,14,1692.856590217956,98.31988854809393,0.0,1791.17647876605,0.0,0.0,0.0,0.0,1.0
S2,R3,PZ039,15,1692.8565902179557,115.01782675251123,0.0,1807.8744169704669,0.0,0.0,0.0,0.0,1.0
S2,R3,PZ039,16,0.0,0.0,125.15723347890618,0.0,0.0,0.0,0.0,0.0,1.0
S2,R3,PZ039,17,0.0,0.0,125.68560171532823,0.0,0.0,0.0,0.0,0.0,1.0
S2,R3,PZ039,18,0.0,117.46773279801229,0.0,117.46773279801229,0.0,0.0,0.0,0.0,1.0
S2,R3,PZ039,19,0.0,96.75617642235139,0.0,96.75617642235139,0.0,0.0,0.0,0.0,1.0
S2,R3,PZ039,20,0.0,69.24068194183518,0.0,69.24068194183518,0.0,0.0,0.0,0.0,1.0
S2,R3,PZ039,21,1692.8565902179557,35.00359651472413,0.0,1727.86018673268,0.0,0.0,0.0,0.0,1.0
S2,R3,PZ039,22,1692.8565902179546,5.404926941357337,0.0,1698.261517159312,0.0,0.0,0.0,0.0,1.0
S2,R3,PZ039,23,1692.856590217956,0.0,0.0,1692.856590217956,0.0,0.0,0.0,0.0,1.0
S2,R3,PZ040,0,1884.684734693082,0.0,0.0,1884.684734693082,0.0,0.0,0.0,0.0,1.0
S2,R3,PZ040,1,1884.684734693082,0.0,0.0,1884.684734693082,0.0,0.0,0.0,0.0,1.0
S2,R3,PZ040,2,1884.684734693082,0.0,0.0,1884.684734693082,0.0,0.0,0.0,0.0,1.0
S2,R3,PZ040,3,1884.684734693082,0.0,0.0,1884.684734693082,0.0,0.0,0.0,0.0,1.0
S2,R3,PZ040,4,1884.684734693082,0.0,0.0,1884.684734693082,0.0,0.0,0.0,0.0,1.0
S2,R3,PZ040,5,1884.684734693082,0.0,0.0,1884.684734693082,0.0,0.0,0.0,0.0,1.0
S2,R3,PZ040,6,0.0,0.0,0.0,0.0,0.0,0.0,0.0,0.0,1.0
S2,R3,PZ040,7,0.0,0.0,0.0,0.0,0.0,0.0,0.0,0.0,1.0
S2,R3,PZ040,8,0.0,0.0,0.0,0.0,0.0,0.0,0.0,0.0,1.0
S2,R3,PZ040,9,0.0,0.0,0.0,0.0,0.0,0.0,0.0,0.0,1.0
S2,R3,PZ040,10,1884.684734693086,0.0,0.0,1884.684734693086,0.0,0.0,0.0,0.0,1.0
S2,R3,PZ040,11,1884.684734693082,6.480563492378606,0.0,1891.1652981854606,0.0,0.0,0.0,0.0,1.0
S2,R3,PZ040,12,1884.684734693082,36.85839085687797,0.0,1921.54312554996,0.0,0.0,0.0,0.0,1.0
S2,R3,PZ040,13,1884.684734693082,75.03422265713996,0.0,1959.718957350222,0.0,0.0,0.0,0.0,1.0
S2,R3,PZ040,14,1884.684734693082,103.83699689544837,0.0,1988.5217315885304,0.0,0.0,0.0,0.0,1.0
S2,R3,PZ040,15,1884.6847346930806,121.47192084722172,0.0,2006.1566555403024,0.0,0.0,0.0,0.0,1.0
S2,R3,PZ040,16,0.0,0.0,132.1802888114038,0.0,0.0,0.0,0.0,0.0,1.0
S2,R3,PZ040,17,0.0,0.0,132.73830582846105,0.0,0.0,0.0,0.0,0.0,1.0
S2,R3,PZ040,18,0.0,124.05930057473633,0.0,124.05930057473633,0.0,0.0,0.0,0.0,1.0
S2,R3,PZ040,19,0.0,102.18553884821232,0.0,102.18553884821232,0.0,0.0,0.0,0.0,1.0
S2,R3,PZ040,20,0.0,73.12604379444703,0.0,73.12604379444703,0.0,0.0,0.0,0.0,1.0
S2,R3,PZ040,21,1884.6847346930817,36.96778338851565,0.0,1921.6525180815975,0.0,0.0,0.0,0.0,1.0
S2,R3,PZ040,22,1884.684734693082,5.708218248796289,0.0,1890.3929529418783,0.0,0.0,0.0,0.0,1.0
S2,R3,PZ040,23,1884.684734693082,0.0,0.0,1884.684734693082,0.0,0.0,0.0,0.0,1.0
S2,R3,PZ041,0,1968.6173920279389,0.0,0.0,1968.6173920279389,0.0,0.0,0.0,0.0,1.0
S2,R3,PZ041,1,1968.6173920279389,0.0,0.0,1968.6173920279389,0.0,0.0,0.0,0.0,1.0
S2,R3,PZ041,2,1968.6173920279389,0.0,0.0,1968.6173920279389,0.0,0.0,0.0,0.0,1.0
S2,R3,PZ041,3,1968.6173920279389,0.0,0.0,1968.6173920279389,0.0,0.0,0.0,0.0,1.0
S2,R3,PZ041,4,1968.6173920279389,0.0,0.0,1968.6173920279389,0.0,0.0,0.0,0.0,1.0
S2,R3,PZ041,5,1968.6173920279389,0.0,0.0,1968.6173920279389,0.0,0.0,0.0,0.0,1.0
S2,R3,PZ041,6,0.0,0.0,0.0,0.0,0.0,0.0,0.0,0.0,1.0
S2,R3,PZ041,7,0.0,0.0,0.0,0.0,0.0,0.0,0.0,0.0,1.0
S2,R3,PZ041,8,0.0,0.0,0.0,0.0,0.0,0.0,0.0,0.0,1.0
S2,R3,PZ041,9,0.0,0.0,0.0,0.0,0.0,0.0,0.0,0.0,1.0
S2,R3,PZ041,10,1968.6173920279389,0.0,0.0,1968.6173920279389,0.0,0.0,0.0,0.0,1.0
S2,R3,PZ041,11,1968.6173920279389,1.0140581454736586,0.0,1969.6314501734125,0.0,0.0,0.0,0.0,1.0
S2,R3,PZ041,12,1968.6173920279325,5.767484806132244,0.0,1974.3848768340647,0.0,0.0,0.0,0.0,1.0
S2,R3,PZ041,13,1968.6173920279389,11.741118617885714,0.0,1980.3585106458245,0.0,0.0,0.0,0.0,1.0
S2,R3,PZ041,14,1968.6173920279389,16.248085930673387,0.0,1984.8654779586122,0.0,0.0,0.0,0.0,1.0
S2,R3,PZ041,15,1968.6173920279389,19.007543236991765,0.0,1987.6249352649306,0.0,0.0,0.0,0.0,1.0
S2,R3,PZ041,16,1968.6173920279389,20.68315489816575,0.0,1989.3005469261045,0.0,0.0,0.0,0.0,1.0
S2,R3,PZ041,17,1968.6173920279361,20.77047164186023,0.0,1989.3878636697964,0.0,0.0,0.0,0.0,1.0
S2,R3,PZ041,18,0.0,19.412408260103604,0.0,19.412408260103604,0.0,0.0,0.0,0.0,1.0
S2,R3,PZ041,19,0.0,15.989670981621929,0.0,15.989670981621929,0.0,0.0,0.0,0.0,1.0
S2,R3,PZ041,20,0.0,11.442532804937494,0.0,11.442532804937494,0.0,0.0,0.0,0.0,1.0
S2,R3,PZ041,21,1968.6173920279389,5.784602204625699,0.0,1974.4019942325647,0.0,0.0,0.0,0.0,1.0
S2,R3,PZ041,22,1968.6173920279389,0.8932039965568919,0.0,1969.5105960244957,0.0,0.0,0.0,0.0,1.0
S2,R3,PZ041,23,1968.6173920279389,0.0,0.0,1968.6173920279389,0.0,0.0,0.0,0.0,1.0
S2,R3,PZ047,0,2332.5666666666666,0.0,0.0,2332.5666666666666,0.0,0.0,0.0,0.0,1.0
S2,R3,PZ047,1,2332.5666666666666,0.0,0.0,2332.5666666666666,0.0,0.0,0.0,0.0,1.0
S2,R3,PZ047,2,2332.5666666666666,0.0,0.0,2332.5666666666666,0.0,0.0,0.0,0.0,1.0
S2,R3,PZ047,3,2332.5666666666666,0.0,0.0,2332.5666666666666,0.0,0.0,0.0,0.0,1.0
S2,R3,PZ047,4,2332.5666666666666,0.0,0.0,2332.5666666666666,0.0,0.0,0.0,0.0,1.0
S2,R3,PZ047,5,2332.5666666666666,0.0,0.0,2332.5666666666666,0.0,0.0,0.0,0.0,1.0
S2,R3,PZ047,6,0.0,0.0,0.0,0.0,0.0,0.0,0.0,0.0,1.0
S2,R3,PZ047,7,0.0,0.0,0.0,0.0,0.0,0.0,0.0,0.0,1.0
S2,R3,PZ047,8,0.0,0.0,0.0,0.0,0.0,0.0,0.0,0.0,1.0
S2,R3,PZ047,9,0.0,0.0,0.0,0.0,0.0,0.0,0.0,0.0,1.0
S2,R3,PZ047,10,2332.566666666674,0.0,0.0,2332.566666666674,0.0,0.0,0.0,0.0,1.0
S2,R3,PZ047,11,2332.5666666666666,0.0,0.0,2332.5666666666666,0.0,0.0,0.0,0.0,1.0
S2,R3,PZ047,12,2332.5666666666666,0.0,0.0,2332.5666666666666,0.0,0.0,0.0,0.0,1.0
S2,R3,PZ047,13,2332.5666666666666,0.0,0.0,2332.5666666666666,0.0,0.0,0.0,0.0,1.0
S2,R3,PZ047,14,2332.5666666666666,0.0,0.0,2332.5666666666666,0.0,0.0,0.0,0.0,1.0
S2,R3,PZ047,15,2332.5666666666702,0.0,0.0,2332.5666666666702,0.0,0.0,0.0,0.0,1.0
S2,R3,PZ047,16,0.0,0.0,0.0,0.0,0.0,0.0,0.0,0.0,1.0
S2,R3,PZ047,17,0.0,0.0,0.0,0.0,0.0,0.0,0.0,0.0,1.0
S2,R3,PZ047,18,0.0,0.0,0.0,0.0,0.0,0.0,0.0,0.0,1.0
S2,R3,PZ047,19,0.0,0.0,0.0,0.0,0.0,0.0,0.0,0.0,1.0
S2,R3,PZ047,20,0.0,0.0,0.0,0.0,0.0,0.0,0.0,0.0,1.0
S2,R3,PZ047,21,2332.5666666666666,0.0,0.0,2332.5666666666666,0.0,0.0,0.0,0.0,1.0
S2,R3,PZ047,22,2332.5666666666666,0.0,0.0,2332.5666666666666,0.0,0.0,0.0,0.0,1.0
S2,R3,PZ047,23,2332.5666666666666,0.0,0.0,2332.5666666666666,0.0,0.0,0.0,0.0,1.0
S2,R3,PZ048,0,2775.2666666666664,0.0,0.0,2775.2666666666664,0.0,0.0,0.0,0.0,1.0
S2,R3,PZ048,1,2775.2666666666664,0.0,0.0,2775.2666666666664,0.0,0.0,0.0,0.0,1.0
S2,R3,PZ048,2,2775.2666666666664,0.0,0.0,2775.2666666666664,0.0,0.0,0.0,0.0,1.0
S2,R3,PZ048,3,2775.2666666666664,0.0,0.0,2775.2666666666664,0.0,0.0,0.0,0.0,1.0
S2,R3,PZ048,4,2775.2666666666664,0.0,0.0,2775.2666666666664,0.0,0.0,0.0,0.0,1.0
S2,R3,PZ048,5,2775.2666666666664,0.0,0.0,2775.2666666666664,0.0,0.0,0.0,0.0,1.0
S2,R3,PZ048,6,0.0,0.0,0.0,0.0,0.0,0.0,0.0,0.0,1.0
S2,R3,PZ048,7,0.0,0.0,0.0,0.0,0.0,0.0,0.0,0.0,1.0
S2,R3,PZ048,8,0.0,0.0,0.0,0.0,0.0,0.0,0.0,0.0,1.0
S2,R3,PZ048,9,0.0,0.0,0.0,0.0,0.0,0.0,0.0,0.0,1.0
S2,R3,PZ048,10,2775.2666666666664,0.0,0.0,2775.2666666666664,0.0,0.0,0.0,0.0,1.0
S2,R3,PZ048,11,2775.2666666666664,0.0,0.0,2775.2666666666664,0.0,0.0,0.0,0.0,1.0
S2,R3,PZ048,12,2775.2666666666664,0.0,0.0,2775.2666666666664,0.0,0.0,0.0,0.0,1.0
S2,R3,PZ048,13,2775.2666666666664,0.0,0.0,2775.2666666666664,0.0,0.0,0.0,0.0,1.0
S2,R3,PZ048,14,2775.2666666666664,0.0,0.0,2775.2666666666664,0.0,0.0,0.0,0.0,1.0
S2,R3,PZ048,15,2775.2666666666664,0.0,0.0,2775.2666666666664,0.0,0.0,0.0,0.0,1.0
S2,R3,PZ048,16,0.0,0.0,0.0,0.0,0.0,0.0,0.0,0.0,1.0
S2,R3,PZ048,17,0.0,0.0,0.0,0.0,0.0,0.0,0.0,0.0,1.0
S2,R3,PZ048,18,0.0,0.0,0.0,0.0,0.0,0.0,0.0,0.0,1.0
S2,R3,PZ048,19,0.0,0.0,0.0,0.0,0.0,0.0,0.0,0.0,1.0
S2,R3,PZ048,20,0.0,0.0,0.0,0.0,0.0,0.0,0.0,0.0,1.0
S2,R3,PZ048,21,2775.266666666667,0.0,0.0,2775.266666666667,0.0,0.0,0.0,0.0,1.0
S2,R3,PZ048,22,2775.266666666667,0.0,0.0,2775.266666666667,0.0,0.0,0.0,0.0,1.0
S2,R3,PZ048,23,2775.2666666666664,0.0,0.0,2775.2666666666664,0.0,0.0,0.0,0.0,1.0
S2,R3,PZ049,0,2537.7666666666632,0.0,0.0,2537.7666666666632,0.0,0.0,0.0,0.0,1.0
S2,R3,PZ049,1,2537.766666666666,0.0,0.0,2537.766666666666,0.0,0.0,0.0,0.0,1.0
S2,R3,PZ049,2,2537.766666666666,0.0,0.0,2537.766666666666,0.0,0.0,0.0,0.0,1.0
S2,R3,PZ049,3,2537.766666666666,0.0,0.0,2537.766666666666,0.0,0.0,0.0,0.0,1.0
S2,R3,PZ049,4,2537.766666666666,0.0,0.0,2537.766666666666,0.0,0.0,0.0,0.0,1.0
S2,R3,PZ049,5,2537.766666666666,0.0,0.0,2537.766666666666,0.0,0.0,0.0,0.0,1.0
S2,R3,PZ049,6,0.0,0.0,0.0,0.0,0.0,0.0,0.0,0.0,1.0
S2,R3,PZ049,7,0.0,0.0,0.0,0.0,0.0,0.0,0.0,0.0,1.0
S2,R3,PZ049,8,0.0,0.0,0.0,0.0,0.0,0.0,0.0,0.0,1.0
S2,R3,PZ049,9,0.0,0.0,0.0,0.0,0.0,0.0,0.0,0.0,1.0
S2,R3,PZ049,10,2537.766666666666,0.0,0.0,2537.766666666666,0.0,0.0,0.0,0.0,1.0
S2,R3,PZ049,11,2537.766666666666,0.0,0.0,2537.766666666666,0.0,0.0,0.0,0.0,1.0
S2,R3,PZ049,12,2537.766666666667,0.0,0.0,2537.766666666667,0.0,0.0,0.0,0.0,1.0
S2,R3,PZ049,13,2537.766666666666,0.0,0.0,2537.766666666666,0.0,0.0,0.0,0.0,1.0
S2,R3,PZ049,14,2537.766666666667,0.0,0.0,2537.766666666667,0.0,0.0,0.0,0.0,1.0
S2,R3,PZ049,15,2537.766666666667,0.0,0.0,2537.766666666667,0.0,0.0,0.0,0.0,1.0
S2,R3,PZ049,16,0.0,0.0,0.0,0.0,0.0,0.0,0.0,0.0,1.0
S2,R3,PZ049,17,0.0,0.0,0.0,0.0,0.0,0.0,0.0,0.0,1.0
S2,R3,PZ049,18,0.0,0.0,0.0,0.0,0.0,0.0,0.0,0.0,1.0
S2,R3,PZ049,19,0.0,0.0,0.0,0.0,0.0,0.0,0.0,0.0,1.0
S2,R3,PZ049,20,0.0,0.0,0.0,0.0,0.0,0.0,0.0,0.0,1.0
S2,R3,PZ049,21,2537.7666666666664,0.0,0.0,2537.7666666666664,0.0,0.0,0.0,0.0,1.0
S2,R3,PZ049,22,2537.766666666667,0.0,0.0,2537.766666666667,0.0,0.0,0.0,0.0,1.0
S2,R3,PZ049,23,2537.766666666666,0.0,0.0,2537.766666666666,0.0,0.0,0.0,0.0,1.0
S2,R3,PZ050,0,3006.4702324923164,0.0,0.0,3006.4702324923164,0.0,0.0,0.0,0.0,1.0
S2,R3,PZ050,1,3006.4702324923164,0.0,0.0,3006.4702324923164,0.0,0.0,0.0,0.0,1.0
S2,R3,PZ050,2,3006.4702324923164,0.0,0.0,3006.4702324923164,0.0,0.0,0.0,0.0,1.0
S2,R3,PZ050,3,3006.4702324923164,0.0,0.0,3006.4702324923164,0.0,0.0,0.0,0.0,1.0
S2,R3,PZ050,4,3006.4702324923164,0.0,0.0,3006.4702324923164,0.0,0.0,0.0,0.0,1.0
S2,R3,PZ050,5,3006.47023249232,0.0,0.0,3006.47023249232,0.0,0.0,0.0,0.0,1.0
S2,R3,PZ050,6,0.0,0.0,0.0,0.0,0.0,0.0,0.0,0.0,1.0
S2,R3,PZ050,7,0.0,0.0,0.0,0.0,0.0,0.0,0.0,0.0,1.0
S2,R3,PZ050,8,0.0,0.0,0.0,0.0,0.0,0.0,0.0,0.0,1.0
S2,R3,PZ050,9,0.0,0.0,0.0,0.0,0.0,0.0,0.0,0.0,1.0
S2,R3,PZ050,10,3006.4702324923164,0.0,0.0,3006.4702324923164,0.0,0.0,0.0,0.0,1.0
S2,R3,PZ050,11,3006.4702324923164,14.718833987180675,0.0,3021.189066479497,0.0,0.0,0.0,0.0,1.0
S2,R3,PZ050,12,3006.4702324923164,83.71379073671922,0.0,3090.1840232290356,0.0,0.0,0.0,0.0,1.0
S2,R3,PZ050,13,3006.4702324923164,170.41978956713106,0.0,3176.8900220594473,0.0,0.0,0.0,0.0,1.0
S2,R3,PZ050,14,3006.4702324923164,235.83744235033106,0.0,3242.3076748426474,0.0,0.0,0.0,0.0,1.0
S2,R3,PZ050,15,3006.4702324923164,275.89036650236926,0.0,3282.3605989946855,0.0,0.0,0.0,0.0,1.0
S2,R3,PZ050,16,0.0,0.0,300.2115062495226,0.0,0.0,0.0,0.0,0.0,1.0
S2,R3,PZ050,17,0.0,0.0,301.4788898413579,0.0,0.0,0.0,0.0,0.0,1.0
S2,R3,PZ050,18,0.0,281.7668944795848,0.0,281.7668944795848,0.0,0.0,0.0,0.0,1.0
S2,R3,PZ050,19,0.0,232.0866054265593,0.0,232.0866054265593,0.0,0.0,0.0,0.0,1.0
S2,R3,PZ050,20,0.0,166.085881268747,0.0,166.085881268747,0.0,0.0,0.0,0.0,1.0
S2,R3,PZ050,21,3006.470232492317,83.9622460623257,0.0,3090.432478554643,0.0,0.0,0.0,0.0,1.0
S2,R3,PZ050,22,3006.4702324923164,12.964662234300546,0.0,3019.434894726617,0.0,0.0,0.0,0.0,1.0
S2,R3,PZ050,23,3006.4702324923164,0.0,0.0,3006.4702324923164,0.0,0.0,0.0,0.0,1.0
S2,R3,PZ052,0,2674.4418775390345,0.0,0.0,2674.4418775390345,0.0,0.0,0.0,0.0,1.0
S2,R3,PZ052,1,2674.4418775390345,0.0,0.0,2674.4418775390345,0.0,0.0,0.0,0.0,1.0
S2,R3,PZ052,2,2674.4418775390345,0.0,0.0,2674.4418775390345,0.0,0.0,0.0,0.0,1.0
S2,R3,PZ052,3,2674.4418775390345,0.0,0.0,2674.4418775390345,0.0,0.0,0.0,0.0,1.0
S2,R3,PZ052,4,2674.4418775390345,0.0,0.0,2674.4418775390345,0.0,0.0,0.0,0.0,1.0
S2,R3,PZ052,5,2674.441877539041,0.0,0.0,2674.441877539041,0.0,0.0,0.0,0.0,1.0
S2,R3,PZ052,6,0.0,0.0,0.0,0.0,0.0,0.0,0.0,0.0,1.0
S2,R3,PZ052,7,0.0,0.0,0.0,0.0,0.0,0.0,0.0,0.0,1.0
S2,R3,PZ052,8,0.0,0.0,0.0,0.0,0.0,0.0,0.0,0.0,1.0
S2,R3,PZ052,9,0.0,0.0,0.0,0.0,0.0,0.0,0.0,0.0,1.0
S2,R3,PZ052,10,2674.4418775390345,0.0,0.0,2674.4418775390345,0.0,0.0,0.0,0.0,1.0
S2,R3,PZ052,11,2674.4418775390345,6.3921326995888705,0.0,2680.8340102386233,0.0,0.0,0.0,0.0,1.0
S2,R3,PZ052,12,2674.4418775390345,36.355438184898,0.0,2710.7973157239326,0.0,0.0,0.0,0.0,1.0
S2,R3,PZ052,13,2674.4418775390345,74.01034011918846,0.0,2748.452217658223,0.0,0.0,0.0,0.0,1.0
S2,R3,PZ052,14,2674.4418775390354,102.42008492981934,0.0,2776.861962468855,0.0,0.0,0.0,0.0,1.0
S2,R3,PZ052,15,2674.4418775390345,119.8143708093516,0.0,2794.256248348386,0.0,0.0,0.0,0.0,1.0
S2,R3,PZ052,16,0.0,0.0,130.37661730282045,0.0,0.0,0.0,0.0,0.0,1.0
S2,R3,PZ052,17,0.0,0.0,130.92701987596917,0.0,0.0,0.0,0.0,0.0,1.0
S2,R3,PZ052,18,0.0,122.36644434152976,0.0,122.36644434152976,0.0,0.0,0.0,0.0,1.0
S2,R3,PZ052,19,0.0,100.79116192055457,0.0,100.79116192055457,0.0,0.0,0.0,0.0,1.0
S2,R3,PZ052,20,0.0,72.12819938879854,0.0,72.12819938879854,0.0,0.0,0.0,0.0,1.0
S2,R3,PZ052,21,2674.441877539035,36.463337996294705,0.0,2710.9052155353297,0.0,0.0,0.0,0.0,1.0
S2,R3,PZ052,22,2674.4418775390345,5.630326524449859,0.0,2680.0722040634846,0.0,0.0,0.0,0.0,1.0
S2,R3,PZ052,23,2674.4418775390345,0.0,0.0,2674.4418775390345,0.0,0.0,0.0,0.0,1.0
S2,R4,PZ001,0,0.0,0.0,0.0,0.0,0.0,0.0,0.0,0.0,1.0
S2,R4,PZ001,1,0.0,0.0,0.0,0.0,0.0,0.0,0.0,0.0,1.0
S2,R4,PZ001,2,0.0,0.0,0.0,0.0,0.0,0.0,0.0,0.0,1.0
S2,R4,PZ001,3,0.0,0.0,0.0,0.0,0.0,0.0,0.0,0.0,1.0
S2,R4,PZ001,4,0.0,0.0,0.0,0.0,0.0,0.0,0.0,0.0,1.0
S2,R4,PZ001,5,0.0,0.0,0.0,0.0,0.0,0.0,0.0,0.0,1.0
S2,R4,PZ001,6,0.0,0.0,0.0,0.0,0.0,0.0,0.0,0.0,1.0
S2,R4,PZ001,7,0.0,0.0,0.0,0.0,0.0,0.0,0.0,0.0,1.0
S2,R4,PZ001,8,0.0,0.0,0.0,0.0,0.0,0.0,0.0,0.0,1.0
S2,R4,PZ001,9,0.0,0.0,0.0,0.0,0.0,0.0,0.0,0.0,1.0
S2,R4,PZ001,10,0.0,0.0,0.0,0.0,0.0,0.0,0.0,0.0,1.0
S2,R4,PZ001,11,0.0,296.64357643714425,0.0,296.64357643714425,0.0,0.0,0.0,0.0,1.0
S2,R4,PZ001,12,0.0,1687.168854739406,0.0,1687.168854739406,0.0,0.0,0.0,0.0,1.0
S2,R4,PZ001,13,0.0,3434.6427112969054,0.0,3434.6427112969054,0.0,0.0,0.0,0.0,1.0
S2,R4,PZ001,14,0.0,1828.6021149151802,2924.4688428469763,1828.6021149151802,0.0,0.0,0.0,0.0,1.0
S2,R4,PZ001,15,0.0,4800.0,760.2981251841411,4800.0,0.0,0.0,0.0,0.0,1.0
S2,R4,PZ001,16,0.0,0.0,6050.466699943987,0.0,0.0,0.0,0.0,0.0,1.0
S2,R4,PZ001,17,0.0,0.0,6076.0095657530055,0.0,0.0,0.0,0.0,0.0,1.0
S2,R4,PZ001,18,0.0,4800.0,878.7337483939964,4800.0,0.0,0.0,0.0,0.0,1.0
S2,R4,PZ001,19,0.0,4677.476540387164,0.0,4677.476540387164,0.0,0.0,0.0,0.0,1.0
S2,R4,PZ001,20,0.0,0.0,3347.29706566336,-0.0,0.0,0.0,0.0,0.0,1.0
S2,R4,PZ001,21,0.0,1692.1762266845585,0.0,1692.1762266845576,0.0,0.0,0.0,0.0,1.0
S2,R4,PZ001,22,0.0,261.2899755396421,0.0,261.2899755396421,0.0,0.0,0.0,0.0,1.0
S2,R4,PZ001,23,0.0,0.0,0.0,0.0,0.0,0.0,0.0,0.0,1.0
S2,R4,PZ006,0,0.0,0.0,0.0,0.0,0.0,0.0,0.0,0.0,1.0
S2,R4,PZ006,1,0.0,0.0,0.0,0.0,0.0,0.0,0.0,0.0,1.0
S2,R4,PZ006,2,0.0,0.0,0.0,0.0,0.0,0.0,0.0,0.0,1.0
S2,R4,PZ006,3,0.0,0.0,0.0,0.0,0.0,0.0,0.0,0.0,1.0
S2,R4,PZ006,4,0.0,0.0,0.0,0.0,0.0,0.0,0.0,0.0,1.0
S2,R4,PZ006,5,0.0,0.0,0.0,0.0,0.0,0.0,0.0,0.0,1.0
S2,R4,PZ006,6,0.0,0.0,0.0,0.0,0.0,0.0,0.0,0.0,1.0
S2,R4,PZ006,7,0.0,0.0,0.0,0.0,0.0,0.0,0.0,0.0,1.0
S2,R4,PZ006,8,0.0,0.0,0.0,0.0,0.0,0.0,0.0,0.0,1.0
S2,R4,PZ006,9,0.0,0.0,0.0,0.0,0.0,0.0,0.0,0.0,1.0
S2,R4,PZ006,10,0.0,0.0,0.0,0.0,0.0,0.0,0.0,0.0,1.0
S2,R4,PZ006,11,0.0,750.0,2052.4773726578433,750.0,0.0,0.0,0.0,0.0,1.0
S2,R4,PZ006,12,0.0,750.0,15189.170488871521,750.0,0.0,0.0,0.0,0.0,1.0
S2,R4,PZ006,13,0.0,750.0,31698.059712539605,750.0,0.0,0.0,0.0,0.0,1.0
S2,R4,PZ006,14,0.0,750.0,44153.631387373185,750.0,0.0,0.0,0.0,0.0,1.0
S2,R4,PZ006,15,0.0,750.0,51779.73911728097,750.0,0.0,0.0,0.0,0.0,1.0
S2,R4,PZ006,16,0.0,0.0,57160.50293172508,0.0,0.0,0.0,0.0,0.0,1.0
S2,R4,PZ006,17,0.0,0.0,57401.81374762869,0.0,0.0,0.0,0.0,0.0,1.0
S2,R4,PZ006,18,0.0,750.0,52898.634588232046,750.0,0.0,0.0,0.0,0.0,1.0
S2,R4,PZ006,19,0.0,750.0,43439.469136711545,750.0,0.0,0.0,0.0,0.0,1.0
S2,R4,PZ006,20,0.0,750.0,30872.8802212855,750.0,0.0,0.0,0.0,0.0,1.0
S2,R4,PZ006,21,0.0,750.0,15236.476574987784,750.0,0.0,0.0,0.0,0.0,1.0
S2,R4,PZ006,22,0.0,750.0,1718.481714477059,750.0,0.0,0.0,0.0,0.0,1.0
S2,R4,PZ006,23,0.0,0.0,0.0,0.0,0.0,0.0,0.0,0.0,1.0
S2,R4,PZ039,0,0.0,0.0,0.0,0.0,0.0,0.0,0.0,0.0,1.0
S2,R4,PZ039,1,0.0,0.0,0.0,0.0,0.0,0.0,0.0,0.0,1.0
S2,R4,PZ039,2,0.0,0.0,0.0,0.0,0.0,0.0,0.0,0.0,1.0
S2,R4,PZ039,3,0.0,0.0,0.0,0.0,0.0,0.0,0.0,0.0,1.0
S2,R4,PZ039,4,0.0,0.0,0.0,0.0,0.0,0.0,0.0,0.0,1.0
S2,R4,PZ039,5,0.0,0.0,0.0,0.0,0.0,0.0,0.0,0.0,1.0
S2,R4,PZ039,6,0.0,0.0,0.0,0.0,0.0,0.0,0.0,0.0,1.0
S2,R4,PZ039,7,0.0,0.0,0.0,0.0,0.0,0.0,0.0,0.0,1.0
S2,R4,PZ039,8,0.0,0.0,0.0,0.0,0.0,0.0,0.0,0.0,1.0
S2,R4,PZ039,9,0.0,0.0,0.0,0.0,0.0,0.0,0.0,0.0,1.0
S2,R4,PZ039,10,0.0,0.0,0.0,0.0,0.0,0.0,0.0,0.0,1.0
S2,R4,PZ039,11,0.0,0.0,3136.6755894384623,0.0,0.0,0.0,0.0,0.0,1.0
S2,R4,PZ039,12,0.0,6300.0,11539.932438393065,6300.0,0.0,0.0,0.0,0.0,1.0
S2,R4,PZ039,13,0.0,6300.0,30017.523137907912,6300.0,0.0,0.0,0.0,0.0,1.0
S2,R4,PZ039,14,0.0,6300.0,43958.43413548677,6300.0,0.0,0.0,0.0,0.0,1.0
S2,R4,PZ039,15,0.0,6300.0,52493.96280458843,6300.0,0.0,0.0,0.0,0.0,1.0
S2,R4,PZ039,16,0.0,0.0,63976.949814202075,0.0,0.0,0.0,0.0,0.0,1.0
S2,R4,PZ039,17,0.0,0.0,64247.037185146466,0.0,0.0,0.0,0.0,0.0,1.0
S2,R4,PZ039,18,0.0,6300.0,53746.28767440067,6300.0,0.0,0.0,0.0,0.0,1.0
S2,R4,PZ039,19,0.0,6300.0,43159.10732542789,6300.0,0.0,0.0,0.0,0.0,1.0
S2,R4,PZ039,20,0.0,6300.0,29093.940170789334,6300.0,0.0,0.0,0.0,0.0,1.0
S2,R4,PZ039,21,0.0,6300.0,11592.879822375697,6300.0,0.0,0.0,0.0,0.0,1.0
S2,R4,PZ039,22,0.0,0.0,2762.850616500133,0.0,0.0,0.0,0.0,0.0,1.0
S2,R4,PZ039,23,0.0,0.0,0.0,0.0,0.0,0.0,0.0,0.0,1.0
S2,R4,PZ040,0,0.0,0.0,0.0,0.0,0.0,0.0,0.0,0.0,1.0
S2,R4,PZ040,1,0.0,0.0,0.0,0.0,0.0,0.0,0.0,0.0,1.0
S2,R4,PZ040,2,0.0,0.0,0.0,0.0,0.0,0.0,0.0,0.0,1.0
S2,R4,PZ040,3,0.0,0.0,0.0,0.0,0.0,0.0,0.0,0.0,1.0
S2,R4,PZ040,4,0.0,0.0,0.0,0.0,0.0,0.0,0.0,0.0,1.0
S2,R4,PZ040,5,0.0,0.0,0.0,0.0,0.0,0.0,0.0,0.0,1.0
S2,R4,PZ040,6,0.0,0.0,0.0,0.0,0.0,0.0,0.0,0.0,1.0
S2,R4,PZ040,7,0.0,0.0,0.0,0.0,0.0,0.0,0.0,0.0,1.0
S2,R4,PZ040,8,0.0,0.0,0.0,0.0,0.0,0.0,0.0,0.0,1.0
S2,R4,PZ040,9,0.0,0.0,0.0,0.0,0.0,0.0,0.0,0.0,1.0
S2,R4,PZ040,10,0.0,0.0,0.0,0.0,0.0,0.0,0.0,0.0,1.0
S2,R4,PZ040,11,0.0,0.0,3014.400536093202,0.0,0.0,0.0,0.0,0.0,1.0
S2,R4,PZ040,12,0.0,6600.0,10544.489563163857,6600.0,0.0,0.0,0.0,0.0,1.0
S2,R4,PZ040,13,0.0,6600.0,28301.779956175043,6600.0,0.0,0.0,0.0,0.0,1.0
S2,R4,PZ040,14,0.0,6600.0,41699.24118111878,6600.0,0.0,0.0,0.0,0.0,1.0
S2,R4,PZ040,15,0.0,6600.0,49902.03470003194,6600.0,0.0,0.0,0.0,0.0,1.0
S2,R4,PZ040,16,0.0,0.0,61482.97658415597,0.0,0.0,0.0,0.0,0.0,1.0
S2,R4,PZ040,17,0.0,0.0,61742.535308847844,0.0,0.0,0.0,0.0,0.0,1.0
S2,R4,PZ040,18,0.0,6600.0,51105.540976433535,6600.0,0.0,0.0,0.0,0.0,1.0
S2,R4,PZ040,19,0.0,6600.0,40931.07402578139,6600.0,0.0,0.0,0.0,0.0,1.0
S2,R4,PZ040,20,0.0,6600.0,27414.200443463247,6600.0,0.0,0.0,0.0,0.0,1.0
S2,R4,PZ040,21,0.0,6600.0,10595.372932550024,6600.0,0.0,0.0,0.0,0.0,1.0
S2,R4,PZ040,22,0.0,0.0,2655.1481471548673,0.0,0.0,0.0,0.0,0.0,1.0
S2,R4,PZ040,23,0.0,0.0,0.0,0.0,0.0,0.0,0.0,0.0,1.0
S2,R4,PZ041,0,0.0,0.0,0.0,0.0,0.0,0.0,0.0,0.0,1.0
S2,R4,PZ041,1,0.0,0.0,0.0,0.0,0.0,0.0,0.0,0.0,1.0
S2,R4,PZ041,2,0.0,0.0,0.0,0.0,0.0,0.0,0.0,0.0,1.0
S2,R4,PZ041,3,0.0,0.0,0.0,0.0,0.0,0.0,0.0,0.0,1.0
S2,R4,PZ041,4,0.0,0.0,0.0,0.0,0.0,0.0,0.0,0.0,1.0
S2,R4,PZ041,5,0.0,0.0,0.0,0.0,0.0,0.0,0.0,0.0,1.0
S2,R4,PZ041,6,0.0,0.0,0.0,0.0,0.0,0.0,0.0,0.0,1.0
S2,R4,PZ041,7,0.0,0.0,0.0,0.0,0.0,0.0,0.0,0.0,1.0
S2,R4,PZ041,8,0.0,0.0,0.0,0.0,0.0,0.0,0.0,0.0,1.0
S2,R4,PZ041,9,0.0,0.0,0.0,0.0,0.0,0.0,0.0,0.0,1.0
S2,R4,PZ041,10,0.0,0.0,0.0,0.0,0.0,0.0,0.0,0.0,1.0
S2,R4,PZ041,11,0.0,404.3843209538007,0.0,404.3843209538007,0.0,0.0,0.0,0.0,1.0
S2,R4,PZ041,12,0.0,2299.9474313672226,0.0,2299.9474313672226,0.0,0.0,0.0,0.0,1.0
S2,R4,PZ041,13,0.0,0.0,4682.1026000575375,-0.0,0.0,0.0,0.0,0.0,1.0
S2,R4,PZ041,14,0.0,0.0,6479.383085873586,-0.0,0.0,0.0,0.0,0.0,1.0
S2,R4,PZ041,15,0.0,6900.0,679.7946096085907,6900.0,0.0,0.0,0.0,0.0,1.0
S2,R4,PZ041,16,0.0,6900.0,1347.992076204173,6900.0,0.0,0.0,0.0,0.0,1.0
S2,R4,PZ041,17,0.0,6900.0,1382.8120934432209,6900.0,0.0,0.0,0.0,0.0,1.0
S2,R4,PZ041,18,0.0,6900.0,841.2459703415125,6900.0,0.0,0.0,0.0,0.0,1.0
S2,R4,PZ041,19,0.0,0.0,6376.332827697638,-0.0,0.0,0.0,0.0,0.0,1.0
S2,R4,PZ041,20,0.0,647.9544539559195,3915.0786215832723,647.9544539559195,0.0,0.0,0.0,0.0,1.0
S2,R4,PZ041,21,0.0,2306.773477385558,0.0,2306.773477385558,0.0,0.0,0.0,0.0,1.0
S2,R4,PZ041,22,0.0,356.19031633749864,0.0,356.19031633749864,0.0,0.0,0.0,0.0,1.0
S2,R4,PZ041,23,0.0,0.0,0.0,0.0,0.0,0.0,0.0,0.0,1.0
S2,R4,PZ047,0,0.0,0.0,0.0,0.0,0.0,0.0,0.0,0.0,1.0
S2,R4,PZ047,1,0.0,0.0,0.0,0.0,0.0,0.0,0.0,0.0,1.0
S2,R4,PZ047,2,0.0,0.0,0.0,0.0,0.0,0.0,0.0,0.0,1.0
S2,R4,PZ047,3,0.0,0.0,0.0,0.0,0.0,0.0,0.0,0.0,1.0
S2,R4,PZ047,4,0.0,0.0,0.0,0.0,0.0,0.0,0.0,0.0,1.0
S2,R4,PZ047,5,0.0,0.0,0.0,0.0,0.0,0.0,0.0,0.0,1.0
S2,R4,PZ047,6,0.0,0.0,0.0,0.0,0.0,0.0,0.0,0.0,1.0
S2,R4,PZ047,7,0.0,0.0,0.0,0.0,0.0,0.0,0.0,0.0,1.0
S2,R4,PZ047,8,0.0,0.0,0.0,0.0,0.0,0.0,0.0,0.0,1.0
S2,R4,PZ047,9,0.0,0.0,0.0,0.0,0.0,0.0,0.0,0.0,1.0
S2,R4,PZ047,10,0.0,0.0,0.0,0.0,0.0,0.0,0.0,0.0,1.0
S2,R4,PZ047,11,0.0,0.0,1875.302379467802,0.0,0.0,0.0,0.0,0.0,1.0
S2,R4,PZ047,12,0.0,8850.0,1815.8361049229843,8850.0,0.0,0.0,0.0,0.0,1.0
S2,R4,PZ047,13,0.0,8850.0,12862.904511457073,8850.0,0.0,0.0,0.0,0.0,1.0
S2,R4,PZ047,14,0.0,8850.0,21197.65983449281,8850.0,0.0,0.0,0.0,0.0,1.0
S2,R4,PZ047,15,0.0,8850.0,26300.736887497056,8850.0,0.0,0.0,0.0,0.0,1.0
S2,R4,PZ047,16,0.0,0.0,38249.453217807524,0.0,0.0,0.0,0.0,0.0,1.0
S2,R4,PZ047,17,0.0,0.0,38410.92847240563,0.0,0.0,0.0,0.0,0.0,1.0
S2,R4,PZ047,18,0.0,8850.0,27049.455631677425,8850.0,0.0,0.0,0.0,0.0,1.0
S2,R4,PZ047,19,0.0,8850.0,20719.77188397505,8850.0,0.0,0.0,0.0,0.0,1.0
S2,R4,PZ047,20,0.0,8850.0,12310.728398088755,8850.0,0.0,0.0,0.0,0.0,1.0
S2,R4,PZ047,21,0.0,8850.0,1847.4913884669877,8850.0,0.0,0.0,0.0,0.0,1.0
S2,R4,PZ047,22,0.0,0.0,1651.8062475706436,0.0,0.0,0.0,0.0,0.0,1.0
S2,R4,PZ047,23,0.0,0.0,0.0,0.0,0.0,0.0,0.0,0.0,1.0
S2,R4,PZ048,0,0.0,0.0,0.0,0.0,0.0,0.0,0.0,0.0,1.0
S2,R4,PZ048,1,0.0,0.0,0.0,0.0,0.0,0.0,0.0,0.0,1.0
S2,R4,PZ048,2,0.0,0.0,0.0,0.0,0.0,0.0,0.0,0.0,1.0
S2,R4,PZ048,3,0.0,0.0,0.0,0.0,0.0,0.0,0.0,0.0,1.0
S2,R4,PZ048,4,0.0,0.0,0.0,0.0,0.0,0.0,0.0,0.0,1.0
S2,R4,PZ048,5,0.0,0.0,0.0,0.0,0.0,0.0,0.0,0.0,1.0
S2,R4,PZ048,6,0.0,0.0,0.0,0.0,0.0,0.0,0.0,0.0,1.0
S2,R4,PZ048,7,0.0,0.0,0.0,0.0,0.0,0.0,0.0,0.0,1.0
S2,R4,PZ048,8,0.0,0.0,0.0,0.0,0.0,0.0,0.0,0.0,1.0
S2,R4,PZ048,9,0.0,0.0,0.0,0.0,0.0,0.0,0.0,0.0,1.0
S2,R4,PZ048,10,0.0,0.0,0.0,0.0,0.0,0.0,0.0,0.0,1.0
S2,R4,PZ048,11,0.0,0.0,1892.8215044420053,0.0,0.0,0.0,0.0,0.0,1.0
S2,R4,PZ048,12,0.0,0.0,10765.476631017526,0.0,0.0,0.0,0.0,0.0,1.0
S2,R4,PZ048,13,0.0,10950.0,10965.747046001881,10950.0,0.0,0.0,0.0,0.0,1.0
S2,R4,PZ048,14,0.0,10950.0,19378.36587613513,10950.0,0.0,0.0,0.0,0.0,1.0
S2,R4,PZ048,15,0.0,10950.0,24529.11601142381,10950.0,0.0,0.0,0.0,0.0,1.0
S2,R4,PZ048,16,0.0,0.0,38606.780632551105,0.0,0.0,0.0,0.0,0.0,1.0
S2,R4,PZ048,17,0.0,0.0,38769.764393295474,0.0,0.0,0.0,0.0,0.0,1.0
S2,R4,PZ048,18,0.0,10950.0,25284.82930613291,10950.0,0.0,0.0,0.0,0.0,1.0
S2,R4,PZ048,19,0.0,10950.0,18896.013483605002,10950.0,0.0,0.0,0.0,0.0,1.0
S2,R4,PZ048,20,0.0,10950.0,10408.4124886174,10950.0,0.0,0.0,0.0,0.0,1.0
S2,R4,PZ048,21,0.0,0.0,10797.427639066853,0.0,0.0,0.0,0.0,0.0,1.0
S2,R4,PZ048,22,0.0,0.0,1667.2374657044213,0.0,0.0,0.0,0.0,0.0,1.0
S2,R4,PZ048,23,0.0,0.0,0.0,0.0,0.0,0.0,0.0,0.0,1.0
S2,R4,PZ049,0,0.0,0.0,0.0,0.0,0.0,0.0,0.0,0.0,1.0
S2,R4,PZ049,1,0.0,0.0,0.0,0.0,0.0,0.0,0.0,0.0,1.0
S2,R4,PZ049,2,0.0,0.0,0.0,0.0,0.0,0.0,0.0,0.0,1.0
S2,R4,PZ049,3,0.0,0.0,0.0,0.0,0.0,0.0,0.0,0.0,1.0
S2,R4,PZ049,4,0.0,0.0,0.0,0.0,0.0,0.0,0.0,0.0,1.0
S2,R4,PZ049,5,0.0,0.0,0.0,0.0,0.0,0.0,0.0,0.0,1.0
S2,R4,PZ049,6,0.0,0.0,0.0,0.0,0.0,0.0,0.0,0.0,1.0
S2,R4,PZ049,7,0.0,0.0,0.0,0.0,0.0,0.0,0.0,0.0,1.0
S2,R4,PZ049,8,0.0,0.0,0.0,0.0,0.0,0.0,0.0,0.0,1.0
S2,R4,PZ049,9,0.0,0.0,0.0,0.0,0.0,0.0,0.0,0.0,1.0
S2,R4,PZ049,10,0.0,0.0,0.0,0.0,0.0,0.0,0.0,0.0,1.0
S2,R4,PZ049,11,0.0,0.0,1912.7033314910145,0.0,0.0,0.0,0.0,0.0,1.0
S2,R4,PZ049,12,0.0,10050.0,828.5550929727324,10050.0,0.0,0.0,0.0,0.0,1.0
S2,R4,PZ049,13,0.0,10050.0,12095.945768594527,10050.0,0.0,0.0,0.0,0.0,1.0
S2,R4,PZ049,14,0.0,10050.0,20596.929102310092,10050.0,0.0,0.0,0.0,0.0,1.0
S2,R4,PZ049,15,0.0,10050.0,25801.781710083444,10050.0,0.0,0.0,0.0,0.0,1.0
S2,R4,PZ049,16,0.0,0.0,39012.29870895403,0.0,0.0,0.0,0.0,0.0,1.0
S2,R4,PZ049,17,0.0,0.0,39176.994419259056,0.0,0.0,0.0,0.0,0.0,1.0
S2,R4,PZ049,18,0.0,10050.0,26565.43286950339,10050.0,0.0,0.0,0.0,0.0,1.0
S2,R4,PZ049,19,0.0,10050.0,20109.51017454542,10050.0,0.0,0.0,0.0,0.0,1.0
S2,R4,PZ049,20,0.0,10050.0,11532.757077974373,10050.0,0.0,0.0,0.0,0.0,1.0
S2,R4,PZ049,21,0.0,10050.0,860.8417081644056,10050.0,0.0,0.0,0.0,0.0,1.0
S2,R4,PZ049,22,0.0,0.0,1684.7498021106665,0.0,0.0,0.0,0.0,0.0,1.0
S2,R4,PZ049,23,0.0,0.0,0.0,0.0,0.0,0.0,0.0,0.0,1.0
S2,R4,PZ050,0,0.0,0.0,0.0,0.0,0.0,0.0,0.0,0.0,1.0
S2,R4,PZ050,1,0.0,0.0,0.0,0.0,0.0,0.0,0.0,0.0,1.0
S2,R4,PZ050,2,0.0,0.0,0.0,0.0,0.0,0.0,0.0,0.0,1.0
S2,R4,PZ050,3,0.0,0.0,0.0,0.0,0.0,0.0,0.0,0.0,1.0
S2,R4,PZ050,4,0.0,0.0,0.0,0.0,0.0,0.0,0.0,0.0,1.0
S2,R4,PZ050,5,0.0,0.0,0.0,0.0,0.0,0.0,0.0,0.0,1.0
S2,R4,PZ050,6,0.0,0.0,0.0,0.0,0.0,0.0,0.0,0.0,1.0
S2,R4,PZ050,7,0.0,0.0,0.0,0.0,0.0,0.0,0.0,0.0,1.0
S2,R4,PZ050,8,0.0,0.0,0.0,0.0,0.0,0.0,0.0,0.0,1.0
S2,R4,PZ050,9,0.0,0.0,0.0,0.0,0.0,0.0,0.0,0.0,1.0
S2,R4,PZ050,10,0.0,0.0,0.0,0.0,0.0,0.0,0.0,0.0,1.0
S2,R4,PZ050,11,0.0,489.743757251502,0.0,489.743757251502,0.0,0.0,0.0,0.0,1.0
S2,R4,PZ050,12,0.0,2785.4316751499614,0.0,2785.4316751499614,0.0,0.0,0.0,0.0,1.0
S2,R4,PZ050,13,0.0,5670.423902145244,0.0,5670.423902145245,0.0,0.0,0.0,0.0,1.0
S2,R4,PZ050,14,0.0,2680.242782823332,5166.840431637131,2680.242782823332,0.0,0.0,0.0,0.0,1.0
S2,R4,PZ050,15,0.0,9179.775028242237,0.0,9179.775028242237,0.0,0.0,0.0,0.0,1.0
S2,R4,PZ050,16,0.0,0.0,9989.018910657356,0.0,0.0,0.0,0.0,0.0,1.0
S2,R4,PZ050,17,0.0,0.0,10031.188908816512,0.0,0.0,0.0,0.0,0.0,1.0
S2,R4,PZ050,18,0.0,9375.306338240138,0.0,9375.306338240138,0.0,0.0,0.0,0.0,1.0
S2,R4,PZ050,19,0.0,7722.2805996959005,0.0,7722.2805996959,0.0,0.0,0.0,0.0,1.0
S2,R4,PZ050,20,0.0,5526.220595315188,0.0,5526.220595315188,0.0,0.0,0.0,0.0,1.0
S2,R4,PZ050,21,0.0,2793.6985966179013,0.0,2793.6985966179013,0.0,0.0,0.0,0.0,1.0
S2,R4,PZ050,22,0.0,431.37672451859714,0.0,431.37672451859714,0.0,0.0,0.0,0.0,1.0
S2,R4,PZ050,23,0.0,0.0,0.0,0.0,0.0,0.0,0.0,0.0,1.0
S2,R4,PZ052,0,0.0,0.0,0.0,0.0,0.0,0.0,0.0,0.0,1.0
S2,R4,PZ052,1,0.0,0.0,0.0,0.0,0.0,0.0,0.0,0.0,1.0
S2,R4,PZ052,2,0.0,0.0,0.0,0.0,0.0,0.0,0.0,0.0,1.0
S2,R4,PZ052,3,0.0,0.0,0.0,0.0,0.0,0.0,0.0,0.0,1.0
S2,R4,PZ052,4,0.0,0.0,0.0,0.0,0.0,0.0,0.0,0.0,1.0
S2,R4,PZ052,5,0.0,0.0,0.0,0.0,0.0,0.0,0.0,0.0,1.0
S2,R4,PZ052,6,0.0,0.0,0.0,0.0,0.0,0.0,0.0,0.0,1.0
S2,R4,PZ052,7,0.0,0.0,0.0,0.0,0.0,0.0,0.0,0.0,1.0
S2,R4,PZ052,8,0.0,0.0,0.0,0.0,0.0,0.0,0.0,0.0,1.0
S2,R4,PZ052,9,0.0,0.0,0.0,0.0,0.0,0.0,0.0,0.0,1.0
S2,R4,PZ052,10,0.0,0.0,0.0,0.0,0.0,0.0,0.0,0.0,1.0
S2,R4,PZ052,11,0.0,0.0,2232.82567509739,0.0,0.0,0.0,0.0,0.0,1.0
S2,R4,PZ052,12,0.0,11700.0,999.2601098342875,11700.0,0.0,0.0,0.0,0.0,1.0
S2,R4,PZ052,13,0.0,11700.0,14152.433828766276,11700.0,0.0,0.0,0.0,0.0,1.0
S2,R4,PZ052,14,0.0,11700.0,24076.19646282759,11700.0,0.0,0.0,0.0,0.0,1.0
S2,R4,PZ052,15,0.0,11700.0,30152.166712053113,11700.0,0.0,0.0,0.0,0.0,1.0
S2,R4,PZ052,16,0.0,0.0,45541.64818336885,0.0,0.0,0.0,0.0,0.0,1.0
S2,R4,PZ052,17,0.0,0.0,45733.90842806702,0.0,0.0,0.0,0.0,0.0,1.0
S2,R4,PZ052,18,0.0,11700.0,31043.62744592529,11700.0,0.0,0.0,0.0,0.0,1.0
S2,R4,PZ052,19,0.0,11700.0,23507.199965292857,11700.0,0.0,0.0,0.0,0.0,1.0
S2,R4,PZ052,20,0.0,11700.0,13494.986253056297,11700.0,0.0,0.0,0.0,0.0,1.0
S2,R4,PZ052,21,0.0,11700.0,1036.9504208067483,11700.0,0.0,0.0,0.0,0.0,1.0
S2,R4,PZ052,22,0.0,0.0,1966.7203754674983,0.0,0.0,0.0,0.0,0.0,1.0
S2,R4,PZ052,23,0.0,0.0,0.0,0.0,0.0,0.0,0.0,0.0,1.0
S2,R5,PZ001,0,0.0,0.0,0.0,0.0,0.0,0.0,0.0,0.0,1.0
S2,R5,PZ001,1,0.0,0.0,0.0,0.0,0.0,0.0,0.0,0.0,1.0
S2,R5,PZ001,2,0.0,0.0,0.0,0.0,0.0,0.0,0.0,0.0,1.0
S2,R5,PZ001,3,0.0,0.0,0.0,0.0,0.0,0.0,0.0,0.0,1.0
S2,R5,PZ001,4,0.0,0.0,0.0,0.0,0.0,0.0,0.0,0.0,1.0
S2,R5,PZ001,5,0.0,0.0,0.0,0.0,0.0,0.0,0.0,0.0,1.0
S2,R5,PZ001,6,0.0,0.0,0.0,0.0,0.0,0.0,0.0,0.0,1.0
S2,R5,PZ001,7,0.0,0.0,0.0,0.0,0.0,0.0,0.0,0.0,1.0
S2,R5,PZ001,8,0.0,0.0,0.0,0.0,0.0,0.0,0.0,0.0,1.0
S2,R5,PZ001,9,0.0,0.0,0.0,0.0,0.0,0.0,0.0,0.0,1.0
S2,R5,PZ001,10,0.0,0.0,0.0,0.0,0.0,0.0,0.0,0.0,1.0
S2,R5,PZ001,11,0.0,0.0,3342.0050564754247,0.0,0.0,0.0,0.0,0.0,1.0
S2,R5,PZ001,12,0.0,4800.0,14207.749675178598,4800.0,0.0,0.0,0.0,0.0,1.0
S2,R5,PZ001,13,0.0,4800.0,33894.899266672364,4800.0,0.0,0.0,0.0,0.0,1.0
S2,R5,PZ001,14,0.0,4800.0,48748.39422249698,4800.0,0.0,0.0,0.0,0.0,1.0
S2,R5,PZ001,15,0.0,4800.0,57842.66589913392,4800.0,0.0,0.0,0.0,0.0,1.0
S2,R5,PZ001,16,0.0,0.0,68164.93567165962,0.0,0.0,0.0,0.0,0.0,1.0
S2,R5,PZ001,17,0.0,0.0,68452.703192925,0.0,0.0,0.0,0.0,0.0,1.0
S2,R5,PZ001,18,0.0,4800.0,59176.969026098894,4800.0,0.0,0.0,0.0,0.0,1.0
S2,R5,PZ001,19,0.0,4800.0,47896.74279574826,4800.0,0.0,0.0,0.0,0.0,1.0
S2,R5,PZ001,20,0.0,4800.0,32910.85776854044,4800.0,0.0,0.0,0.0,0.0,1.0
S2,R5,PZ001,21,0.0,4800.0,14264.163040205225,4800.0,0.0,0.0,0.0,0.0,1.0
S2,R5,PZ001,22,0.0,0.0,2943.7091810577363,0.0,0.0,0.0,0.0,0.0,1.0
S2,R5,PZ001,23,0.0,0.0,0.0,0.0,0.0,0.0,0.0,0.0,1.0
S2,R5,PZ006,0,0.0,0.0,0.0,0.0,0.0,0.0,0.0,0.0,1.0
S2,R5,PZ006,1,0.0,0.0,0.0,0.0,0.0,0.0,0.0,0.0,1.0
S2,R5,PZ006,2,0.0,0.0,0.0,0.0,0.0,0.0,0.0,0.0,1.0
S2,R5,PZ006,3,0.0,0.0,0.0,0.0,0.0,0.0,0.0,0.0,1.0
S2,R5,PZ006,4,0.0,0.0,0.0,0.0,0.0,0.0,0.0,0.0,1.0
S2,R5,PZ006,5,0.0,0.0,0.0,0.0,0.0,0.0,0.0,0.0,1.0
S2,R5,PZ006,6,0.0,0.0,0.0,0.0,0.0,0.0,0.0,0.0,1.0
S2,R5,PZ006,7,0.0,0.0,0.0,0.0,0.0,0.0,0.0,0.0,1.0
S2,R5,PZ006,8,0.0,0.0,0.0,0.0,0.0,0.0,0.0,0.0,1.0
S2,R5,PZ006,9,0.0,0.0,0.0,0.0,0.0,0.0,0.0,0.0,1.0
S2,R5,PZ006,10,0.0,0.0,0.0,0.0,0.0,0.0,0.0,0.0,1.0
S2,R5,PZ006,11,0.0,750.0,12900.382926182117,750.0,0.0,0.0,0.0,0.0,1.0
S2,R5,PZ006,12,0.0,750.0,76886.94466244729,750.0,0.0,0.0,0.0,0.0,1.0
S2,R5,PZ006,13,0.0,750.0,157298.890816813,750.0,0.0,0.0,0.0,0.0,1.0
S2,R5,PZ006,14,0.0,750.0,217967.827731275,750.0,0.0,0.0,0.0,0.0,1.0
S2,R5,PZ006,15,0.0,750.0,255113.280452926,750.0,0.0,0.0,0.0,0.0,1.0
S2,R5,PZ006,16,0.0,0.0,278418.93065177865,0.0,0.0,0.0,0.0,0.0,1.0
S2,R5,PZ006,17,0.0,0.0,279594.31392996357,0.0,0.0,0.0,0.0,0.0,1.0
S2,R5,PZ006,18,0.0,750.0,260563.22691167938,750.0,0.0,0.0,0.0,0.0,1.0
S2,R5,PZ006,19,0.0,750.0,214489.26683795013,750.0,0.0,0.0,0.0,0.0,1.0
S2,R5,PZ006,20,0.0,750.0,153279.5841318252,750.0,0.0,0.0,0.0,0.0,1.0
S2,R5,PZ006,21,0.0,750.0,77117.36443194342,750.0,0.0,0.0,0.0,0.0,1.0
S2,R5,PZ006,22,0.0,750.0,11273.547800114333,750.0,0.0,0.0,0.0,0.0,1.0
S2,R5,PZ006,23,0.0,0.0,0.0,0.0,0.0,0.0,0.0,0.0,1.0
S2,R5,PZ039,0,0.0,0.0,0.0,0.0,0.0,0.0,0.0,0.0,1.0
S2,R5,PZ039,1,0.0,0.0,0.0,0.0,0.0,0.0,0.0,0.0,1.0
S2,R5,PZ039,2,0.0,0.0,0.0,0.0,0.0,0.0,0.0,0.0,1.0
S2,R5,PZ039,3,0.0,0.0,0.0,0.0,0.0,0.0,0.0,0.0,1.0
S2,R5,PZ039,4,0.0,0.0,0.0,0.0,0.0,0.0,0.0,0.0,1.0
S2,R5,PZ039,5,0.0,0.0,0.0,0.0,0.0,0.0,0.0,0.0,1.0
S2,R5,PZ039,6,0.0,0.0,0.0,0.0,0.0,0.0,0.0,0.0,1.0
S2,R5,PZ039,7,0.0,0.0,0.0,0.0,0.0,0.0,0.0,0.0,1.0
S2,R5,PZ039,8,0.0,0.0,0.0,0.0,0.0,0.0,0.0,0.0,1.0
S2,R5,PZ039,9,0.0,0.0,0.0,0.0,0.0,0.0,0.0,0.0,1.0
S2,R5,PZ039,10,0.0,0.0,0.0,0.0,0.0,0.0,0.0,0.0,1.0
S2,R5,PZ039,11,0.0,6300.0,8878.05567628007,6300.0,0.0,0.0,0.0,0.0,1.0
S2,R5,PZ039,12,0.0,6300.0,80025.62727326222,6300.0,0.0,0.0,0.0,0.0,1.0
S2,R5,PZ039,13,0.0,6300.0,169436.81832695956,6300.0,0.0,0.0,0.0,0.0,1.0
S2,R5,PZ039,14,0.0,6300.0,236895.47551541228,6300.0,0.0,0.0,0.0,0.0,1.0
S2,R5,PZ039,15,0.0,6300.0,278198.03476072545,6300.0,0.0,0.0,0.0,0.0,1.0
S2,R5,PZ039,16,0.0,0.0,309577.98426721414,0.0,0.0,0.0,0.0,0.0,1.0
S2,R5,PZ039,17,0.0,0.0,310884.90971639263,0.0,0.0,0.0,0.0,0.0,1.0
S2,R5,PZ039,18,0.0,6300.0,284257.9080427448,6300.0,0.0,0.0,0.0,0.0,1.0
S2,R5,PZ039,19,0.0,6300.0,233027.61399110686,6300.0,0.0,0.0,0.0,0.0,1.0
S2,R5,PZ039,20,0.0,6300.0,164967.6938361163,6300.0,0.0,0.0,0.0,0.0,1.0
S2,R5,PZ039,21,0.0,6300.0,80281.8343049067,6300.0,0.0,0.0,0.0,0.0,1.0
S2,R5,PZ039,22,0.0,6300.0,7069.154471594882,6300.0,0.0,0.0,0.0,0.0,1.0
S2,R5,PZ039,23,0.0,0.0,0.0,0.0,0.0,0.0,0.0,0.0,1.0
S2,R5,PZ040,0,0.0,0.0,0.0,0.0,0.0,0.0,0.0,0.0,1.0
S2,R5,PZ040,1,0.0,0.0,0.0,0.0,0.0,0.0,0.0,0.0,1.0
S2,R5,PZ040,2,0.0,0.0,0.0,0.0,0.0,0.0,0.0,0.0,1.0
S2,R5,PZ040,3,0.0,0.0,0.0,0.0,0.0,0.0,0.0,0.0,1.0
S2,R5,PZ040,4,0.0,0.0,0.0,0.0,0.0,0.0,0.0,0.0,1.0
S2,R5,PZ040,5,0.0,0.0,0.0,0.0,0.0,0.0,0.0,0.0,1.0
S2,R5,PZ040,6,0.0,0.0,0.0,0.0,0.0,0.0,0.0,0.0,1.0
S2,R5,PZ040,7,0.0,0.0,0.0,0.0,0.0,0.0,0.0,0.0,1.0
S2,R5,PZ040,8,0.0,0.0,0.0,0.0,0.0,0.0,0.0,0.0,1.0
S2,R5,PZ040,9,0.0,0.0,0.0,0.0,0.0,0.0,0.0,0.0,1.0
S2,R5,PZ040,10,0.0,0.0,0.0,0.0,0.0,0.0,0.0,0.0,1.0
S2,R5,PZ040,11,0.0,6600.0,10708.303427457282,6600.0,0.0,0.0,0.0,0.0,1.0
S2,R5,PZ040,12,0.0,6600.0,91841.47249678554,6600.0,0.0,0.0,0.0,0.0,1.0
S2,R5,PZ040,13,0.0,6600.0,193801.5692031268,6600.0,0.0,0.0,0.0,0.0,1.0
S2,R5,PZ040,14,0.0,6600.0,270728.0828705693,6600.0,0.0,0.0,0.0,0.0,1.0
S2,R5,PZ040,15,0.0,6600.0,317827.4770878145,6600.0,0.0,0.0,0.0,0.0,1.0
S2,R5,PZ040,16,0.0,0.0,353027.41012680065,0.0,0.0,0.0,0.0,0.0,1.0
S2,R5,PZ040,17,0.0,0.0,354517.76322036574,0.0,0.0,0.0,0.0,0.0,1.0
S2,R5,PZ040,18,0.0,6600.0,324737.8566340594,6600.0,0.0,0.0,0.0,0.0,1.0
S2,R5,PZ040,19,0.0,6600.0,266317.36503516906,6600.0,0.0,0.0,0.0,0.0,1.0
S2,R5,PZ040,20,0.0,6600.0,188705.20084130287,6600.0,0.0,0.0,0.0,0.0,1.0
S2,R5,PZ040,21,0.0,6600.0,92133.63831423482,6600.0,0.0,0.0,0.0,0.0,1.0
S2,R5,PZ040,22,0.0,6600.0,8645.522028525318,6600.0,0.0,0.0,0.0,0.0,1.0
S2,R5,PZ040,23,0.0,0.0,0.0,0.0,0.0,0.0,0.0,0.0,1.0
S2,R5,PZ041,0,0.0,0.0,0.0,0.0,0.0,0.0,0.0,0.0,1.0
S2,R5,PZ041,1,0.0,0.0,0.0,0.0,0.0,0.0,0.0,0.0,1.0
S2,R5,PZ041,2,0.0,0.0,0.0,0.0,0.0,0.0,0.0,0.0,1.0
S2,R5,PZ041,3,0.0,0.0,0.0,0.0,0.0,0.0,0.0,0.0,1.0
S2,R5,PZ041,4,0.0,0.0,0.0,0.0,0.0,0.0,0.0,0.0,1.0
S2,R5,PZ041,5,0.0,0.0,0.0,0.0,0.0,0.0,0.0,0.0,1.0
S2,R5,PZ041,6,0.0,0.0,0.0,0.0,0.0,0.0,0.0,0.0,1.0
S2,R5,PZ041,7,0.0,0.0,0.0,0.0,0.0,0.0,0.0,0.0,1.0
S2,R5,PZ041,8,0.0,0.0,0.0,0.0,0.0,0.0,0.0,0.0,1.0
S2,R5,PZ041,9,0.0,0.0,0.0,0.0,0.0,0.0,0.0,0.0,1.0
S2,R5,PZ041,10,0.0,0.0,0.0,0.0,0.0,0.0,0.0,0.0,1.0
S2,R5,PZ041,11,0.0,0.0,816.4773113102248,0.0,0.0,0.0,0.0,0.0,1.0
S2,R5,PZ041,12,0.0,0.0,4643.738141202822,0.0,0.0,0.0,0.0,0.0,1.0
S2,R5,PZ041,13,0.0,6900.0,2553.4588610084484,6900.0,0.0,0.0,0.0,0.0,1.0
S2,R5,PZ041,14,0.0,6900.0,6182.280906502816,6900.0,0.0,0.0,0.0,0.0,1.0
S2,R5,PZ041,15,0.0,6900.0,8404.080802489856,6900.0,0.0,0.0,0.0,0.0,1.0
S2,R5,PZ041,16,0.0,6900.0,9753.21340402955,6900.0,0.0,0.0,0.0,0.0,1.0
S2,R5,PZ041,17,0.0,6900.0,9823.517203118638,6900.0,0.0,0.0,0.0,0.0,1.0
S2,R5,PZ041,18,0.0,6900.0,8730.061227763696,6900.0,0.0,0.0,0.0,0.0,1.0
S2,R5,PZ041,19,0.0,6900.0,5974.215970832534,6900.0,0.0,0.0,0.0,0.0,1.0
S2,R5,PZ041,20,0.0,6900.0,2313.0500216933524,6900.0,0.0,0.0,0.0,0.0,1.0
S2,R5,PZ041,21,0.0,0.0,4657.520356316368,0.0,0.0,0.0,0.0,0.0,1.0
S2,R5,PZ041,22,0.0,0.0,719.1705927471023,0.0,0.0,0.0,0.0,0.0,1.0
S2,R5,PZ041,23,0.0,0.0,0.0,0.0,0.0,0.0,0.0,0.0,1.0
S2,R5,PZ047,0,0.0,0.0,0.0,0.0,0.0,0.0,0.0,0.0,1.0
S2,R5,PZ047,1,0.0,0.0,0.0,0.0,0.0,0.0,0.0,0.0,1.0
S2,R5,PZ047,2,0.0,0.0,0.0,0.0,0.0,0.0,0.0,0.0,1.0
S2,R5,PZ047,3,0.0,0.0,0.0,0.0,0.0,0.0,0.0,0.0,1.0
S2,R5,PZ047,4,0.0,0.0,0.0,0.0,0.0,0.0,0.0,0.0,1.0
S2,R5,PZ047,5,0.0,0.0,0.0,0.0,0.0,0.0,0.0,0.0,1.0
S2,R5,PZ047,6,0.0,0.0,0.0,0.0,0.0,0.0,0.0,0.0,1.0
S2,R5,PZ047,7,0.0,0.0,0.0,0.0,0.0,0.0,0.0,0.0,1.0
S2,R5,PZ047,8,0.0,0.0,0.0,0.0,0.0,0.0,0.0,0.0,1.0
S2,R5,PZ047,9,0.0,0.0,0.0,0.0,0.0,0.0,0.0,0.0,1.0
S2,R5,PZ047,10,0.0,0.0,0.0,0.0,0.0,0.0,0.0,0.0,1.0
S2,R5,PZ047,11,0.0,0.0,8371.79595575555,0.0,0.0,0.0,0.0,0.0,1.0
S2,R5,PZ047,12,0.0,8850.0,38764.82977123203,8850.0,0.0,0.0,0.0,0.0,1.0
S2,R5,PZ047,13,0.0,8850.0,88081.57123189355,8850.0,0.0,0.0,0.0,0.0,1.0
S2,R5,PZ047,14,0.0,8850.0,125289.90182943954,8850.0,0.0,0.0,0.0,0.0,1.0
S2,R5,PZ047,15,0.0,8850.0,148071.25181438122,8850.0,0.0,0.0,0.0,0.0,1.0
S2,R5,PZ047,16,0.0,0.0,170754.65869646973,0.0,0.0,0.0,0.0,0.0,1.0
S2,R5,PZ047,17,0.0,0.0,171475.52264790493,0.0,0.0,0.0,0.0,0.0,1.0
S2,R5,PZ047,18,0.0,8850.0,151413.7104083422,8850.0,0.0,0.0,0.0,0.0,1.0
S2,R5,PZ047,19,0.0,8850.0,123156.49632894405,8850.0,0.0,0.0,0.0,0.0,1.0
S2,R5,PZ047,20,0.0,8850.0,85616.525699304,8850.0,0.0,0.0,0.0,0.0,1.0
S2,R5,PZ047,21,0.0,8850.0,38906.14648775387,8850.0,0.0,0.0,0.0,0.0,1.0
S2,R5,PZ047,22,0.0,0.0,7374.056053311318,0.0,0.0,0.0,0.0,0.0,1.0
S2,R5,PZ047,23,0.0,0.0,0.0,0.0,0.0,0.0,0.0,0.0,1.0
S2,R5,PZ048,0,0.0,0.0,0.0,0.0,0.0,0.0,0.0,0.0,1.0
S2,R5,PZ048,1,0.0,0.0,0.0,0.0,0.0,0.0,0.0,0.0,1.0
S2,R5,PZ048,2,0.0,0.0,0.0,0.0,0.0,0.0,0.0,0.0,1.0
S2,R5,PZ048,3,0.0,0.0,0.0,0.0,0.0,0.0,0.0,0.0,1.0
S2,R5,PZ048,4,0.0,0.0,0.0,0.0,0.0,0.0,0.0,0.0,1.0
S2,R5,PZ048,5,0.0,0.0,0.0,0.0,0.0,0.0,0.0,0.0,1.0
S2,R5,PZ048,6,0.0,0.0,0.0,0.0,0.0,0.0,0.0,0.0,1.0
S2,R5,PZ048,7,0.0,0.0,0.0,0.0,0.0,0.0,0.0,0.0,1.0
S2,R5,PZ048,8,0.0,0.0,0.0,0.0,0.0,0.0,0.0,0.0,1.0
S2,R5,PZ048,9,0.0,0.0,0.0,0.0,0.0,0.0,0.0,0.0,1.0
S2,R5,PZ048,10,0.0,0.0,0.0,0.0,0.0,0.0,0.0,0.0,1.0
S2,R5,PZ048,11,0.0,0.0,8601.715496222076,0.0,0.0,0.0,0.0,0.0,1.0
S2,R5,PZ048,12,0.0,10950.0,37972.503756390164,10950.0,0.0,0.0,0.0,0.0,1.0
S2,R5,PZ048,13,0.0,10950.0,88643.65980071654,10950.0,0.0,0.0,0.0,0.0,1.0
S2,R5,PZ048,14,0.0,10950.0,126873.86459559447,10950.0,0.0,0.0,0.0,0.0,1.0
S2,R5,PZ048,15,0.0,10950.0,150280.87215119682,10950.0,0.0,0.0,0.0,0.0,1.0
S2,R5,PZ048,16,0.0,0.0,175444.1939966009,0.0,0.0,0.0,0.0,0.0,1.0
S2,R5,PZ048,17,0.0,0.0,176184.85545735533,0.0,0.0,0.0,0.0,0.0,1.0
S2,R5,PZ048,18,0.0,10950.0,153715.12664510726,10950.0,0.0,0.0,0.0,0.0,1.0
S2,R5,PZ048,19,0.0,10950.0,124681.86812908703,10950.0,0.0,0.0,0.0,0.0,1.0
S2,R5,PZ048,20,0.0,10950.0,86110.915277483,10950.0,0.0,0.0,0.0,0.0,1.0
S2,R5,PZ048,21,0.0,10950.0,38117.701536747605,10950.0,0.0,0.0,0.0,0.0,1.0
S2,R5,PZ048,22,0.0,0.0,7576.574077891952,0.0,0.0,0.0,0.0,0.0,1.0
S2,R5,PZ048,23,0.0,0.0,0.0,0.0,0.0,0.0,0.0,0.0,1.0
S2,R5,PZ049,0,0.0,0.0,0.0,0.0,0.0,0.0,0.0,0.0,1.0
S2,R5,PZ049,1,0.0,0.0,0.0,0.0,0.0,0.0,0.0,0.0,1.0
S2,R5,PZ049,2,0.0,0.0,0.0,0.0,0.0,0.0,0.0,0.0,1.0
S2,R5,PZ049,3,0.0,0.0,0.0,0.0,0.0,0.0,0.0,0.0,1.0
S2,R5,PZ049,4,0.0,0.0,0.0,0.0,0.0,0.0,0.0,0.0,1.0
S2,R5,PZ049,5,0.0,0.0,0.0,0.0,0.0,0.0,0.0,0.0,1.0
S2,R5,PZ049,6,0.0,0.0,0.0,0.0,0.0,0.0,0.0,0.0,1.0
S2,R5,PZ049,7,0.0,0.0,0.0,0.0,0.0,0.0,0.0,0.0,1.0
S2,R5,PZ049,8,0.0,0.0,0.0,0.0,0.0,0.0,0.0,0.0,1.0
S2,R5,PZ049,9,0.0,0.0,0.0,0.0,0.0,0.0,0.0,0.0,1.0
S2,R5,PZ049,10,0.0,0.0,0.0,0.0,0.0,0.0,0.0,0.0,1.0
S2,R5,PZ049,11,0.0,0.0,8399.250743529328,0.0,0.0,0.0,0.0,0.0,1.0
S2,R5,PZ049,12,0.0,10050.0,37720.97966465544,10050.0,0.0,0.0,0.0,0.0,1.0
S2,R5,PZ049,13,0.0,10050.0,87199.45233301152,10050.0,0.0,0.0,0.0,0.0,1.0
S2,R5,PZ049,14,0.0,10050.0,124529.80535267232,10050.0,0.0,0.0,0.0,0.0,1.0
S2,R5,PZ049,15,0.0,10050.0,147385.86536785628,10050.0,0.0,0.0,0.0,0.0,1.0
S2,R5,PZ049,16,0.0,0.0,171314.63805342867,0.0,0.0,0.0,0.0,0.0,1.0
S2,R5,PZ049,17,0.0,0.0,172037.86603367023,0.0,0.0,0.0,0.0,0.0,1.0
S2,R5,PZ049,18,0.0,10050.0,150739.28534833752,10050.0,0.0,0.0,0.0,0.0,1.0
S2,R5,PZ049,19,0.0,10050.0,122389.40348060243,10050.0,0.0,0.0,0.0,0.0,1.0
S2,R5,PZ049,20,0.0,10050.0,84726.32283584523,10050.0,0.0,0.0,0.0,0.0,1.0
S2,R5,PZ049,21,0.0,10050.0,37862.75982062104,10050.0,0.0,0.0,0.0,0.0,1.0
S2,R5,PZ049,22,0.0,0.0,7398.23881469795,0.0,0.0,0.0,0.0,0.0,1.0
S2,R5,PZ049,23,0.0,0.0,0.0,0.0,0.0,0.0,0.0,0.0,1.0
S2,R5,PZ050,0,0.0,0.0,0.0,0.0,0.0,0.0,0.0,0.0,1.0
S2,R5,PZ050,1,0.0,0.0,0.0,0.0,0.0,0.0,0.0,0.0,1.0
S2,R5,PZ050,2,0.0,0.0,0.0,0.0,0.0,0.0,0.0,0.0,1.0
S2,R5,PZ050,3,0.0,0.0,0.0,0.0,0.0,0.0,0.0,0.0,1.0
S2,R5,PZ050,4,0.0,0.0,0.0,0.0,0.0,0.0,0.0,0.0,1.0
S2,R5,PZ050,5,0.0,0.0,0.0,0.0,0.0,0.0,0.0,0.0,1.0
S2,R5,PZ050,6,0.0,0.0,0.0,0.0,0.0,0.0,0.0,0.0,1.0
S2,R5,PZ050,7,0.0,0.0,0.0,0.0,0.0,0.0,0.0,0.0,1.0
S2,R5,PZ050,8,0.0,0.0,0.0,0.0,0.0,0.0,0.0,0.0,1.0
S2,R5,PZ050,9,0.0,0.0,0.0,0.0,0.0,0.0,0.0,0.0,1.0
S2,R5,PZ050,10,0.0,0.0,0.0,0.0,0.0,0.0,0.0,0.0,1.0
S2,R5,PZ050,11,0.0,0.0,1088.4013065262009,0.0,0.0,0.0,0.0,0.0,1.0
S2,R5,PZ050,12,0.0,0.0,6190.313668287978,0.0,0.0,0.0,0.0,0.0,1.0
S2,R5,PZ050,13,0.0,11850.0,751.8896459008483,11850.0,0.0,0.0,0.0,0.0,1.0
S2,R5,PZ050,14,0.0,11850.0,5589.274103197145,11850.0,0.0,0.0,0.0,0.0,1.0
S2,R5,PZ050,15,0.0,11850.0,8551.03418658697,11850.0,0.0,0.0,0.0,0.0,1.0
S2,R5,PZ050,16,0.0,0.0,22199.489166109324,0.0,0.0,0.0,0.0,0.0,1.0
S2,R5,PZ050,17,0.0,0.0,22293.207320578953,0.0,0.0,0.0,0.0,0.0,1.0
S2,R5,PZ050,18,0.0,11850.0,8985.580885993302,11850.0,0.0,0.0,0.0,0.0,1.0
S2,R5,PZ050,19,0.0,11850.0,5311.914102265313,11850.0,0.0,0.0,0.0,0.0,1.0
S2,R5,PZ050,20,0.0,11850.0,431.41375369130037,11850.0,0.0,0.0,0.0,0.0,1.0
S2,R5,PZ050,21,0.0,0.0,6208.685986451157,0.0,0.0,0.0,0.0,0.0,1.0
S2,R5,PZ050,22,0.0,0.0,958.6870350445782,0.0,0.0,0.0,0.0,0.0,1.0
S2,R5,PZ050,23,0.0,0.0,0.0,0.0,0.0,0.0,0.0,0.0,1.0
S2,R5,PZ052,0,0.0,0.0,0.0,0.0,0.0,0.0,0.0,0.0,1.0
S2,R5,PZ052,1,0.0,0.0,0.0,0.0,0.0,0.0,0.0,0.0,1.0
S2,R5,PZ052,2,0.0,0.0,0.0,0.0,0.0,0.0,0.0,0.0,1.0
S2,R5,PZ052,3,0.0,0.0,0.0,0.0,0.0,0.0,0.0,0.0,1.0
S2,R5,PZ052,4,0.0,0.0,0.0,0.0,0.0,0.0,0.0,0.0,1.0
S2,R5,PZ052,5,0.0,0.0,0.0,0.0,0.0,0.0,0.0,0.0,1.0
S2,R5,PZ052,6,0.0,0.0,0.0,0.0,0.0,0.0,0.0,0.0,1.0
S2,R5,PZ052,7,0.0,0.0,0.0,0.0,0.0,0.0,0.0,0.0,1.0
S2,R5,PZ052,8,0.0,0.0,0.0,0.0,0.0,0.0,0.0,0.0,1.0
S2,R5,PZ052,9,0.0,0.0,0.0,0.0,0.0,0.0,0.0,0.0,1.0
S2,R5,PZ052,10,0.0,0.0,0.0,0.0,0.0,0.0,0.0,0.0,1.0
S2,R5,PZ052,11,0.0,0.0,9974.815674760795,0.0,0.0,0.0,0.0,0.0,1.0
S2,R5,PZ052,12,0.0,11700.0,45032.050430186144,11700.0,0.0,0.0,0.0,0.0,1.0
S2,R5,PZ052,13,0.0,11700.0,103791.89220723484,11700.0,0.0,0.0,0.0,0.0,1.0
S2,R5,PZ052,14,0.0,11700.0,148124.8216333185,11700.0,0.0,0.0,0.0,0.0,1.0
S2,R5,PZ052,15,0.0,11700.0,175268.3124831859,11700.0,0.0,0.0,0.0,0.0,1.0
S2,R5,PZ052,16,0.0,0.0,203450.52066552176,0.0,0.0,0.0,0.0,0.0,1.0
S2,R5,PZ052,17,0.0,0.0,204309.41463285533,0.0,0.0,0.0,0.0,0.0,1.0
S2,R5,PZ052,18,0.0,11700.0,179250.78034927856,11700.0,0.0,0.0,0.0,0.0,1.0
S2,R5,PZ052,19,0.0,11700.0,145582.91464712002,11700.0,0.0,0.0,0.0,0.0,1.0
S2,R5,PZ052,20,0.0,11700.0,100854.84322187715,11700.0,0.0,0.0,0.0,0.0,1.0
S2,R5,PZ052,21,0.0,11700.0,45200.42627289868,11700.0,0.0,0.0,0.0,0.0,1.0
S2,R5,PZ052,22,0.0,0.0,8786.029938601887,0.0,0.0,0.0,0.0,0.0,1.0
S2,R5,PZ052,23,0.0,0.0,0.0,0.0,0.0,0.0,0.0,0.0,1.0
S3,R0,PZ001,0,1333.2197614991487,0.0,0.0,1333.2197614991487,0.0,-0.0,0.0,0.0,1.0
S3,R0,PZ001,1,1333.2197614991487,0.0,0.0,1333.2197614991487,0.0,-0.0,0.0,0.0,1.0
S3,R0,PZ001,2,1333.2197614991487,0.0,0.0,1333.2197614991487,0.0,-0.0,0.0,0.0,1.0
S3,R0,PZ001,3,1333.2197614991487,0.0,0.0,1333.2197614991487,0.0,-0.0,0.0,0.0,1.0
S3,R0,PZ001,4,1333.2197614991487,0.0,0.0,1333.2197614991487,0.0,-0.0,0.0,0.0,1.0
S3,R0,PZ001,5,1333.2197614991487,0.0,0.0,1333.2197614991487,0.0,-0.0,0.0,0.0,1.0
S3,R0,PZ001,6,1333.2197614991485,0.0,0.0,0.0,1333.2197614991485,0.0,0.0,0.0,1.0
S3,R0,PZ001,7,1333.2197614991483,0.0,0.0,0.0,1333.2197614991483,0.0,1266.558773424191,0.0,1.0
S3,R0,PZ001,8,1333.219761499148,0.0,0.0,0.0,1333.219761499148,0.0,2533.117546848382,0.0,1.0
S3,R0,PZ001,9,1333.219761499148,0.0,0.0,0.0,1333.219761499148,0.0,3799.6763202725724,0.0,1.0
S3,R0,PZ001,10,1333.2197614991487,0.0,0.0,3493.2197614991487,0.0,2160.0,5066.235093696763,0.0,1.0
S3,R0,PZ001,11,1333.2197614991487,0.0,0.0,3493.2197614991483,0.0,2160.0,2792.550883170447,0.0,1.0
S3,R0,PZ001,12,1333.2197614991487,0.0,0.0,1826.1431005110733,0.0,492.92333901192455,518.8666726441311,0.0,1.0
S3,R0,PZ001,13,1333.2197614991487,0.0,0.0,1333.2197614991487,0.0,-0.0,0.0,0.0,1.0
S3,R0,PZ001,14,1333.2197614991487,0.0,0.0,1333.2197614991487,0.0,-0.0,0.0,0.0,1.0
S3,R0,PZ001,15,1333.2197614991487,0.0,0.0,1333.2197614991487,0.0,-0.0,0.0,0.0,1.0
S3,R0,PZ001,16,0.0,0.0,0.0,0.0,0.0,0.0,-0.0,0.0,1.0
S3,R0,PZ001,17,0.0,0.0,0.0,0.0,0.0,0.0,0.0,0.0,1.0
S3,R0,PZ001,18,0.0,0.0,0.0,-0.0,0.0,0.0,-0.0,0.0,1.0
S3,R0,PZ001,19,0.0,0.0,0.0,-0.0,0.0,0.0,-0.0,0.0,1.0
S3,R0,PZ001,20,0.0,0.0,0.0,-0.0,0.0,0.0,-0.0,0.0,1.0
S3,R0,PZ001,21,0.0,0.0,0.0,0.0,0.0,-0.0,-0.0,0.0,1.0
S3,R0,PZ001,22,1333.2197614991487,0.0,0.0,1333.2197614991487,0.0,0.0,-0.0,0.0,1.0
S3,R0,PZ001,23,1333.2197614991487,0.0,0.0,1333.2197614991487,0.0,0.0,-0.0,0.0,1.0
S3,R0,PZ006,0,190.45996592844978,0.0,0.0,190.45996592844978,0.0,-0.0,0.0,0.0,1.0
S3,R0,PZ006,1,190.45996592844978,0.0,0.0,190.45996592844978,0.0,-0.0,0.0,0.0,1.0
S3,R0,PZ006,2,190.45996592844978,0.0,0.0,190.45996592844978,0.0,-0.0,0.0,0.0,1.0
S3,R0,PZ006,3,190.45996592844978,0.0,0.0,190.45996592844978,0.0,-0.0,0.0,0.0,1.0
S3,R0,PZ006,4,190.45996592844978,0.0,0.0,190.45996592844978,0.0,-0.0,0.0,0.0,1.0
S3,R0,PZ006,5,190.45996592844978,0.0,0.0,190.45996592844978,0.0,-0.0,0.0,0.0,1.0
S3,R0,PZ006,6,190.45996592844975,0.0,0.0,0.0,190.45996592844975,0.0,0.0,0.0,1.0
S3,R0,PZ006,7,190.4599659284497,0.0,0.0,0.0,190.4599659284497,0.0,180.93696763202726,0.0,1.0
S3,R0,PZ006,8,190.45996592844963,0.0,0.0,0.0,190.45996592844963,0.0,361.87393526405447,0.0,1.0
S3,R0,PZ006,9,190.45996592844972,0.0,0.0,0.0,190.45996592844972,0.0,542.8109028960816,0.0,1.0
S3,R0,PZ006,10,190.45996592844978,0.0,0.0,527.9599659284497,0.0,337.5,723.7478705281088,0.0,1.0
S3,R0,PZ006,11,190.45996592844978,0.0,0.0,527.9599659284498,0.0,337.5,368.484712633372,0.0,1.0
S3,R0,PZ006,12,190.45996592844978,0.0,0.0,203.0204429301534,0.0,12.560477001703617,13.22155473863511,0.0,1.0
S3,R0,PZ006,13,190.45996592844978,0.0,0.0,190.45996592844978,0.0,0.0,-2.765039659224338e-13,0.0,1.0
S3,R0,PZ006,14,190.45996592844978,0.0,0.0,190.45996592844978,0.0,0.0,-2.765039659224338e-13,0.0,1.0
S3,R0,PZ006,15,190.45996592844978,0.0,0.0,190.45996592844978,0.0,0.0,-2.765039659224338e-13,0.0,1.0
S3,R0,PZ006,16,0.0,0.0,0.0,0.0,0.0,0.0,-2.765039659224338e-13,0.0,1.0
S3,R0,PZ006,17,0.0,0.0,0.0,0.0,0.0,0.0,-2.765039659224338e-13,0.0,1.0
S3,R0,PZ006,18,0.0,0.0,0.0,0.0,0.0,-0.0,-2.765039659224338e-13,0.0,1.0
S3,R0,PZ006,19,0.0,0.0,0.0,-0.0,0.0,0.0,-2.765039659224338e-13,0.0,1.0
S3,R0,PZ006,20,0.0,0.0,0.0,-0.0,0.0,0.0,-2.765039659224338e-13,0.0,1.0
S3,R0,PZ006,21,0.0,0.0,0.0,0.0,0.0,-2.626787676263121e-13,-2.765039659224338e-13,0.0,1.0
S3,R0,PZ006,22,190.4599659284497,0.0,0.0,190.4599659284497,0.0,-0.0,0.0,0.0,1.0
S3,R0,PZ006,23,190.45996592844978,0.0,0.0,190.45996592844978,0.0,-0.0,0.0,0.0,1.0
S3,R0,PZ039,0,1566.2854722575182,0.0,0.0,1566.2854722575182,0.0,-0.0,0.0,0.0,1.0
S3,R0,PZ039,1,1566.2854722575182,0.0,0.0,1566.2854722575182,0.0,-0.0,0.0,0.0,1.0
S3,R0,PZ039,2,1566.2854722575182,0.0,0.0,1566.2854722575182,0.0,-0.0,0.0,0.0,1.0
S3,R0,PZ039,3,1566.2854722575182,0.0,0.0,1566.2854722575182,0.0,-0.0,0.0,0.0,1.0
S3,R0,PZ039,4,1566.2854722575182,0.0,0.0,1566.2854722575182,0.0,-0.0,0.0,0.0,1.0
S3,R0,PZ039,5,1566.2854722575182,0.0,0.0,1566.2854722575182,0.0,-0.0,0.0,0.0,1.0
S3,R0,PZ039,6,1566.2854722575182,0.0,0.0,0.0,1566.2854722575182,0.0,0.0,0.0,1.0
S3,R0,PZ039,7,1566.2854722575182,0.0,0.0,0.0,1566.2854722575182,0.0,1487.9711986446423,0.0,1.0
S3,R0,PZ039,8,1566.2854722575184,0.0,0.0,0.0,1566.2854722575184,0.0,2975.9423972892837,0.0,1.0
S3,R0,PZ039,9,1566.2854722575182,0.0,0.0,4401.285472257518,0.0,2835.0,4463.913595933926,0.0,1.0
S3,R0,PZ039,10,1566.2854722575182,0.0,0.0,2972.003388394749,0.0,1405.717916137231,1479.7030696181378,0.0,1.0
S3,R0,PZ039,11,1566.2854722575196,0.0,0.0,1566.2854722575196,0.0,-0.0,0.0,0.0,1.0
S3,R0,PZ039,12,1566.2854722575182,0.0,0.0,1566.2854722575182,0.0,-0.0,0.0,0.0,1.0
S3,R0,PZ039,13,1566.2854722575182,0.0,0.0,1566.2854722575182,0.0,-0.0,0.0,0.0,1.0
S3,R0,PZ039,14,1566.2854722575182,0.0,0.0,1566.2854722575182,0.0,-0.0,0.0,0.0,1.0
S3,R0,PZ039,15,1566.285472257516,0.0,0.0,1566.285472257516,0.0,-0.0,0.0,0.0,1.0
S3,R0,PZ039,16,0.0,0.0,0.0,0.0,0.0,0.0,0.0,0.0,1.0
S3,R0,PZ039,17,0.0,0.0,0.0,0.0,0.0,0.0,0.0,0.0,1.0
S3,R0,PZ039,18,0.0,0.0,0.0,-0.0,0.0,-0.0,-0.0,0.0,1.0
S3,R0,PZ039,19,0.0,0.0,0.0,-0.0,0.0,-0.0,0.0,0.0,1.0
S3,R0,PZ039,20,0.0,0.0,0.0,-0.0,0.0,-0.0,0.0,0.0,1.0
S3,R0,PZ039,21,0.0,0.0,0.0,-0.0,0.0,-0.0,0.0,0.0,1.0
S3,R0,PZ039,22,1566.2854722575182,0.0,0.0,1566.2854722575182,0.0,-0.0,0.0,0.0,1.0
S3,R0,PZ039,23,1566.2854722575182,0.0,0.0,1566.2854722575182,0.0,0.0,-0.0,0.0,1.0
S3,R0,PZ040,0,1644.2930153321975,0.0,0.0,1644.2930153321975,0.0,-0.0,0.0,0.0,1.0
S3,R0,PZ040,1,1644.2930153321975,0.0,0.0,1644.2930153321975,0.0,-0.0,0.0,0.0,1.0
S3,R0,PZ040,2,1644.2930153321975,0.0,0.0,1644.2930153321975,0.0,-0.0,0.0,0.0,1.0
S3,R0,PZ040,3,1644.2930153321975,0.0,0.0,1644.2930153321975,0.0,-0.0,0.0,0.0,1.0
S3,R0,PZ040,4,1644.2930153321975,0.0,0.0,1644.2930153321975,0.0,-0.0,0.0,0.0,1.0
S3,R0,PZ040,5,1644.2930153321975,0.0,0.0,1644.2930153321975,0.0,-0.0,0.0,0.0,1.0
S3,R0,PZ040,6,1644.293015332198,0.0,0.0,0.0,1644.293015332198,0.0,0.0,0.0,1.0
S3,R0,PZ040,7,1644.2930153321977,0.0,0.0,0.0,1644.2930153321977,0.0,1562.078364565588,0.0,1.0
S3,R0,PZ040,8,1644.2930153321972,0.0,0.0,0.0,1644.2930153321972,0.0,3124.156729131176,0.0,1.0
S3,R0,PZ040,9,1644.2930153321977,0.0,0.0,0.0,1644.2930153321977,0.0,4686.235093696763,0.0,1.0
S3,R0,PZ040,10,1644.2930153321975,0.0,0.0,4614.293015332197,0.0,2970.0,6248.313458262351,0.0,1.0
S3,R0,PZ040,11,1644.2930153321975,0.0,0.0,4610.190800681431,0.0,2965.8977853492333,3121.9976687886665,0.0,1.0
S3,R0,PZ040,12,1644.2930153321975,0.0,0.0,1644.2930153321975,0.0,-0.0,0.0,0.0,1.0
S3,R0,PZ040,13,1644.2930153321975,0.0,0.0,1644.2930153321975,0.0,0.0,-0.0,0.0,1.0
S3,R0,PZ040,14,1644.2930153321975,0.0,0.0,1644.2930153321975,0.0,0.0,-0.0,0.0,1.0
S3,R0,PZ040,15,1644.2930153321975,0.0,0.0,1644.2930153321975,0.0,0.0,-0.0,0.0,1.0
S3,R0,PZ040,16,0.0,0.0,0.0,0.0,0.0,0.0,0.0,0.0,1.0
S3,R0,PZ040,17,0.0,0.0,0.0,0.0,0.0,0.0,0.0,0.0,1.0
S3,R0,PZ040,18,0.0,0.0,0.0,9.609456087998423e-13,0.0,9.609456087998423e-13,-0.0,0.0,1.0
S3,R0,PZ040,19,0.0,0.0,0.0,-0.0,0.0,0.0,-1.0115216934735184e-12,0.0,1.0
S3,R0,PZ040,20,0.0,0.0,0.0,-0.0,0.0,0.0,-1.0115216934735184e-12,0.0,1.0
S3,R0,PZ040,21,0.0,0.0,0.0,0.0,0.0,-9.609456087998425e-13,-1.0115216934735184e-12,0.0,1.0
S3,R0,PZ040,22,1644.2930153321977,0.0,0.0,1644.2930153321977,0.0,-0.0,0.0,0.0,1.0
S3,R0,PZ040,23,1644.2930153321975,0.0,0.0,1644.2930153321975,0.0,-0.0,0.0,0.0,1.0
S3,R0,PZ041,0,1806.3003761418593,0.0,0.0,1806.3003761418593,0.0,-0.0,0.0,0.0,1.0
S3,R0,PZ041,1,1806.3003761418593,0.0,0.0,1806.3003761418593,0.0,-0.0,0.0,0.0,1.0
S3,R0,PZ041,2,1806.3003761418593,0.0,0.0,1806.3003761418593,0.0,-0.0,0.0,0.0,1.0
S3,R0,PZ041,3,1806.3003761418593,0.0,0.0,1806.3003761418593,0.0,-0.0,0.0,0.0,1.0
S3,R0,PZ041,4,1806.3003761418593,0.0,0.0,1806.3003761418593,0.0,-0.0,0.0,0.0,1.0
S3,R0,PZ041,5,1806.3003761418593,0.0,0.0,1806.3003761418593,0.0,-0.0,0.0,0.0,1.0
S3,R0,PZ041,6,1806.3003761418586,0.0,0.0,0.0,1806.3003761418586,0.0,0.0,0.0,1.0
S3,R0,PZ041,7,1806.3003761418593,0.0,0.0,0.0,1806.3003761418593,0.0,1715.9853573347657,0.0,1.0
S3,R0,PZ041,8,1806.3003761418588,0.0,0.0,0.0,1806.3003761418588,0.0,3431.970714669532,0.0,1.0
S3,R0,PZ041,9,1806.3003761418586,0.0,0.0,0.0,1806.3003761418586,0.0,5147.956072004298,0.0,1.0
S3,R0,PZ041,10,1806.3003761418593,0.0,0.0,4911.300376141859,0.0,3105.0,6863.941429339064,0.0,1.0
S3,R0,PZ041,11,1806.3003761418668,0.0,0.0,4911.300376141867,0.0,3105.0,3595.5203767074845,0.0,1.0
S3,R0,PZ041,12,1806.3003761418593,0.0,0.0,2117.04473401397,0.0,310.7443578721107,327.099324075906,0.0,1.0
S3,R0,PZ041,13,1806.3003761418593,0.0,0.0,1806.3003761418593,0.0,-0.0,0.0,0.0,1.0
S3,R0,PZ041,14,1806.3003761418593,0.0,0.0,1806.3003761418593,0.0,0.0,-0.0,0.0,1.0
S3,R0,PZ041,15,1806.300376141857,0.0,0.0,1806.300376141857,0.0,-0.0,0.0,0.0,1.0
S3,R0,PZ041,16,1806.3003761418593,0.0,0.0,1806.3003761418593,0.0,0.0,-0.0,0.0,1.0
S3,R0,PZ041,17,0.0,0.0,0.0,-1.3953964944377048e-11,0.0,0.0,-0.0,0.0,1.0
S3,R0,PZ041,18,0.0,0.0,0.0,-0.0,0.0,-0.0,0.0,0.0,1.0
S3,R0,PZ041,19,0.0,0.0,0.0,1.1566952731794088e-11,0.0,1.1566952731794088e-11,0.0,0.0,1.0
S3,R0,PZ041,20,0.0,0.0,0.0,-0.0,0.0,0.0,-1.2175739717677987e-11,0.0,1.0
S3,R0,PZ041,21,0.0,0.0,0.0,0.0,0.0,-1.1566952731794088e-11,-1.2175739717677987e-11,0.0,1.0
S3,R0,PZ041,22,1806.3003761418593,0.0,0.0,1806.3003761418593,0.0,-0.0,0.0,0.0,1.0
S3,R0,PZ041,23,1806.3003761418593,0.0,0.0,1806.3003761418593,0.0,-0.0,0.0,0.0,1.0
S3,R0,PZ047,0,1986.854060193072,0.0,0.0,1986.854060193072,0.0,-0.0,0.0,0.0,1.0
S3,R0,PZ047,1,1986.854060193072,0.0,0.0,1986.854060193072,0.0,-0.0,0.0,0.0,1.0
S3,R0,PZ047,2,1986.854060193072,0.0,0.0,1986.854060193072,0.0,-0.0,0.0,0.0,1.0
S3,R0,PZ047,3,1986.854060193072,0.0,0.0,1986.854060193072,0.0,-0.0,0.0,0.0,1.0
S3,R0,PZ047,4,1986.854060193072,0.0,0.0,1986.854060193072,0.0,-0.0,0.0,0.0,1.0
S3,R0,PZ047,5,1986.854060193072,0.0,0.0,1986.854060193072,0.0,-0.0,0.0,0.0,1.0
S3,R0,PZ047,6,1986.8540601930724,0.0,0.0,0.0,1986.8540601930724,0.0,0.0,0.0,1.0
S3,R0,PZ047,7,1986.854060193072,0.0,0.0,0.0,1986.854060193072,0.0,1887.5113571834188,0.0,1.0
S3,R0,PZ047,8,1986.854060193072,0.0,0.0,0.0,1986.854060193072,0.0,3775.022714366837,0.0,1.0
S3,R0,PZ047,9,1986.8540601930715,0.0,0.0,0.0,1986.8540601930715,0.0,5662.534071550255,0.0,1.0
S3,R0,PZ047,10,1986.854060193072,0.0,0.0,5969.354060193069,0.0,3982.5,7550.045428733673,0.0,1.0
S3,R0,PZ047,11,1986.854060193072,0.0,0.0,5176.897217490063,0.0,3190.0431572969896,3357.9401655757792,0.0,1.0
S3,R0,PZ047,12,1986.854060193072,0.0,0.0,1986.854060193072,0.0,-0.0,0.0,0.0,1.0
S3,R0,PZ047,13,1986.854060193072,0.0,0.0,1986.854060193072,0.0,-0.0,0.0,0.0,1.0
S3,R0,PZ047,14,1986.854060193072,0.0,0.0,1986.854060193072,0.0,-0.0,0.0,0.0,1.0
S3,R0,PZ047,15,1986.854060193072,0.0,0.0,1986.854060193072,0.0,-0.0,0.0,0.0,1.0
S3,R0,PZ047,16,0.0,0.0,0.0,0.0,0.0,0.0,0.0,0.0,1.0
S3,R0,PZ047,17,0.0,0.0,0.0,0.0,0.0,0.0,0.0,0.0,1.0
S3,R0,PZ047,18,0.0,0.0,0.0,-0.0,0.0,-0.0,-0.0,0.0,1.0
S3,R0,PZ047,19,0.0,0.0,0.0,-0.0,0.0,0.0,-0.0,0.0,1.0
S3,R0,PZ047,20,0.0,0.0,0.0,-0.0,0.0,0.0,-0.0,0.0,1.0
S3,R0,PZ047,21,0.0,0.0,0.0,0.0,0.0,-0.0,-0.0,0.0,1.0
S3,R0,PZ047,22,1986.854060193072,0.0,0.0,1986.854060193072,0.0,-0.0,0.0,0.0,1.0
S3,R0,PZ047,23,1986.854060193072,0.0,0.0,1986.854060193072,0.0,-0.0,0.0,0.0,1.0
S3,R0,PZ048,0,2363.940942646224,0.0,0.0,2363.940942646224,0.0,-0.0,0.0,0.0,1.0
S3,R0,PZ048,1,2363.940942646224,0.0,0.0,2363.940942646224,0.0,-0.0,0.0,0.0,1.0
S3,R0,PZ048,2,2363.940942646224,0.0,0.0,2363.940942646224,0.0,-0.0,0.0,0.0,1.0
S3,R0,PZ048,3,2363.940942646224,0.0,0.0,2363.940942646224,0.0,-0.0,0.0,0.0,1.0
S3,R0,PZ048,4,2363.940942646224,0.0,0.0,2363.940942646224,0.0,-0.0,0.0,0.0,1.0
S3,R0,PZ048,5,2363.940942646224,0.0,0.0,2363.940942646224,0.0,-0.0,0.0,0.0,1.0
S3,R0,PZ048,6,2363.940942646224,0.0,0.0,0.0,2363.940942646224,0.0,0.0,0.0,1.0
S3,R0,PZ048,7,2363.940942646224,0.0,0.0,0.0,2363.940942646224,0.0,2245.743895513913,0.0,1.0
S3,R0,PZ048,8,2363.9409426462234,0.0,0.0,0.0,2363.9409426462234,0.0,4491.487791027825,0.0,1.0
S3,R0,PZ048,9,2363.9409426462234,0.0,0.0,0.0,2363.9409426462234,0.0,6737.231686541737,0.0,1.0
S3,R0,PZ048,10,2363.940942646224,0.0,0.0,7291.440942646226,0.0,4927.5,8982.97558205565,0.0,1.0
S3,R0,PZ048,11,2363.940942646224,0.0,0.0,5970.267745599092,0.0,3606.3268029528676,3796.1334767924927,0.0,1.0
S3,R0,PZ048,12,2363.940942646224,0.0,0.0,2363.940942646224,0.0,-0.0,0.0,0.0,1.0
S3,R0,PZ048,13,2363.940942646224,0.0,0.0,2363.940942646224,0.0,-0.0,0.0,0.0,1.0
S3,R0,PZ048,14,2363.940942646224,0.0,0.0,2363.940942646224,0.0,-0.0,0.0,0.0,1.0
S3,R0,PZ048,15,2363.940942646224,0.0,0.0,2363.940942646224,0.0,-0.0,0.0,0.0,1.0
S3,R0,PZ048,16,0.0,0.0,0.0,0.0,0.0,0.0,0.0,0.0,1.0
S3,R0,PZ048,17,0.0,0.0,0.0,0.0,0.0,0.0,0.0,0.0,1.0
S3,R0,PZ048,18,0.0,0.0,0.0,-0.0,0.0,-0.0,-0.0,0.0,1.0
S3,R0,PZ048,19,0.0,0.0,0.0,-0.0,0.0,0.0,-0.0,0.0,1.0
S3,R0,PZ048,20,0.0,0.0,0.0,-0.0,0.0,0.0,-0.0,0.0,1.0
S3,R0,PZ048,21,0.0,0.0,0.0,0.0,0.0,-0.0,-0.0,0.0,1.0
S3,R0,PZ048,22,2363.940942646224,0.0,0.0,2363.940942646224,0.0,-0.0,0.0,0.0,1.0
S3,R0,PZ048,23,2363.940942646224,0.0,0.0,2363.940942646224,0.0,-0.0,0.0,0.0,1.0
S3,R0,PZ049,0,2161.641113003975,0.0,0.0,2161.641113003975,0.0,-0.0,0.0,0.0,1.0
S3,R0,PZ049,1,2161.641113003975,0.0,0.0,2161.641113003975,0.0,-0.0,0.0,0.0,1.0
S3,R0,PZ049,2,2161.641113003975,0.0,0.0,2161.641113003975,0.0,-0.0,0.0,0.0,1.0
S3,R0,PZ049,3,2161.641113003975,0.0,0.0,2161.641113003975,0.0,-0.0,0.0,0.0,1.0
S3,R0,PZ049,4,2161.641113003975,0.0,0.0,2161.641113003975,0.0,-0.0,0.0,0.0,1.0
S3,R0,PZ049,5,2161.641113003975,0.0,0.0,2161.641113003975,0.0,-0.0,0.0,0.0,1.0
S3,R0,PZ049,6,2161.641113003975,0.0,0.0,0.0,2161.641113003975,0.0,0.0,0.0,1.0
S3,R0,PZ049,7,2161.6411130039746,0.0,0.0,0.0,2161.6411130039746,0.0,2053.559057353776,0.0,1.0
S3,R0,PZ049,8,2161.641113003975,0.0,0.0,0.0,2161.641113003975,0.0,4107.118114707553,0.0,1.0
S3,R0,PZ049,9,2161.6411130039746,0.0,0.0,0.0,2161.6411130039746,0.0,6160.677172061329,0.0,1.0
S3,R0,PZ049,10,2161.641113003975,0.0,0.0,6684.141113003981,0.0,4522.5,8214.236229415104,0.0,1.0
S3,R0,PZ049,11,2161.641113003975,0.0,0.0,5442.665530948325,0.0,3281.0244179443494,3453.709913625631,0.0,1.0
S3,R0,PZ049,12,2161.641113003975,0.0,0.0,2161.641113003975,0.0,-0.0,0.0,0.0,1.0
S3,R0,PZ049,13,2161.641113003975,0.0,0.0,2161.641113003975,0.0,-0.0,0.0,0.0,1.0
S3,R0,PZ049,14,2161.641113003975,0.0,0.0,2161.641113003975,0.0,-0.0,0.0,0.0,1.0
S3,R0,PZ049,15,2161.641113003975,0.0,0.0,2161.641113003975,0.0,-0.0,0.0,0.0,1.0
S3,R0,PZ049,16,0.0,0.0,0.0,0.0,0.0,0.0,0.0,0.0,1.0
S3,R0,PZ049,17,0.0,0.0,0.0,0.0,0.0,0.0,0.0,0.0,1.0
S3,R0,PZ049,18,0.0,0.0,0.0,-0.0,0.0,-0.0,-0.0,0.0,1.0
S3,R0,PZ049,19,0.0,0.0,0.0,-0.0,0.0,-0.0,0.0,0.0,1.0
S3,R0,PZ049,20,0.0,0.0,0.0,-0.0,0.0,-0.0,0.0,0.0,1.0
S3,R0,PZ049,21,0.0,0.0,0.0,-0.0,0.0,-0.0,0.0,0.0,1.0
S3,R0,PZ049,22,2161.641113003975,0.0,0.0,2161.641113003975,0.0,-0.0,0.0,0.0,1.0
S3,R0,PZ049,23,2161.641113003975,0.0,0.0,2161.641113003975,0.0,-0.0,0.0,0.0,1.0
S3,R0,PZ050,0,2649.3185689948887,0.0,0.0,2649.3185689948887,0.0,-0.0,0.0,0.0,1.0
S3,R0,PZ050,1,2649.3185689948887,0.0,0.0,2649.3185689948887,0.0,-0.0,0.0,0.0,1.0
S3,R0,PZ050,2,2649.3185689948887,0.0,0.0,2649.3185689948887,0.0,-0.0,0.0,0.0,1.0
S3,R0,PZ050,3,2649.3185689948887,0.0,0.0,2649.3185689948887,0.0,-0.0,0.0,0.0,1.0
S3,R0,PZ050,4,2649.3185689948887,0.0,0.0,2649.3185689948887,0.0,-0.0,0.0,0.0,1.0
S3,R0,PZ050,5,2649.3185689948887,0.0,0.0,2649.3185689948887,0.0,-0.0,0.0,0.0,1.0
S3,R0,PZ050,6,2649.3185689948905,0.0,0.0,0.0,2649.3185689948905,0.0,0.0,0.0,1.0
S3,R0,PZ050,7,2649.3185689948887,0.0,0.0,0.0,2649.3185689948887,0.0,2516.8526405451457,0.0,1.0
S3,R0,PZ050,8,2649.3185689948887,0.0,0.0,0.0,2649.3185689948887,0.0,5033.70528109029,0.0,1.0
S3,R0,PZ050,9,2649.3185689948887,0.0,0.0,0.0,2649.3185689948887,0.0,7550.557921635434,0.0,1.0
S3,R0,PZ050,10,2649.3185689948887,0.0,0.0,7981.818568994901,0.0,5332.5,10067.410562180577,0.0,1.0
S3,R0,PZ050,11,2649.3185689948887,0.0,0.0,6880.858603066438,0.0,4231.54003407155,4454.252667443736,0.0,1.0
S3,R0,PZ050,12,2649.3185689948887,0.0,0.0,2649.3185689948887,0.0,-0.0,0.0,0.0,1.0
S3,R0,PZ050,13,2649.3185689948887,0.0,0.0,2649.3185689948887,0.0,-0.0,0.0,0.0,1.0
S3,R0,PZ050,14,2649.3185689948887,0.0,0.0,2649.3185689948887,0.0,-0.0,0.0,0.0,1.0
S3,R0,PZ050,15,2649.3185689948887,0.0,0.0,2649.3185689948887,0.0,-0.0,0.0,0.0,1.0
S3,R0,PZ050,16,0.0,0.0,0.0,0.0,0.0,0.0,0.0,0.0,1.0
S3,R0,PZ050,17,0.0,0.0,0.0,0.0,0.0,0.0,0.0,0.0,1.0
S3,R0,PZ050,18,0.0,0.0,0.0,-0.0,0.0,-0.0,-0.0,0.0,1.0
S3,R0,PZ050,19,0.0,0.0,0.0,-0.0,0.0,0.0,-0.0,0.0,1.0
S3,R0,PZ050,20,0.0,0.0,0.0,-0.0,0.0,0.0,-0.0,0.0,1.0
S3,R0,PZ050,21,0.0,0.0,0.0,0.0,0.0,-0.0,-0.0,0.0,1.0
S3,R0,PZ050,22,2649.3185689948887,0.0,0.0,2649.3185689948887,0.0,-0.0,0.0,0.0,1.0
S3,R0,PZ050,23,2649.3185689948887,0.0,0.0,2649.3185689948887,0.0,-0.0,0.0,0.0,1.0
S3,R0,PZ052,0,2316.4679159568427,0.0,0.0,2316.4679159568427,0.0,-0.0,0.0,0.0,1.0
S3,R0,PZ052,1,2316.4679159568427,0.0,0.0,2316.4679159568427,0.0,-0.0,0.0,0.0,1.0
S3,R0,PZ052,2,2316.4679159568427,0.0,0.0,2316.4679159568427,0.0,-0.0,0.0,0.0,1.0
S3,R0,PZ052,3,2316.4679159568427,0.0,0.0,2316.4679159568427,0.0,-0.0,0.0,0.0,1.0
S3,R0,PZ052,4,2316.4679159568427,0.0,0.0,2316.4679159568427,0.0,-0.0,0.0,0.0,1.0
S3,R0,PZ052,5,2316.4679159568427,0.0,0.0,2316.4679159568427,0.0,-0.0,0.0,0.0,1.0
S3,R0,PZ052,6,2316.4679159568445,0.0,0.0,0.0,2316.4679159568445,0.0,0.0,0.0,1.0
S3,R0,PZ052,7,2316.4679159568427,0.0,0.0,0.0,2316.4679159568427,0.0,2200.6445201590022,0.0,1.0
S3,R0,PZ052,8,2316.4679159568427,0.0,0.0,0.0,2316.4679159568427,0.0,4401.289040318003,0.0,1.0
S3,R0,PZ052,9,2316.4679159568427,0.0,0.0,0.0,2316.4679159568427,0.0,6601.933560477003,0.0,1.0
S3,R0,PZ052,10,2316.4679159568427,0.0,0.0,7581.467915956842,0.0,5265.0,8802.578080636004,0.0,1.0
S3,R0,PZ052,11,2316.4679159568427,0.0,0.0,5413.917092561045,0.0,3097.4491766042024,3260.4728174781094,0.0,1.0
S3,R0,PZ052,12,2316.4679159568427,0.0,0.0,2316.4679159568445,0.0,1.7280399333685638e-12,0.0,0.0,1.0
S3,R0,PZ052,13,2316.4679159568427,0.0,0.0,2316.4679159568427,0.0,-0.0,0.0,0.0,1.0
S3,R0,PZ052,14,2316.4679159568436,0.0,0.0,2316.4679159568436,0.0,-0.0,0.0,0.0,1.0
S3,R0,PZ052,15,2316.4679159568427,0.0,0.0,2316.4679159568427,0.0,-0.0,0.0,0.0,1.0
S3,R0,PZ052,16,0.0,0.0,0.0,0.0,0.0,0.0,0.0,0.0,1.0
S3,R0,PZ052,17,0.0,0.0,0.0,0.0,0.0,0.0,0.0,0.0,1.0
S3,R0,PZ052,18,0.0,0.0,0.0,-0.0,0.0,-0.0,-0.0,0.0,1.0
S3,R0,PZ052,19,0.0,0.0,0.0,-0.0,0.0,-0.0,0.0,0.0,1.0
S3,R0,PZ052,20,0.0,0.0,0.0,-0.0,0.0,-0.0,0.0,0.0,1.0
S3,R0,PZ052,21,0.0,0.0,0.0,-0.0,0.0,-0.0,0.0,0.0,1.0
S3,R0,PZ052,22,2316.4679159568427,0.0,0.0,2316.4679159568427,0.0,-0.0,0.0,0.0,1.0
S3,R0,PZ052,23,2316.4679159568427,0.0,0.0,2316.4679159568427,0.0,-0.0,0.0,0.0,1.0
S4,R1,PZ001,0,1331.1568749083863,0.0,0.0,1331.1568749083863,0.0,-0.0,0.0,0.0,1.0
S4,R1,PZ001,1,1331.1568749083865,0.0,0.0,1331.1568749083865,0.0,-0.0,0.0,0.0,1.0
S4,R1,PZ001,2,1331.1568749083865,0.0,0.0,1331.1568749083865,0.0,-0.0,0.0,0.0,1.0
S4,R1,PZ001,3,1331.1568749083865,0.0,0.0,1331.1568749083865,0.0,-0.0,0.0,0.0,1.0
S4,R1,PZ001,4,1331.1568749083865,0.0,0.0,1331.1568749083865,0.0,-0.0,0.0,0.0,1.0
S4,R1,PZ001,5,1331.1568749083865,0.0,0.0,1331.1568749083865,0.0,-0.0,0.0,0.0,1.0
S4,R1,PZ001,6,1331.1568749083865,0.0,0.0,0.0,1331.1568749083865,0.0,0.0,0.0,1.0
S4,R1,PZ001,7,1331.1568749083865,0.0,0.0,0.0,1331.1568749083865,0.0,1264.599031162967,0.0,1.0
S4,R1,PZ001,8,1331.1568749083865,0.0,0.0,0.0,1331.1568749083865,0.0,2529.198062325934,0.0,1.0
S4,R1,PZ001,9,1331.1568749083865,0.0,0.0,0.0,1331.1568749083865,0.0,3793.7970934889013,0.0,1.0
S4,R1,PZ001,10,1331.1568749083865,0.0,0.0,3491.1568749083863,0.0,2160.0,5058.396124651868,0.0,1.0
S4,R1,PZ001,11,1331.1568749083865,0.2545606079443605,0.0,3491.411435516331,0.0,2160.0,2784.7119141255525,0.0,1.0
S4,R1,PZ001,12,1331.1568749083865,1.447820763643798,0.0,1818.0810140913052,0.0,485.47631841927495,511.0277035992367,0.0,1.0
S4,R1,PZ001,13,1331.1568749083865,2.947391435744328,0.0,1334.1042663441308,0.0,-0.0,0.0,0.0,1.0
S4,R1,PZ001,14,1331.1568749083865,4.078782514500169,0.0,1335.2356574228866,0.0,-0.0,0.0,0.0,1.0
S4,R1,PZ001,15,1331.1568749083865,4.771493413405088,0.0,1335.9283683217916,0.0,-0.0,0.0,0.0,1.0
S4,R1,PZ001,16,0.0,5.192124838783437,0.0,0.0,5.192124838783437,0.0,0.0,0.0,1.0
S4,R1,PZ001,17,0.0,5.214044098007184,0.0,0.0,5.214044098007183,0.0,4.932518596844265,0.0,1.0
S4,R1,PZ001,18,0.0,4.873127315641155,0.0,14.26469478109469,0.0,9.391567465453535,9.885860489951089,0.0,1.0
S4,R1,PZ001,19,0.0,4.013912204226468,0.0,4.013912204226468,0.0,-0.0,0.0,0.0,1.0
S4,R1,PZ001,20,0.0,2.8724369704536246,0.0,2.8724369704536246,0.0,0.0,-0.0,0.0,1.0
S4,R1,PZ001,21,0.0,1.4521177710554238,0.0,1.4521177710554238,0.0,0.0,-0.0,0.0,1.0
S4,R1,PZ001,22,1331.1568749083865,0.22422240124667603,0.0,1331.381097309633,0.0,-0.0,0.0,0.0,1.0
S4,R1,PZ001,23,1331.1568749083865,0.0,0.0,1331.1568749083865,0.0,-0.0,0.0,0.0,1.0
S4,R1,PZ006,0,179.61122181067432,0.0,0.0,179.61122181067432,0.0,-0.0,0.0,0.0,1.0
S4,R1,PZ006,1,179.61122181067435,0.0,0.0,179.61122181067435,0.0,-0.0,0.0,0.0,1.0
S4,R1,PZ006,2,179.61122181067435,0.0,0.0,179.61122181067435,0.0,-0.0,0.0,0.0,1.0
S4,R1,PZ006,3,179.61122181067435,0.0,0.0,179.61122181067435,0.0,-0.0,0.0,0.0,1.0
S4,R1,PZ006,4,179.61122181067435,0.0,0.0,179.61122181067435,0.0,-0.0,0.0,0.0,1.0
S4,R1,PZ006,5,179.61122181067435,0.0,0.0,179.61122181067435,0.0,-0.0,0.0,0.0,1.0
S4,R1,PZ006,6,179.61122181067435,0.0,0.0,0.0,179.61122181067435,0.0,0.0,0.0,1.0
S4,R1,PZ006,7,179.61122181067435,0.0,0.0,0.0,179.61122181067435,0.0,170.63066072014064,0.0,1.0
S4,R1,PZ006,8,179.61122181067435,0.0,0.0,0.0,179.61122181067435,0.0,341.2613214402813,0.0,1.0
S4,R1,PZ006,9,179.61122181067435,0.0,0.0,0.0,179.61122181067435,0.0,511.8919821604219,0.0,1.0
S4,R1,PZ006,10,179.61122181067435,0.0,0.0,517.1112218106744,0.0,337.5,682.5226428805626,0.0,1.0
S4,R1,PZ006,11,179.61122181067435,1.3387371416447649,0.0,491.8464696888536,0.0,310.8965107365344,327.25948498582574,0.0,1.0
S4,R1,PZ006,12,179.61122181067435,7.614105915232903,0.0,187.22532772590725,0.0,-0.0,0.0,0.0,1.0
S4,R1,PZ006,13,179.61122181067435,15.500365189491747,0.0,195.1115870001661,0.0,-0.0,0.0,0.0,1.0
S4,R1,PZ006,14,179.61122181067435,21.450363781524636,0.0,201.06158559219898,0.0,-0.0,0.0,0.0,1.0
S4,R1,PZ006,15,179.61122181067435,25.093338302503316,0.0,204.70456011317768,0.0,-0.0,0.0,0.0,1.0
S4,R1,PZ006,16,0.0,27.305443767855028,0.0,0.0,27.305443767855028,0.0,0.0,0.0,1.0
S4,R1,PZ006,17,0.0,27.42071740220533,0.0,0.0,27.420717402205337,0.0,25.940171579462277,0.0,1.0
S4,R1,PZ006,18,0.0,25.627832153977206,0.0,75.01819260995669,0.0,49.39036045597948,51.989853111557345,0.0,1.0
S4,R1,PZ006,19,0.0,21.10921007964314,0.0,21.10921007964314,0.0,0.0,-0.0,0.0,1.0
S4,R1,PZ006,20,0.0,15.106178801318444,0.0,15.106178801318444,0.0,0.0,-0.0,0.0,1.0
S4,R1,PZ006,21,0.0,7.636703926238296,0.0,7.636703926238296,0.0,0.0,-0.0,0.0,1.0
S4,R1,PZ006,22,179.61122181067435,1.1791881664711852,0.0,180.79040997714554,0.0,-0.0,0.0,0.0,1.0
S4,R1,PZ006,23,179.61122181067435,0.0,0.0,179.61122181067435,0.0,-0.0,0.0,0.0,1.0
S4,R1,PZ039,0,1543.8070613305742,0.0,0.0,1543.8070613305742,0.0,-0.0,0.0,0.0,1.0
S4,R1,PZ039,1,1543.807061330574,0.0,0.0,1543.807061330574,0.0,-0.0,0.0,0.0,1.0
S4,R1,PZ039,2,1543.807061330574,0.0,0.0,1543.807061330574,0.0,-0.0,0.0,0.0,1.0
S4,R1,PZ039,3,1543.807061330574,0.0,0.0,1543.807061330574,0.0,-0.0,0.0,0.0,1.0
S4,R1,PZ039,4,1543.807061330574,0.0,0.0,1543.807061330574,0.0,-0.0,0.0,0.0,1.0
S4,R1,PZ039,5,1543.807061330574,0.0,0.0,1543.807061330574,0.0,-0.0,0.0,0.0,1.0
S4,R1,PZ039,6,1543.807061330574,0.0,0.0,0.0,1543.807061330574,0.0,0.0,0.0,1.0
S4,R1,PZ039,7,1543.807061330574,0.0,0.0,0.0,1543.807061330574,0.0,1466.6167082640447,0.0,1.0
S4,R1,PZ039,8,1543.807061330574,0.0,0.0,0.0,1543.807061330574,0.0,2933.23341652809,0.0,1.0
S4,R1,PZ039,9,1543.807061330574,0.0,0.0,4378.807061330574,0.0,2835.0,4399.850124792135,0.0,1.0
S4,R1,PZ039,10,1543.807061330574,0.0,0.0,2888.664679883103,0.0,1344.857618552529,1415.6395984763458,0.0,1.0
S4,R1,PZ039,11,1543.807061330574,2.789198014675848,0.0,1546.5962593452498,0.0,-0.0,0.0,0.0,1.0
S4,R1,PZ039,12,1543.807061330574,15.863643759227655,0.0,1559.6707050898017,0.0,-0.0,0.0,0.0,1.0
S4,R1,PZ039,13,1543.807061330574,32.29430667783256,0.0,1576.1013680084066,0.0,-0.0,0.0,0.0,1.0
S4,R1,PZ039,14,1543.807061330574,44.690858430951785,0.0,1588.4979197615257,0.0,-0.0,0.0,0.0,1.0
S4,R1,PZ039,15,1543.807061330574,52.28083034205056,0.0,1596.0878916726247,0.0,-0.0,0.0,0.0,1.0
S4,R1,PZ039,16,0.0,56.88965158132099,0.0,0.0,56.88965158132099,0.0,0.0,0.0,1.0
S4,R1,PZ039,17,0.0,57.12981896151283,0.0,0.0,57.12981896151284,0.0,54.04516900225494,0.0,1.0
S4,R1,PZ039,18,0.0,53.394423999096496,0.0,156.296996164004,0.0,102.90257216490753,108.31849701569213,0.0,1.0
S4,R1,PZ039,19,0.0,43.980080191977905,0.0,43.980080191977905,0.0,0.0,-0.0,0.0,1.0
S4,R1,PZ039,20,0.0,31.47303724628872,0.0,31.47303724628872,0.0,0.0,-0.0,0.0,1.0
S4,R1,PZ039,21,0.0,15.910725688510968,0.0,15.910725688510968,0.0,0.0,-0.0,0.0,1.0
S4,R1,PZ039,22,1543.807061330574,2.4567849733442437,0.0,1546.2638463039182,0.0,-0.0,0.0,0.0,1.0
S4,R1,PZ039,23,1543.807061330574,0.0,0.0,1543.807061330574,0.0,-0.0,0.0,0.0,1.0
S4,R1,PZ040,0,1620.4218158260737,0.0,0.0,1620.4218158260737,0.0,-0.0,0.0,0.0,1.0
S4,R1,PZ040,1,1620.4218158260737,0.0,0.0,1620.4218158260737,0.0,-0.0,0.0,0.0,1.0
S4,R1,PZ040,2,1620.4218158260737,0.0,0.0,1620.4218158260737,0.0,-0.0,0.0,0.0,1.0
S4,R1,PZ040,3,1620.4218158260737,0.0,0.0,1620.4218158260737,0.0,-0.0,0.0,0.0,1.0
S4,R1,PZ040,4,1620.4218158260737,0.0,0.0,1620.4218158260737,0.0,-0.0,0.0,0.0,1.0
S4,R1,PZ040,5,1620.4218158260737,0.0,0.0,1620.4218158260737,0.0,-0.0,0.0,0.0,1.0
S4,R1,PZ040,6,1620.4218158260737,0.0,0.0,0.0,1620.4218158260737,0.0,0.0,0.0,1.0
S4,R1,PZ040,7,1620.4218158260737,0.0,0.0,0.0,1620.4218158260737,0.0,1539.40072503477,0.0,1.0
S4,R1,PZ040,8,1620.4218158260737,0.0,0.0,0.0,1620.4218158260737,0.0,3078.80145006954,0.0,1.0
S4,R1,PZ040,9,1620.4218158260737,0.0,0.0,0.0,1620.4218158260737,0.0,4618.20217510431,0.0,1.0
S4,R1,PZ040,10,1620.4218158260737,0.0,0.0,4590.421815826074,0.0,2970.0,6157.60290013908,0.0,1.0
S4,R1,PZ040,11,1620.4218158260737,2.9457106783539118,0.0,4503.090281636554,0.0,2879.722755132126,3031.2871106653956,0.0,1.0
S4,R1,PZ040,12,1620.4218158260737,16.75381402585362,0.0,1637.1756298519274,0.0,-0.0,0.0,0.0,1.0
S4,R1,PZ040,13,1620.4218158260737,34.10646484415452,0.0,1654.5282806702282,0.0,-0.0,0.0,0.0,1.0
S4,R1,PZ040,14,1620.4218158260737,47.198634952476525,0.0,1667.6204507785503,0.0,-0.0,0.0,0.0,1.0
S4,R1,PZ040,15,1620.4218158260737,55.21450947600987,0.0,1675.6363253020836,0.0,-0.0,0.0,0.0,1.0
S4,R1,PZ040,16,0.0,60.081949459728996,0.0,0.0,60.081949459728996,0.0,0.0,0.0,1.0
S4,R1,PZ040,17,0.0,60.33559355839139,0.0,0.0,60.335593558391395,0.0,57.077851986742544,0.0,1.0
S4,R1,PZ040,18,0.0,56.390591170334694,0.0,165.06742374418835,0.0,108.67683257385366,114.39666586721437,0.0,1.0
S4,R1,PZ040,19,0.0,46.44797220373287,0.0,46.44797220373287,0.0,0.0,-0.0,0.0,1.0
S4,R1,PZ040,20,0.0,33.23911081565774,0.0,33.23911081565774,0.0,0.0,-0.0,0.0,1.0
S4,R1,PZ040,21,0.0,16.80353790387075,0.0,16.80353790387075,0.0,0.0,-0.0,0.0,1.0
S4,R1,PZ040,22,1620.4218158260737,2.5946446585437677,0.0,1623.0164604846175,0.0,-0.0,0.0,0.0,1.0
S4,R1,PZ040,23,1620.4218158260737,0.0,0.0,1620.4218158260737,0.0,-0.0,0.0,0.0,1.0
S4,R1,PZ041,0,1802.667081834668,0.0,0.0,1802.667081834668,0.0,-0.0,0.0,0.0,1.0
S4,R1,PZ041,1,1802.667081834668,0.0,0.0,1802.667081834668,0.0,-0.0,0.0,0.0,1.0
S4,R1,PZ041,2,1802.667081834668,0.0,0.0,1802.667081834668,0.0,-0.0,0.0,0.0,1.0
S4,R1,PZ041,3,1802.667081834668,0.0,0.0,1802.667081834668,0.0,-0.0,0.0,0.0,1.0
S4,R1,PZ041,4,1802.667081834668,0.0,0.0,1802.667081834668,0.0,-0.0,0.0,0.0,1.0
S4,R1,PZ041,5,1802.667081834668,0.0,0.0,1802.667081834668,0.0,-0.0,0.0,0.0,1.0
S4,R1,PZ041,6,1802.667081834668,0.0,0.0,0.0,1802.667081834668,0.0,0.0,0.0,1.0
S4,R1,PZ041,7,1802.667081834668,0.0,0.0,0.0,1802.667081834668,0.0,1712.5337277429344,0.0,1.0
S4,R1,PZ041,8,1802.6670818346681,0.0,0.0,0.0,1802.6670818346681,0.0,3425.067455485869,0.0,1.0
S4,R1,PZ041,9,1802.6670818346681,0.0,0.0,0.0,1802.6670818346681,0.0,5137.601183228804,0.0,1.0
S4,R1,PZ041,10,1802.667081834668,0.0,0.0,4907.667081834668,0.0,3105.0,6850.1349109717385,0.0,1.0
S4,R1,PZ041,11,1802.667081834658,0.4609355206698448,0.0,4908.128017355328,0.0,3105.0,3581.7138583401593,0.0,1.0
S4,R1,PZ041,12,1802.667081834668,2.6215840027873836,0.0,2102.916831260608,0.0,297.6281654231528,313.29280570858185,0.0,1.0
S4,R1,PZ041,13,1802.667081834668,5.336872099038961,0.0,1808.003953933707,0.0,-0.0,0.0,0.0,1.0
S4,R1,PZ041,14,1802.667081834668,7.385493604851538,0.0,1810.0525754395194,0.0,-0.0,0.0,0.0,1.0
S4,R1,PZ041,15,1802.6670818346674,8.639792380450801,0.0,1811.3068742151183,0.0,-0.0,0.0,0.0,1.0
S4,R1,PZ041,16,1802.6670818346686,9.401434044620796,0.0,1812.0685158792894,0.0,0.0,-0.0,0.0,1.0
S4,R1,PZ041,17,0.0,9.441123473572832,0.0,9.441123473590427,0.0,0.0,-0.0,0.0,1.0
S4,R1,PZ041,18,0.0,8.823821936410727,0.0,8.823821936410727,0.0,-0.0,0.0,0.0,1.0
S4,R1,PZ041,19,0.0,7.268032264373604,0.0,7.268032264373604,0.0,-0.0,0.0,0.0,1.0
S4,R1,PZ041,20,0.0,5.201151274971588,0.0,5.201151274971588,0.0,0.0,-0.0,0.0,1.0
S4,R1,PZ041,21,0.0,2.6293646384662264,0.0,2.629364638474465,0.0,0.0,-0.0,0.0,1.0
S4,R1,PZ041,22,1802.667081834668,0.406001816616769,0.0,1803.0730836512846,0.0,-0.0,0.0,0.0,1.0
S4,R1,PZ041,23,1802.667081834668,0.0,0.0,1802.667081834668,0.0,-0.0,0.0,0.0,1.0
S4,R1,PZ047,0,1986.854060193072,0.0,0.0,1986.854060193072,0.0,-0.0,0.0,0.0,1.0
S4,R1,PZ047,1,1986.854060193072,0.0,0.0,1986.854060193072,0.0,-0.0,0.0,0.0,1.0
S4,R1,PZ047,2,1986.854060193072,0.0,0.0,1986.854060193072,0.0,-0.0,0.0,0.0,1.0
S4,R1,PZ047,3,1986.854060193072,0.0,0.0,1986.854060193072,0.0,-0.0,0.0,0.0,1.0
S4,R1,PZ047,4,1986.854060193072,0.0,0.0,1986.854060193072,0.0,-0.0,0.0,0.0,1.0
S4,R1,PZ047,5,1986.854060193072,0.0,0.0,1986.854060193072,0.0,-0.0,0.0,0.0,1.0
S4,R1,PZ047,6,1986.8540601930724,0.0,0.0,0.0,1986.8540601930724,0.0,0.0,0.0,1.0
S4,R1,PZ047,7,1986.854060193072,0.0,0.0,0.0,1986.854060193072,0.0,1887.5113571834188,0.0,1.0
S4,R1,PZ047,8,1986.854060193072,0.0,0.0,0.0,1986.854060193072,0.0,3775.022714366837,0.0,1.0
S4,R1,PZ047,9,1986.8540601930715,0.0,0.0,0.0,1986.8540601930715,0.0,5662.534071550255,0.0,1.0
S4,R1,PZ047,10,1986.854060193072,0.0,0.0,5969.354060193069,0.0,3982.5,7550.045428733673,0.0,1.0
S4,R1,PZ047,11,1986.854060193072,0.0,0.0,5176.897217490063,0.0,3190.0431572969896,3357.9401655757792,0.0,1.0
S4,R1,PZ047,12,1986.854060193072,0.0,0.0,1986.854060193072,0.0,-0.0,0.0,0.0,1.0
S4,R1,PZ047,13,1986.854060193072,0.0,0.0,1986.854060193072,0.0,-0.0,0.0,0.0,1.0
S4,R1,PZ047,14,1986.854060193072,0.0,0.0,1986.854060193072,0.0,-0.0,0.0,0.0,1.0
S4,R1,PZ047,15,1986.854060193072,0.0,0.0,1986.854060193072,0.0,-0.0,0.0,0.0,1.0
S4,R1,PZ047,16,0.0,0.0,0.0,0.0,0.0,0.0,0.0,0.0,1.0
S4,R1,PZ047,17,0.0,0.0,0.0,0.0,0.0,0.0,0.0,0.0,1.0
S4,R1,PZ047,18,0.0,0.0,0.0,-0.0,0.0,-0.0,-0.0,0.0,1.0
S4,R1,PZ047,19,0.0,0.0,0.0,-0.0,0.0,0.0,-0.0,0.0,1.0
S4,R1,PZ047,20,0.0,0.0,0.0,-0.0,0.0,0.0,-0.0,0.0,1.0
S4,R1,PZ047,21,0.0,0.0,0.0,0.0,0.0,-0.0,-0.0,0.0,1.0
S4,R1,PZ047,22,1986.854060193072,0.0,0.0,1986.854060193072,0.0,-0.0,0.0,0.0,1.0
S4,R1,PZ047,23,1986.854060193072,0.0,0.0,1986.854060193072,0.0,-0.0,0.0,0.0,1.0
S4,R1,PZ048,0,2363.940942646224,0.0,0.0,2363.940942646224,0.0,-0.0,0.0,0.0,1.0
S4,R1,PZ048,1,2363.940942646224,0.0,0.0,2363.940942646224,0.0,-0.0,0.0,0.0,1.0
S4,R1,PZ048,2,2363.940942646224,0.0,0.0,2363.940942646224,0.0,-0.0,0.0,0.0,1.0
S4,R1,PZ048,3,2363.940942646224,0.0,0.0,2363.940942646224,0.0,-0.0,0.0,0.0,1.0
S4,R1,PZ048,4,2363.940942646224,0.0,0.0,2363.940942646224,0.0,-0.0,0.0,0.0,1.0
S4,R1,PZ048,5,2363.940942646224,0.0,0.0,2363.940942646224,0.0,-0.0,0.0,0.0,1.0
S4,R1,PZ048,6,2363.940942646224,0.0,0.0,0.0,2363.940942646224,0.0,0.0,0.0,1.0
S4,R1,PZ048,7,2363.940942646224,0.0,0.0,0.0,2363.940942646224,0.0,2245.743895513913,0.0,1.0
S4,R1,PZ048,8,2363.9409426462234,0.0,0.0,0.0,2363.9409426462234,0.0,4491.487791027825,0.0,1.0
S4,R1,PZ048,9,2363.9409426462234,0.0,0.0,0.0,2363.9409426462234,0.0,6737.231686541737,0.0,1.0
S4,R1,PZ048,10,2363.940942646224,0.0,0.0,7291.440942646226,0.0,4927.5,8982.97558205565,0.0,1.0
S4,R1,PZ048,11,2363.940942646224,0.0,0.0,5970.267745599092,0.0,3606.3268029528676,3796.1334767924927,0.0,1.0
S4,R1,PZ048,12,2363.940942646224,0.0,0.0,2363.940942646224,0.0,-0.0,0.0,0.0,1.0
S4,R1,PZ048,13,2363.940942646224,0.0,0.0,2363.940942646224,0.0,-0.0,0.0,0.0,1.0
S4,R1,PZ048,14,2363.940942646224,0.0,0.0,2363.940942646224,0.0,-0.0,0.0,0.0,1.0
S4,R1,PZ048,15,2363.940942646224,0.0,0.0,2363.940942646224,0.0,-0.0,0.0,0.0,1.0
S4,R1,PZ048,16,0.0,0.0,0.0,0.0,0.0,0.0,0.0,0.0,1.0
S4,R1,PZ048,17,0.0,0.0,0.0,0.0,0.0,0.0,0.0,0.0,1.0
S4,R1,PZ048,18,0.0,0.0,0.0,-0.0,0.0,-0.0,-0.0,0.0,1.0
S4,R1,PZ048,19,0.0,0.0,0.0,-0.0,0.0,0.0,-0.0,0.0,1.0
S4,R1,PZ048,20,0.0,0.0,0.0,-0.0,0.0,0.0,-0.0,0.0,1.0
S4,R1,PZ048,21,0.0,0.0,0.0,0.0,0.0,-0.0,-0.0,0.0,1.0
S4,R1,PZ048,22,2363.940942646224,0.0,0.0,2363.940942646224,0.0,-0.0,0.0,0.0,1.0
S4,R1,PZ048,23,2363.940942646224,0.0,0.0,2363.940942646224,0.0,-0.0,0.0,0.0,1.0
S4,R1,PZ049,0,2161.641113003975,0.0,0.0,2161.641113003975,0.0,-0.0,0.0,0.0,1.0
S4,R1,PZ049,1,2161.641113003975,0.0,0.0,2161.641113003975,0.0,-0.0,0.0,0.0,1.0
S4,R1,PZ049,2,2161.641113003975,0.0,0.0,2161.641113003975,0.0,-0.0,0.0,0.0,1.0
S4,R1,PZ049,3,2161.641113003975,0.0,0.0,2161.641113003975,0.0,-0.0,0.0,0.0,1.0
S4,R1,PZ049,4,2161.641113003975,0.0,0.0,2161.641113003975,0.0,-0.0,0.0,0.0,1.0
S4,R1,PZ049,5,2161.641113003975,0.0,0.0,2161.641113003975,0.0,-0.0,0.0,0.0,1.0
S4,R1,PZ049,6,2161.641113003975,0.0,0.0,0.0,2161.641113003975,0.0,0.0,0.0,1.0
S4,R1,PZ049,7,2161.6411130039746,0.0,0.0,0.0,2161.6411130039746,0.0,2053.559057353776,0.0,1.0
S4,R1,PZ049,8,2161.641113003975,0.0,0.0,0.0,2161.641113003975,0.0,4107.118114707553,0.0,1.0
S4,R1,PZ049,9,2161.6411130039746,0.0,0.0,0.0,2161.6411130039746,0.0,6160.677172061329,0.0,1.0
S4,R1,PZ049,10,2161.641113003975,0.0,0.0,6684.141113003981,0.0,4522.5,8214.236229415104,0.0,1.0
S4,R1,PZ049,11,2161.641113003975,0.0,0.0,5442.665530948325,0.0,3281.0244179443494,3453.709913625631,0.0,1.0
S4,R1,PZ049,12,2161.641113003975,0.0,0.0,2161.641113003975,0.0,-0.0,0.0,0.0,1.0
S4,R1,PZ049,13,2161.641113003975,0.0,0.0,2161.641113003975,0.0,-0.0,0.0,0.0,1.0
S4,R1,PZ049,14,2161.641113003975,0.0,0.0,2161.641113003975,0.0,-0.0,0.0,0.0,1.0
S4,R1,PZ049,15,2161.641113003975,0.0,0.0,2161.641113003975,0.0,-0.0,0.0,0.0,1.0
S4,R1,PZ049,16,0.0,0.0,0.0,0.0,0.0,0.0,0.0,0.0,1.0
S4,R1,PZ049,17,0.0,0.0,0.0,0.0,0.0,0.0,0.0,0.0,1.0
S4,R1,PZ049,18,0.0,0.0,0.0,-0.0,0.0,-0.0,-0.0,0.0,1.0
S4,R1,PZ049,19,0.0,0.0,0.0,-0.0,0.0,-0.0,0.0,0.0,1.0
S4,R1,PZ049,20,0.0,0.0,0.0,-0.0,0.0,-0.0,0.0,0.0,1.0
S4,R1,PZ049,21,0.0,0.0,0.0,-0.0,0.0,-0.0,0.0,0.0,1.0
S4,R1,PZ049,22,2161.641113003975,0.0,0.0,2161.641113003975,0.0,-0.0,0.0,0.0,1.0
S4,R1,PZ049,23,2161.641113003975,0.0,0.0,2161.641113003975,0.0,-0.0,0.0,0.0,1.0
S4,R1,PZ050,0,2595.101644337224,0.0,0.0,2595.101644337224,0.0,-0.0,0.0,0.0,1.0
S4,R1,PZ050,1,2595.101644337224,0.0,0.0,2595.101644337224,0.0,-0.0,0.0,0.0,1.0
S4,R1,PZ050,2,2595.101644337224,0.0,0.0,2595.101644337224,0.0,-0.0,0.0,0.0,1.0
S4,R1,PZ050,3,2595.101644337224,0.0,0.0,2595.101644337224,0.0,-0.0,0.0,0.0,1.0
S4,R1,PZ050,4,2595.101644337224,0.0,0.0,2595.101644337224,0.0,-0.0,0.0,0.0,1.0
S4,R1,PZ050,5,2595.101644337224,0.0,0.0,2595.101644337224,0.0,-0.0,0.0,0.0,1.0
S4,R1,PZ050,6,2595.101644337224,0.0,0.0,0.0,2595.101644337224,0.0,0.0,0.0,1.0
S4,R1,PZ050,7,2595.101644337224,0.0,0.0,0.0,2595.101644337224,0.0,2465.3465621203627,0.0,1.0
S4,R1,PZ050,8,2595.101644337224,0.0,0.0,0.0,2595.101644337224,0.0,4930.693124240725,0.0,1.0
S4,R1,PZ050,9,2595.101644337224,0.0,0.0,0.0,2595.101644337224,0.0,7396.039686361088,0.0,1.0
S4,R1,PZ050,10,2595.101644337224,0.0,0.0,7927.601644337225,0.0,5332.5,9861.38624848145,0.0,1.0
S4,R1,PZ050,11,2595.101644337224,6.6903790850821245,0.0,6637.608959479686,0.0,4035.816936057379,4248.228353744609,0.0,1.0
S4,R1,PZ050,12,2595.101644337224,38.05172306214509,0.0,2633.153367399369,0.0,-0.0,0.0,0.0,1.0
S4,R1,PZ050,13,2595.101644337224,77.46354071233229,0.0,2672.5651850495565,0.0,-0.0,0.0,0.0,1.0
S4,R1,PZ050,14,2595.101644337224,107.19883743196866,0.0,2702.3004817691926,0.0,-0.0,0.0,0.0,1.0
S4,R1,PZ050,15,2595.101644337224,125.40471204653147,0.0,2720.5063563837557,0.0,-0.0,0.0,0.0,1.0
S4,R1,PZ050,16,0.0,136.45977556796478,0.0,0.0,136.45977556796478,0.0,0.0,0.0,1.0
S4,R1,PZ050,17,0.0,137.03585901879902,0.0,0.0,137.03585901879904,0.0,129.63678678956654,0.0,1.0
S4,R1,PZ050,18,0.0,128.07586112708398,0.0,374.90567134163837,0.0,246.82981021455436,259.8208528574256,0.0,1.0
S4,R1,PZ050,19,0.0,105.49391155752693,0.0,105.49391155752693,0.0,0.0,-0.0,0.0,1.0
S4,R1,PZ050,20,0.0,75.49358239488498,0.0,75.49358239488498,0.0,0.0,-0.0,0.0,1.0
S4,R1,PZ050,21,0.0,38.16465730105713,0.0,38.16465730105713,0.0,-0.0,0.0,0.0,1.0
S4,R1,PZ050,22,2595.101644337224,5.89302828831843,0.0,2600.9946726255425,0.0,-0.0,0.0,0.0,1.0
S4,R1,PZ050,23,2595.101644337224,0.0,0.0,2595.101644337224,0.0,-0.0,0.0,0.0,1.0
S4,R1,PZ052,0,2292.9224518747524,0.0,0.0,2292.9224518747524,0.0,-0.0,0.0,0.0,1.0
S4,R1,PZ052,1,2292.922451874753,0.0,0.0,2292.922451874753,0.0,-0.0,0.0,0.0,1.0
S4,R1,PZ052,2,2292.922451874753,0.0,0.0,2292.922451874753,0.0,-0.0,0.0,0.0,1.0
S4,R1,PZ052,3,2292.922451874753,0.0,0.0,2292.922451874753,0.0,-0.0,0.0,0.0,1.0
S4,R1,PZ052,4,2292.922451874753,0.0,0.0,2292.922451874753,0.0,-0.0,0.0,0.0,1.0
S4,R1,PZ052,5,2292.922451874753,0.0,0.0,2292.922451874753,0.0,-0.0,0.0,0.0,1.0
S4,R1,PZ052,6,2292.922451874753,0.0,0.0,0.0,2292.922451874753,0.0,0.0,0.0,1.0
S4,R1,PZ052,7,2292.922451874753,0.0,0.0,0.0,2292.922451874753,0.0,2178.276329281015,0.0,1.0
S4,R1,PZ052,8,2292.922451874753,0.0,0.0,0.0,2292.922451874753,0.0,4356.55265856203,0.0,1.0
S4,R1,PZ052,9,2292.922451874753,0.0,0.0,0.0,2292.922451874753,0.0,6534.828987843045,0.0,1.0
S4,R1,PZ052,10,2292.922451874753,0.0,0.0,7557.922451874752,0.0,5265.0,8713.10531712406,0.0,1.0
S4,R1,PZ052,11,2292.922451874753,2.9055148634494863,0.0,5308.278018006061,0.0,3012.4500512678583,3171.000053966166,0.0,1.0
S4,R1,PZ052,12,2292.922451874753,16.525199174953634,0.0,2309.4476510497066,0.0,-0.0,0.0,0.0,1.0
S4,R1,PZ052,13,2292.922451874753,33.64106369054021,0.0,2326.563515565293,0.0,-0.0,0.0,0.0,1.0
S4,R1,PZ052,14,2292.922451874753,46.55458405900879,0.0,2339.4770359337617,0.0,-0.0,0.0,0.0,1.0
S4,R1,PZ052,15,2292.922451874753,54.46107764061436,0.0,2347.383529515367,0.0,-0.0,0.0,0.0,1.0
S4,R1,PZ052,16,0.0,59.26209877400929,0.0,0.0,59.26209877400929,0.0,0.0,0.0,1.0
S4,R1,PZ052,17,0.0,59.512281761804154,0.0,0.0,59.51228176180416,0.0,56.29899383530882,0.0,1.0
S4,R1,PZ052,18,0.0,55.6211110643317,0.0,162.81498949790333,0.0,107.19387843357164,112.83566150902277,0.0,1.0
S4,R1,PZ052,19,0.0,45.81416450934299,0.0,45.81416450934299,0.0,-0.0,0.0,0.0,1.0
S4,R1,PZ052,20,0.0,32.7855451767266,0.0,32.7855451767266,0.0,-0.0,0.0,0.0,1.0
S4,R1,PZ052,21,0.0,16.57424454377032,0.0,16.57424454377032,0.0,-0.0,0.0,0.0,1.0
S4,R1,PZ052,22,2292.922451874753,2.55923932929539,0.0,2295.4816912040483,0.0,-0.0,0.0,0.0,1.0
S4,R1,PZ052,23,2292.922451874753,0.0,0.0,2292.922451874753,0.0,-0.0,0.0,0.0,1.0
S4,R2,PZ001,0,1329.9191429539296,0.0,0.0,1329.9191429539296,0.0,-0.0,0.0,0.0,1.0
S4,R2,PZ001,1,1329.9191429539296,0.0,0.0,1329.9191429539296,0.0,-0.0,0.0,0.0,1.0
S4,R2,PZ001,2,1329.9191429539296,0.0,0.0,1329.9191429539296,0.0,-0.0,0.0,0.0,1.0
S4,R2,PZ001,3,1329.9191429539296,0.0,0.0,1329.9191429539296,0.0,-0.0,0.0,0.0,1.0
S4,R2,PZ001,4,1329.9191429539296,0.0,0.0,1329.9191429539296,0.0,-0.0,0.0,0.0,1.0
S4,R2,PZ001,5,1329.9191429539296,0.0,0.0,1329.9191429539296,0.0,-0.0,0.0,0.0,1.0
S4,R2,PZ001,6,1329.9191429539296,0.0,0.0,0.0,1329.9191429539296,0.0,0.0,0.0,1.0
S4,R2,PZ001,7,1329.9191429539296,0.0,0.0,0.0,1329.9191429539296,0.0,1263.423185806233,0.0,1.0
S4,R2,PZ001,8,1329.9191429539296,0.0,0.0,0.0,1329.9191429539296,0.0,2526.846371612466,0.0,1.0
S4,R2,PZ001,9,1329.9191429539296,0.0,0.0,0.0,1329.9191429539296,0.0,3790.269557418699,0.0,1.0
S4,R2,PZ001,10,1329.9191429539296,0.0,0.0,3489.9191429539296,0.0,2160.0,5053.692743224932,0.0,1.0
S4,R2,PZ001,11,1329.9191429539296,0.4072969727109768,0.0,3490.3264399266404,0.0,2160.0,2780.0085326986164,0.0,1.0
S4,R2,PZ001,12,1329.9191429539296,2.3165132218300775,0.0,1813.2437622394461,0.0,481.00810606368566,506.3243221723005,0.0,1.0
S4,R2,PZ001,13,1329.9191429539296,4.715826297190925,0.0,1334.6349692511205,0.0,-0.0,0.0,0.0,1.0
S4,R2,PZ001,14,1329.9191429539296,6.526052023200271,0.0,1336.4451949771299,0.0,-0.0,0.0,0.0,1.0
S4,R2,PZ001,15,1329.9191429539296,7.6343894614481425,0.0,1337.5535324153777,0.0,-0.0,0.0,0.0,1.0
S4,R2,PZ001,16,0.0,8.3073997420535,0.0,0.0,8.3073997420535,0.0,0.0,0.0,1.0
S4,R2,PZ001,17,0.0,8.342470556811495,0.0,0.0,8.342470556811495,0.0,7.8920297549508245,0.0,1.0
S4,R2,PZ001,18,0.0,7.797003705025849,0.0,22.82351164975151,0.0,15.026507944725658,15.817376783921745,0.0,1.0
S4,R2,PZ001,19,0.0,6.42225952676235,0.0,6.42225952676235,0.0,-0.0,0.0,0.0,1.0
S4,R2,PZ001,20,0.0,4.5958991527258,0.0,4.5958991527258,0.0,0.0,-0.0,0.0,1.0
S4,R2,PZ001,21,0.0,2.3233884336886783,0.0,2.3233884336886783,0.0,0.0,-0.0,0.0,1.0
S4,R2,PZ001,22,1329.9191429539296,0.3587558419946817,0.0,1330.2778987959243,0.0,-0.0,0.0,0.0,1.0
S4,R2,PZ001,23,1329.9191429539296,0.0,0.0,1329.9191429539296,0.0,-0.0,0.0,0.0,1.0
S4,R2,PZ006,0,173.10197534000906,0.0,0.0,173.10197534000906,0.0,-0.0,0.0,0.0,1.0
S4,R2,PZ006,1,173.10197534000906,0.0,0.0,173.10197534000906,0.0,-0.0,0.0,0.0,1.0
S4,R2,PZ006,2,173.10197534000906,0.0,0.0,173.10197534000906,0.0,-0.0,0.0,0.0,1.0
S4,R2,PZ006,3,173.10197534000906,0.0,0.0,173.10197534000906,0.0,-0.0,0.0,0.0,1.0
S4,R2,PZ006,4,173.10197534000906,0.0,0.0,173.10197534000906,0.0,-0.0,0.0,0.0,1.0
S4,R2,PZ006,5,173.10197534000906,0.0,0.0,173.10197534000906,0.0,-0.0,0.0,0.0,1.0
S4,R2,PZ006,6,173.10197534000906,0.0,0.0,0.0,173.10197534000906,0.0,0.0,0.0,1.0
S4,R2,PZ006,7,173.10197534000906,0.0,0.0,0.0,173.10197534000906,0.0,164.4468765730086,0.0,1.0
S4,R2,PZ006,8,173.10197534000906,0.0,0.0,0.0,173.10197534000906,0.0,328.8937531460172,0.0,1.0
S4,R2,PZ006,9,173.10197534000906,0.0,0.0,0.0,173.10197534000906,0.0,493.34062971902586,0.0,1.0
S4,R2,PZ006,10,173.10197534000906,0.0,0.0,510.60197534000906,0.0,337.5,657.7875062920343,0.0,1.0
S4,R2,PZ006,11,173.10197534000906,2.141979426631624,0.0,462.6420857440734,0.0,287.3981309774327,302.5243483972975,0.0,1.0
S4,R2,PZ006,12,173.10197534000906,12.182569464372646,0.0,185.2845448043817,0.0,-0.0,0.0,0.0,1.0
S4,R2,PZ006,13,173.10197534000906,24.800584303186795,0.0,197.90255964319584,0.0,-0.0,0.0,0.0,1.0
S4,R2,PZ006,14,173.10197534000906,34.32058205043942,0.0,207.42255739044847,0.0,-0.0,0.0,0.0,1.0
S4,R2,PZ006,15,173.10197534000906,40.14934128400531,0.0,213.25131662401438,0.0,-0.0,0.0,0.0,1.0
S4,R2,PZ006,16,0.0,43.688710028568046,0.0,0.0,43.688710028568046,0.0,0.0,0.0,1.0
S4,R2,PZ006,17,0.0,43.87314784352853,0.0,0.0,43.87314784352852,0.0,41.50427452713964,0.0,1.0
S4,R2,PZ006,18,0.0,41.00453144636353,0.0,120.0291081759307,0.0,79.02457672956717,83.18376497849174,0.0,1.0
S4,R2,PZ006,19,0.0,33.77473612742903,0.0,33.77473612742903,0.0,-0.0,0.0,0.0,1.0
S4,R2,PZ006,20,0.0,24.16988608210951,0.0,24.16988608210951,0.0,-0.0,0.0,0.0,1.0
S4,R2,PZ006,21,0.0,12.218726281981274,0.0,12.218726281981274,0.0,-0.0,0.0,0.0,1.0
S4,R2,PZ006,22,173.10197534000906,1.8867010663538966,0.0,174.98867640636297,0.0,-0.0,0.0,0.0,1.0
S4,R2,PZ006,23,173.10197534000906,0.0,0.0,173.10197534000906,0.0,-0.0,0.0,0.0,1.0
S4,R2,PZ039,0,1530.3200147744074,0.0,0.0,1530.3200147744074,0.0,-0.0,0.0,0.0,1.0
S4,R2,PZ039,1,1530.3200147744074,0.0,0.0,1530.3200147744074,0.0,-0.0,0.0,0.0,1.0
S4,R2,PZ039,2,1530.3200147744074,0.0,0.0,1530.3200147744074,0.0,-0.0,0.0,0.0,1.0
S4,R2,PZ039,3,1530.3200147744074,0.0,0.0,1530.3200147744074,0.0,-0.0,0.0,0.0,1.0
S4,R2,PZ039,4,1530.3200147744074,0.0,0.0,1530.3200147744074,0.0,-0.0,0.0,0.0,1.0
S4,R2,PZ039,5,1530.3200147744074,0.0,0.0,1530.3200147744074,0.0,-0.0,0.0,0.0,1.0
S4,R2,PZ039,6,1530.3200147744074,0.0,0.0,0.0,1530.3200147744074,0.0,0.0,0.0,1.0
S4,R2,PZ039,7,1530.3200147744074,0.0,0.0,0.0,1530.3200147744074,0.0,1453.8040140356861,0.0,1.0
S4,R2,PZ039,8,1530.3200147744074,0.0,0.0,0.0,1530.3200147744074,0.0,2907.608028071373,0.0,1.0
S4,R2,PZ039,9,1530.3200147744074,0.0,0.0,4365.320014774407,0.0,2835.0,4361.41204210706,0.0,1.0
S4,R2,PZ039,10,1530.3200147744074,0.0,0.0,2838.661454776115,0.0,1308.3414400017077,1377.201515791271,0.0,1.0
S4,R2,PZ039,11,1530.3200147744074,4.462716823481356,0.0,1534.7827315978886,0.0,-0.0,0.0,0.0,1.0
S4,R2,PZ039,12,1530.3200147744074,25.381830014764247,0.0,1555.7018447891717,0.0,-0.0,0.0,0.0,1.0
S4,R2,PZ039,13,1530.3200147744074,51.67089068453209,0.0,1581.9909054589396,0.0,-0.0,0.0,0.0,1.0
S4,R2,PZ039,14,1530.3200147744074,71.50537348952285,0.0,1601.82538826393,0.0,-0.0,0.0,0.0,1.0
S4,R2,PZ039,15,1530.3200147744074,83.64932854728089,0.0,1613.9693433216883,0.0,-0.0,0.0,0.0,1.0
S4,R2,PZ039,16,0.0,91.02344253011358,0.0,0.0,91.02344253011358,0.0,0.0,0.0,1.0
S4,R2,PZ039,17,0.0,91.40771033842053,0.0,0.0,91.40771033842054,0.0,86.47227040360791,0.0,1.0
S4,R2,PZ039,18,0.0,85.43107839855439,0.0,250.07519386240645,0.0,164.64411546385205,173.30959522510742,0.0,1.0
S4,R2,PZ039,19,0.0,70.36812830716465,0.0,70.36812830716465,0.0,0.0,-0.0,0.0,1.0
S4,R2,PZ039,20,0.0,50.356859594061945,0.0,50.356859594061945,0.0,0.0,-0.0,0.0,1.0
S4,R2,PZ039,21,0.0,25.457161101617547,0.0,25.457161101617547,0.0,0.0,-0.0,0.0,1.0
S4,R2,PZ039,22,1530.3200147744074,3.93085595735079,0.0,1534.2508707317581,0.0,-0.0,0.0,0.0,1.0
S4,R2,PZ039,23,1530.3200147744074,0.0,0.0,1530.3200147744074,0.0,-0.0,0.0,0.0,1.0
S4,R2,PZ040,0,1606.0990961223997,0.0,0.0,1606.0990961223997,0.0,-0.0,0.0,0.0,1.0
S4,R2,PZ040,1,1606.0990961223995,0.0,0.0,1606.0990961223995,0.0,-0.0,0.0,0.0,1.0
S4,R2,PZ040,2,1606.0990961223995,0.0,0.0,1606.0990961223995,0.0,-0.0,0.0,0.0,1.0
S4,R2,PZ040,3,1606.0990961223995,0.0,0.0,1606.0990961223995,0.0,-0.0,0.0,0.0,1.0
S4,R2,PZ040,4,1606.0990961223995,0.0,0.0,1606.0990961223995,0.0,-0.0,0.0,0.0,1.0
S4,R2,PZ040,5,1606.0990961223995,0.0,0.0,1606.0990961223995,0.0,-0.0,0.0,0.0,1.0
S4,R2,PZ040,6,1606.0990961223995,0.0,0.0,0.0,1606.0990961223995,0.0,0.0,0.0,1.0
S4,R2,PZ040,7,1606.0990961223995,0.0,0.0,0.0,1606.0990961223995,0.0,1525.7941413162794,0.0,1.0
S4,R2,PZ040,8,1606.0990961223995,0.0,0.0,0.0,1606.0990961223995,0.0,3051.5882826325587,0.0,1.0
S4,R2,PZ040,9,1606.0990961223995,0.0,0.0,0.0,1606.0990961223995,0.0,4577.382423948839,0.0,1.0
S4,R2,PZ040,10,1606.0990961223995,0.0,0.0,4576.0990961224,0.0,2970.0,6103.176565265118,0.0,1.0
S4,R2,PZ040,11,1606.0990961223995,4.7131370853662595,0.0,4438.829970209628,0.0,2828.0177370018623,2976.860775791434,0.0,1.0
S4,R2,PZ040,12,1606.0990961223995,26.806102441365795,0.0,1632.9051985637652,0.0,-0.0,0.0,0.0,1.0
S4,R2,PZ040,13,1606.0990961223995,54.57034375064725,0.0,1660.6694398730467,0.0,-0.0,0.0,0.0,1.0
S4,R2,PZ040,14,1606.0990961223995,75.51781592396244,0.0,1681.616912046362,0.0,-0.0,0.0,0.0,1.0
S4,R2,PZ040,15,1606.0990961223995,88.3432151616158,0.0,1694.4423112840152,0.0,-0.0,0.0,0.0,1.0
S4,R2,PZ040,16,0.0,96.13111913556641,0.0,0.0,96.13111913556641,0.0,0.0,0.0,1.0
S4,R2,PZ040,17,0.0,96.53694969342622,0.0,0.0,96.53694969342625,0.0,91.32456317878808,0.0,1.0
S4,R2,PZ040,18,0.0,90.22494587253551,0.0,264.1078779907014,0.0,173.88293211816588,183.03466538754301,0.0,1.0
S4,R2,PZ040,19,0.0,74.3167555259726,0.0,74.3167555259726,0.0,0.0,-0.0,0.0,1.0
S4,R2,PZ040,20,0.0,53.18257730505239,0.0,53.18257730505239,0.0,0.0,-0.0,0.0,1.0
S4,R2,PZ040,21,0.0,26.8856606461932,0.0,26.8856606461932,0.0,0.0,-0.0,0.0,1.0
S4,R2,PZ040,22,1606.0990961223995,4.151431453670028,0.0,1610.2505275760695,0.0,-0.0,0.0,0.0,1.0
S4,R2,PZ040,23,1606.0990961223995,0.0,0.0,1606.0990961223995,0.0,-0.0,0.0,0.0,1.0
S4,R2,PZ041,0,1800.4871052503534,0.0,0.0,1800.4871052503534,0.0,-0.0,0.0,0.0,1.0
S4,R2,PZ041,1,1800.4871052503534,0.0,0.0,1800.4871052503534,0.0,-0.0,0.0,0.0,1.0
S4,R2,PZ041,2,1800.4871052503534,0.0,0.0,1800.4871052503534,0.0,-0.0,0.0,0.0,1.0
S4,R2,PZ041,3,1800.4871052503534,0.0,0.0,1800.4871052503534,0.0,-0.0,0.0,0.0,1.0
S4,R2,PZ041,4,1800.4871052503534,0.0,0.0,1800.4871052503534,0.0,-0.0,0.0,0.0,1.0
S4,R2,PZ041,5,1800.4871052503534,0.0,0.0,1800.4871052503534,0.0,-0.0,0.0,0.0,1.0
S4,R2,PZ041,6,1800.4871052503534,0.0,0.0,0.0,1800.4871052503534,0.0,0.0,0.0,1.0
S4,R2,PZ041,7,1800.4871052503531,0.0,0.0,0.0,1800.4871052503531,0.0,1710.4627499878359,0.0,1.0
S4,R2,PZ041,8,1800.4871052503534,0.0,0.0,0.0,1800.4871052503534,0.0,3420.9254999756713,0.0,1.0
S4,R2,PZ041,9,1800.4871052503534,0.0,0.0,0.0,1800.4871052503534,0.0,5131.388249963506,0.0,1.0
S4,R2,PZ041,10,1800.4871052503534,0.0,0.0,4905.487105250353,0.0,3105.0,6841.850999951342,0.0,1.0
S4,R2,PZ041,11,1800.4871052503427,0.7374968330717517,0.0,4906.2246020834145,0.0,3105.0,3573.4299473197634,0.0,1.0
S4,R2,PZ041,12,1800.4871052503534,4.194534404459814,0.0,2094.440089608589,0.0,289.7584499537757,305.00889468818497,0.0,1.0
S4,R2,PZ041,13,1800.4871052503534,8.538995358462339,0.0,1809.0261006088158,0.0,-0.0,0.0,0.0,1.0
S4,R2,PZ041,14,1800.4871052503534,11.816789767762463,0.0,1812.3038950181158,0.0,-0.0,0.0,0.0,1.0
S4,R2,PZ041,15,1800.4871052503547,13.823667808721284,0.0,1814.310773059076,0.0,-0.0,0.0,0.0,1.0
S4,R2,PZ041,16,1800.4871052503531,15.042294471393275,0.0,1815.5293997217464,0.0,0.0,-0.0,0.0,1.0
S4,R2,PZ041,17,0.0,15.105797557716532,0.0,15.105797557729504,0.0,0.0,-0.0,0.0,1.0
S4,R2,PZ041,18,0.0,14.118115098257165,0.0,14.118115098257165,0.0,-0.0,0.0,0.0,1.0
S4,R2,PZ041,19,0.0,11.628851622997768,0.0,11.628851622997768,0.0,-0.0,0.0,0.0,1.0
S4,R2,PZ041,20,0.0,8.321842039954541,0.0,8.321842039954541,0.0,0.0,-0.0,0.0,1.0
S4,R2,PZ041,21,0.0,4.206983421545963,0.0,4.206983421551601,0.0,0.0,-0.0,0.0,1.0
S4,R2,PZ041,22,1800.4871052503534,0.6496029065868305,0.0,1801.1367081569401,0.0,-0.0,0.0,0.0,1.0
S4,R2,PZ041,23,1800.4871052503534,0.0,0.0,1800.4871052503534,0.0,-0.0,0.0,0.0,1.0
S4,R2,PZ047,0,1986.854060193072,0.0,0.0,1986.854060193072,0.0,-0.0,0.0,0.0,1.0
S4,R2,PZ047,1,1986.854060193072,0.0,0.0,1986.854060193072,0.0,-0.0,0.0,0.0,1.0
S4,R2,PZ047,2,1986.854060193072,0.0,0.0,1986.854060193072,0.0,-0.0,0.0,0.0,1.0
S4,R2,PZ047,3,1986.854060193072,0.0,0.0,1986.854060193072,0.0,-0.0,0.0,0.0,1.0
S4,R2,PZ047,4,1986.854060193072,0.0,0.0,1986.854060193072,0.0,-0.0,0.0,0.0,1.0
S4,R2,PZ047,5,1986.854060193072,0.0,0.0,1986.854060193072,0.0,-0.0,0.0,0.0,1.0
S4,R2,PZ047,6,1986.8540601930724,0.0,0.0,0.0,1986.8540601930724,0.0,0.0,0.0,1.0
S4,R2,PZ047,7,1986.854060193072,0.0,0.0,0.0,1986.854060193072,0.0,1887.5113571834188,0.0,1.0
S4,R2,PZ047,8,1986.854060193072,0.0,0.0,0.0,1986.854060193072,0.0,3775.022714366837,0.0,1.0
S4,R2,PZ047,9,1986.8540601930715,0.0,0.0,0.0,1986.8540601930715,0.0,5662.534071550255,0.0,1.0
S4,R2,PZ047,10,1986.854060193072,0.0,0.0,5969.354060193069,0.0,3982.5,7550.045428733673,0.0,1.0
S4,R2,PZ047,11,1986.854060193072,0.0,0.0,5176.897217490063,0.0,3190.0431572969896,3357.9401655757792,0.0,1.0
S4,R2,PZ047,12,1986.854060193072,0.0,0.0,1986.854060193072,0.0,-0.0,0.0,0.0,1.0
S4,R2,PZ047,13,1986.854060193072,0.0,0.0,1986.854060193072,0.0,-0.0,0.0,0.0,1.0
S4,R2,PZ047,14,1986.854060193072,0.0,0.0,1986.854060193072,0.0,-0.0,0.0,0.0,1.0
S4,R2,PZ047,15,1986.854060193072,0.0,0.0,1986.854060193072,0.0,-0.0,0.0,0.0,1.0
S4,R2,PZ047,16,0.0,0.0,0.0,0.0,0.0,0.0,0.0,0.0,1.0
S4,R2,PZ047,17,0.0,0.0,0.0,0.0,0.0,0.0,0.0,0.0,1.0
S4,R2,PZ047,18,0.0,0.0,0.0,-0.0,0.0,-0.0,-0.0,0.0,1.0
S4,R2,PZ047,19,0.0,0.0,0.0,-0.0,0.0,0.0,-0.0,0.0,1.0
S4,R2,PZ047,20,0.0,0.0,0.0,-0.0,0.0,0.0,-0.0,0.0,1.0
S4,R2,PZ047,21,0.0,0.0,0.0,0.0,0.0,-0.0,-0.0,0.0,1.0
S4,R2,PZ047,22,1986.854060193072,0.0,0.0,1986.854060193072,0.0,-0.0,0.0,0.0,1.0
S4,R2,PZ047,23,1986.854060193072,0.0,0.0,1986.854060193072,0.0,-0.0,0.0,0.0,1.0
S4,R2,PZ048,0,2363.940942646224,0.0,0.0,2363.940942646224,0.0,-0.0,0.0,0.0,1.0
S4,R2,PZ048,1,2363.940942646224,0.0,0.0,2363.940942646224,0.0,-0.0,0.0,0.0,1.0
S4,R2,PZ048,2,2363.940942646224,0.0,0.0,2363.940942646224,0.0,-0.0,0.0,0.0,1.0
S4,R2,PZ048,3,2363.940942646224,0.0,0.0,2363.940942646224,0.0,-0.0,0.0,0.0,1.0
S4,R2,PZ048,4,2363.940942646224,0.0,0.0,2363.940942646224,0.0,-0.0,0.0,0.0,1.0
S4,R2,PZ048,5,2363.940942646224,0.0,0.0,2363.940942646224,0.0,-0.0,0.0,0.0,1.0
S4,R2,PZ048,6,2363.940942646224,0.0,0.0,0.0,2363.940942646224,0.0,0.0,0.0,1.0
S4,R2,PZ048,7,2363.940942646224,0.0,0.0,0.0,2363.940942646224,0.0,2245.743895513913,0.0,1.0
S4,R2,PZ048,8,2363.9409426462234,0.0,0.0,0.0,2363.9409426462234,0.0,4491.487791027825,0.0,1.0
S4,R2,PZ048,9,2363.9409426462234,0.0,0.0,0.0,2363.9409426462234,0.0,6737.231686541737,0.0,1.0
S4,R2,PZ048,10,2363.940942646224,0.0,0.0,7291.440942646226,0.0,4927.5,8982.97558205565,0.0,1.0
S4,R2,PZ048,11,2363.940942646224,0.0,0.0,5970.267745599092,0.0,3606.3268029528676,3796.1334767924927,0.0,1.0
S4,R2,PZ048,12,2363.940942646224,0.0,0.0,2363.940942646224,0.0,-0.0,0.0,0.0,1.0
S4,R2,PZ048,13,2363.940942646224,0.0,0.0,2363.940942646224,0.0,-0.0,0.0,0.0,1.0
S4,R2,PZ048,14,2363.940942646224,0.0,0.0,2363.940942646224,0.0,-0.0,0.0,0.0,1.0
S4,R2,PZ048,15,2363.940942646224,0.0,0.0,2363.940942646224,0.0,-0.0,0.0,0.0,1.0
S4,R2,PZ048,16,0.0,0.0,0.0,0.0,0.0,0.0,0.0,0.0,1.0
S4,R2,PZ048,17,0.0,0.0,0.0,0.0,0.0,0.0,0.0,0.0,1.0
S4,R2,PZ048,18,0.0,0.0,0.0,-0.0,0.0,-0.0,-0.0,0.0,1.0
S4,R2,PZ048,19,0.0,0.0,0.0,-0.0,0.0,0.0,-0.0,0.0,1.0
S4,R2,PZ048,20,0.0,0.0,0.0,-0.0,0.0,0.0,-0.0,0.0,1.0
S4,R2,PZ048,21,0.0,0.0,0.0,0.0,0.0,-0.0,-0.0,0.0,1.0
S4,R2,PZ048,22,2363.940942646224,0.0,0.0,2363.940942646224,0.0,-0.0,0.0,0.0,1.0
S4,R2,PZ048,23,2363.940942646224,0.0,0.0,2363.940942646224,0.0,-0.0,0.0,0.0,1.0
S4,R2,PZ049,0,2161.641113003975,0.0,0.0,2161.641113003975,0.0,-0.0,0.0,0.0,1.0
S4,R2,PZ049,1,2161.641113003975,0.0,0.0,2161.641113003975,0.0,-0.0,0.0,0.0,1.0
S4,R2,PZ049,2,2161.641113003975,0.0,0.0,2161.641113003975,0.0,-0.0,0.0,0.0,1.0
S4,R2,PZ049,3,2161.641113003975,0.0,0.0,2161.641113003975,0.0,-0.0,0.0,0.0,1.0
S4,R2,PZ049,4,2161.641113003975,0.0,0.0,2161.641113003975,0.0,-0.0,0.0,0.0,1.0
S4,R2,PZ049,5,2161.641113003975,0.0,0.0,2161.641113003975,0.0,-0.0,0.0,0.0,1.0
S4,R2,PZ049,6,2161.641113003975,0.0,0.0,0.0,2161.641113003975,0.0,0.0,0.0,1.0
S4,R2,PZ049,7,2161.6411130039746,0.0,0.0,0.0,2161.6411130039746,0.0,2053.559057353776,0.0,1.0
S4,R2,PZ049,8,2161.641113003975,0.0,0.0,0.0,2161.641113003975,0.0,4107.118114707553,0.0,1.0
S4,R2,PZ049,9,2161.6411130039746,0.0,0.0,0.0,2161.6411130039746,0.0,6160.677172061329,0.0,1.0
S4,R2,PZ049,10,2161.641113003975,0.0,0.0,6684.141113003981,0.0,4522.5,8214.236229415104,0.0,1.0
S4,R2,PZ049,11,2161.641113003975,0.0,0.0,5442.665530948325,0.0,3281.0244179443494,3453.709913625631,0.0,1.0
S4,R2,PZ049,12,2161.641113003975,0.0,0.0,2161.641113003975,0.0,-0.0,0.0,0.0,1.0
S4,R2,PZ049,13,2161.641113003975,0.0,0.0,2161.641113003975,0.0,-0.0,0.0,0.0,1.0
S4,R2,PZ049,14,2161.641113003975,0.0,0.0,2161.641113003975,0.0,-0.0,0.0,0.0,1.0
S4,R2,PZ049,15,2161.641113003975,0.0,0.0,2161.641113003975,0.0,-0.0,0.0,0.0,1.0
S4,R2,PZ049,16,0.0,0.0,0.0,0.0,0.0,0.0,0.0,0.0,1.0
S4,R2,PZ049,17,0.0,0.0,0.0,0.0,0.0,0.0,0.0,0.0,1.0
S4,R2,PZ049,18,0.0,0.0,0.0,-0.0,0.0,-0.0,-0.0,0.0,1.0
S4,R2,PZ049,19,0.0,0.0,0.0,-0.0,0.0,-0.0,0.0,0.0,1.0
S4,R2,PZ049,20,0.0,0.0,0.0,-0.0,0.0,-0.0,0.0,0.0,1.0
S4,R2,PZ049,21,0.0,0.0,0.0,-0.0,0.0,-0.0,0.0,0.0,1.0
S4,R2,PZ049,22,2161.641113003975,0.0,0.0,2161.641113003975,0.0,-0.0,0.0,0.0,1.0
S4,R2,PZ049,23,2161.641113003975,0.0,0.0,2161.641113003975,0.0,-0.0,0.0,0.0,1.0
S4,R2,PZ050,0,2562.571489542625,0.0,0.0,2562.571489542625,0.0,-0.0,0.0,0.0,1.0
S4,R2,PZ050,1,2562.5714895426245,0.0,0.0,2562.5714895426245,0.0,-0.0,0.0,0.0,1.0
S4,R2,PZ050,2,2562.5714895426245,0.0,0.0,2562.5714895426245,0.0,-0.0,0.0,0.0,1.0
S4,R2,PZ050,3,2562.5714895426245,0.0,0.0,2562.5714895426245,0.0,-0.0,0.0,0.0,1.0
S4,R2,PZ050,4,2562.5714895426245,0.0,0.0,2562.5714895426245,0.0,-0.0,0.0,0.0,1.0
S4,R2,PZ050,5,2562.5714895426245,0.0,0.0,2562.5714895426245,0.0,-0.0,0.0,0.0,1.0
S4,R2,PZ050,6,2562.5714895426245,0.0,0.0,0.0,2562.5714895426245,0.0,0.0,0.0,1.0
S4,R2,PZ050,7,2562.5714895426245,0.0,0.0,0.0,2562.5714895426245,0.0,2434.4429150654933,0.0,1.0
S4,R2,PZ050,8,2562.5714895426245,0.0,0.0,0.0,2562.5714895426245,0.0,4868.8858301309865,0.0,1.0
S4,R2,PZ050,9,2562.5714895426245,0.0,0.0,0.0,2562.5714895426245,0.0,7303.32874519648,0.0,1.0
S4,R2,PZ050,10,2562.5714895426245,0.0,0.0,7895.0714895426245,0.0,5332.5,9737.771660261971,0.0,1.0
S4,R2,PZ050,11,2562.5714895426245,10.704606536131399,0.0,6491.659173327632,0.0,3918.383077248874,4124.61376552513,0.0,1.0
S4,R2,PZ050,12,2562.5714895426245,60.88275689943215,0.0,2623.4542464420565,0.0,-0.0,0.0,0.0,1.0
S4,R2,PZ050,13,2562.5714895426245,123.94166513973165,0.0,2686.5131546823563,0.0,-0.0,0.0,0.0,1.0
S4,R2,PZ050,14,2562.5714895426245,171.51813989114984,0.0,2734.0896294337745,0.0,-0.0,0.0,0.0,1.0
S4,R2,PZ050,15,2562.5714895426245,200.64753927445037,0.0,2763.219028817075,0.0,-0.0,0.0,0.0,1.0
S4,R2,PZ050,16,0.0,218.33564090874367,0.0,0.0,218.33564090874367,0.0,0.0,0.0,1.0
S4,R2,PZ050,17,0.0,219.25737443007844,0.0,0.0,219.2573744300784,0.0,207.41885886330647,0.0,1.0
S4,R2,PZ050,18,0.0,204.92137780333437,0.0,599.8490741466213,0.0,394.9276963432869,415.71336457188096,0.0,1.0
S4,R2,PZ050,19,0.0,168.7902584920431,0.0,168.7902584920431,0.0,0.0,-0.0,0.0,1.0
S4,R2,PZ050,20,0.0,120.78973183181598,0.0,120.78973183181598,0.0,0.0,-0.0,0.0,1.0
S4,R2,PZ050,21,0.0,61.06345168169142,0.0,61.06345168169142,0.0,-0.0,0.0,0.0,1.0
S4,R2,PZ050,22,2562.5714895426245,9.428845261309487,0.0,2572.000334803934,0.0,-0.0,0.0,0.0,1.0
S4,R2,PZ050,23,2562.5714895426245,0.0,0.0,2562.5714895426245,0.0,-0.0,0.0,0.0,1.0
S4,R2,PZ052,0,2278.7951734254993,0.0,0.0,2278.7951734254993,0.0,-0.0,0.0,0.0,1.0
S4,R2,PZ052,1,2278.7951734254993,0.0,0.0,2278.7951734254993,0.0,-0.0,0.0,0.0,1.0
S4,R2,PZ052,2,2278.7951734254993,0.0,0.0,2278.7951734254993,0.0,-0.0,0.0,0.0,1.0
S4,R2,PZ052,3,2278.7951734254993,0.0,0.0,2278.7951734254993,0.0,-0.0,0.0,0.0,1.0
S4,R2,PZ052,4,2278.7951734254993,0.0,0.0,2278.7951734254993,0.0,-0.0,0.0,0.0,1.0
S4,R2,PZ052,5,2278.7951734254993,0.0,0.0,2278.7951734254993,0.0,-0.0,0.0,0.0,1.0
S4,R2,PZ052,6,2278.7951734254993,0.0,0.0,0.0,2278.7951734254993,0.0,0.0,0.0,1.0
S4,R2,PZ052,7,2278.7951734254993,0.0,0.0,0.0,2278.7951734254993,0.0,2164.855414754224,0.0,1.0
S4,R2,PZ052,8,2278.7951734254993,0.0,0.0,0.0,2278.7951734254993,0.0,4329.710829508448,0.0,1.0
S4,R2,PZ052,9,2278.7951734254993,0.0,0.0,0.0,2278.7951734254993,0.0,6494.566244262673,0.0,1.0
S4,R2,PZ052,10,2278.7951734254993,0.0,0.0,7543.795173425499,0.0,5265.0,8659.421659016898,0.0,1.0
S4,R2,PZ052,11,2278.7951734254993,4.648823781519178,0.0,5244.894573273072,0.0,2961.450576066053,3117.316395859004,0.0,1.0
S4,R2,PZ052,12,2278.7951734254993,26.440318679925817,0.0,2305.2354921054252,0.0,-0.0,0.0,0.0,1.0
S4,R2,PZ052,13,2278.7951734254993,53.82570190486434,0.0,2332.6208753303636,0.0,-0.0,0.0,0.0,1.0
S4,R2,PZ052,14,2278.7951734254993,74.48733449441407,0.0,2353.2825079199133,0.0,-0.0,0.0,0.0,1.0
S4,R2,PZ052,15,2278.7951734254993,87.13772422498299,0.0,2365.932897650482,0.0,-0.0,0.0,0.0,1.0
S4,R2,PZ052,16,0.0,94.81935803841488,0.0,0.0,94.81935803841488,0.0,0.0,0.0,1.0
S4,R2,PZ052,17,0.0,95.21965081888666,0.0,0.0,95.21965081888669,0.0,90.07839013649412,0.0,1.0
S4,R2,PZ052,18,0.0,88.99377770293074,0.0,260.5039831966454,0.0,171.51020549371466,180.53705841443647,0.0,1.0
S4,R2,PZ052,19,0.0,73.30266321494878,0.0,73.30266321494878,0.0,-0.0,0.0,0.0,1.0
S4,R2,PZ052,20,0.0,52.45687228276257,0.0,52.45687228276257,0.0,-0.0,0.0,0.0,1.0
S4,R2,PZ052,21,0.0,26.518791270032516,0.0,26.518791270032516,0.0,-0.0,0.0,0.0,1.0
S4,R2,PZ052,22,2278.7951734254993,4.094782926872624,0.0,2282.889956352372,0.0,-0.0,0.0,0.0,1.0
S4,R2,PZ052,23,2278.7951734254993,0.0,0.0,2278.7951734254993,0.0,-0.0,0.0,0.0,1.0
S4,R3,PZ001,0,1328.6814109994723,0.0,0.0,1328.6814109994723,0.0,-0.0,0.0,0.0,1.0
S4,R3,PZ001,1,1328.6814109994723,0.0,0.0,1328.6814109994723,0.0,-0.0,0.0,0.0,1.0
S4,R3,PZ001,2,1328.6814109994723,0.0,0.0,1328.6814109994723,0.0,-0.0,0.0,0.0,1.0
S4,R3,PZ001,3,1328.6814109994723,0.0,0.0,1328.6814109994723,0.0,-0.0,0.0,0.0,1.0
S4,R3,PZ001,4,1328.6814109994723,0.0,0.0,1328.6814109994723,0.0,-0.0,0.0,0.0,1.0
S4,R3,PZ001,5,1328.6814109994723,0.0,0.0,1328.6814109994723,0.0,-0.0,0.0,0.0,1.0
S4,R3,PZ001,6,1328.6814109994723,0.0,0.0,0.0,1328.6814109994723,0.0,0.0,0.0,1.0
S4,R3,PZ001,7,1328.6814109994723,0.0,0.0,0.0,1328.6814109994723,0.0,1262.2473404494986,0.0,1.0
S4,R3,PZ001,8,1328.6814109994723,0.0,0.0,0.0,1328.6814109994723,0.0,2524.494680898997,0.0,1.0
S4,R3,PZ001,9,1328.6814109994723,0.0,0.0,0.0,1328.6814109994723,0.0,3786.7420213484957,0.0,1.0
S4,R3,PZ001,10,1328.6814109994723,0.0,0.0,3488.681410999472,0.0,2160.0,5048.989361797994,0.0,1.0
S4,R3,PZ001,11,1328.6814109994723,0.5600333374775931,0.0,3489.24144433695,0.0,2160.0,2775.3051512716784,0.0,1.0
S4,R3,PZ001,12,1328.6814109994723,3.1852056800163564,0.0,1808.406510387584,0.0,476.5398937080947,501.62094074536253,0.0,1.0
S4,R3,PZ001,13,1328.6814109994723,6.484261158637523,0.0,1335.1656721581098,0.0,-0.0,0.0,0.0,1.0
S4,R3,PZ001,14,1328.6814109994723,8.973321531900373,0.0,1337.6547325313727,0.0,-0.0,0.0,0.0,1.0
S4,R3,PZ001,15,1328.6814109994723,10.497285509491196,0.0,1339.1786965089634,0.0,-0.0,0.0,0.0,1.0
S4,R3,PZ001,16,0.0,11.422674645323564,0.0,0.0,11.422674645323564,0.0,0.0,0.0,1.0
S4,R3,PZ001,17,0.0,11.470897015615806,0.0,0.0,11.470897015615806,0.0,10.851540913057386,0.0,1.0
S4,R3,PZ001,18,0.0,10.720880094410544,0.0,31.382328518408325,0.0,20.661448423997783,21.7488930778924,0.0,1.0
S4,R3,PZ001,19,0.0,8.830606849298231,0.0,8.830606849298231,0.0,-0.0,0.0,0.0,1.0
S4,R3,PZ001,20,0.0,6.319361334997976,0.0,6.319361334997976,0.0,0.0,-0.0,0.0,1.0
S4,R3,PZ001,21,0.0,3.194659096321933,0.0,3.194659096321933,0.0,0.0,-0.0,0.0,1.0
S4,R3,PZ001,22,1328.6814109994723,0.49328928274268735,0.0,1329.1747002822149,0.0,-0.0,0.0,0.0,1.0
S4,R3,PZ001,23,1328.6814109994723,0.0,0.0,1328.6814109994723,0.0,-0.0,0.0,0.0,1.0
S4,R3,PZ006,0,166.5927288693438,0.0,0.0,166.5927288693438,0.0,-0.0,0.0,0.0,1.0
S4,R3,PZ006,1,166.5927288693438,0.0,0.0,166.5927288693438,0.0,-0.0,0.0,0.0,1.0
S4,R3,PZ006,2,166.5927288693438,0.0,0.0,166.5927288693438,0.0,-0.0,0.0,0.0,1.0
S4,R3,PZ006,3,166.5927288693438,0.0,0.0,166.5927288693438,0.0,-0.0,0.0,0.0,1.0
S4,R3,PZ006,4,166.5927288693438,0.0,0.0,166.5927288693438,0.0,-0.0,0.0,0.0,1.0
S4,R3,PZ006,5,166.5927288693438,0.0,0.0,166.5927288693438,0.0,-0.0,0.0,0.0,1.0
S4,R3,PZ006,6,166.5927288693438,0.0,0.0,0.0,166.5927288693438,0.0,0.0,0.0,1.0
S4,R3,PZ006,7,166.5927288693438,0.0,0.0,0.0,166.5927288693438,0.0,158.2630924258766,0.0,1.0
S4,R3,PZ006,8,166.5927288693438,0.0,0.0,0.0,166.5927288693438,0.0,316.5261848517532,0.0,1.0
S4,R3,PZ006,9,166.5927288693438,0.0,0.0,0.0,166.5927288693438,0.0,474.7892772776298,0.0,1.0
S4,R3,PZ006,10,166.5927288693438,0.0,0.0,504.0927288693438,0.0,337.5,633.0523697035064,0.0,1.0
S4,R3,PZ006,11,166.5927288693438,2.945221711618483,0.0,433.4377017992935,0.0,263.8997512183311,277.7892118087696,0.0,1.0
S4,R3,PZ006,12,166.5927288693438,16.751033013512387,0.0,183.3437618828562,0.0,-0.0,0.0,0.0,1.0
S4,R3,PZ006,13,166.5927288693438,34.100803416881845,0.0,200.69353228622566,0.0,-0.0,0.0,0.0,1.0
S4,R3,PZ006,14,166.5927288693438,47.1908003193542,0.0,213.783529188698,0.0,-0.0,0.0,0.0,1.0
S4,R3,PZ006,15,166.5927288693438,55.2053442655073,0.0,221.7980731348511,0.0,-0.0,0.0,0.0,1.0
S4,R3,PZ006,16,0.0,60.07197628928106,0.0,0.0,60.07197628928106,0.0,0.0,0.0,1.0
S4,R3,PZ006,17,0.0,60.32557828485173,0.0,0.0,60.32557828485174,0.0,57.068377474817005,0.0,1.0
S4,R3,PZ006,18,0.0,56.381230738749856,0.0,165.04002374190472,0.0,108.65879300315486,114.37767684542615,0.0,1.0
S4,R3,PZ006,19,0.0,46.44026217521491,0.0,46.44026217521491,0.0,-0.0,0.0,0.0,1.0
S4,R3,PZ006,20,0.0,33.23359336290058,0.0,33.23359336290058,0.0,-0.0,0.0,0.0,1.0
S4,R3,PZ006,21,0.0,16.80074863772425,0.0,16.80074863772425,0.0,-0.0,0.0,0.0,1.0
S4,R3,PZ006,22,166.5927288693438,2.5942139662366075,0.0,169.1869428355804,0.0,-0.0,0.0,0.0,1.0
S4,R3,PZ006,23,166.5927288693438,0.0,0.0,166.5927288693438,0.0,-0.0,0.0,0.0,1.0
S4,R3,PZ039,0,1516.832968218241,0.0,0.0,1516.832968218241,0.0,-0.0,0.0,0.0,1.0
S4,R3,PZ039,1,1516.8329682182407,0.0,0.0,1516.8329682182407,0.0,-0.0,0.0,0.0,1.0
S4,R3,PZ039,2,1516.8329682182407,0.0,0.0,1516.8329682182407,0.0,-0.0,0.0,0.0,1.0
S4,R3,PZ039,3,1516.8329682182407,0.0,0.0,1516.8329682182407,0.0,-0.0,0.0,0.0,1.0
S4,R3,PZ039,4,1516.8329682182407,0.0,0.0,1516.8329682182407,0.0,-0.0,0.0,0.0,1.0
S4,R3,PZ039,5,1516.8329682182407,0.0,0.0,1516.8329682182407,0.0,-0.0,0.0,0.0,1.0
S4,R3,PZ039,6,1516.8329682182407,0.0,0.0,0.0,1516.8329682182407,0.0,0.0,0.0,1.0
S4,R3,PZ039,7,1516.8329682182407,0.0,0.0,0.0,1516.8329682182407,0.0,1440.9913198073282,0.0,1.0
S4,R3,PZ039,8,1516.8329682182407,0.0,0.0,0.0,1516.8329682182407,0.0,2881.982639614657,0.0,1.0
S4,R3,PZ039,9,1516.8329682182407,0.0,0.0,4351.832968218241,0.0,2835.0,4322.9739594219855,0.0,1.0
S4,R3,PZ039,10,1516.8329682182407,0.0,0.0,2788.658229669127,0.0,1271.8252614508865,1338.7634331061963,0.0,1.0
S4,R3,PZ039,11,1516.8329682182407,6.136235632286866,0.0,1522.9692038505275,0.0,-0.0,0.0,0.0,1.0
S4,R3,PZ039,12,1516.8329682182407,34.90001627030084,0.0,1551.7329844885414,0.0,-0.0,0.0,0.0,1.0
S4,R3,PZ039,13,1516.8329682182407,71.04747469123163,0.0,1587.8804429094723,0.0,-0.0,0.0,0.0,1.0
S4,R3,PZ039,14,1516.8329682182407,98.31988854809393,0.0,1615.1528567663347,0.0,-0.0,0.0,0.0,1.0
S4,R3,PZ039,15,1516.8329682182407,115.01782675251123,0.0,1631.8507949707518,0.0,-0.0,0.0,0.0,1.0
S4,R3,PZ039,16,0.0,125.15723347890618,0.0,0.0,125.15723347890618,0.0,0.0,0.0,1.0
S4,R3,PZ039,17,0.0,125.68560171532823,0.0,0.0,125.68560171532823,0.0,118.89937180496086,0.0,1.0
S4,R3,PZ039,18,0.0,117.46773279801229,0.0,343.85339156080886,0.0,226.38565876279657,238.30069343452269,0.0,1.0
S4,R3,PZ039,19,0.0,96.75617642235139,0.0,96.75617642235139,0.0,0.0,-0.0,0.0,1.0
S4,R3,PZ039,20,0.0,69.24068194183518,0.0,69.24068194183518,0.0,0.0,-0.0,0.0,1.0
S4,R3,PZ039,21,0.0,35.00359651472413,0.0,35.00359651472413,0.0,0.0,-0.0,0.0,1.0
S4,R3,PZ039,22,1516.8329682182407,5.404926941357337,0.0,1522.237895159598,0.0,-0.0,0.0,0.0,1.0
S4,R3,PZ039,23,1516.8329682182407,0.0,0.0,1516.8329682182407,0.0,-0.0,0.0,0.0,1.0
S4,R3,PZ040,0,1591.776376418725,0.0,0.0,1591.776376418725,0.0,-0.0,0.0,0.0,1.0
S4,R3,PZ040,1,1591.776376418725,0.0,0.0,1591.776376418725,0.0,-0.0,0.0,0.0,1.0
S4,R3,PZ040,2,1591.776376418725,0.0,0.0,1591.776376418725,0.0,-0.0,0.0,0.0,1.0
S4,R3,PZ040,3,1591.776376418725,0.0,0.0,1591.776376418725,0.0,-0.0,0.0,0.0,1.0
S4,R3,PZ040,4,1591.776376418725,0.0,0.0,1591.776376418725,0.0,-0.0,0.0,0.0,1.0
S4,R3,PZ040,5,1591.776376418725,0.0,0.0,1591.776376418725,0.0,-0.0,0.0,0.0,1.0
S4,R3,PZ040,6,1591.776376418725,0.0,0.0,0.0,1591.776376418725,0.0,0.0,0.0,1.0
S4,R3,PZ040,7,1591.776376418725,0.0,0.0,0.0,1591.776376418725,0.0,1512.1875575977888,0.0,1.0
S4,R3,PZ040,8,1591.776376418725,0.0,0.0,0.0,1591.776376418725,0.0,3024.3751151955776,0.0,1.0
S4,R3,PZ040,9,1591.776376418725,0.0,0.0,0.0,1591.776376418725,0.0,4536.562672793367,0.0,1.0
S4,R3,PZ040,10,1591.776376418725,0.0,0.0,4561.776376418725,0.0,2970.0,6048.750230391154,0.0,1.0
S4,R3,PZ040,11,1591.776376418725,6.480563492378606,0.0,4374.5696587827015,0.0,2776.312718871597,2922.43444091747,0.0,1.0
S4,R3,PZ040,12,1591.776376418725,36.85839085687797,0.0,1628.634767275603,0.0,-0.0,0.0,0.0,1.0
S4,R3,PZ040,13,1591.776376418725,75.03422265713996,0.0,1666.810599075865,0.0,-0.0,0.0,0.0,1.0
S4,R3,PZ040,14,1591.776376418725,103.83699689544837,0.0,1695.6133733141735,0.0,-0.0,0.0,0.0,1.0
S4,R3,PZ040,15,1591.776376418725,121.47192084722172,0.0,1713.2482972659468,0.0,-0.0,0.0,0.0,1.0
S4,R3,PZ040,16,0.0,132.1802888114038,0.0,0.0,132.1802888114038,0.0,0.0,0.0,1.0
S4,R3,PZ040,17,0.0,132.73830582846105,0.0,0.0,132.73830582846105,0.0,125.57127437083362,0.0,1.0
S4,R3,PZ040,18,0.0,124.05930057473633,0.0,363.1483322372144,0.0,239.08903166247808,251.67266490787162,0.0,1.0
S4,R3,PZ040,19,0.0,102.18553884821232,0.0,102.18553884821232,0.0,0.0,-0.0,0.0,1.0
S4,R3,PZ040,20,0.0,73.12604379444703,0.0,73.12604379444703,0.0,0.0,-0.0,0.0,1.0
S4,R3,PZ040,21,0.0,36.96778338851565,0.0,36.96778338851565,0.0,0.0,-0.0,0.0,1.0
S4,R3,PZ040,22,1591.776376418725,5.708218248796289,0.0,1597.4845946675214,0.0,-0.0,0.0,0.0,1.0
S4,R3,PZ040,23,1591.776376418725,0.0,0.0,1591.776376418725,0.0,-0.0,0.0,0.0,1.0
S4,R3,PZ041,0,1798.3071286660386,0.0,0.0,1798.3071286660386,0.0,-0.0,0.0,0.0,1.0
S4,R3,PZ041,1,1798.3071286660386,0.0,0.0,1798.3071286660386,0.0,-0.0,0.0,0.0,1.0
S4,R3,PZ041,2,1798.3071286660386,0.0,0.0,1798.3071286660386,0.0,-0.0,0.0,0.0,1.0
S4,R3,PZ041,3,1798.3071286660386,0.0,0.0,1798.3071286660386,0.0,-0.0,0.0,0.0,1.0
S4,R3,PZ041,4,1798.3071286660386,0.0,0.0,1798.3071286660386,0.0,-0.0,0.0,0.0,1.0
S4,R3,PZ041,5,1798.3071286660386,0.0,0.0,1798.3071286660386,0.0,-0.0,0.0,0.0,1.0
S4,R3,PZ041,6,1798.3071286660386,0.0,0.0,0.0,1798.3071286660386,0.0,0.0,0.0,1.0
S4,R3,PZ041,7,1798.3071286660386,0.0,0.0,0.0,1798.3071286660386,0.0,1708.3917722327365,0.0,1.0
S4,R3,PZ041,8,1798.3071286660384,0.0,0.0,0.0,1798.3071286660384,0.0,3416.783544465473,0.0,1.0
S4,R3,PZ041,9,1798.3071286660386,0.0,0.0,0.0,1798.3071286660386,0.0,5125.175316698211,0.0,1.0
S4,R3,PZ041,10,1798.3071286660386,0.0,0.0,4903.307128666039,0.0,3105.0,6833.567088930947,0.0,1.0
S4,R3,PZ041,11,1798.307128666022,1.0140581454736586,0.0,4904.321186811496,0.0,3105.0,3565.146036299367,0.0,1.0
S4,R3,PZ041,12,1798.3071286660386,5.767484806132244,0.0,2085.9633479565705,0.0,281.8887344843998,296.7249836677892,0.0,1.0
S4,R3,PZ041,13,1798.3071286660386,11.741118617885714,0.0,1810.0482472839242,0.0,-0.0,0.0,0.0,1.0
S4,R3,PZ041,14,1798.3071286660386,16.248085930673387,0.0,1814.555214596712,0.0,-0.0,0.0,0.0,1.0
S4,R3,PZ041,15,1798.30712866604,19.007543236991765,0.0,1817.3146719030317,0.0,-0.0,0.0,0.0,1.0
S4,R3,PZ041,16,1798.3071286660386,20.68315489816575,0.0,1818.9902835642042,0.0,0.0,-0.0,0.0,1.0
S4,R3,PZ041,17,0.0,20.77047164186023,0.0,20.77047164187586,0.0,0.0,-0.0,0.0,1.0
S4,R3,PZ041,18,0.0,19.412408260103604,0.0,19.412408260103604,0.0,-0.0,0.0,0.0,1.0
S4,R3,PZ041,19,0.0,15.989670981621929,0.0,15.989670981621929,0.0,-0.0,0.0,0.0,1.0
S4,R3,PZ041,20,0.0,11.442532804937494,0.0,11.442532804937494,0.0,0.0,-0.0,0.0,1.0
S4,R3,PZ041,21,0.0,5.784602204625699,0.0,5.7846022046360135,0.0,0.0,-0.0,0.0,1.0
S4,R3,PZ041,22,1798.3071286660386,0.8932039965568919,0.0,1799.2003326625954,0.0,-0.0,0.0,0.0,1.0
S4,R3,PZ041,23,1798.3071286660386,0.0,0.0,1798.3071286660386,0.0,-0.0,0.0,0.0,1.0
S4,R3,PZ047,0,1986.854060193072,0.0,0.0,1986.854060193072,0.0,-0.0,0.0,0.0,1.0
S4,R3,PZ047,1,1986.854060193072,0.0,0.0,1986.854060193072,0.0,-0.0,0.0,0.0,1.0
S4,R3,PZ047,2,1986.854060193072,0.0,0.0,1986.854060193072,0.0,-0.0,0.0,0.0,1.0
S4,R3,PZ047,3,1986.854060193072,0.0,0.0,1986.854060193072,0.0,-0.0,0.0,0.0,1.0
S4,R3,PZ047,4,1986.854060193072,0.0,0.0,1986.854060193072,0.0,-0.0,0.0,0.0,1.0
S4,R3,PZ047,5,1986.854060193072,0.0,0.0,1986.854060193072,0.0,-0.0,0.0,0.0,1.0
S4,R3,PZ047,6,1986.8540601930724,0.0,0.0,0.0,1986.8540601930724,0.0,0.0,0.0,1.0
S4,R3,PZ047,7,1986.854060193072,0.0,0.0,0.0,1986.854060193072,0.0,1887.5113571834188,0.0,1.0
S4,R3,PZ047,8,1986.854060193072,0.0,0.0,0.0,1986.854060193072,0.0,3775.022714366837,0.0,1.0
S4,R3,PZ047,9,1986.8540601930715,0.0,0.0,0.0,1986.8540601930715,0.0,5662.534071550255,0.0,1.0
S4,R3,PZ047,10,1986.854060193072,0.0,0.0,5969.354060193069,0.0,3982.5,7550.045428733673,0.0,1.0
S4,R3,PZ047,11,1986.854060193072,0.0,0.0,5176.897217490063,0.0,3190.0431572969896,3357.9401655757792,0.0,1.0
S4,R3,PZ047,12,1986.854060193072,0.0,0.0,1986.854060193072,0.0,-0.0,0.0,0.0,1.0
S4,R3,PZ047,13,1986.854060193072,0.0,0.0,1986.854060193072,0.0,-0.0,0.0,0.0,1.0
S4,R3,PZ047,14,1986.854060193072,0.0,0.0,1986.854060193072,0.0,-0.0,0.0,0.0,1.0
S4,R3,PZ047,15,1986.854060193072,0.0,0.0,1986.854060193072,0.0,-0.0,0.0,0.0,1.0
S4,R3,PZ047,16,0.0,0.0,0.0,0.0,0.0,0.0,0.0,0.0,1.0
S4,R3,PZ047,17,0.0,0.0,0.0,0.0,0.0,0.0,0.0,0.0,1.0
S4,R3,PZ047,18,0.0,0.0,0.0,-0.0,0.0,-0.0,-0.0,0.0,1.0
S4,R3,PZ047,19,0.0,0.0,0.0,-0.0,0.0,0.0,-0.0,0.0,1.0
S4,R3,PZ047,20,0.0,0.0,0.0,-0.0,0.0,0.0,-0.0,0.0,1.0
S4,R3,PZ047,21,0.0,0.0,0.0,0.0,0.0,-0.0,-0.0,0.0,1.0
S4,R3,PZ047,22,1986.854060193072,0.0,0.0,1986.854060193072,0.0,-0.0,0.0,0.0,1.0
S4,R3,PZ047,23,1986.854060193072,0.0,0.0,1986.854060193072,0.0,-0.0,0.0,0.0,1.0
S4,R3,PZ048,0,2363.940942646224,0.0,0.0,2363.940942646224,0.0,-0.0,0.0,0.0,1.0
S4,R3,PZ048,1,2363.940942646224,0.0,0.0,2363.940942646224,0.0,-0.0,0.0,0.0,1.0
S4,R3,PZ048,2,2363.940942646224,0.0,0.0,2363.940942646224,0.0,-0.0,0.0,0.0,1.0
S4,R3,PZ048,3,2363.940942646224,0.0,0.0,2363.940942646224,0.0,-0.0,0.0,0.0,1.0
S4,R3,PZ048,4,2363.940942646224,0.0,0.0,2363.940942646224,0.0,-0.0,0.0,0.0,1.0
S4,R3,PZ048,5,2363.940942646224,0.0,0.0,2363.940942646224,0.0,-0.0,0.0,0.0,1.0
S4,R3,PZ048,6,2363.940942646224,0.0,0.0,0.0,2363.940942646224,0.0,0.0,0.0,1.0
S4,R3,PZ048,7,2363.940942646224,0.0,0.0,0.0,2363.940942646224,0.0,2245.743895513913,0.0,1.0
S4,R3,PZ048,8,2363.9409426462234,0.0,0.0,0.0,2363.9409426462234,0.0,4491.487791027825,0.0,1.0
S4,R3,PZ048,9,2363.9409426462234,0.0,0.0,0.0,2363.9409426462234,0.0,6737.231686541737,0.0,1.0
S4,R3,PZ048,10,2363.940942646224,0.0,0.0,7291.440942646226,0.0,4927.5,8982.97558205565,0.0,1.0
S4,R3,PZ048,11,2363.940942646224,0.0,0.0,5970.267745599092,0.0,3606.3268029528676,3796.1334767924927,0.0,1.0
S4,R3,PZ048,12,2363.940942646224,0.0,0.0,2363.940942646224,0.0,-0.0,0.0,0.0,1.0
S4,R3,PZ048,13,2363.940942646224,0.0,0.0,2363.940942646224,0.0,-0.0,0.0,0.0,1.0
S4,R3,PZ048,14,2363.940942646224,0.0,0.0,2363.940942646224,0.0,-0.0,0.0,0.0,1.0
S4,R3,PZ048,15,2363.940942646224,0.0,0.0,2363.940942646224,0.0,-0.0,0.0,0.0,1.0
S4,R3,PZ048,16,0.0,0.0,0.0,0.0,0.0,0.0,0.0,0.0,1.0
S4,R3,PZ048,17,0.0,0.0,0.0,0.0,0.0,0.0,0.0,0.0,1.0
S4,R3,PZ048,18,0.0,0.0,0.0,-0.0,0.0,-0.0,-0.0,0.0,1.0
S4,R3,PZ048,19,0.0,0.0,0.0,-0.0,0.0,0.0,-0.0,0.0,1.0
S4,R3,PZ048,20,0.0,0.0,0.0,-0.0,0.0,0.0,-0.0,0.0,1.0
S4,R3,PZ048,21,0.0,0.0,0.0,0.0,0.0,-0.0,-0.0,0.0,1.0
S4,R3,PZ048,22,2363.940942646224,0.0,0.0,2363.940942646224,0.0,-0.0,0.0,0.0,1.0
S4,R3,PZ048,23,2363.940942646224,0.0,0.0,2363.940942646224,0.0,-0.0,0.0,0.0,1.0
S4,R3,PZ049,0,2161.641113003975,0.0,0.0,2161.641113003975,0.0,-0.0,0.0,0.0,1.0
S4,R3,PZ049,1,2161.641113003975,0.0,0.0,2161.641113003975,0.0,-0.0,0.0,0.0,1.0
S4,R3,PZ049,2,2161.641113003975,0.0,0.0,2161.641113003975,0.0,-0.0,0.0,0.0,1.0
S4,R3,PZ049,3,2161.641113003975,0.0,0.0,2161.641113003975,0.0,-0.0,0.0,0.0,1.0
S4,R3,PZ049,4,2161.641113003975,0.0,0.0,2161.641113003975,0.0,-0.0,0.0,0.0,1.0
S4,R3,PZ049,5,2161.641113003975,0.0,0.0,2161.641113003975,0.0,-0.0,0.0,0.0,1.0
S4,R3,PZ049,6,2161.641113003975,0.0,0.0,0.0,2161.641113003975,0.0,0.0,0.0,1.0
S4,R3,PZ049,7,2161.6411130039746,0.0,0.0,0.0,2161.6411130039746,0.0,2053.559057353776,0.0,1.0
S4,R3,PZ049,8,2161.641113003975,0.0,0.0,0.0,2161.641113003975,0.0,4107.118114707553,0.0,1.0
S4,R3,PZ049,9,2161.6411130039746,0.0,0.0,0.0,2161.6411130039746,0.0,6160.677172061329,0.0,1.0
S4,R3,PZ049,10,2161.641113003975,0.0,0.0,6684.141113003981,0.0,4522.5,8214.236229415104,0.0,1.0
S4,R3,PZ049,11,2161.641113003975,0.0,0.0,5442.665530948325,0.0,3281.0244179443494,3453.709913625631,0.0,1.0
S4,R3,PZ049,12,2161.641113003975,0.0,0.0,2161.641113003975,0.0,-0.0,0.0,0.0,1.0
S4,R3,PZ049,13,2161.641113003975,0.0,0.0,2161.641113003975,0.0,-0.0,0.0,0.0,1.0
S4,R3,PZ049,14,2161.641113003975,0.0,0.0,2161.641113003975,0.0,-0.0,0.0,0.0,1.0
S4,R3,PZ049,15,2161.641113003975,0.0,0.0,2161.641113003975,0.0,-0.0,0.0,0.0,1.0
S4,R3,PZ049,16,0.0,0.0,0.0,0.0,0.0,0.0,0.0,0.0,1.0
S4,R3,PZ049,17,0.0,0.0,0.0,0.0,0.0,0.0,0.0,0.0,1.0
S4,R3,PZ049,18,0.0,0.0,0.0,-0.0,0.0,-0.0,-0.0,0.0,1.0
S4,R3,PZ049,19,0.0,0.0,0.0,-0.0,0.0,-0.0,0.0,0.0,1.0
S4,R3,PZ049,20,0.0,0.0,0.0,-0.0,0.0,-0.0,0.0,0.0,1.0
S4,R3,PZ049,21,0.0,0.0,0.0,-0.0,0.0,-0.0,0.0,0.0,1.0
S4,R3,PZ049,22,2161.641113003975,0.0,0.0,2161.641113003975,0.0,-0.0,0.0,0.0,1.0
S4,R3,PZ049,23,2161.641113003975,0.0,0.0,2161.641113003975,0.0,-0.0,0.0,0.0,1.0
S4,R3,PZ050,0,2530.0413347480257,0.0,0.0,2530.0413347480257,0.0,-0.0,0.0,0.0,1.0
S4,R3,PZ050,1,2530.0413347480257,0.0,0.0,2530.0413347480257,0.0,-0.0,0.0,0.0,1.0
S4,R3,PZ050,2,2530.0413347480257,0.0,0.0,2530.0413347480257,0.0,-0.0,0.0,0.0,1.0
S4,R3,PZ050,3,2530.0413347480257,0.0,0.0,2530.0413347480257,0.0,-0.0,0.0,0.0,1.0
S4,R3,PZ050,4,2530.0413347480257,0.0,0.0,2530.0413347480257,0.0,-0.0,0.0,0.0,1.0
S4,R3,PZ050,5,2530.0413347480257,0.0,0.0,2530.0413347480257,0.0,-0.0,0.0,0.0,1.0
S4,R3,PZ050,6,2530.0413347480257,0.0,0.0,0.0,2530.0413347480257,0.0,0.0,0.0,1.0
S4,R3,PZ050,7,2530.0413347480257,0.0,0.0,0.0,2530.0413347480257,0.0,2403.5392680106243,0.0,1.0
S4,R3,PZ050,8,2530.0413347480257,0.0,0.0,0.0,2530.0413347480257,0.0,4807.0785360212485,0.0,1.0
S4,R3,PZ050,9,2530.0413347480257,0.0,0.0,0.0,2530.0413347480257,0.0,7210.617804031873,0.0,1.0
S4,R3,PZ050,10,2530.0413347480257,0.0,0.0,7862.541334748026,0.0,5332.5,9614.157072042497,0.0,1.0
S4,R3,PZ050,11,2530.0413347480257,14.718833987180675,0.0,6345.709387175581,0.0,3800.9492184403734,4000.9991773056554,0.0,1.0
S4,R3,PZ050,12,2530.0413347480257,83.71379073671922,0.0,2613.755125484745,0.0,-0.0,0.0,0.0,1.0
S4,R3,PZ050,13,2530.0413347480257,170.41978956713106,0.0,2700.4611243151567,0.0,-0.0,0.0,0.0,1.0
S4,R3,PZ050,14,2530.0413347480257,235.83744235033106,0.0,2765.8787770983567,0.0,-0.0,0.0,0.0,1.0
S4,R3,PZ050,15,2530.0413347480257,275.89036650236926,0.0,2805.9317012503952,0.0,-0.0,0.0,0.0,1.0
S4,R3,PZ050,16,0.0,300.2115062495226,0.0,0.0,300.2115062495226,0.0,0.0,0.0,1.0
S4,R3,PZ050,17,0.0,301.4788898413579,0.0,0.0,301.47888984135784,0.0,285.20093093704645,0.0,1.0
S4,R3,PZ050,18,0.0,281.7668944795848,0.0,824.7924769516044,0.0,543.0255824720197,571.6058762863364,0.0,1.0
S4,R3,PZ050,19,0.0,232.0866054265593,0.0,232.0866054265593,0.0,0.0,-0.0,0.0,1.0
S4,R3,PZ050,20,0.0,166.085881268747,0.0,166.085881268747,0.0,0.0,-0.0,0.0,1.0
S4,R3,PZ050,21,0.0,83.9622460623257,0.0,83.9622460623257,0.0,-0.0,0.0,0.0,1.0
S4,R3,PZ050,22,2530.0413347480257,12.964662234300546,0.0,2543.0059969823265,0.0,-0.0,0.0,0.0,1.0
S4,R3,PZ050,23,2530.0413347480257,0.0,0.0,2530.0413347480257,0.0,-0.0,0.0,0.0,1.0
S4,R3,PZ052,0,2264.667894976245,0.0,0.0,2264.667894976245,0.0,-0.0,0.0,0.0,1.0
S4,R3,PZ052,1,2264.667894976245,0.0,0.0,2264.667894976245,0.0,-0.0,0.0,0.0,1.0
S4,R3,PZ052,2,2264.667894976245,0.0,0.0,2264.667894976245,0.0,-0.0,0.0,0.0,1.0
S4,R3,PZ052,3,2264.667894976245,0.0,0.0,2264.667894976245,0.0,-0.0,0.0,0.0,1.0
S4,R3,PZ052,4,2264.667894976245,0.0,0.0,2264.667894976245,0.0,-0.0,0.0,0.0,1.0
S4,R3,PZ052,5,2264.667894976245,0.0,0.0,2264.667894976245,0.0,-0.0,0.0,0.0,1.0
S4,R3,PZ052,6,2264.667894976245,0.0,0.0,0.0,2264.667894976245,0.0,0.0,0.0,1.0
S4,R3,PZ052,7,2264.667894976245,0.0,0.0,0.0,2264.667894976245,0.0,2151.4345002274326,0.0,1.0
S4,R3,PZ052,8,2264.667894976245,0.0,0.0,0.0,2264.667894976245,0.0,4302.869000454865,0.0,1.0
S4,R3,PZ052,9,2264.667894976245,0.0,0.0,0.0,2264.667894976245,0.0,6454.303500682297,0.0,1.0
S4,R3,PZ052,10,2264.667894976245,0.0,0.0,7529.6678949762445,0.0,5265.0,8605.73800090973,0.0,1.0
S4,R3,PZ052,11,2264.667894976245,6.3921326995888705,0.0,5181.511128540079,0.0,2910.451100864245,3063.6327377518364,0.0,1.0
S4,R3,PZ052,12,2264.667894976245,36.355438184898,0.0,2301.023333161143,0.0,-0.0,0.0,0.0,1.0
S4,R3,PZ052,13,2264.667894976245,74.01034011918846,0.0,2338.6782350954336,0.0,-0.0,0.0,0.0,1.0
S4,R3,PZ052,14,2264.667894976245,102.42008492981934,0.0,2367.0879799060644,0.0,-0.0,0.0,0.0,1.0
S4,R3,PZ052,15,2264.667894976245,119.8143708093516,0.0,2384.4822657855966,0.0,-0.0,0.0,0.0,1.0
S4,R3,PZ052,16,0.0,130.37661730282045,0.0,0.0,130.37661730282045,0.0,0.0,0.0,1.0
S4,R3,PZ052,17,0.0,130.92701987596917,0.0,0.0,130.92701987596917,0.0,123.85778643767942,0.0,1.0
S4,R3,PZ052,18,0.0,122.36644434152976,0.0,358.1929768953874,0.0,235.82653255385762,248.23845531985012,0.0,1.0
S4,R3,PZ052,19,0.0,100.79116192055457,0.0,100.79116192055457,0.0,-0.0,0.0,0.0,1.0
S4,R3,PZ052,20,0.0,72.12819938879854,0.0,72.12819938879854,0.0,-0.0,0.0,0.0,1.0
S4,R3,PZ052,21,0.0,36.463337996294705,0.0,36.463337996294705,0.0,-0.0,0.0,0.0,1.0
S4,R3,PZ052,22,2264.667894976245,5.630326524449859,0.0,2270.298221500695,0.0,-0.0,0.0,0.0,1.0
S4,R3,PZ052,23,2264.667894976245,0.0,0.0,2264.667894976245,0.0,-0.0,0.0,0.0,1.0
S4,R4,PZ001,0,0.0,0.0,0.0,7.958078640513122e-13,0.0,-0.0,0.0,0.0,1.0
S4,R4,PZ001,1,0.0,0.0,0.0,2.6645352591003747e-13,0.0,2.6645352591003747e-13,0.0,0.0,1.0
S4,R4,PZ001,2,0.0,0.0,0.0,-0.0,0.0,-0.0,0.0,0.0,1.0
S4,R4,PZ001,3,0.0,0.0,0.0,-2.6645352591003747e-13,0.0,-2.6645352591003747e-13,0.0,0.0,1.0
S4,R4,PZ001,4,0.0,0.0,0.0,-0.0,0.0,-0.0,0.0,0.0,1.0
S4,R4,PZ001,5,0.0,0.0,0.0,1.8189894035458565e-12,0.0,-0.0,0.0,0.0,1.0
S4,R4,PZ001,6,0.0,0.0,0.0,0.0,0.0,0.0,0.0,0.0,1.0
S4,R4,PZ001,7,0.0,0.0,0.0,0.0,0.0,0.0,0.0,0.0,1.0
S4,R4,PZ001,8,0.0,0.0,0.0,0.0,0.0,0.0,0.0,0.0,1.0
S4,R4,PZ001,9,0.0,0.0,0.0,0.0,0.0,0.0,4.259795425989929e-14,0.0,1.0
S4,R4,PZ001,10,0.0,0.0,0.0,4.046805654690433e-14,0.0,4.046805654690433e-14,4.259795425989929e-14,0.0,1.0
S4,R4,PZ001,11,0.0,296.64357643714425,0.0,296.6435764371432,0.0,-0.0,0.0,0.0,1.0
S4,R4,PZ001,12,0.0,1687.168854739406,0.0,1687.1688547394074,0.0,-0.0,0.0,0.0,1.0
S4,R4,PZ001,13,0.0,3434.6427112969054,0.0,3434.6427112969054,0.0,-0.0,0.0,0.0,1.0
S4,R4,PZ001,14,0.0,4753.0709577621565,0.0,4753.070957762155,0.0,-4.547473508864641e-13,0.0,0.0,1.0
S4,R4,PZ001,15,0.0,4800.0,760.2981251841411,4800.0,0.0,-0.0,0.0,0.0,1.0
S4,R4,PZ001,16,0.0,0.0,6050.466699943987,0.0,0.0,0.0,0.0,0.0,1.0
S4,R4,PZ001,17,0.0,0.0,6076.0095657530055,0.0,0.0,0.0,0.0,0.0,1.0
S4,R4,PZ001,18,0.0,4799.999999999998,878.7337483939982,4800.0,0.0,-0.0,0.0,0.0,1.0
S4,R4,PZ001,19,0.0,0.0,4677.476540387164,-0.0,0.0,0.0,0.0,0.0,1.0
S4,R4,PZ001,20,0.0,1753.007697540186,1594.2893681231742,1753.007697540186,0.0,0.0,0.0,0.0,1.0
S4,R4,PZ001,21,0.0,1692.1762266845585,0.0,1692.1762266845585,0.0,-0.0,0.0,0.0,1.0
S4,R4,PZ001,22,0.0,261.2899755396421,0.0,261.2899755396421,0.0,-0.0,0.0,0.0,1.0
S4,R4,PZ001,23,0.0,0.0,0.0,-0.0,0.0,-0.0,0.0,0.0,1.0
S4,R4,PZ006,0,0.0,0.0,0.0,0.0,0.0,0.0,0.0,0.0,1.0
S4,R4,PZ006,1,0.0,0.0,0.0,0.0,0.0,0.0,0.0,0.0,1.0
S4,R4,PZ006,2,0.0,0.0,0.0,0.0,0.0,0.0,0.0,0.0,1.0
S4,R4,PZ006,3,0.0,0.0,0.0,0.0,0.0,0.0,0.0,0.0,1.0
S4,R4,PZ006,4,0.0,0.0,0.0,0.0,0.0,0.0,0.0,0.0,1.0
S4,R4,PZ006,5,0.0,0.0,0.0,0.0,0.0,0.0,0.0,0.0,1.0
S4,R4,PZ006,6,0.0,0.0,0.0,0.0,0.0,0.0,0.0,0.0,1.0
S4,R4,PZ006,7,0.0,0.0,0.0,0.0,0.0,0.0,0.0,0.0,1.0
S4,R4,PZ006,8,0.0,0.0,0.0,0.0,0.0,0.0,0.0,0.0,1.0
S4,R4,PZ006,9,0.0,0.0,0.0,0.0,0.0,0.0,0.0,0.0,1.0
S4,R4,PZ006,10,0.0,0.0,0.0,0.0,0.0,0.0,0.0,0.0,1.0
S4,R4,PZ006,11,0.0,750.0,2052.4773726578433,750.0,0.0,0.0,0.0,0.0,1.0
S4,R4,PZ006,12,0.0,750.0,15189.170488871521,750.0,0.0,0.0,0.0,0.0,1.0
S4,R4,PZ006,13,0.0,750.0,31698.059712539605,750.0,0.0,0.0,0.0,0.0,1.0
S4,R4,PZ006,14,0.0,750.0,44153.631387373185,750.0,0.0,0.0,0.0,0.0,1.0
S4,R4,PZ006,15,0.0,750.0,51779.73911728097,750.0,0.0,0.0,0.0,0.0,1.0
S4,R4,PZ006,16,0.0,0.0,57160.50293172508,0.0,0.0,0.0,0.0,0.0,1.0
S4,R4,PZ006,17,0.0,0.0,57401.81374762869,0.0,0.0,0.0,0.0,0.0,1.0
S4,R4,PZ006,18,0.0,750.0,52898.634588232046,750.0,0.0,0.0,0.0,0.0,1.0
S4,R4,PZ006,19,0.0,750.0,43439.469136711545,750.0,0.0,0.0,0.0,0.0,1.0
S4,R4,PZ006,20,0.0,750.0,30872.8802212855,750.0,0.0,0.0,0.0,0.0,1.0
S4,R4,PZ006,21,0.0,750.0,15236.476574987784,750.0,0.0,0.0,0.0,0.0,1.0
S4,R4,PZ006,22,0.0,750.0,1718.481714477059,750.0,0.0,0.0,0.0,0.0,1.0
S4,R4,PZ006,23,0.0,0.0,0.0,0.0,0.0,0.0,0.0,0.0,1.0
S4,R4,PZ039,0,0.0,0.0,0.0,0.0,0.0,0.0,0.0,0.0,1.0
S4,R4,PZ039,1,0.0,0.0,0.0,0.0,0.0,0.0,0.0,0.0,1.0
S4,R4,PZ039,2,0.0,0.0,0.0,0.0,0.0,0.0,0.0,0.0,1.0
S4,R4,PZ039,3,0.0,0.0,0.0,0.0,0.0,0.0,0.0,0.0,1.0
S4,R4,PZ039,4,0.0,0.0,0.0,0.0,0.0,0.0,0.0,0.0,1.0
S4,R4,PZ039,5,0.0,0.0,0.0,0.0,0.0,0.0,0.0,0.0,1.0
S4,R4,PZ039,6,0.0,0.0,0.0,0.0,0.0,0.0,0.0,0.0,1.0
S4,R4,PZ039,7,0.0,0.0,0.0,0.0,0.0,0.0,0.0,0.0,1.0
S4,R4,PZ039,8,0.0,0.0,0.0,0.0,0.0,0.0,0.0,0.0,1.0
S4,R4,PZ039,9,0.0,0.0,0.0,0.0,0.0,0.0,0.0,0.0,1.0
S4,R4,PZ039,10,0.0,0.0,0.0,0.0,0.0,0.0,0.0,0.0,1.0
S4,R4,PZ039,11,0.0,0.0,3136.6755894384623,0.0,0.0,0.0,0.0,0.0,1.0
S4,R4,PZ039,12,0.0,6300.0,11539.932438393065,6300.0,0.0,0.0,0.0,0.0,1.0
S4,R4,PZ039,13,0.0,6300.0,30017.523137907912,6300.0,0.0,0.0,0.0,0.0,1.0
S4,R4,PZ039,14,0.0,6300.0,43958.43413548677,6300.0,0.0,0.0,0.0,0.0,1.0
S4,R4,PZ039,15,0.0,6300.0,52493.96280458843,6300.0,0.0,0.0,0.0,0.0,1.0
S4,R4,PZ039,16,0.0,0.0,63976.949814202075,0.0,0.0,0.0,0.0,0.0,1.0
S4,R4,PZ039,17,0.0,0.0,64247.037185146466,0.0,0.0,0.0,0.0,0.0,1.0
S4,R4,PZ039,18,0.0,6300.0,53746.28767440067,6300.0,0.0,0.0,0.0,0.0,1.0
S4,R4,PZ039,19,0.0,6300.0,43159.10732542789,6300.0,0.0,0.0,0.0,0.0,1.0
S4,R4,PZ039,20,0.0,6300.0,29093.940170789334,6300.0,0.0,0.0,0.0,0.0,1.0
S4,R4,PZ039,21,0.0,6300.0,11592.879822375697,6300.0,0.0,0.0,0.0,0.0,1.0
S4,R4,PZ039,22,0.0,0.0,2762.850616500133,0.0,0.0,0.0,0.0,0.0,1.0
S4,R4,PZ039,23,0.0,0.0,0.0,0.0,0.0,0.0,0.0,0.0,1.0
S4,R4,PZ040,0,0.0,0.0,0.0,0.0,0.0,0.0,0.0,0.0,1.0
S4,R4,PZ040,1,0.0,0.0,0.0,0.0,0.0,0.0,0.0,0.0,1.0
S4,R4,PZ040,2,0.0,0.0,0.0,0.0,0.0,0.0,0.0,0.0,1.0
S4,R4,PZ040,3,0.0,0.0,0.0,0.0,0.0,0.0,0.0,0.0,1.0
S4,R4,PZ040,4,0.0,0.0,0.0,0.0,0.0,0.0,0.0,0.0,1.0
S4,R4,PZ040,5,0.0,0.0,0.0,0.0,0.0,0.0,0.0,0.0,1.0
S4,R4,PZ040,6,0.0,0.0,0.0,0.0,0.0,0.0,0.0,0.0,1.0
S4,R4,PZ040,7,0.0,0.0,0.0,0.0,0.0,0.0,0.0,0.0,1.0
S4,R4,PZ040,8,0.0,0.0,0.0,0.0,0.0,0.0,0.0,0.0,1.0
S4,R4,PZ040,9,0.0,0.0,0.0,0.0,0.0,0.0,0.0,0.0,1.0
S4,R4,PZ040,10,0.0,0.0,0.0,0.0,0.0,0.0,0.0,0.0,1.0
S4,R4,PZ040,11,0.0,0.0,3014.400536093202,0.0,0.0,0.0,0.0,0.0,1.0
S4,R4,PZ040,12,0.0,6600.0,10544.489563163857,6600.0,0.0,0.0,0.0,0.0,1.0
S4,R4,PZ040,13,0.0,6600.0,28301.779956175043,6600.0,0.0,0.0,0.0,0.0,1.0
S4,R4,PZ040,14,0.0,6600.0,41699.24118111878,6600.0,0.0,0.0,0.0,0.0,1.0
S4,R4,PZ040,15,0.0,6600.0,49902.03470003194,6600.0,0.0,0.0,0.0,0.0,1.0
S4,R4,PZ040,16,0.0,0.0,61482.97658415597,0.0,0.0,0.0,0.0,0.0,1.0
S4,R4,PZ040,17,0.0,0.0,61742.535308847844,0.0,0.0,0.0,0.0,0.0,1.0
S4,R4,PZ040,18,0.0,6600.0,51105.540976433535,6600.0,0.0,0.0,0.0,0.0,1.0
S4,R4,PZ040,19,0.0,6600.0,40931.07402578139,6600.0,0.0,0.0,0.0,0.0,1.0
S4,R4,PZ040,20,0.0,6600.0,27414.200443463247,6600.0,0.0,0.0,0.0,0.0,1.0
S4,R4,PZ040,21,0.0,6600.0,10595.372932550024,6600.0,0.0,0.0,0.0,0.0,1.0
S4,R4,PZ040,22,0.0,0.0,2655.1481471548673,0.0,0.0,0.0,0.0,0.0,1.0
S4,R4,PZ040,23,0.0,0.0,0.0,0.0,0.0,0.0,0.0,0.0,1.0
S4,R4,PZ041,0,0.0,0.0,0.0,-0.0,0.0,0.0,0.0,0.0,1.0
S4,R4,PZ041,1,0.0,0.0,0.0,-0.0,0.0,0.0,0.0,0.0,1.0
S4,R4,PZ041,2,0.0,0.0,0.0,-0.0,0.0,-0.0,0.0,0.0,1.0
S4,R4,PZ041,3,0.0,0.0,0.0,-0.0,0.0,0.0,0.0,0.0,1.0
S4,R4,PZ041,4,0.0,0.0,0.0,1.8189894035458565e-12,0.0,1.8189894035458565e-12,0.0,0.0,1.0
S4,R4,PZ041,5,0.0,0.0,0.0,-0.0,0.0,-0.0,0.0,0.0,1.0
S4,R4,PZ041,6,0.0,0.0,0.0,0.0,0.0,0.0,0.0,0.0,1.0
S4,R4,PZ041,7,0.0,0.0,0.0,0.0,0.0,0.0,0.0,0.0,1.0
S4,R4,PZ041,8,0.0,0.0,0.0,0.0,0.0,0.0,0.0,0.0,1.0
S4,R4,PZ041,9,0.0,0.0,0.0,0.0,0.0,0.0,0.0,0.0,1.0
S4,R4,PZ041,10,0.0,0.0,0.0,-0.0,0.0,0.0,0.0,0.0,1.0
S4,R4,PZ041,11,0.0,404.3843209538007,0.0,404.3843209538007,0.0,-0.0,0.0,0.0,1.0
S4,R4,PZ041,12,0.0,2299.9474313672226,0.0,2299.9474313672263,0.0,-0.0,0.0,0.0,1.0
S4,R4,PZ041,13,0.0,4682.1026000575375,0.0,4682.1026000575375,0.0,-0.0,0.0,0.0,1.0
S4,R4,PZ041,14,0.0,6479.383085873586,0.0,6479.383085873588,0.0,0.0,0.0,0.0,1.0
S4,R4,PZ041,15,0.0,0.0,7579.794609608591,-0.0,0.0,0.0,0.0,0.0,1.0
S4,R4,PZ041,16,0.0,6900.0,1347.992076204173,6900.0,0.0,0.0,0.0,0.0,1.0
S4,R4,PZ041,17,0.0,6899.999999999998,1382.8120934432227,6900.0,0.0,0.0,0.0,0.0,1.0
S4,R4,PZ041,18,0.0,5593.242245410358,2148.0037249311545,5593.242245410358,0.0,0.0,0.0,0.0,1.0
S4,R4,PZ041,19,0.0,0.0,6376.332827697638,-0.0,0.0,0.0,0.0,0.0,1.0
S4,R4,PZ041,20,0.0,0.0,4563.0330755391915,-0.0,0.0,-0.0,0.0,0.0,1.0
S4,R4,PZ041,21,0.0,0.0,2306.773477385558,-8.469669410260394e-12,0.0,-0.0,0.0,0.0,1.0
S4,R4,PZ041,22,0.0,356.19031633749864,0.0,356.19031633749864,0.0,-0.0,0.0,0.0,1.0
S4,R4,PZ041,23,0.0,0.0,0.0,-0.0,0.0,0.0,0.0,0.0,1.0
S4,R4,PZ047,0,0.0,0.0,0.0,0.0,0.0,0.0,0.0,0.0,1.0
S4,R4,PZ047,1,0.0,0.0,0.0,0.0,0.0,0.0,0.0,0.0,1.0
S4,R4,PZ047,2,0.0,0.0,0.0,0.0,0.0,0.0,0.0,0.0,1.0
S4,R4,PZ047,3,0.0,0.0,0.0,0.0,0.0,0.0,0.0,0.0,1.0
S4,R4,PZ047,4,0.0,0.0,0.0,0.0,0.0,0.0,0.0,0.0,1.0
S4,R4,PZ047,5,0.0,0.0,0.0,0.0,0.0,0.0,0.0,0.0,1.0
S4,R4,PZ047,6,0.0,0.0,0.0,0.0,0.0,0.0,0.0,0.0,1.0
S4,R4,PZ047,7,0.0,0.0,0.0,0.0,0.0,0.0,0.0,0.0,1.0
S4,R4,PZ047,8,0.0,0.0,0.0,0.0,0.0,0.0,0.0,0.0,1.0
S4,R4,PZ047,9,0.0,0.0,0.0,0.0,0.0,0.0,0.0,0.0,1.0
S4,R4,PZ047,10,0.0,0.0,0.0,0.0,0.0,0.0,0.0,0.0,1.0
S4,R4,PZ047,11,0.0,0.0,1875.302379467802,0.0,0.0,0.0,0.0,0.0,1.0
S4,R4,PZ047,12,0.0,0.0,10665.836104922984,0.0,0.0,0.0,0.0,0.0,1.0
S4,R4,PZ047,13,0.0,8850.0,12862.904511457073,8850.0,0.0,0.0,0.0,0.0,1.0
S4,R4,PZ047,14,0.0,8850.0,21197.65983449281,8850.0,0.0,0.0,0.0,0.0,1.0
S4,R4,PZ047,15,0.0,8850.0,26300.736887497056,8850.0,0.0,0.0,0.0,0.0,1.0
S4,R4,PZ047,16,0.0,0.0,38249.453217807524,0.0,0.0,0.0,0.0,0.0,1.0
S4,R4,PZ047,17,0.0,0.0,38410.92847240563,0.0,0.0,0.0,0.0,0.0,1.0
S4,R4,PZ047,18,0.0,8850.0,27049.455631677425,8850.0,0.0,0.0,0.0,0.0,1.0
S4,R4,PZ047,19,0.0,8850.0,20719.77188397505,8850.0,0.0,0.0,0.0,0.0,1.0
S4,R4,PZ047,20,0.0,8850.0,12310.728398088755,8850.0,0.0,0.0,0.0,0.0,1.0
S4,R4,PZ047,21,0.0,0.0,10697.491388466988,0.0,0.0,0.0,0.0,0.0,1.0
S4,R4,PZ047,22,0.0,0.0,1651.8062475706436,0.0,0.0,0.0,0.0,0.0,1.0
S4,R4,PZ047,23,0.0,0.0,0.0,0.0,0.0,0.0,0.0,0.0,1.0
S4,R4,PZ048,0,0.0,0.0,0.0,0.0,0.0,0.0,0.0,0.0,1.0
S4,R4,PZ048,1,0.0,0.0,0.0,0.0,0.0,0.0,0.0,0.0,1.0
S4,R4,PZ048,2,0.0,0.0,0.0,0.0,0.0,0.0,0.0,0.0,1.0
S4,R4,PZ048,3,0.0,0.0,0.0,0.0,0.0,0.0,0.0,0.0,1.0
S4,R4,PZ048,4,0.0,0.0,0.0,0.0,0.0,0.0,0.0,0.0,1.0
S4,R4,PZ048,5,0.0,0.0,0.0,0.0,0.0,0.0,0.0,0.0,1.0
S4,R4,PZ048,6,0.0,0.0,0.0,0.0,0.0,0.0,0.0,0.0,1.0
S4,R4,PZ048,7,0.0,0.0,0.0,0.0,0.0,0.0,0.0,0.0,1.0
S4,R4,PZ048,8,0.0,0.0,0.0,0.0,0.0,0.0,0.0,0.0,1.0
S4,R4,PZ048,9,0.0,0.0,0.0,0.0,0.0,0.0,0.0,0.0,1.0
S4,R4,PZ048,10,0.0,0.0,0.0,0.0,0.0,0.0,0.0,0.0,1.0
S4,R4,PZ048,11,0.0,0.0,1892.8215044420053,0.0,0.0,0.0,0.0,0.0,1.0
S4,R4,PZ048,12,0.0,0.0,10765.476631017526,0.0,0.0,0.0,0.0,0.0,1.0
S4,R4,PZ048,13,0.0,10950.0,10965.747046001881,10950.0,0.0,0.0,0.0,0.0,1.0
S4,R4,PZ048,14,0.0,10950.0,19378.36587613513,10950.0,0.0,0.0,0.0,0.0,1.0
S4,R4,PZ048,15,0.0,10950.0,24529.11601142381,10950.0,0.0,0.0,0.0,0.0,1.0
S4,R4,PZ048,16,0.0,0.0,38606.780632551105,0.0,0.0,0.0,0.0,0.0,1.0
S4,R4,PZ048,17,0.0,0.0,38769.764393295474,0.0,0.0,0.0,0.0,0.0,1.0
S4,R4,PZ048,18,0.0,10950.0,25284.82930613291,10950.0,0.0,0.0,0.0,0.0,1.0
S4,R4,PZ048,19,0.0,10950.0,18896.013483605002,10950.0,0.0,0.0,0.0,0.0,1.0
S4,R4,PZ048,20,0.0,10950.0,10408.4124886174,10950.0,0.0,0.0,0.0,0.0,1.0
S4,R4,PZ048,21,0.0,0.0,10797.427639066853,0.0,0.0,0.0,0.0,0.0,1.0
S4,R4,PZ048,22,0.0,0.0,1667.2374657044213,0.0,0.0,0.0,0.0,0.0,1.0
S4,R4,PZ048,23,0.0,0.0,0.0,0.0,0.0,0.0,0.0,0.0,1.0
S4,R4,PZ049,0,0.0,0.0,0.0,0.0,0.0,0.0,0.0,0.0,1.0
S4,R4,PZ049,1,0.0,0.0,0.0,0.0,0.0,0.0,0.0,0.0,1.0
S4,R4,PZ049,2,0.0,0.0,0.0,0.0,0.0,0.0,0.0,0.0,1.0
S4,R4,PZ049,3,0.0,0.0,0.0,0.0,0.0,0.0,0.0,0.0,1.0
S4,R4,PZ049,4,0.0,0.0,0.0,0.0,0.0,0.0,0.0,0.0,1.0
S4,R4,PZ049,5,0.0,0.0,0.0,0.0,0.0,0.0,0.0,0.0,1.0
S4,R4,PZ049,6,0.0,0.0,0.0,0.0,0.0,0.0,0.0,0.0,1.0
S4,R4,PZ049,7,0.0,0.0,0.0,0.0,0.0,0.0,0.0,0.0,1.0
S4,R4,PZ049,8,0.0,0.0,0.0,0.0,0.0,0.0,0.0,0.0,1.0
S4,R4,PZ049,9,0.0,0.0,0.0,0.0,0.0,0.0,0.0,0.0,1.0
S4,R4,PZ049,10,0.0,0.0,0.0,0.0,0.0,0.0,0.0,0.0,1.0
S4,R4,PZ049,11,0.0,0.0,1912.7033314910145,0.0,0.0,0.0,0.0,0.0,1.0
S4,R4,PZ049,12,0.0,0.0,10878.555092972732,0.0,0.0,0.0,0.0,0.0,1.0
S4,R4,PZ049,13,0.0,10050.0,12095.945768594527,10050.0,0.0,0.0,0.0,0.0,1.0
S4,R4,PZ049,14,0.0,10050.0,20596.929102310092,10050.0,0.0,0.0,0.0,0.0,1.0
S4,R4,PZ049,15,0.0,10050.0,25801.781710083444,10050.0,0.0,0.0,0.0,0.0,1.0
S4,R4,PZ049,16,0.0,0.0,39012.29870895403,0.0,0.0,0.0,0.0,0.0,1.0
S4,R4,PZ049,17,0.0,0.0,39176.994419259056,0.0,0.0,0.0,0.0,0.0,1.0
S4,R4,PZ049,18,0.0,10050.0,26565.43286950339,10050.0,0.0,0.0,0.0,0.0,1.0
S4,R4,PZ049,19,0.0,10050.0,20109.51017454542,10050.0,0.0,0.0,0.0,0.0,1.0
S4,R4,PZ049,20,0.0,10050.0,11532.757077974373,10050.0,0.0,0.0,0.0,0.0,1.0
S4,R4,PZ049,21,0.0,0.0,10910.841708164406,0.0,0.0,0.0,0.0,0.0,1.0
S4,R4,PZ049,22,0.0,0.0,1684.7498021106665,0.0,0.0,0.0,0.0,0.0,1.0
S4,R4,PZ049,23,0.0,0.0,0.0,0.0,0.0,0.0,0.0,0.0,1.0
S4,R4,PZ050,0,0.0,0.0,0.0,-3.524291969370097e-12,0.0,-0.0,0.0,0.0,1.0
S4,R4,PZ050,1,0.0,0.0,0.0,3.637978807091713e-12,0.0,-0.0,0.0,0.0,1.0
S4,R4,PZ050,2,0.0,0.0,0.0,-0.0,0.0,-0.0,0.0,0.0,1.0
S4,R4,PZ050,3,0.0,0.0,0.0,-0.0,0.0,-0.0,0.0,0.0,1.0
S4,R4,PZ050,4,0.0,0.0,0.0,-0.0,0.0,-0.0,0.0,0.0,1.0
S4,R4,PZ050,5,0.0,0.0,0.0,-0.0,0.0,-0.0,0.0,0.0,1.0
S4,R4,PZ050,6,0.0,0.0,0.0,0.0,0.0,0.0,0.0,0.0,1.0
S4,R4,PZ050,7,0.0,0.0,0.0,0.0,0.0,0.0,0.0,0.0,1.0
S4,R4,PZ050,8,0.0,0.0,0.0,0.0,0.0,0.0,0.0,0.0,1.0
S4,R4,PZ050,9,0.0,0.0,0.0,0.0,0.0,0.0,0.0,0.0,1.0
S4,R4,PZ050,10,0.0,0.0,0.0,-0.0,0.0,-0.0,-0.0,0.0,1.0
S4,R4,PZ050,11,0.0,489.743757251502,0.0,489.743757251502,0.0,-0.0,0.0,0.0,1.0
S4,R4,PZ050,12,0.0,2785.4316751499614,0.0,2785.4316751499614,0.0,-0.0,0.0,0.0,1.0
S4,R4,PZ050,13,0.0,5670.423902145244,0.0,5670.423902145243,0.0,-0.0,0.0,0.0,1.0
S4,R4,PZ050,14,0.0,7847.083214460463,0.0,7847.083214460463,0.0,-0.0,0.0,0.0,1.0
S4,R4,PZ050,15,0.0,9179.775028242237,0.0,9179.775028242242,0.0,-0.0,0.0,0.0,1.0
S4,R4,PZ050,16,0.0,0.0,9989.018910657356,0.0,0.0,0.0,0.0,0.0,1.0
S4,R4,PZ050,17,0.0,0.0,10031.188908816512,0.0,0.0,0.0,0.0,0.0,1.0
S4,R4,PZ050,18,0.0,9375.306338240138,0.0,9375.306338240138,0.0,-0.0,0.0,0.0,1.0
S4,R4,PZ050,19,0.0,2555.440168058771,5166.840431637129,2555.440168058771,0.0,0.0,0.0,0.0,1.0
S4,R4,PZ050,20,0.0,5526.220595315188,0.0,5526.220595315188,0.0,2.8168587909925334e-14,0.0,0.0,1.0
S4,R4,PZ050,21,0.0,2793.6985966179013,0.0,2793.6985966179013,0.0,-0.0,0.0,0.0,1.0
S4,R4,PZ050,22,0.0,431.37672451859714,0.0,431.37672451859714,0.0,-0.0,0.0,0.0,1.0
S4,R4,PZ050,23,0.0,0.0,0.0,-2.2737367544323206e-12,0.0,-2.8168587909925334e-14,0.0,0.0,1.0
S4,R4,PZ052,0,0.0,0.0,0.0,0.0,0.0,0.0,0.0,0.0,1.0
S4,R4,PZ052,1,0.0,0.0,0.0,0.0,0.0,0.0,0.0,0.0,1.0
S4,R4,PZ052,2,0.0,0.0,0.0,0.0,0.0,0.0,0.0,0.0,1.0
S4,R4,PZ052,3,0.0,0.0,0.0,0.0,0.0,0.0,0.0,0.0,1.0
S4,R4,PZ052,4,0.0,0.0,0.0,0.0,0.0,0.0,0.0,0.0,1.0
S4,R4,PZ052,5,0.0,0.0,0.0,0.0,0.0,0.0,0.0,0.0,1.0
S4,R4,PZ052,6,0.0,0.0,0.0,0.0,0.0,0.0,0.0,0.0,1.0
S4,R4,PZ052,7,0.0,0.0,0.0,0.0,0.0,0.0,0.0,0.0,1.0
S4,R4,PZ052,8,0.0,0.0,0.0,0.0,0.0,0.0,0.0,0.0,1.0
S4,R4,PZ052,9,0.0,0.0,0.0,0.0,0.0,0.0,0.0,0.0,1.0
S4,R4,PZ052,10,0.0,0.0,0.0,0.0,0.0,0.0,0.0,0.0,1.0
S4,R4,PZ052,11,0.0,0.0,2232.82567509739,0.0,0.0,0.0,0.0,0.0,1.0
S4,R4,PZ052,12,0.0,0.0,12699.260109834288,0.0,0.0,0.0,0.0,0.0,1.0
S4,R4,PZ052,13,0.0,11700.0,14152.433828766276,11700.0,0.0,0.0,0.0,0.0,1.0
S4,R4,PZ052,14,0.0,11700.0,24076.19646282759,11700.0,0.0,0.0,0.0,0.0,1.0
S4,R4,PZ052,15,0.0,11700.0,30152.166712053113,11700.0,0.0,0.0,0.0,0.0,1.0
S4,R4,PZ052,16,0.0,0.0,45541.64818336885,0.0,0.0,0.0,0.0,0.0,1.0
S4,R4,PZ052,17,0.0,0.0,45733.90842806702,0.0,0.0,0.0,0.0,0.0,1.0
S4,R4,PZ052,18,0.0,11700.0,31043.62744592529,11700.0,0.0,0.0,0.0,0.0,1.0
S4,R4,PZ052,19,0.0,11700.0,23507.199965292857,11700.0,0.0,0.0,0.0,0.0,1.0
S4,R4,PZ052,20,0.0,11700.0,13494.986253056297,11700.0,0.0,0.0,0.0,0.0,1.0
S4,R4,PZ052,21,0.0,0.0,12736.950420806748,0.0,0.0,0.0,0.0,0.0,1.0
S4,R4,PZ052,22,0.0,0.0,1966.7203754674983,0.0,0.0,0.0,0.0,0.0,1.0
S4,R4,PZ052,23,0.0,0.0,0.0,0.0,0.0,0.0,0.0,0.0,1.0
S4,R5,PZ001,0,0.0,0.0,0.0,0.0,0.0,0.0,0.0,0.0,1.0
S4,R5,PZ001,1,0.0,0.0,0.0,0.0,0.0,0.0,0.0,0.0,1.0
S4,R5,PZ001,2,0.0,0.0,0.0,0.0,0.0,0.0,0.0,0.0,1.0
S4,R5,PZ001,3,0.0,0.0,0.0,0.0,0.0,0.0,0.0,0.0,1.0
S4,R5,PZ001,4,0.0,0.0,0.0,0.0,0.0,0.0,0.0,0.0,1.0
S4,R5,PZ001,5,0.0,0.0,0.0,0.0,0.0,0.0,0.0,0.0,1.0
S4,R5,PZ001,6,0.0,0.0,0.0,0.0,0.0,0.0,0.0,0.0,1.0
S4,R5,PZ001,7,0.0,0.0,0.0,0.0,0.0,0.0,0.0,0.0,1.0
S4,R5,PZ001,8,0.0,0.0,0.0,0.0,0.0,0.0,0.0,0.0,1.0
S4,R5,PZ001,9,0.0,0.0,0.0,0.0,0.0,0.0,0.0,0.0,1.0
S4,R5,PZ001,10,0.0,0.0,0.0,0.0,0.0,0.0,0.0,0.0,1.0
S4,R5,PZ001,11,0.0,0.0,3342.0050564754247,0.0,0.0,0.0,0.0,0.0,1.0
S4,R5,PZ001,12,0.0,4800.0,14207.749675178598,4800.0,0.0,0.0,0.0,0.0,1.0
S4,R5,PZ001,13,0.0,4800.0,33894.899266672364,4800.0,0.0,0.0,0.0,0.0,1.0
S4,R5,PZ001,14,0.0,4800.0,48748.39422249698,4800.0,0.0,0.0,0.0,0.0,1.0
S4,R5,PZ001,15,0.0,4800.0,57842.66589913392,4800.0,0.0,0.0,0.0,0.0,1.0
S4,R5,PZ001,16,0.0,0.0,68164.93567165962,0.0,0.0,0.0,0.0,0.0,1.0
S4,R5,PZ001,17,0.0,0.0,68452.703192925,0.0,0.0,0.0,0.0,0.0,1.0
S4,R5,PZ001,18,0.0,4800.0,59176.969026098894,4800.0,0.0,0.0,0.0,0.0,1.0
S4,R5,PZ001,19,0.0,4800.0,47896.74279574826,4800.0,0.0,0.0,0.0,0.0,1.0
S4,R5,PZ001,20,0.0,4800.0,32910.85776854044,4800.0,0.0,0.0,0.0,0.0,1.0
S4,R5,PZ001,21,0.0,4800.0,14264.163040205225,4800.0,0.0,0.0,0.0,0.0,1.0
S4,R5,PZ001,22,0.0,0.0,2943.7091810577363,0.0,0.0,0.0,0.0,0.0,1.0
S4,R5,PZ001,23,0.0,0.0,0.0,0.0,0.0,0.0,0.0,0.0,1.0
S4,R5,PZ006,0,0.0,0.0,0.0,0.0,0.0,0.0,0.0,0.0,1.0
S4,R5,PZ006,1,0.0,0.0,0.0,0.0,0.0,0.0,0.0,0.0,1.0
S4,R5,PZ006,2,0.0,0.0,0.0,0.0,0.0,0.0,0.0,0.0,1.0
S4,R5,PZ006,3,0.0,0.0,0.0,0.0,0.0,0.0,0.0,0.0,1.0
S4,R5,PZ006,4,0.0,0.0,0.0,0.0,0.0,0.0,0.0,0.0,1.0
S4,R5,PZ006,5,0.0,0.0,0.0,0.0,0.0,0.0,0.0,0.0,1.0
S4,R5,PZ006,6,0.0,0.0,0.0,0.0,0.0,0.0,0.0,0.0,1.0
S4,R5,PZ006,7,0.0,0.0,0.0,0.0,0.0,0.0,0.0,0.0,1.0
S4,R5,PZ006,8,0.0,0.0,0.0,0.0,0.0,0.0,0.0,0.0,1.0
S4,R5,PZ006,9,0.0,0.0,0.0,0.0,0.0,0.0,0.0,0.0,1.0
S4,R5,PZ006,10,0.0,0.0,0.0,0.0,0.0,0.0,0.0,0.0,1.0
S4,R5,PZ006,11,0.0,750.0,12900.382926182117,750.0,0.0,0.0,0.0,0.0,1.0
S4,R5,PZ006,12,0.0,750.0,76886.94466244729,750.0,0.0,0.0,0.0,0.0,1.0
S4,R5,PZ006,13,0.0,750.0,157298.890816813,750.0,0.0,0.0,0.0,0.0,1.0
S4,R5,PZ006,14,0.0,750.0,217967.827731275,750.0,0.0,0.0,0.0,0.0,1.0
S4,R5,PZ006,15,0.0,750.0,255113.280452926,750.0,0.0,0.0,0.0,0.0,1.0
S4,R5,PZ006,16,0.0,0.0,278418.93065177865,0.0,0.0,0.0,0.0,0.0,1.0
S4,R5,PZ006,17,0.0,0.0,279594.31392996357,0.0,0.0,0.0,0.0,0.0,1.0
S4,R5,PZ006,18,0.0,750.0,260563.22691167938,750.0,0.0,0.0,0.0,0.0,1.0
S4,R5,PZ006,19,0.0,750.0,214489.26683795013,750.0,0.0,0.0,0.0,0.0,1.0
S4,R5,PZ006,20,0.0,750.0,153279.5841318252,750.0,0.0,0.0,0.0,0.0,1.0
S4,R5,PZ006,21,0.0,750.0,77117.36443194342,750.0,0.0,0.0,0.0,0.0,1.0
S4,R5,PZ006,22,0.0,750.0,11273.547800114333,750.0,0.0,0.0,0.0,0.0,1.0
S4,R5,PZ006,23,0.0,0.0,0.0,0.0,0.0,0.0,0.0,0.0,1.0
S4,R5,PZ039,0,0.0,0.0,0.0,0.0,0.0,0.0,0.0,0.0,1.0
S4,R5,PZ039,1,0.0,0.0,0.0,0.0,0.0,0.0,0.0,0.0,1.0
S4,R5,PZ039,2,0.0,0.0,0.0,0.0,0.0,0.0,0.0,0.0,1.0
S4,R5,PZ039,3,0.0,0.0,0.0,0.0,0.0,0.0,0.0,0.0,1.0
S4,R5,PZ039,4,0.0,0.0,0.0,0.0,0.0,0.0,0.0,0.0,1.0
S4,R5,PZ039,5,0.0,0.0,0.0,0.0,0.0,0.0,0.0,0.0,1.0
S4,R5,PZ039,6,0.0,0.0,0.0,0.0,0.0,0.0,0.0,0.0,1.0
S4,R5,PZ039,7,0.0,0.0,0.0,0.0,0.0,0.0,0.0,0.0,1.0
S4,R5,PZ039,8,0.0,0.0,0.0,0.0,0.0,0.0,0.0,0.0,1.0
S4,R5,PZ039,9,0.0,0.0,0.0,0.0,0.0,0.0,0.0,0.0,1.0
S4,R5,PZ039,10,0.0,0.0,0.0,0.0,0.0,0.0,0.0,0.0,1.0
S4,R5,PZ039,11,0.0,6300.0,8878.05567628007,6300.0,0.0,0.0,0.0,0.0,1.0
S4,R5,PZ039,12,0.0,6300.0,80025.62727326222,6300.0,0.0,0.0,0.0,0.0,1.0
S4,R5,PZ039,13,0.0,6300.0,169436.81832695956,6300.0,0.0,0.0,0.0,0.0,1.0
S4,R5,PZ039,14,0.0,6300.0,236895.47551541228,6300.0,0.0,0.0,0.0,0.0,1.0
S4,R5,PZ039,15,0.0,6300.0,278198.03476072545,6300.0,0.0,0.0,0.0,0.0,1.0
S4,R5,PZ039,16,0.0,0.0,309577.98426721414,0.0,0.0,0.0,0.0,0.0,1.0
S4,R5,PZ039,17,0.0,0.0,310884.90971639263,0.0,0.0,0.0,0.0,0.0,1.0
S4,R5,PZ039,18,0.0,6300.0,284257.9080427448,6300.0,0.0,0.0,0.0,0.0,1.0
S4,R5,PZ039,19,0.0,6300.0,233027.61399110686,6300.0,0.0,0.0,0.0,0.0,1.0
S4,R5,PZ039,20,0.0,6300.0,164967.6938361163,6300.0,0.0,0.0,0.0,0.0,1.0
S4,R5,PZ039,21,0.0,6300.0,80281.8343049067,6300.0,0.0,0.0,0.0,0.0,1.0
S4,R5,PZ039,22,0.0,6300.0,7069.154471594882,6300.0,0.0,0.0,0.0,0.0,1.0
S4,R5,PZ039,23,0.0,0.0,0.0,0.0,0.0,0.0,0.0,0.0,1.0
S4,R5,PZ040,0,0.0,0.0,0.0,0.0,0.0,0.0,0.0,0.0,1.0
S4,R5,PZ040,1,0.0,0.0,0.0,0.0,0.0,0.0,0.0,0.0,1.0
S4,R5,PZ040,2,0.0,0.0,0.0,0.0,0.0,0.0,0.0,0.0,1.0
S4,R5,PZ040,3,0.0,0.0,0.0,0.0,0.0,0.0,0.0,0.0,1.0
S4,R5,PZ040,4,0.0,0.0,0.0,0.0,0.0,0.0,0.0,0.0,1.0
S4,R5,PZ040,5,0.0,0.0,0.0,0.0,0.0,0.0,0.0,0.0,1.0
S4,R5,PZ040,6,0.0,0.0,0.0,0.0,0.0,0.0,0.0,0.0,1.0
S4,R5,PZ040,7,0.0,0.0,0.0,0.0,0.0,0.0,0.0,0.0,1.0
S4,R5,PZ040,8,0.0,0.0,0.0,0.0,0.0,0.0,0.0,0.0,1.0
S4,R5,PZ040,9,0.0,0.0,0.0,0.0,0.0,0.0,0.0,0.0,1.0
S4,R5,PZ040,10,0.0,0.0,0.0,0.0,0.0,0.0,0.0,0.0,1.0
S4,R5,PZ040,11,0.0,6600.0,10708.303427457282,6600.0,0.0,0.0,0.0,0.0,1.0
S4,R5,PZ040,12,0.0,6600.0,91841.47249678554,6600.0,0.0,0.0,0.0,0.0,1.0
S4,R5,PZ040,13,0.0,6600.0,193801.5692031268,6600.0,0.0,0.0,0.0,0.0,1.0
S4,R5,PZ040,14,0.0,6600.0,270728.0828705693,6600.0,0.0,0.0,0.0,0.0,1.0
S4,R5,PZ040,15,0.0,6600.0,317827.4770878145,6600.0,0.0,0.0,0.0,0.0,1.0
S4,R5,PZ040,16,0.0,0.0,353027.41012680065,0.0,0.0,0.0,0.0,0.0,1.0
S4,R5,PZ040,17,0.0,0.0,354517.76322036574,0.0,0.0,0.0,0.0,0.0,1.0
S4,R5,PZ040,18,0.0,6600.0,324737.8566340594,6600.0,0.0,0.0,0.0,0.0,1.0
S4,R5,PZ040,19,0.0,6600.0,266317.36503516906,6600.0,0.0,0.0,0.0,0.0,1.0
S4,R5,PZ040,20,0.0,6600.0,188705.20084130287,6600.0,0.0,0.0,0.0,0.0,1.0
S4,R5,PZ040,21,0.0,6600.0,92133.63831423482,6600.0,0.0,0.0,0.0,0.0,1.0
S4,R5,PZ040,22,0.0,6600.0,8645.522028525318,6600.0,0.0,0.0,0.0,0.0,1.0
S4,R5,PZ040,23,0.0,0.0,0.0,0.0,0.0,0.0,0.0,0.0,1.0
S4,R5,PZ041,0,0.0,0.0,0.0,0.0,0.0,0.0,0.0,0.0,1.0
S4,R5,PZ041,1,0.0,0.0,0.0,0.0,0.0,0.0,0.0,0.0,1.0
S4,R5,PZ041,2,0.0,0.0,0.0,0.0,0.0,0.0,0.0,0.0,1.0
S4,R5,PZ041,3,0.0,0.0,0.0,0.0,0.0,0.0,0.0,0.0,1.0
S4,R5,PZ041,4,0.0,0.0,0.0,0.0,0.0,0.0,0.0,0.0,1.0
S4,R5,PZ041,5,0.0,0.0,0.0,0.0,0.0,0.0,0.0,0.0,1.0
S4,R5,PZ041,6,0.0,0.0,0.0,0.0,0.0,0.0,0.0,0.0,1.0
S4,R5,PZ041,7,0.0,0.0,0.0,0.0,0.0,0.0,0.0,0.0,1.0
S4,R5,PZ041,8,0.0,0.0,0.0,0.0,0.0,0.0,0.0,0.0,1.0
S4,R5,PZ041,9,0.0,0.0,0.0,0.0,0.0,0.0,0.0,0.0,1.0
S4,R5,PZ041,10,0.0,0.0,0.0,0.0,0.0,0.0,0.0,0.0,1.0
S4,R5,PZ041,11,0.0,0.0,816.4773113102248,0.0,0.0,0.0,0.0,0.0,1.0
S4,R5,PZ041,12,0.0,0.0,4643.738141202822,0.0,0.0,0.0,0.0,0.0,1.0
S4,R5,PZ041,13,0.0,0.0,9453.458861008448,0.0,0.0,0.0,0.0,0.0,1.0
S4,R5,PZ041,14,0.0,6900.0,6182.280906502816,6900.0,0.0,0.0,0.0,0.0,1.0
S4,R5,PZ041,15,0.0,6900.0,8404.080802489856,6900.0,0.0,0.0,0.0,0.0,1.0
S4,R5,PZ041,16,0.0,6900.0,9753.21340402955,6900.0,0.0,0.0,0.0,0.0,1.0
S4,R5,PZ041,17,0.0,6900.0,9823.517203118638,6900.0,0.0,0.0,0.0,0.0,1.0
S4,R5,PZ041,18,0.0,6900.0,8730.061227763696,6900.0,0.0,0.0,0.0,0.0,1.0
S4,R5,PZ041,19,0.0,6900.0,5974.215970832534,6900.0,0.0,0.0,0.0,0.0,1.0
S4,R5,PZ041,20,0.0,0.0,9213.050021693352,0.0,0.0,0.0,0.0,0.0,1.0
S4,R5,PZ041,21,0.0,0.0,4657.520356316368,0.0,0.0,0.0,0.0,0.0,1.0
S4,R5,PZ041,22,0.0,0.0,719.1705927471023,0.0,0.0,0.0,0.0,0.0,1.0
S4,R5,PZ041,23,0.0,0.0,0.0,0.0,0.0,0.0,0.0,0.0,1.0
S4,R5,PZ047,0,0.0,0.0,0.0,0.0,0.0,0.0,0.0,0.0,1.0
S4,R5,PZ047,1,0.0,0.0,0.0,0.0,0.0,0.0,0.0,0.0,1.0
S4,R5,PZ047,2,0.0,0.0,0.0,0.0,0.0,0.0,0.0,0.0,1.0
S4,R5,PZ047,3,0.0,0.0,0.0,0.0,0.0,0.0,0.0,0.0,1.0
S4,R5,PZ047,4,0.0,0.0,0.0,0.0,0.0,0.0,0.0,0.0,1.0
S4,R5,PZ047,5,0.0,0.0,0.0,0.0,0.0,0.0,0.0,0.0,1.0
S4,R5,PZ047,6,0.0,0.0,0.0,0.0,0.0,0.0,0.0,0.0,1.0
S4,R5,PZ047,7,0.0,0.0,0.0,0.0,0.0,0.0,0.0,0.0,1.0
S4,R5,PZ047,8,0.0,0.0,0.0,0.0,0.0,0.0,0.0,0.0,1.0
S4,R5,PZ047,9,0.0,0.0,0.0,0.0,0.0,0.0,0.0,0.0,1.0
S4,R5,PZ047,10,0.0,0.0,0.0,0.0,0.0,0.0,0.0,0.0,1.0
S4,R5,PZ047,11,0.0,0.0,8371.79595575555,0.0,0.0,0.0,0.0,0.0,1.0
S4,R5,PZ047,12,0.0,8850.0,38764.82977123203,8850.0,0.0,0.0,0.0,0.0,1.0
S4,R5,PZ047,13,0.0,8850.0,88081.57123189355,8850.0,0.0,0.0,0.0,0.0,1.0
S4,R5,PZ047,14,0.0,8850.0,125289.90182943954,8850.0,0.0,0.0,0.0,0.0,1.0
S4,R5,PZ047,15,0.0,8850.0,148071.25181438122,8850.0,0.0,0.0,0.0,0.0,1.0
S4,R5,PZ047,16,0.0,0.0,170754.65869646973,0.0,0.0,0.0,0.0,0.0,1.0
S4,R5,PZ047,17,0.0,0.0,171475.52264790493,0.0,0.0,0.0,0.0,0.0,1.0
S4,R5,PZ047,18,0.0,8850.0,151413.7104083422,8850.0,0.0,0.0,0.0,0.0,1.0
S4,R5,PZ047,19,0.0,8850.0,123156.49632894405,8850.0,0.0,0.0,0.0,0.0,1.0
S4,R5,PZ047,20,0.0,8850.0,85616.525699304,8850.0,0.0,0.0,0.0,0.0,1.0
S4,R5,PZ047,21,0.0,8850.0,38906.14648775387,8850.0,0.0,0.0,0.0,0.0,1.0
S4,R5,PZ047,22,0.0,0.0,7374.056053311318,0.0,0.0,0.0,0.0,0.0,1.0
S4,R5,PZ047,23,0.0,0.0,0.0,0.0,0.0,0.0,0.0,0.0,1.0
S4,R5,PZ048,0,0.0,0.0,0.0,0.0,0.0,0.0,0.0,0.0,1.0
S4,R5,PZ048,1,0.0,0.0,0.0,0.0,0.0,0.0,0.0,0.0,1.0
S4,R5,PZ048,2,0.0,0.0,0.0,0.0,0.0,0.0,0.0,0.0,1.0
S4,R5,PZ048,3,0.0,0.0,0.0,0.0,0.0,0.0,0.0,0.0,1.0
S4,R5,PZ048,4,0.0,0.0,0.0,0.0,0.0,0.0,0.0,0.0,1.0
S4,R5,PZ048,5,0.0,0.0,0.0,0.0,0.0,0.0,0.0,0.0,1.0
S4,R5,PZ048,6,0.0,0.0,0.0,0.0,0.0,0.0,0.0,0.0,1.0
S4,R5,PZ048,7,0.0,0.0,0.0,0.0,0.0,0.0,0.0,0.0,1.0
S4,R5,PZ048,8,0.0,0.0,0.0,0.0,0.0,0.0,0.0,0.0,1.0
S4,R5,PZ048,9,0.0,0.0,0.0,0.0,0.0,0.0,0.0,0.0,1.0
S4,R5,PZ048,10,0.0,0.0,0.0,0.0,0.0,0.0,0.0,0.0,1.0
S4,R5,PZ048,11,0.0,0.0,8601.715496222076,0.0,0.0,0.0,0.0,0.0,1.0
S4,R5,PZ048,12,0.0,10950.0,37972.503756390164,10950.0,0.0,0.0,0.0,0.0,1.0
S4,R5,PZ048,13,0.0,10950.0,88643.65980071654,10950.0,0.0,0.0,0.0,0.0,1.0
S4,R5,PZ048,14,0.0,10950.0,126873.86459559447,10950.0,0.0,0.0,0.0,0.0,1.0
S4,R5,PZ048,15,0.0,10950.0,150280.87215119682,10950.0,0.0,0.0,0.0,0.0,1.0
S4,R5,PZ048,16,0.0,0.0,175444.1939966009,0.0,0.0,0.0,0.0,0.0,1.0
S4,R5,PZ048,17,0.0,0.0,176184.85545735533,0.0,0.0,0.0,0.0,0.0,1.0
S4,R5,PZ048,18,0.0,10950.0,153715.12664510726,10950.0,0.0,0.0,0.0,0.0,1.0
S4,R5,PZ048,19,0.0,10950.0,124681.86812908703,10950.0,0.0,0.0,0.0,0.0,1.0
S4,R5,PZ048,20,0.0,10950.0,86110.915277483,10950.0,0.0,0.0,0.0,0.0,1.0
S4,R5,PZ048,21,0.0,10950.0,38117.701536747605,10950.0,0.0,0.0,0.0,0.0,1.0
S4,R5,PZ048,22,0.0,0.0,7576.574077891952,0.0,0.0,0.0,0.0,0.0,1.0
S4,R5,PZ048,23,0.0,0.0,0.0,0.0,0.0,0.0,0.0,0.0,1.0
S4,R5,PZ049,0,0.0,0.0,0.0,0.0,0.0,0.0,0.0,0.0,1.0
S4,R5,PZ049,1,0.0,0.0,0.0,0.0,0.0,0.0,0.0,0.0,1.0
S4,R5,PZ049,2,0.0,0.0,0.0,0.0,0.0,0.0,0.0,0.0,1.0
S4,R5,PZ049,3,0.0,0.0,0.0,0.0,0.0,0.0,0.0,0.0,1.0
S4,R5,PZ049,4,0.0,0.0,0.0,0.0,0.0,0.0,0.0,0.0,1.0
S4,R5,PZ049,5,0.0,0.0,0.0,0.0,0.0,0.0,0.0,0.0,1.0
S4,R5,PZ049,6,0.0,0.0,0.0,0.0,0.0,0.0,0.0,0.0,1.0
S4,R5,PZ049,7,0.0,0.0,0.0,0.0,0.0,0.0,0.0,0.0,1.0
S4,R5,PZ049,8,0.0,0.0,0.0,0.0,0.0,0.0,0.0,0.0,1.0
S4,R5,PZ049,9,0.0,0.0,0.0,0.0,0.0,0.0,0.0,0.0,1.0
S4,R5,PZ049,10,0.0,0.0,0.0,0.0,0.0,0.0,0.0,0.0,1.0
S4,R5,PZ049,11,0.0,0.0,8399.250743529328,0.0,0.0,0.0,0.0,0.0,1.0
S4,R5,PZ049,12,0.0,10050.0,37720.97966465544,10050.0,0.0,0.0,0.0,0.0,1.0
S4,R5,PZ049,13,0.0,10050.0,87199.45233301152,10050.0,0.0,0.0,0.0,0.0,1.0
S4,R5,PZ049,14,0.0,10050.0,124529.80535267232,10050.0,0.0,0.0,0.0,0.0,1.0
S4,R5,PZ049,15,0.0,10050.0,147385.86536785628,10050.0,0.0,0.0,0.0,0.0,1.0
S4,R5,PZ049,16,0.0,0.0,171314.63805342867,0.0,0.0,0.0,0.0,0.0,1.0
S4,R5,PZ049,17,0.0,0.0,172037.86603367023,0.0,0.0,0.0,0.0,0.0,1.0
S4,R5,PZ049,18,0.0,10050.0,150739.28534833752,10050.0,0.0,0.0,0.0,0.0,1.0
S4,R5,PZ049,19,0.0,10050.0,122389.40348060243,10050.0,0.0,0.0,0.0,0.0,1.0
S4,R5,PZ049,20,0.0,10050.0,84726.32283584523,10050.0,0.0,0.0,0.0,0.0,1.0
S4,R5,PZ049,21,0.0,10050.0,37862.75982062104,10050.0,0.0,0.0,0.0,0.0,1.0
S4,R5,PZ049,22,0.0,0.0,7398.23881469795,0.0,0.0,0.0,0.0,0.0,1.0
S4,R5,PZ049,23,0.0,0.0,0.0,0.0,0.0,0.0,0.0,0.0,1.0
S4,R5,PZ050,0,0.0,0.0,0.0,-0.0,0.0,0.0,0.0,0.0,1.0
S4,R5,PZ050,1,0.0,0.0,0.0,-0.0,0.0,0.0,0.0,0.0,1.0
S4,R5,PZ050,2,0.0,0.0,0.0,-0.0,0.0,-0.0,0.0,0.0,1.0
S4,R5,PZ050,3,0.0,0.0,0.0,-0.0,0.0,0.0,0.0,0.0,1.0
S4,R5,PZ050,4,0.0,0.0,0.0,-0.0,0.0,-0.0,0.0,0.0,1.0
S4,R5,PZ050,5,0.0,0.0,0.0,-0.0,0.0,0.0,0.0,0.0,1.0
S4,R5,PZ050,6,0.0,0.0,0.0,0.0,0.0,0.0,0.0,0.0,1.0
S4,R5,PZ050,7,0.0,0.0,0.0,0.0,0.0,0.0,0.0,0.0,1.0
S4,R5,PZ050,8,0.0,0.0,0.0,0.0,0.0,0.0,0.0,0.0,1.0
S4,R5,PZ050,9,0.0,0.0,0.0,0.0,0.0,0.0,0.0,0.0,1.0
S4,R5,PZ050,10,0.0,0.0,0.0,-0.0,0.0,0.0,0.0,0.0,1.0
S4,R5,PZ050,11,0.0,0.0,1088.4013065262009,-0.0,0.0,0.0,0.0,0.0,1.0
S4,R5,PZ050,12,0.0,0.0,6190.313668287978,-0.0,0.0,-0.0,0.0,0.0,1.0
S4,R5,PZ050,13,0.0,0.0,12601.889645900848,-0.0,0.0,0.0,0.0,0.0,1.0
S4,R5,PZ050,14,0.0,11850.0,5589.274103197145,11850.0,0.0,0.0,0.0,0.0,1.0
S4,R5,PZ050,15,0.0,11850.0,8551.03418658697,11850.0,0.0,0.0,0.0,0.0,1.0
S4,R5,PZ050,16,0.0,0.0,22199.489166109324,0.0,0.0,0.0,0.0,0.0,1.0
S4,R5,PZ050,17,0.0,0.0,22293.207320578953,0.0,0.0,0.0,0.0,0.0,1.0
S4,R5,PZ050,18,0.0,11850.0,8985.580885993302,11850.0,0.0,0.0,0.0,0.0,1.0
S4,R5,PZ050,19,0.0,0.0,17161.914102265313,-0.0,0.0,0.0,0.0,0.0,1.0
S4,R5,PZ050,20,0.0,11104.5,1176.9137536913004,11104.5,0.0,0.0,0.0,0.0,1.0
S4,R5,PZ050,21,0.0,0.0,6208.685986451157,-0.0,0.0,0.0,0.0,0.0,1.0
S4,R5,PZ050,22,0.0,0.0,958.6870350445782,-0.0,0.0,0.0,0.0,0.0,1.0
S4,R5,PZ050,23,0.0,0.0,0.0,-0.0,0.0,0.0,0.0,0.0,1.0
S4,R5,PZ052,0,0.0,0.0,0.0,0.0,0.0,0.0,0.0,0.0,1.0
S4,R5,PZ052,1,0.0,0.0,0.0,0.0,0.0,0.0,0.0,0.0,1.0
S4,R5,PZ052,2,0.0,0.0,0.0,0.0,0.0,0.0,0.0,0.0,1.0
S4,R5,PZ052,3,0.0,0.0,0.0,0.0,0.0,0.0,0.0,0.0,1.0
S4,R5,PZ052,4,0.0,0.0,0.0,0.0,0.0,0.0,0.0,0.0,1.0
S4,R5,PZ052,5,0.0,0.0,0.0,0.0,0.0,0.0,0.0,0.0,1.0
S4,R5,PZ052,6,0.0,0.0,0.0,0.0,0.0,0.0,0.0,0.0,1.0
S4,R5,PZ052,7,0.0,0.0,0.0,0.0,0.0,0.0,0.0,0.0,1.0
S4,R5,PZ052,8,0.0,0.0,0.0,0.0,0.0,0.0,0.0,0.0,1.0
S4,R5,PZ052,9,0.0,0.0,0.0,0.0,0.0,0.0,0.0,0.0,1.0
S4,R5,PZ052,10,0.0,0.0,0.0,0.0,0.0,0.0,0.0,0.0,1.0
S4,R5,PZ052,11,0.0,0.0,9974.815674760795,0.0,0.0,0.0,0.0,0.0,1.0
S4,R5,PZ052,12,0.0,11700.0,45032.050430186144,11700.0,0.0,0.0,0.0,0.0,1.0
S4,R5,PZ052,13,0.0,11700.0,103791.89220723484,11700.0,0.0,0.0,0.0,0.0,1.0
S4,R5,PZ052,14,0.0,11700.0,148124.8216333185,11700.0,0.0,0.0,0.0,0.0,1.0
S4,R5,PZ052,15,0.0,11700.0,175268.3124831859,11700.0,0.0,0.0,0.0,0.0,1.0
S4,R5,PZ052,16,0.0,0.0,203450.52066552176,0.0,0.0,0.0,0.0,0.0,1.0
S4,R5,PZ052,17,0.0,0.0,204309.41463285533,0.0,0.0,0.0,0.0,0.0,1.0
S4,R5,PZ052,18,0.0,11700.0,179250.78034927856,11700.0,0.0,0.0,0.0,0.0,1.0
S4,R5,PZ052,19,0.0,11700.0,145582.91464712002,11700.0,0.0,0.0,0.0,0.0,1.0
S4,R5,PZ052,20,0.0,11700.0,100854.84322187715,11700.0,0.0,0.0,0.0,0.0,1.0
S4,R5,PZ052,21,0.0,11700.0,45200.42627289868,11700.0,0.0,0.0,0.0,0.0,1.0
S4,R5,PZ052,22,0.0,0.0,8786.029938601887,0.0,0.0,0.0,0.0,0.0,1.0
S4,R5,PZ052,23,0.0,0.0,0.0,0.0,0.0,0.0,0.0,0.0,1.0
S6,R1,PZ001,0,1331.1568749083863,0.0,0.0,1331.1568749083863,0.0,-0.0,0.0,0.0,1.0
S6,R1,PZ001,1,1331.1568749083865,0.0,0.0,1331.1568749083865,0.0,-0.0,0.0,0.0,1.0
S6,R1,PZ001,2,1331.1568749083865,0.0,0.0,1331.1568749083865,0.0,-0.0,0.0,0.0,1.0
S6,R1,PZ001,3,1331.1568749083865,0.0,0.0,1331.1568749083865,0.0,-0.0,0.0,0.0,1.0
S6,R1,PZ001,4,1331.1568749083865,0.0,0.0,1331.1568749083865,0.0,-0.0,0.0,0.0,1.0
S6,R1,PZ001,5,1331.1568749083865,0.0,0.0,1331.1568749083865,0.0,-0.0,0.0,0.0,1.0
S6,R1,PZ001,6,1331.1568749083865,0.0,0.0,0.0,1331.1568749083865,0.0,0.0,0.0,1.0
S6,R1,PZ001,7,1331.1568749083865,0.0,0.0,0.0,1331.1568749083865,0.0,1264.599031162967,0.0,1.0
S6,R1,PZ001,8,1331.1568749083865,0.0,0.0,0.0,1331.1568749083865,0.0,2529.198062325934,0.0,1.0
S6,R1,PZ001,9,1331.1568749083865,0.0,0.0,0.0,1331.1568749083865,0.0,3793.7970934889013,0.0,1.0
S6,R1,PZ001,10,1331.1568749083865,0.0,0.0,3491.1568749083863,0.0,2160.0,5058.396124651868,0.0,1.0
S6,R1,PZ001,11,1331.1568749083865,0.2545606079443605,0.0,3491.411435516331,0.0,2160.0,2784.7119141255525,0.0,1.0
S6,R1,PZ001,12,1331.1568749083865,1.447820763643798,0.0,1818.0810140913052,0.0,485.47631841927495,511.0277035992367,0.0,1.0
S6,R1,PZ001,13,1331.1568749083865,2.947391435744328,0.0,1334.1042663441308,0.0,-0.0,0.0,0.0,1.0
S6,R1,PZ001,14,1331.1568749083865,4.078782514500169,0.0,1335.2356574228866,0.0,-0.0,0.0,0.0,1.0
S6,R1,PZ001,15,1331.1568749083865,4.771493413405088,0.0,1335.9283683217916,0.0,-0.0,0.0,0.0,1.0
S6,R1,PZ001,16,0.0,5.192124838783437,0.0,0.0,5.192124838783437,0.0,0.0,0.0,1.0
S6,R1,PZ001,17,0.0,5.214044098007184,0.0,0.0,5.214044098007183,0.0,4.932518596844265,0.0,1.0
S6,R1,PZ001,18,0.0,4.873127315641155,0.0,14.26469478109469,0.0,9.391567465453535,9.885860489951089,0.0,1.0
S6,R1,PZ001,19,0.0,4.013912204226468,0.0,4.013912204226468,0.0,-0.0,0.0,0.0,1.0
S6,R1,PZ001,20,0.0,2.8724369704536246,0.0,2.8724369704536246,0.0,-0.0,0.0,0.0,1.0
S6,R1,PZ001,21,0.0,1.4521177710554238,0.0,1.4521177710554238,0.0,-0.0,0.0,0.0,1.0
S6,R1,PZ001,22,1331.1568749083865,0.22422240124667603,0.0,1331.381097309633,0.0,0.0,-0.0,0.0,1.0
S6,R1,PZ001,23,1331.1568749083865,0.0,0.0,1331.1568749083865,0.0,-0.0,0.0,0.0,1.0
S6,R1,PZ006,0,179.61122181067432,0.0,0.0,179.61122181067432,0.0,-0.0,0.0,0.0,1.0
S6,R1,PZ006,1,179.61122181067435,0.0,0.0,179.61122181067435,0.0,-0.0,0.0,0.0,1.0
S6,R1,PZ006,2,179.61122181067435,0.0,0.0,179.61122181067435,0.0,-0.0,0.0,0.0,1.0
S6,R1,PZ006,3,179.61122181067435,0.0,0.0,179.61122181067435,0.0,-0.0,0.0,0.0,1.0
S6,R1,PZ006,4,179.61122181067435,0.0,0.0,179.61122181067435,0.0,-0.0,0.0,0.0,1.0
S6,R1,PZ006,5,179.61122181067435,0.0,0.0,179.61122181067435,0.0,-0.0,0.0,0.0,1.0
S6,R1,PZ006,6,179.61122181067435,0.0,0.0,0.0,179.61122181067435,0.0,0.0,0.0,1.0
S6,R1,PZ006,7,179.61122181067435,0.0,0.0,0.0,179.61122181067435,0.0,170.63066072014064,0.0,1.0
S6,R1,PZ006,8,179.61122181067435,0.0,0.0,0.0,179.61122181067435,0.0,341.2613214402812,0.0,1.0
S6,R1,PZ006,9,179.61122181067435,0.0,0.0,0.0,179.61122181067435,0.0,511.8919821604219,0.0,1.0
S6,R1,PZ006,10,179.61122181067435,0.0,0.0,517.1112218106744,0.0,337.5,682.5226428805626,0.0,1.0
S6,R1,PZ006,11,179.61122181067435,1.3387371416447649,0.0,491.8464696888536,0.0,310.8965107365344,327.25948498582574,0.0,1.0
S6,R1,PZ006,12,179.61122181067435,7.614105915232903,0.0,187.22532772590725,0.0,-0.0,0.0,0.0,1.0
S6,R1,PZ006,13,179.61122181067435,15.500365189491747,0.0,195.1115870001661,0.0,-0.0,0.0,0.0,1.0
S6,R1,PZ006,14,179.61122181067435,21.450363781524636,0.0,201.06158559219898,0.0,-0.0,0.0,0.0,1.0
S6,R1,PZ006,15,179.61122181067435,25.093338302503316,0.0,204.70456011317768,0.0,-0.0,0.0,0.0,1.0
S6,R1,PZ006,16,0.0,27.305443767855028,0.0,0.0,27.305443767855028,0.0,0.0,0.0,1.0
S6,R1,PZ006,17,0.0,27.42071740220533,0.0,0.0,27.420717402205337,0.0,25.940171579462277,0.0,1.0
S6,R1,PZ006,18,0.0,25.627832153977206,0.0,75.01819260995669,0.0,49.39036045597948,51.989853111557345,0.0,1.0
S6,R1,PZ006,19,0.0,21.10921007964314,0.0,21.10921007964314,0.0,-0.0,0.0,0.0,1.0
S6,R1,PZ006,20,0.0,15.106178801318444,0.0,15.106178801318444,0.0,-0.0,0.0,0.0,1.0
S6,R1,PZ006,21,0.0,7.636703926238296,0.0,7.636703926238296,0.0,-0.0,0.0,0.0,1.0
S6,R1,PZ006,22,179.61122181067435,1.1791881664711852,0.0,180.79040997714554,0.0,0.0,-0.0,0.0,1.0
S6,R1,PZ006,23,179.61122181067435,0.0,0.0,179.61122181067435,0.0,-0.0,0.0,0.0,1.0
S6,R1,PZ039,0,1543.8070613305742,0.0,0.0,1543.8070613305742,0.0,-0.0,0.0,0.0,1.0
S6,R1,PZ039,1,1543.807061330574,0.0,0.0,1543.807061330574,0.0,-0.0,0.0,0.0,1.0
S6,R1,PZ039,2,1543.807061330574,0.0,0.0,1543.807061330574,0.0,-0.0,0.0,0.0,1.0
S6,R1,PZ039,3,1543.807061330574,0.0,0.0,1543.807061330574,0.0,-0.0,0.0,0.0,1.0
S6,R1,PZ039,4,1543.807061330574,0.0,0.0,1543.807061330574,0.0,-0.0,0.0,0.0,1.0
S6,R1,PZ039,5,1543.807061330574,0.0,0.0,1543.807061330574,0.0,-0.0,0.0,0.0,1.0
S6,R1,PZ039,6,1543.807061330574,0.0,0.0,0.0,1543.807061330574,0.0,0.0,0.0,1.0
S6,R1,PZ039,7,1543.807061330574,0.0,0.0,0.0,1543.807061330574,0.0,1466.6167082640447,0.0,1.0
S6,R1,PZ039,8,1543.807061330574,0.0,0.0,0.0,1543.807061330574,0.0,2933.23341652809,0.0,1.0
S6,R1,PZ039,9,1543.807061330574,0.0,0.0,4378.807061330574,0.0,2835.0,4399.850124792135,0.0,1.0
S6,R1,PZ039,10,1543.807061330574,0.0,0.0,2888.664679883103,0.0,1344.857618552529,1415.6395984763458,0.0,1.0
S6,R1,PZ039,11,1543.807061330574,2.789198014675848,0.0,1546.5962593452498,0.0,-0.0,0.0,0.0,1.0
S6,R1,PZ039,12,1543.807061330574,15.863643759227655,0.0,1559.6707050898017,0.0,0.0,-0.0,0.0,1.0
S6,R1,PZ039,13,1543.807061330574,32.29430667783256,0.0,1576.1013680084066,0.0,-0.0,0.0,0.0,1.0
S6,R1,PZ039,14,1543.807061330574,44.690858430951785,0.0,1588.4979197615257,0.0,-0.0,0.0,0.0,1.0
S6,R1,PZ039,15,1543.807061330574,52.28083034205056,0.0,1596.0878916726247,0.0,-0.0,0.0,0.0,1.0
S6,R1,PZ039,16,0.0,56.88965158132099,0.0,0.0,56.88965158132099,0.0,0.0,0.0,1.0
S6,R1,PZ039,17,0.0,57.12981896151283,0.0,0.0,57.12981896151284,0.0,54.04516900225494,0.0,1.0
S6,R1,PZ039,18,0.0,53.394423999096496,0.0,156.296996164004,0.0,102.90257216490753,108.31849701569213,0.0,1.0
S6,R1,PZ039,19,0.0,43.980080191977905,0.0,43.980080191977905,0.0,0.0,-0.0,0.0,1.0
S6,R1,PZ039,20,0.0,31.47303724628872,0.0,31.47303724628872,0.0,0.0,-0.0,0.0,1.0
S6,R1,PZ039,21,0.0,15.910725688510968,0.0,15.910725688510968,0.0,0.0,-0.0,0.0,1.0
S6,R1,PZ039,22,1543.807061330574,2.4567849733442437,0.0,1546.2638463039182,0.0,-0.0,0.0,0.0,1.0
S6,R1,PZ039,23,1543.807061330574,0.0,0.0,1543.807061330574,0.0,-0.0,0.0,0.0,1.0
S6,R1,PZ040,0,1620.4218158260737,0.0,0.0,1620.4218158260737,0.0,-0.0,0.0,0.0,1.0
S6,R1,PZ040,1,1620.4218158260737,0.0,0.0,1620.4218158260737,0.0,-0.0,0.0,0.0,1.0
S6,R1,PZ040,2,1620.4218158260737,0.0,0.0,1620.4218158260737,0.0,-0.0,0.0,0.0,1.0
S6,R1,PZ040,3,1620.4218158260737,0.0,0.0,1620.4218158260737,0.0,-0.0,0.0,0.0,1.0
S6,R1,PZ040,4,1620.4218158260737,0.0,0.0,1620.4218158260737,0.0,-0.0,0.0,0.0,1.0
S6,R1,PZ040,5,1620.4218158260737,0.0,0.0,1620.4218158260737,0.0,-0.0,0.0,0.0,1.0
S6,R1,PZ040,6,1620.4218158260737,0.0,0.0,0.0,1620.4218158260737,0.0,0.0,0.0,1.0
S6,R1,PZ040,7,1620.4218158260737,0.0,0.0,0.0,1620.4218158260737,0.0,1539.40072503477,0.0,1.0
S6,R1,PZ040,8,1620.4218158260737,0.0,0.0,0.0,1620.4218158260737,0.0,3078.8014500695404,0.0,1.0
S6,R1,PZ040,9,1620.4218158260737,0.0,0.0,0.0,1620.4218158260737,0.0,4618.20217510431,0.0,1.0
S6,R1,PZ040,10,1620.4218158260737,0.0,0.0,4590.421815826074,0.0,2970.0,6157.60290013908,0.0,1.0
S6,R1,PZ040,11,1620.4218158260737,2.9457106783539118,0.0,4503.090281636554,0.0,2879.722755132126,3031.2871106653956,0.0,1.0
S6,R1,PZ040,12,1620.4218158260737,16.75381402585362,0.0,1637.1756298519274,0.0,-0.0,0.0,0.0,1.0
S6,R1,PZ040,13,1620.4218158260737,34.10646484415452,0.0,1654.5282806702282,0.0,-0.0,0.0,0.0,1.0
S6,R1,PZ040,14,1620.4218158260737,47.198634952476525,0.0,1667.6204507785503,0.0,-0.0,0.0,0.0,1.0
S6,R1,PZ040,15,1620.4218158260737,55.21450947600987,0.0,1675.6363253020836,0.0,-0.0,0.0,0.0,1.0
S6,R1,PZ040,16,0.0,60.081949459728996,0.0,0.0,60.081949459728996,0.0,0.0,0.0,1.0
S6,R1,PZ040,17,0.0,60.33559355839139,0.0,0.0,60.335593558391395,0.0,57.077851986742544,0.0,1.0
S6,R1,PZ040,18,0.0,56.390591170334694,0.0,165.06742374418835,0.0,108.67683257385366,114.39666586721437,0.0,1.0
S6,R1,PZ040,19,0.0,46.44797220373287,0.0,46.44797220373287,0.0,-0.0,0.0,0.0,1.0
S6,R1,PZ040,20,0.0,33.23911081565774,0.0,33.23911081565774,0.0,-0.0,0.0,0.0,1.0
S6,R1,PZ040,21,0.0,16.80353790387075,0.0,16.80353790387075,0.0,0.0,-0.0,0.0,1.0
S6,R1,PZ040,22,1620.4218158260737,2.5946446585437677,0.0,1623.0164604846175,0.0,0.0,-0.0,0.0,1.0
S6,R1,PZ040,23,1620.4218158260737,0.0,0.0,1620.4218158260737,0.0,-0.0,0.0,0.0,1.0
S6,R1,PZ041,0,1802.6670818346677,0.0,0.0,1802.6670818346677,0.0,-0.0,0.0,0.0,1.0
S6,R1,PZ041,1,1802.6670818346677,0.0,0.0,1802.6670818346677,0.0,-0.0,0.0,0.0,1.0
S6,R1,PZ041,2,1802.6670818346677,0.0,0.0,1802.6670818346677,0.0,-0.0,0.0,0.0,1.0
S6,R1,PZ041,3,1802.6670818346677,0.0,0.0,1802.6670818346677,0.0,-0.0,0.0,0.0,1.0
S6,R1,PZ041,4,1802.667081834667,0.0,0.0,1802.667081834667,0.0,-0.0,0.0,0.0,1.0
S6,R1,PZ041,5,1802.6670818346674,0.0,0.0,1802.6670818346674,0.0,-0.0,0.0,0.0,1.0
S6,R1,PZ041,6,1802.6670818346674,0.0,0.0,0.0,1802.6670818346674,0.0,0.0,0.0,1.0
S6,R1,PZ041,7,1802.6670818346674,0.0,0.0,0.0,1802.6670818346674,0.0,1712.533727742934,0.0,1.0
S6,R1,PZ041,8,1802.6670818346681,0.0,0.0,0.0,1802.6670818346681,0.0,3425.067455485868,0.0,1.0
S6,R1,PZ041,9,1802.667081834668,0.0,0.0,0.0,1802.667081834668,0.0,5137.601183228803,0.0,1.0
S6,R1,PZ041,10,1802.6670818346677,0.0,0.0,4907.667081834667,0.0,3105.0,6850.134910971738,0.0,1.0
S6,R1,PZ041,11,1802.667081834668,0.4609355206698448,0.0,4908.128017355336,0.0,3105.0,3581.7138583401584,0.0,1.0
S6,R1,PZ041,12,1802.6670818346677,2.6215840027873836,0.0,2102.916831260603,0.0,297.6281654231481,313.29280570858015,0.0,1.0
S6,R1,PZ041,13,1802.6670818346688,5.336872099038961,0.0,1808.0039539337079,0.0,0.0,3.2087686466439533e-12,0.0,1.0
S6,R1,PZ041,14,1802.6670818346688,7.385493604851538,0.0,1810.0525754395203,0.0,0.0,3.2087686466439533e-12,0.0,1.0
S6,R1,PZ041,15,1802.6670818346677,8.639792380450801,0.0,1811.3068742151186,0.0,0.0,3.2087686466439533e-12,0.0,1.0
S6,R1,PZ041,16,1802.6670818346606,9.401434044620796,0.0,1812.0685158792814,0.0,0.0,3.2087686466439533e-12,0.0,1.0
S6,R1,PZ041,17,0.0,9.441123473572832,0.0,9.44112347356883,0.0,0.0,3.2087686466439533e-12,0.0,1.0
S6,R1,PZ041,18,0.0,8.823821936410727,0.0,8.823821936414925,0.0,0.0,7.421165160118568e-12,0.0,1.0
S6,R1,PZ041,19,0.0,7.268032264373604,0.0,7.268032264372188,0.0,0.0,7.421165160118568e-12,0.0,1.0
S6,R1,PZ041,20,0.0,5.201151274971588,0.0,5.201151274976247,0.0,0.0,7.421165160118568e-12,0.0,1.0
S6,R1,PZ041,21,0.0,2.6293646384662264,0.0,2.6293646384819214,0.0,0.0,7.421165160118568e-12,0.0,1.0
S6,R1,PZ041,22,1802.6670818346677,0.406001816616769,0.0,1803.0730836512844,0.0,-0.0,0.0,0.0,1.0
S6,R1,PZ041,23,1802.6670818346674,0.0,0.0,1802.6670818346674,0.0,-0.0,0.0,0.0,1.0
S6,R1,PZ047,0,1986.8540601930722,0.0,0.0,1986.8540601930722,0.0,-0.0,0.0,0.0,1.0
S6,R1,PZ047,1,1986.8540601930722,0.0,0.0,1986.8540601930722,0.0,-0.0,0.0,0.0,1.0
S6,R1,PZ047,2,1986.8540601930722,0.0,0.0,1986.8540601930722,0.0,-0.0,0.0,0.0,1.0
S6,R1,PZ047,3,1986.8540601930722,0.0,0.0,1986.8540601930722,0.0,-0.0,0.0,0.0,1.0
S6,R1,PZ047,4,1986.8540601930722,0.0,0.0,1986.8540601930722,0.0,-0.0,0.0,0.0,1.0
S6,R1,PZ047,5,1986.8540601930722,0.0,0.0,1986.8540601930722,0.0,-0.0,0.0,0.0,1.0
S6,R1,PZ047,6,1986.8540601930722,0.0,0.0,0.0,1986.8540601930722,0.0,0.0,0.0,1.0
S6,R1,PZ047,7,1986.8540601930722,0.0,0.0,0.0,1986.8540601930722,0.0,1887.5113571834186,0.0,1.0
S6,R1,PZ047,8,1986.8540601930722,0.0,0.0,0.0,1986.8540601930722,0.0,3775.022714366836,0.0,1.0
S6,R1,PZ047,9,1986.8540601930713,0.0,0.0,0.0,1986.8540601930713,0.0,5662.534071550255,0.0,1.0
S6,R1,PZ047,10,1986.854060193072,0.0,0.0,5969.354060193072,0.0,3982.5,7550.045428733672,0.0,1.0
S6,R1,PZ047,11,1986.8540601930729,0.0,0.0,5176.897217490051,0.0,3190.043157296978,3357.940165575779,0.0,1.0
S6,R1,PZ047,12,1986.8540601930722,0.0,0.0,1986.8540601930722,0.0,0.0,1.0803312568727914e-11,0.0,1.0
S6,R1,PZ047,13,1986.854060193072,0.0,0.0,1986.854060193072,0.0,0.0,9.399400471228741e-12,0.0,1.0
S6,R1,PZ047,14,1986.8540601930722,0.0,0.0,1986.8540601930722,0.0,0.0,9.399400471228741e-12,0.0,1.0
S6,R1,PZ047,15,1986.8540601930763,0.0,0.0,1986.8540601930763,0.0,0.0,9.399400471228741e-12,0.0,1.0
S6,R1,PZ047,16,0.0,0.0,0.0,0.0,0.0,0.0,9.399400471228741e-12,0.0,1.0
S6,R1,PZ047,17,0.0,0.0,0.0,0.0,0.0,0.0,9.399400471228741e-12,0.0,1.0
S6,R1,PZ047,18,0.0,0.0,0.0,0.0,0.0,1.2318421001281857e-12,9.399400471228741e-12,0.0,1.0
S6,R1,PZ047,19,0.0,0.0,0.0,0.0,0.0,-0.0,8.102724576356967e-12,0.0,1.0
S6,R1,PZ047,20,0.0,0.0,0.0,0.0,0.0,-0.0,8.102724576356967e-12,0.0,1.0
S6,R1,PZ047,21,0.0,0.0,0.0,0.0,0.0,7.697588347539119e-12,8.102724576356967e-12,0.0,1.0
S6,R1,PZ047,22,1986.8540601930717,0.0,0.0,1986.8540601930717,0.0,-0.0,0.0,0.0,1.0
S6,R1,PZ047,23,1986.8540601930733,0.0,0.0,1986.8540601930733,0.0,-0.0,0.0,0.0,1.0
S6,R1,PZ048,0,2363.9409426462244,0.0,0.0,2363.9409426462244,0.0,-0.0,0.0,0.0,1.0
S6,R1,PZ048,1,2363.9409426462244,0.0,0.0,2363.9409426462244,0.0,-0.0,0.0,0.0,1.0
S6,R1,PZ048,2,2363.9409426462244,0.0,0.0,2363.9409426462244,0.0,-0.0,0.0,0.0,1.0
S6,R1,PZ048,3,2363.9409426462244,0.0,0.0,2363.9409426462244,0.0,-0.0,0.0,0.0,1.0
S6,R1,PZ048,4,2363.9409426462244,0.0,0.0,2363.9409426462244,0.0,-0.0,0.0,0.0,1.0
S6,R1,PZ048,5,2363.9409426462244,0.0,0.0,2363.9409426462244,0.0,-0.0,0.0,0.0,1.0
S6,R1,PZ048,6,2363.9409426462244,0.0,0.0,0.0,2363.9409426462244,0.0,0.0,0.0,1.0
S6,R1,PZ048,7,2363.9409426462244,0.0,0.0,0.0,2363.9409426462244,0.0,2245.7438955139132,0.0,1.0
S6,R1,PZ048,8,2363.9409426462244,0.0,0.0,0.0,2363.9409426462244,0.0,4491.487791027825,0.0,1.0
S6,R1,PZ048,9,2363.9409426462244,0.0,0.0,0.0,2363.9409426462244,0.0,6737.231686541738,0.0,1.0
S6,R1,PZ048,10,2363.9409426462244,0.0,0.0,7291.440942646226,0.0,4927.5,8982.975582055651,0.0,1.0
S6,R1,PZ048,11,2363.940942646224,0.0,0.0,5970.267745599092,0.0,3606.326802952868,3796.133476792492,0.0,1.0
S6,R1,PZ048,12,2363.940942646224,0.0,0.0,2363.9409426462144,0.0,-9.690352693403966e-12,0.0,0.0,1.0
S6,R1,PZ048,13,2363.9409426462244,0.0,0.0,2363.9409426462244,0.0,0.0,1.0468396353662868e-11,0.0,1.0
S6,R1,PZ048,14,2363.9409426462244,0.0,0.0,2363.9409426462244,0.0,0.0,1.0468396353662868e-11,0.0,1.0
S6,R1,PZ048,15,2363.9409426462285,0.0,0.0,2363.9409426462285,0.0,0.0,1.0468396353662868e-11,0.0,1.0
S6,R1,PZ048,16,0.0,0.0,0.0,0.0,0.0,0.0,1.0468396353662868e-11,0.0,1.0
S6,R1,PZ048,17,0.0,0.0,0.0,0.0,0.0,0.0,1.0468396353662868e-11,0.0,1.0
S6,R1,PZ048,18,0.0,0.0,0.0,0.0,0.0,9.944976535979725e-12,1.0468396353662868e-11,0.0,1.0
S6,R1,PZ048,19,0.0,0.0,0.0,-0.0,0.0,-0.0,0.0,0.0,1.0
S6,R1,PZ048,20,0.0,0.0,0.0,-0.0,0.0,-0.0,0.0,0.0,1.0
S6,R1,PZ048,21,0.0,0.0,0.0,-0.0,0.0,-0.0,0.0,0.0,1.0
S6,R1,PZ048,22,2363.940942646224,0.0,0.0,2363.940942646224,0.0,-0.0,0.0,0.0,1.0
S6,R1,PZ048,23,2363.9409426462225,0.0,0.0,2363.9409426462225,0.0,-0.0,0.0,0.0,1.0
S6,R1,PZ049,0,2161.6411130039746,0.0,0.0,2161.6411130039746,0.0,-0.0,0.0,0.0,1.0
S6,R1,PZ049,1,2161.6411130039746,0.0,0.0,2161.6411130039746,0.0,-0.0,0.0,0.0,1.0
S6,R1,PZ049,2,2161.6411130039746,0.0,0.0,2161.6411130039746,0.0,-0.0,0.0,0.0,1.0
S6,R1,PZ049,3,2161.6411130039746,0.0,0.0,2161.6411130039746,0.0,-0.0,0.0,0.0,1.0
S6,R1,PZ049,4,2161.6411130039746,0.0,0.0,2161.6411130039746,0.0,-0.0,0.0,0.0,1.0
S6,R1,PZ049,5,2161.6411130039746,0.0,0.0,2161.6411130039746,0.0,-0.0,0.0,0.0,1.0
S6,R1,PZ049,6,2161.6411130039764,0.0,0.0,0.0,2161.6411130039764,0.0,0.0,0.0,1.0
S6,R1,PZ049,7,2161.6411130039746,0.0,0.0,0.0,2161.6411130039746,0.0,2053.5590573537775,0.0,1.0
S6,R1,PZ049,8,2161.6411130039746,0.0,0.0,0.0,2161.6411130039746,0.0,4107.118114707553,0.0,1.0
S6,R1,PZ049,9,2161.6411130039746,0.0,0.0,0.0,2161.6411130039746,0.0,6160.677172061329,0.0,1.0
S6,R1,PZ049,10,2161.6411130039746,0.0,0.0,6684.141113003982,0.0,4522.5,8214.236229415104,0.0,1.0
S6,R1,PZ049,11,2161.6411130039746,0.0,0.0,5442.665530948324,0.0,3281.024417944349,3453.709913625631,0.0,1.0
S6,R1,PZ049,12,2161.6411130039746,0.0,0.0,2161.6411130039746,0.0,-0.0,0.0,0.0,1.0
S6,R1,PZ049,13,2161.6411130039746,0.0,0.0,2161.6411130039746,0.0,-0.0,0.0,0.0,1.0
S6,R1,PZ049,14,2161.6411130039746,0.0,0.0,2161.6411130039746,0.0,-0.0,0.0,0.0,1.0
S6,R1,PZ049,15,2161.6411130039746,0.0,0.0,2161.6411130039746,0.0,-0.0,0.0,0.0,1.0
S6,R1,PZ049,16,0.0,0.0,0.0,0.0,0.0,0.0,0.0,0.0,1.0
S6,R1,PZ049,17,0.0,0.0,0.0,0.0,0.0,0.0,0.0,0.0,1.0
S6,R1,PZ049,18,0.0,0.0,0.0,-0.0,0.0,-0.0,-0.0,0.0,1.0
S6,R1,PZ049,19,0.0,0.0,0.0,-0.0,0.0,0.0,-0.0,0.0,1.0
S6,R1,PZ049,20,0.0,0.0,0.0,-0.0,0.0,0.0,-0.0,0.0,1.0
S6,R1,PZ049,21,0.0,0.0,0.0,0.0,0.0,-0.0,-0.0,0.0,1.0
S6,R1,PZ049,22,2161.6411130039746,0.0,0.0,2161.6411130039746,0.0,-0.0,0.0,0.0,1.0
S6,R1,PZ049,23,2161.6411130039746,0.0,0.0,2161.6411130039746,0.0,-0.0,0.0,0.0,1.0
S6,R1,PZ050,0,2595.101644337224,0.0,0.0,2595.101644337224,0.0,-0.0,0.0,0.0,1.0
S6,R1,PZ050,1,2595.101644337224,0.0,0.0,2595.101644337224,0.0,-0.0,0.0,0.0,1.0
S6,R1,PZ050,2,2595.101644337224,0.0,0.0,2595.101644337224,0.0,0.0,-0.0,0.0,1.0
S6,R1,PZ050,3,2595.101644337224,0.0,0.0,2595.101644337224,0.0,0.0,-0.0,0.0,1.0
S6,R1,PZ050,4,2595.101644337224,0.0,0.0,2595.101644337224,0.0,0.0,-0.0,0.0,1.0
S6,R1,PZ050,5,2595.101644337224,0.0,0.0,2595.101644337224,0.0,-0.0,0.0,0.0,1.0
S6,R1,PZ050,6,2595.101644337224,0.0,0.0,0.0,2595.101644337224,0.0,0.0,0.0,1.0
S6,R1,PZ050,7,2595.101644337224,0.0,0.0,0.0,2595.101644337224,0.0,2465.3465621203627,0.0,1.0
S6,R1,PZ050,8,2595.101644337224,0.0,0.0,0.0,2595.101644337224,0.0,4930.6931242407245,0.0,1.0
S6,R1,PZ050,9,2595.101644337224,0.0,0.0,0.0,2595.101644337224,0.0,7396.039686361088,0.0,1.0
S6,R1,PZ050,10,2595.101644337224,0.0,0.0,7927.601644337225,0.0,5332.5,9861.38624848145,0.0,1.0
S6,R1,PZ050,11,2595.101644337224,6.6903790850821245,0.0,6637.608959479686,0.0,4035.816936057379,4248.228353744609,0.0,1.0
S6,R1,PZ050,12,2595.101644337224,38.05172306214509,0.0,2633.153367399369,0.0,-0.0,0.0,0.0,1.0
S6,R1,PZ050,13,2595.101644337224,77.46354071233229,0.0,2672.5651850495565,0.0,-0.0,0.0,0.0,1.0
S6,R1,PZ050,14,2595.101644337224,107.19883743196866,0.0,2702.3004817691926,0.0,-0.0,0.0,0.0,1.0
S6,R1,PZ050,15,2595.101644337224,125.40471204653147,0.0,2720.5063563837557,0.0,-0.0,0.0,0.0,1.0
S6,R1,PZ050,16,0.0,136.45977556796478,0.0,0.0,136.45977556796478,0.0,0.0,0.0,1.0
S6,R1,PZ050,17,0.0,137.03585901879902,0.0,0.0,137.03585901879904,0.0,129.63678678956654,0.0,1.0
S6,R1,PZ050,18,0.0,128.07586112708398,0.0,374.90567134163837,0.0,246.82981021455436,259.8208528574256,0.0,1.0
S6,R1,PZ050,19,0.0,105.49391155752693,0.0,105.49391155752693,0.0,0.0,-0.0,0.0,1.0
S6,R1,PZ050,20,0.0,75.49358239488498,0.0,75.49358239488498,0.0,0.0,-0.0,0.0,1.0
S6,R1,PZ050,21,0.0,38.16465730105713,0.0,38.16465730105713,0.0,0.0,-0.0,0.0,1.0
S6,R1,PZ050,22,2595.101644337224,5.89302828831843,0.0,2600.9946726255425,0.0,-0.0,0.0,0.0,1.0
S6,R1,PZ050,23,2595.101644337224,0.0,0.0,2595.101644337224,0.0,-0.0,0.0,0.0,1.0
S6,R1,PZ052,0,2292.9224518747524,0.0,0.0,2292.9224518747524,0.0,-0.0,0.0,0.0,1.0
S6,R1,PZ052,1,2292.922451874753,0.0,0.0,2292.922451874753,0.0,-0.0,0.0,0.0,1.0
S6,R1,PZ052,2,2292.922451874753,0.0,0.0,2292.922451874753,0.0,-0.0,0.0,0.0,1.0
S6,R1,PZ052,3,2292.922451874753,0.0,0.0,2292.922451874753,0.0,-0.0,0.0,0.0,1.0
S6,R1,PZ052,4,2292.922451874753,0.0,0.0,2292.922451874753,0.0,-0.0,0.0,0.0,1.0
S6,R1,PZ052,5,2292.922451874753,0.0,0.0,2292.922451874753,0.0,-0.0,0.0,0.0,1.0
S6,R1,PZ052,6,2292.922451874753,0.0,0.0,0.0,2292.922451874753,0.0,0.0,0.0,1.0
S6,R1,PZ052,7,2292.922451874753,0.0,0.0,0.0,2292.922451874753,0.0,2178.276329281015,0.0,1.0
S6,R1,PZ052,8,2292.922451874753,0.0,0.0,0.0,2292.922451874753,0.0,4356.55265856203,0.0,1.0
S6,R1,PZ052,9,2292.922451874753,0.0,0.0,0.0,2292.922451874753,0.0,6534.828987843045,0.0,1.0
S6,R1,PZ052,10,2292.922451874753,0.0,0.0,7557.922451874752,0.0,5265.0,8713.10531712406,0.0,1.0
S6,R1,PZ052,11,2292.922451874753,2.9055148634494863,0.0,5308.278018006061,0.0,3012.4500512678583,3171.000053966166,0.0,1.0
S6,R1,PZ052,12,2292.922451874753,16.525199174953634,0.0,2309.4476510497066,0.0,-0.0,0.0,0.0,1.0
S6,R1,PZ052,13,2292.922451874753,33.64106369054021,0.0,2326.563515565293,0.0,-0.0,0.0,0.0,1.0
S6,R1,PZ052,14,2292.922451874753,46.55458405900879,0.0,2339.4770359337617,0.0,-0.0,0.0,0.0,1.0
S6,R1,PZ052,15,2292.922451874753,54.46107764061436,0.0,2347.383529515367,0.0,-0.0,0.0,0.0,1.0
S6,R1,PZ052,16,0.0,59.26209877400929,0.0,0.0,59.26209877400929,0.0,0.0,0.0,1.0
S6,R1,PZ052,17,0.0,59.512281761804154,0.0,0.0,59.51228176180416,0.0,56.29899383530882,0.0,1.0
S6,R1,PZ052,18,0.0,55.6211110643317,0.0,162.81498949790333,0.0,107.19387843357164,112.83566150902277,0.0,1.0
S6,R1,PZ052,19,0.0,45.81416450934299,0.0,45.81416450934299,0.0,-0.0,0.0,0.0,1.0
S6,R1,PZ052,20,0.0,32.7855451767266,0.0,32.7855451767266,0.0,-0.0,0.0,0.0,1.0
S6,R1,PZ052,21,0.0,16.57424454377032,0.0,16.57424454377032,0.0,-0.0,0.0,0.0,1.0
S6,R1,PZ052,22,2292.922451874753,2.55923932929539,0.0,2295.4816912040483,0.0,-0.0,0.0,0.0,1.0
S6,R1,PZ052,23,2292.922451874753,0.0,0.0,2292.922451874753,0.0,-0.0,0.0,0.0,1.0
S6,R2,PZ001,0,1329.9191429539296,0.0,0.0,1329.9191429539296,0.0,-0.0,0.0,0.0,1.0
S6,R2,PZ001,1,1329.9191429539296,0.0,0.0,1329.9191429539296,0.0,-0.0,0.0,0.0,1.0
S6,R2,PZ001,2,1329.9191429539296,0.0,0.0,1329.9191429539296,0.0,-0.0,0.0,0.0,1.0
S6,R2,PZ001,3,1329.9191429539296,0.0,0.0,1329.9191429539296,0.0,-0.0,0.0,0.0,1.0
S6,R2,PZ001,4,1329.9191429539296,0.0,0.0,1329.9191429539296,0.0,-0.0,0.0,0.0,1.0
S6,R2,PZ001,5,1329.9191429539296,0.0,0.0,1329.9191429539296,0.0,-0.0,0.0,0.0,1.0
S6,R2,PZ001,6,1329.9191429539296,0.0,0.0,0.0,1329.9191429539296,0.0,0.0,0.0,1.0
S6,R2,PZ001,7,1329.9191429539296,0.0,0.0,0.0,1329.9191429539296,0.0,1263.423185806233,0.0,1.0
S6,R2,PZ001,8,1329.9191429539296,0.0,0.0,0.0,1329.9191429539296,0.0,2526.846371612466,0.0,1.0
S6,R2,PZ001,9,1329.9191429539296,0.0,0.0,0.0,1329.9191429539296,0.0,3790.269557418699,0.0,1.0
S6,R2,PZ001,10,1329.9191429539296,0.0,0.0,3489.9191429539296,0.0,2160.0,5053.692743224932,0.0,1.0
S6,R2,PZ001,11,1329.9191429539296,0.4072969727109768,0.0,3490.3264399266404,0.0,2160.0,2780.0085326986164,0.0,1.0
S6,R2,PZ001,12,1329.9191429539296,2.3165132218300775,0.0,1813.2437622394461,0.0,481.00810606368566,506.3243221723005,0.0,1.0
S6,R2,PZ001,13,1329.9191429539296,4.715826297190925,0.0,1334.6349692511205,0.0,-0.0,0.0,0.0,1.0
S6,R2,PZ001,14,1329.9191429539296,6.526052023200271,0.0,1336.4451949771299,0.0,-0.0,0.0,0.0,1.0
S6,R2,PZ001,15,1329.9191429539296,7.6343894614481425,0.0,1337.5535324153777,0.0,-0.0,0.0,0.0,1.0
S6,R2,PZ001,16,0.0,8.3073997420535,0.0,0.0,8.3073997420535,0.0,0.0,0.0,1.0
S6,R2,PZ001,17,0.0,8.342470556811495,0.0,0.0,8.342470556811495,0.0,7.8920297549508245,0.0,1.0
S6,R2,PZ001,18,0.0,7.797003705025849,0.0,22.82351164975151,0.0,15.026507944725658,15.817376783921745,0.0,1.0
S6,R2,PZ001,19,0.0,6.42225952676235,0.0,6.42225952676235,0.0,-0.0,0.0,0.0,1.0
S6,R2,PZ001,20,0.0,4.5958991527258,0.0,4.5958991527258,0.0,-0.0,0.0,0.0,1.0
S6,R2,PZ001,21,0.0,2.3233884336886783,0.0,2.3233884336886783,0.0,-0.0,0.0,0.0,1.0
S6,R2,PZ001,22,1329.9191429539296,0.3587558419946817,0.0,1330.2778987959243,0.0,0.0,-0.0,0.0,1.0
S6,R2,PZ001,23,1329.9191429539296,0.0,0.0,1329.9191429539296,0.0,-0.0,0.0,0.0,1.0
S6,R2,PZ006,0,173.10197534000906,0.0,0.0,173.10197534000906,0.0,-0.0,0.0,0.0,1.0
S6,R2,PZ006,1,173.10197534000906,0.0,0.0,173.10197534000906,0.0,-0.0,0.0,0.0,1.0
S6,R2,PZ006,2,173.10197534000906,0.0,0.0,173.10197534000906,0.0,-0.0,0.0,0.0,1.0
S6,R2,PZ006,3,173.10197534000906,0.0,0.0,173.10197534000906,0.0,0.0,-0.0,0.0,1.0
S6,R2,PZ006,4,173.10197534000906,0.0,0.0,173.10197534000906,0.0,-0.0,0.0,0.0,1.0
S6,R2,PZ006,5,173.10197534000906,0.0,0.0,173.10197534000906,0.0,-0.0,0.0,0.0,1.0
S6,R2,PZ006,6,173.10197534000906,0.0,0.0,0.0,173.10197534000906,0.0,0.0,0.0,1.0
S6,R2,PZ006,7,173.10197534000906,0.0,0.0,0.0,173.10197534000906,0.0,164.4468765730086,0.0,1.0
S6,R2,PZ006,8,173.10197534000906,0.0,0.0,0.0,173.10197534000906,0.0,328.89375314601716,0.0,1.0
S6,R2,PZ006,9,173.10197534000906,0.0,0.0,0.0,173.10197534000906,0.0,493.34062971902574,0.0,1.0
S6,R2,PZ006,10,173.10197534000906,0.0,0.0,510.60197534000906,0.0,337.5,657.7875062920343,0.0,1.0
S6,R2,PZ006,11,173.10197534000906,2.141979426631624,0.0,462.6420857440734,0.0,287.3981309774327,302.5243483972975,0.0,1.0
S6,R2,PZ006,12,173.10197534000906,12.182569464372646,0.0,185.2845448043817,0.0,-0.0,0.0,0.0,1.0
S6,R2,PZ006,13,173.10197534000906,24.800584303186795,0.0,197.90255964319584,0.0,-0.0,0.0,0.0,1.0
S6,R2,PZ006,14,173.10197534000906,34.32058205043942,0.0,207.42255739044847,0.0,-0.0,0.0,0.0,1.0
S6,R2,PZ006,15,173.10197534000906,40.14934128400531,0.0,213.25131662401438,0.0,-0.0,0.0,0.0,1.0
S6,R2,PZ006,16,0.0,43.688710028568046,0.0,0.0,43.688710028568046,0.0,0.0,0.0,1.0
S6,R2,PZ006,17,0.0,43.87314784352853,0.0,0.0,43.87314784352852,0.0,41.50427452713964,0.0,1.0
S6,R2,PZ006,18,0.0,41.00453144636353,0.0,120.0291081759307,0.0,79.02457672956717,83.18376497849174,0.0,1.0
S6,R2,PZ006,19,0.0,33.77473612742903,0.0,33.77473612742903,0.0,-0.0,0.0,0.0,1.0
S6,R2,PZ006,20,0.0,24.16988608210951,0.0,24.16988608210951,0.0,-0.0,0.0,0.0,1.0
S6,R2,PZ006,21,0.0,12.218726281981274,0.0,12.218726281981274,0.0,-0.0,0.0,0.0,1.0
S6,R2,PZ006,22,173.10197534000906,1.8867010663538966,0.0,174.98867640636297,0.0,-0.0,0.0,0.0,1.0
S6,R2,PZ006,23,173.10197534000906,0.0,0.0,173.10197534000906,0.0,-0.0,0.0,0.0,1.0
S6,R2,PZ039,0,1530.3200147744074,0.0,0.0,1530.3200147744074,0.0,-0.0,0.0,0.0,1.0
S6,R2,PZ039,1,1530.3200147744074,0.0,0.0,1530.3200147744074,0.0,-0.0,0.0,0.0,1.0
S6,R2,PZ039,2,1530.3200147744074,0.0,0.0,1530.3200147744074,0.0,-0.0,0.0,0.0,1.0
S6,R2,PZ039,3,1530.3200147744074,0.0,0.0,1530.3200147744074,0.0,-0.0,0.0,0.0,1.0
S6,R2,PZ039,4,1530.3200147744074,0.0,0.0,1530.3200147744074,0.0,-0.0,0.0,0.0,1.0
S6,R2,PZ039,5,1530.3200147744074,0.0,0.0,1530.3200147744074,0.0,-0.0,0.0,0.0,1.0
S6,R2,PZ039,6,1530.3200147744074,0.0,0.0,0.0,1530.3200147744074,0.0,0.0,0.0,1.0
S6,R2,PZ039,7,1530.3200147744074,0.0,0.0,0.0,1530.3200147744074,0.0,1453.8040140356861,0.0,1.0
S6,R2,PZ039,8,1530.3200147744074,0.0,0.0,0.0,1530.3200147744074,0.0,2907.608028071373,0.0,1.0
S6,R2,PZ039,9,1530.3200147744074,0.0,0.0,4365.320014774407,0.0,2835.0,4361.41204210706,0.0,1.0
S6,R2,PZ039,10,1530.3200147744074,0.0,0.0,2838.661454776115,0.0,1308.3414400017077,1377.201515791271,0.0,1.0
S6,R2,PZ039,11,1530.3200147744074,4.462716823481356,0.0,1534.7827315978886,0.0,-0.0,0.0,0.0,1.0
S6,R2,PZ039,12,1530.3200147744074,25.381830014764247,0.0,1555.7018447891717,0.0,0.0,-0.0,0.0,1.0
S6,R2,PZ039,13,1530.3200147744074,51.67089068453209,0.0,1581.9909054589396,0.0,-0.0,0.0,0.0,1.0
S6,R2,PZ039,14,1530.3200147744074,71.50537348952285,0.0,1601.82538826393,0.0,-0.0,0.0,0.0,1.0
S6,R2,PZ039,15,1530.3200147744074,83.64932854728089,0.0,1613.9693433216883,0.0,-0.0,0.0,0.0,1.0
S6,R2,PZ039,16,0.0,91.02344253011358,0.0,0.0,91.02344253011358,0.0,0.0,0.0,1.0
S6,R2,PZ039,17,0.0,91.40771033842053,0.0,0.0,91.40771033842054,0.0,86.47227040360791,0.0,1.0
S6,R2,PZ039,18,0.0,85.43107839855439,0.0,250.07519386240645,0.0,164.64411546385205,173.30959522510742,0.0,1.0
S6,R2,PZ039,19,0.0,70.36812830716465,0.0,70.36812830716465,0.0,-0.0,0.0,0.0,1.0
S6,R2,PZ039,20,0.0,50.356859594061945,0.0,50.356859594061945,0.0,-0.0,0.0,0.0,1.0
S6,R2,PZ039,21,0.0,25.457161101617547,0.0,25.457161101617547,0.0,-0.0,0.0,0.0,1.0
S6,R2,PZ039,22,1530.3200147744074,3.93085595735079,0.0,1534.2508707317581,0.0,-0.0,0.0,0.0,1.0
S6,R2,PZ039,23,1530.3200147744074,0.0,0.0,1530.3200147744074,0.0,-0.0,0.0,0.0,1.0
S6,R2,PZ040,0,1606.0990961223997,0.0,0.0,1606.0990961223997,0.0,-0.0,0.0,0.0,1.0
S6,R2,PZ040,1,1606.0990961223995,0.0,0.0,1606.0990961223995,0.0,-0.0,0.0,0.0,1.0
S6,R2,PZ040,2,1606.0990961223995,0.0,0.0,1606.0990961223995,0.0,-0.0,0.0,0.0,1.0
S6,R2,PZ040,3,1606.0990961223995,0.0,0.0,1606.0990961223995,0.0,-0.0,0.0,0.0,1.0
S6,R2,PZ040,4,1606.0990961223995,0.0,0.0,1606.0990961223995,0.0,-0.0,0.0,0.0,1.0
S6,R2,PZ040,5,1606.0990961223995,0.0,0.0,1606.0990961223995,0.0,-0.0,0.0,0.0,1.0
S6,R2,PZ040,6,1606.0990961223995,0.0,0.0,0.0,1606.0990961223995,0.0,0.0,0.0,1.0
S6,R2,PZ040,7,1606.0990961223995,0.0,0.0,0.0,1606.0990961223995,0.0,1525.7941413162794,0.0,1.0
S6,R2,PZ040,8,1606.0990961223995,0.0,0.0,0.0,1606.0990961223995,0.0,3051.588282632559,0.0,1.0
S6,R2,PZ040,9,1606.0990961223995,0.0,0.0,0.0,1606.0990961223995,0.0,4577.382423948839,0.0,1.0
S6,R2,PZ040,10,1606.0990961223995,0.0,0.0,4576.0990961224,0.0,2970.0,6103.176565265118,0.0,1.0
S6,R2,PZ040,11,1606.0990961223995,4.7131370853662595,0.0,4438.829970209628,0.0,2828.0177370018623,2976.860775791434,0.0,1.0
S6,R2,PZ040,12,1606.0990961223995,26.806102441365795,0.0,1632.9051985637652,0.0,-0.0,0.0,0.0,1.0
S6,R2,PZ040,13,1606.0990961223995,54.57034375064725,0.0,1660.6694398730467,0.0,-0.0,0.0,0.0,1.0
S6,R2,PZ040,14,1606.0990961223995,75.51781592396244,0.0,1681.616912046362,0.0,-0.0,0.0,0.0,1.0
S6,R2,PZ040,15,1606.0990961223995,88.3432151616158,0.0,1694.4423112840152,0.0,-0.0,0.0,0.0,1.0
S6,R2,PZ040,16,0.0,96.13111913556641,0.0,0.0,96.13111913556641,0.0,0.0,0.0,1.0
S6,R2,PZ040,17,0.0,96.53694969342622,0.0,0.0,96.53694969342625,0.0,91.32456317878808,0.0,1.0
S6,R2,PZ040,18,0.0,90.22494587253551,0.0,264.1078779907014,0.0,173.88293211816588,183.03466538754301,0.0,1.0
S6,R2,PZ040,19,0.0,74.3167555259726,0.0,74.3167555259726,0.0,-0.0,0.0,0.0,1.0
S6,R2,PZ040,20,0.0,53.18257730505239,0.0,53.18257730505239,0.0,-0.0,0.0,0.0,1.0
S6,R2,PZ040,21,0.0,26.8856606461932,0.0,26.8856606461932,0.0,0.0,-0.0,0.0,1.0
S6,R2,PZ040,22,1606.0990961223995,4.151431453670028,0.0,1610.2505275760695,0.0,0.0,-0.0,0.0,1.0
S6,R2,PZ040,23,1606.0990961223995,0.0,0.0,1606.0990961223995,0.0,-0.0,0.0,0.0,1.0
S6,R2,PZ041,0,1800.4871052503536,0.0,0.0,1800.4871052503536,0.0,-0.0,0.0,0.0,1.0
S6,R2,PZ041,1,1800.4871052503536,0.0,0.0,1800.4871052503536,0.0,-0.0,0.0,0.0,1.0
S6,R2,PZ041,2,1800.4871052503536,0.0,0.0,1800.4871052503536,0.0,-0.0,0.0,0.0,1.0
S6,R2,PZ041,3,1800.4871052503527,0.0,0.0,1800.4871052503527,0.0,-0.0,0.0,0.0,1.0
S6,R2,PZ041,4,1800.4871052503531,0.0,0.0,1800.4871052503531,0.0,-0.0,0.0,0.0,1.0
S6,R2,PZ041,5,1800.4871052503522,0.0,0.0,1800.4871052503522,0.0,-0.0,0.0,0.0,1.0
S6,R2,PZ041,6,1800.4871052503522,0.0,0.0,0.0,1800.4871052503522,0.0,0.0,0.0,1.0
S6,R2,PZ041,7,1800.4871052503531,0.0,0.0,0.0,1800.4871052503531,0.0,1710.4627499878345,0.0,1.0
S6,R2,PZ041,8,1800.487105250353,0.0,0.0,0.0,1800.487105250353,0.0,3420.92549997567,0.0,1.0
S6,R2,PZ041,9,1800.4871052503524,0.0,0.0,0.0,1800.4871052503524,0.0,5131.388249963504,0.0,1.0
S6,R2,PZ041,10,1800.4871052503536,0.0,0.0,4905.487105250353,0.0,3105.0,6841.850999951339,0.0,1.0
S6,R2,PZ041,11,1800.4871052503527,0.7374968330717517,0.0,4906.2246020834245,0.0,3105.0,3573.429947319761,0.0,1.0
S6,R2,PZ041,12,1800.4871052503536,4.194534404459814,0.0,2094.440089608582,0.0,289.7584499537687,305.0088946881822,0.0,1.0
S6,R2,PZ041,13,1800.4871052503538,8.538995358462339,0.0,1809.0261006088163,0.0,0.0,4.595335441281942e-12,0.0,1.0
S6,R2,PZ041,14,1800.4871052503534,11.816789767762463,0.0,1812.3038950181158,0.0,0.0,4.595335441281942e-12,0.0,1.0
S6,R2,PZ041,15,1800.4871052503552,13.823667808721284,0.0,1814.3107730590764,0.0,0.0,4.595335441281942e-12,0.0,1.0
S6,R2,PZ041,16,1800.4871052503527,15.042294471393275,0.0,1815.529399721746,0.0,0.0,4.595335441281942e-12,0.0,1.0
S6,R2,PZ041,17,0.0,15.105797557716532,0.0,15.105797557716532,0.0,0.0,4.595335441281942e-12,0.0,1.0
S6,R2,PZ041,18,0.0,14.118115098257165,0.0,14.118115098257165,0.0,0.0,4.595335441281942e-12,0.0,1.0
S6,R2,PZ041,19,0.0,11.628851622997768,0.0,11.62885162298779,0.0,0.0,4.595335441281942e-12,0.0,1.0
S6,R2,PZ041,20,0.0,8.321842039954541,0.0,8.321842039956714,0.0,0.0,1.5099089072975824e-11,0.0,1.0
S6,R2,PZ041,21,0.0,4.206983421545963,0.0,4.206983421562354,0.0,0.0,1.5099089072975824e-11,0.0,1.0
S6,R2,PZ041,22,1800.4871052503536,0.6496029065868305,0.0,1801.1367081569404,0.0,-0.0,0.0,0.0,1.0
S6,R2,PZ041,23,1800.4871052503536,0.0,0.0,1800.4871052503536,0.0,-0.0,0.0,0.0,1.0
S6,R2,PZ047,0,1986.8540601930722,0.0,0.0,1986.8540601930722,0.0,-0.0,0.0,0.0,1.0
S6,R2,PZ047,1,1986.8540601930722,0.0,0.0,1986.8540601930722,0.0,-0.0,0.0,0.0,1.0
S6,R2,PZ047,2,1986.8540601930722,0.0,0.0,1986.8540601930722,0.0,-0.0,0.0,0.0,1.0
S6,R2,PZ047,3,1986.8540601930722,0.0,0.0,1986.8540601930722,0.0,-0.0,0.0,0.0,1.0
S6,R2,PZ047,4,1986.8540601930722,0.0,0.0,1986.8540601930722,0.0,-0.0,0.0,0.0,1.0
S6,R2,PZ047,5,1986.8540601930722,0.0,0.0,1986.8540601930722,0.0,-0.0,0.0,0.0,1.0
S6,R2,PZ047,6,1986.8540601930722,0.0,0.0,0.0,1986.8540601930722,0.0,0.0,0.0,1.0
S6,R2,PZ047,7,1986.8540601930722,0.0,0.0,0.0,1986.8540601930722,0.0,1887.5113571834186,0.0,1.0
S6,R2,PZ047,8,1986.8540601930722,0.0,0.0,0.0,1986.8540601930722,0.0,3775.022714366836,0.0,1.0
S6,R2,PZ047,9,1986.8540601930713,0.0,0.0,0.0,1986.8540601930713,0.0,5662.534071550255,0.0,1.0
S6,R2,PZ047,10,1986.854060193072,0.0,0.0,5969.354060193072,0.0,3982.5,7550.045428733672,0.0,1.0
S6,R2,PZ047,11,1986.8540601930729,0.0,0.0,5176.897217490051,0.0,3190.043157296978,3357.940165575779,0.0,1.0
S6,R2,PZ047,12,1986.8540601930722,0.0,0.0,1986.8540601930722,0.0,0.0,1.0803312568727914e-11,0.0,1.0
S6,R2,PZ047,13,1986.854060193072,0.0,0.0,1986.854060193072,0.0,0.0,9.399400471228741e-12,0.0,1.0
S6,R2,PZ047,14,1986.8540601930722,0.0,0.0,1986.8540601930722,0.0,0.0,9.399400471228741e-12,0.0,1.0
S6,R2,PZ047,15,1986.8540601930763,0.0,0.0,1986.8540601930763,0.0,0.0,9.399400471228741e-12,0.0,1.0
S6,R2,PZ047,16,0.0,0.0,0.0,0.0,0.0,0.0,9.399400471228741e-12,0.0,1.0
S6,R2,PZ047,17,0.0,0.0,0.0,0.0,0.0,0.0,9.399400471228741e-12,0.0,1.0
S6,R2,PZ047,18,0.0,0.0,0.0,0.0,0.0,1.2318421001281857e-12,9.399400471228741e-12,0.0,1.0
S6,R2,PZ047,19,0.0,0.0,0.0,0.0,0.0,-0.0,8.102724576356967e-12,0.0,1.0
S6,R2,PZ047,20,0.0,0.0,0.0,0.0,0.0,-0.0,8.102724576356967e-12,0.0,1.0
S6,R2,PZ047,21,0.0,0.0,0.0,0.0,0.0,7.697588347539119e-12,8.102724576356967e-12,0.0,1.0
S6,R2,PZ047,22,1986.8540601930717,0.0,0.0,1986.8540601930717,0.0,-0.0,0.0,0.0,1.0
S6,R2,PZ047,23,1986.8540601930733,0.0,0.0,1986.8540601930733,0.0,-0.0,0.0,0.0,1.0
S6,R2,PZ048,0,2363.9409426462244,0.0,0.0,2363.9409426462244,0.0,-0.0,0.0,0.0,1.0
S6,R2,PZ048,1,2363.9409426462244,0.0,0.0,2363.9409426462244,0.0,-0.0,0.0,0.0,1.0
S6,R2,PZ048,2,2363.9409426462244,0.0,0.0,2363.9409426462244,0.0,-0.0,0.0,0.0,1.0
S6,R2,PZ048,3,2363.9409426462244,0.0,0.0,2363.9409426462244,0.0,-0.0,0.0,0.0,1.0
S6,R2,PZ048,4,2363.9409426462244,0.0,0.0,2363.9409426462244,0.0,-0.0,0.0,0.0,1.0
S6,R2,PZ048,5,2363.9409426462244,0.0,0.0,2363.9409426462244,0.0,-0.0,0.0,0.0,1.0
S6,R2,PZ048,6,2363.9409426462244,0.0,0.0,0.0,2363.9409426462244,0.0,0.0,0.0,1.0
S6,R2,PZ048,7,2363.9409426462244,0.0,0.0,0.0,2363.9409426462244,0.0,2245.7438955139132,0.0,1.0
S6,R2,PZ048,8,2363.9409426462244,0.0,0.0,0.0,2363.9409426462244,0.0,4491.487791027825,0.0,1.0
S6,R2,PZ048,9,2363.9409426462244,0.0,0.0,0.0,2363.9409426462244,0.0,6737.231686541738,0.0,1.0
S6,R2,PZ048,10,2363.9409426462244,0.0,0.0,7291.440942646226,0.0,4927.5,8982.975582055651,0.0,1.0
S6,R2,PZ048,11,2363.940942646224,0.0,0.0,5970.267745599092,0.0,3606.326802952868,3796.133476792492,0.0,1.0
S6,R2,PZ048,12,2363.940942646224,0.0,0.0,2363.9409426462144,0.0,-9.690352693403966e-12,0.0,0.0,1.0
S6,R2,PZ048,13,2363.9409426462244,0.0,0.0,2363.9409426462244,0.0,0.0,1.0468396353662868e-11,0.0,1.0
S6,R2,PZ048,14,2363.9409426462244,0.0,0.0,2363.9409426462244,0.0,0.0,1.0468396353662868e-11,0.0,1.0
S6,R2,PZ048,15,2363.9409426462285,0.0,0.0,2363.9409426462285,0.0,0.0,1.0468396353662868e-11,0.0,1.0
S6,R2,PZ048,16,0.0,0.0,0.0,0.0,0.0,0.0,1.0468396353662868e-11,0.0,1.0
S6,R2,PZ048,17,0.0,0.0,0.0,0.0,0.0,0.0,1.0468396353662868e-11,0.0,1.0
S6,R2,PZ048,18,0.0,0.0,0.0,0.0,0.0,9.944976535979725e-12,1.0468396353662868e-11,0.0,1.0
S6,R2,PZ048,19,0.0,0.0,0.0,-0.0,0.0,-0.0,0.0,0.0,1.0
S6,R2,PZ048,20,0.0,0.0,0.0,-0.0,0.0,-0.0,0.0,0.0,1.0
S6,R2,PZ048,21,0.0,0.0,0.0,-0.0,0.0,-0.0,0.0,0.0,1.0
S6,R2,PZ048,22,2363.940942646224,0.0,0.0,2363.940942646224,0.0,-0.0,0.0,0.0,1.0
S6,R2,PZ048,23,2363.9409426462225,0.0,0.0,2363.9409426462225,0.0,-0.0,0.0,0.0,1.0
S6,R2,PZ049,0,2161.6411130039746,0.0,0.0,2161.6411130039746,0.0,-0.0,0.0,0.0,1.0
S6,R2,PZ049,1,2161.6411130039746,0.0,0.0,2161.6411130039746,0.0,-0.0,0.0,0.0,1.0
S6,R2,PZ049,2,2161.6411130039746,0.0,0.0,2161.6411130039746,0.0,-0.0,0.0,0.0,1.0
S6,R2,PZ049,3,2161.6411130039746,0.0,0.0,2161.6411130039746,0.0,-0.0,0.0,0.0,1.0
S6,R2,PZ049,4,2161.6411130039746,0.0,0.0,2161.6411130039746,0.0,-0.0,0.0,0.0,1.0
S6,R2,PZ049,5,2161.6411130039746,0.0,0.0,2161.6411130039746,0.0,-0.0,0.0,0.0,1.0
S6,R2,PZ049,6,2161.6411130039764,0.0,0.0,0.0,2161.6411130039764,0.0,0.0,0.0,1.0
S6,R2,PZ049,7,2161.6411130039746,0.0,0.0,0.0,2161.6411130039746,0.0,2053.5590573537775,0.0,1.0
S6,R2,PZ049,8,2161.6411130039746,0.0,0.0,0.0,2161.6411130039746,0.0,4107.118114707553,0.0,1.0
S6,R2,PZ049,9,2161.6411130039746,0.0,0.0,0.0,2161.6411130039746,0.0,6160.677172061329,0.0,1.0
S6,R2,PZ049,10,2161.6411130039746,0.0,0.0,6684.141113003982,0.0,4522.5,8214.236229415104,0.0,1.0
S6,R2,PZ049,11,2161.6411130039746,0.0,0.0,5442.665530948324,0.0,3281.024417944349,3453.709913625631,0.0,1.0
S6,R2,PZ049,12,2161.6411130039746,0.0,0.0,2161.6411130039746,0.0,-0.0,0.0,0.0,1.0
S6,R2,PZ049,13,2161.6411130039746,0.0,0.0,2161.6411130039746,0.0,-0.0,0.0,0.0,1.0
S6,R2,PZ049,14,2161.6411130039746,0.0,0.0,2161.6411130039746,0.0,-0.0,0.0,0.0,1.0
S6,R2,PZ049,15,2161.6411130039746,0.0,0.0,2161.6411130039746,0.0,-0.0,0.0,0.0,1.0
S6,R2,PZ049,16,0.0,0.0,0.0,0.0,0.0,0.0,0.0,0.0,1.0
S6,R2,PZ049,17,0.0,0.0,0.0,0.0,0.0,0.0,0.0,0.0,1.0
S6,R2,PZ049,18,0.0,0.0,0.0,-0.0,0.0,-0.0,-0.0,0.0,1.0
S6,R2,PZ049,19,0.0,0.0,0.0,-0.0,0.0,0.0,-0.0,0.0,1.0
S6,R2,PZ049,20,0.0,0.0,0.0,-0.0,0.0,0.0,-0.0,0.0,1.0
S6,R2,PZ049,21,0.0,0.0,0.0,0.0,0.0,-0.0,-0.0,0.0,1.0
S6,R2,PZ049,22,2161.6411130039746,0.0,0.0,2161.6411130039746,0.0,-0.0,0.0,0.0,1.0
S6,R2,PZ049,23,2161.6411130039746,0.0,0.0,2161.6411130039746,0.0,-0.0,0.0,0.0,1.0
S6,R2,PZ050,0,2562.571489542625,0.0,0.0,2562.571489542625,0.0,-0.0,0.0,0.0,1.0
S6,R2,PZ050,1,2562.5714895426245,0.0,0.0,2562.5714895426245,0.0,-0.0,0.0,0.0,1.0
S6,R2,PZ050,2,2562.5714895426245,0.0,0.0,2562.5714895426245,0.0,0.0,-0.0,0.0,1.0
S6,R2,PZ050,3,2562.5714895426245,0.0,0.0,2562.5714895426245,0.0,0.0,-0.0,0.0,1.0
S6,R2,PZ050,4,2562.5714895426245,0.0,0.0,2562.5714895426245,0.0,0.0,-0.0,0.0,1.0
S6,R2,PZ050,5,2562.5714895426245,0.0,0.0,2562.5714895426245,0.0,-0.0,0.0,0.0,1.0
S6,R2,PZ050,6,2562.5714895426245,0.0,0.0,0.0,2562.5714895426245,0.0,0.0,0.0,1.0
S6,R2,PZ050,7,2562.5714895426245,0.0,0.0,0.0,2562.5714895426245,0.0,2434.4429150654933,0.0,1.0
S6,R2,PZ050,8,2562.5714895426245,0.0,0.0,0.0,2562.5714895426245,0.0,4868.885830130985,0.0,1.0
S6,R2,PZ050,9,2562.5714895426245,0.0,0.0,0.0,2562.5714895426245,0.0,7303.328745196478,0.0,1.0
S6,R2,PZ050,10,2562.5714895426245,0.0,0.0,7895.0714895426245,0.0,5332.5,9737.771660261971,0.0,1.0
S6,R2,PZ050,11,2562.5714895426245,10.704606536131399,0.0,6491.659173327632,0.0,3918.383077248874,4124.61376552513,0.0,1.0
S6,R2,PZ050,12,2562.5714895426245,60.88275689943215,0.0,2623.4542464420565,0.0,-0.0,0.0,0.0,1.0
S6,R2,PZ050,13,2562.5714895426245,123.94166513973165,0.0,2686.5131546823563,0.0,-0.0,0.0,0.0,1.0
S6,R2,PZ050,14,2562.5714895426245,171.51813989114984,0.0,2734.0896294337745,0.0,-0.0,0.0,0.0,1.0
S6,R2,PZ050,15,2562.5714895426245,200.64753927445037,0.0,2763.219028817075,0.0,-0.0,0.0,0.0,1.0
S6,R2,PZ050,16,0.0,218.33564090874367,0.0,0.0,218.33564090874367,0.0,0.0,0.0,1.0
S6,R2,PZ050,17,0.0,219.25737443007844,0.0,0.0,219.2573744300784,0.0,207.41885886330647,0.0,1.0
S6,R2,PZ050,18,0.0,204.92137780333437,0.0,599.8490741466213,0.0,394.9276963432869,415.71336457188096,0.0,1.0
S6,R2,PZ050,19,0.0,168.7902584920431,0.0,168.7902584920431,0.0,-0.0,0.0,0.0,1.0
S6,R2,PZ050,20,0.0,120.78973183181598,0.0,120.78973183181598,0.0,-0.0,0.0,0.0,1.0
S6,R2,PZ050,21,0.0,61.06345168169142,0.0,61.06345168169142,0.0,-0.0,0.0,0.0,1.0
S6,R2,PZ050,22,2562.5714895426245,9.428845261309487,0.0,2572.000334803934,0.0,-0.0,0.0,0.0,1.0
S6,R2,PZ050,23,2562.5714895426245,0.0,0.0,2562.5714895426245,0.0,-0.0,0.0,0.0,1.0
S6,R2,PZ052,0,2278.7951734254993,0.0,0.0,2278.7951734254993,0.0,-0.0,0.0,0.0,1.0
S6,R2,PZ052,1,2278.7951734254993,0.0,0.0,2278.7951734254993,0.0,-0.0,0.0,0.0,1.0
S6,R2,PZ052,2,2278.7951734254993,0.0,0.0,2278.7951734254993,0.0,-0.0,0.0,0.0,1.0
S6,R2,PZ052,3,2278.7951734254993,0.0,0.0,2278.7951734254993,0.0,-0.0,0.0,0.0,1.0
S6,R2,PZ052,4,2278.7951734254993,0.0,0.0,2278.7951734254993,0.0,-0.0,0.0,0.0,1.0
S6,R2,PZ052,5,2278.7951734254993,0.0,0.0,2278.7951734254993,0.0,-0.0,0.0,0.0,1.0
S6,R2,PZ052,6,2278.7951734254993,0.0,0.0,0.0,2278.7951734254993,0.0,0.0,0.0,1.0
S6,R2,PZ052,7,2278.7951734254993,0.0,0.0,0.0,2278.7951734254993,0.0,2164.855414754224,0.0,1.0
S6,R2,PZ052,8,2278.7951734254993,0.0,0.0,0.0,2278.7951734254993,0.0,4329.710829508451,0.0,1.0
S6,R2,PZ052,9,2278.7951734254993,0.0,0.0,0.0,2278.7951734254993,0.0,6494.566244262674,0.0,1.0
S6,R2,PZ052,10,2278.7951734254993,0.0,0.0,7543.795173425499,0.0,5265.0,8659.421659016898,0.0,1.0
S6,R2,PZ052,11,2278.7951734254993,4.648823781519178,0.0,5244.894573273072,0.0,2961.450576066053,3117.316395859004,0.0,1.0
S6,R2,PZ052,12,2278.7951734254993,26.440318679925817,0.0,2305.2354921054252,0.0,-0.0,0.0,0.0,1.0
S6,R2,PZ052,13,2278.7951734254993,53.82570190486434,0.0,2332.6208753303636,0.0,-0.0,0.0,0.0,1.0
S6,R2,PZ052,14,2278.7951734254993,74.48733449441407,0.0,2353.2825079199133,0.0,-0.0,0.0,0.0,1.0
S6,R2,PZ052,15,2278.7951734254993,87.13772422498299,0.0,2365.932897650482,0.0,-0.0,0.0,0.0,1.0
S6,R2,PZ052,16,0.0,94.81935803841488,0.0,0.0,94.81935803841488,0.0,0.0,0.0,1.0
S6,R2,PZ052,17,0.0,95.21965081888666,0.0,0.0,95.21965081888669,0.0,90.07839013649412,0.0,1.0
S6,R2,PZ052,18,0.0,88.99377770293074,0.0,260.5039831966454,0.0,171.51020549371466,180.53705841443647,0.0,1.0
S6,R2,PZ052,19,0.0,73.30266321494878,0.0,73.30266321494878,0.0,-0.0,0.0,0.0,1.0
S6,R2,PZ052,20,0.0,52.45687228276257,0.0,52.45687228276257,0.0,-0.0,0.0,0.0,1.0
S6,R2,PZ052,21,0.0,26.518791270032516,0.0,26.518791270032516,0.0,-0.0,0.0,0.0,1.0
S6,R2,PZ052,22,2278.7951734254993,4.094782926872624,0.0,2282.889956352372,0.0,-0.0,0.0,0.0,1.0
S6,R2,PZ052,23,2278.7951734254993,0.0,0.0,2278.7951734254993,0.0,-0.0,0.0,0.0,1.0
S6,R3,PZ001,0,1328.6814109994723,0.0,0.0,1328.6814109994723,0.0,-0.0,0.0,0.0,1.0
S6,R3,PZ001,1,1328.6814109994723,0.0,0.0,1328.6814109994723,0.0,-0.0,0.0,0.0,1.0
S6,R3,PZ001,2,1328.6814109994723,0.0,0.0,1328.6814109994723,0.0,-0.0,0.0,0.0,1.0
S6,R3,PZ001,3,1328.6814109994723,0.0,0.0,1328.6814109994723,0.0,-0.0,0.0,0.0,1.0
S6,R3,PZ001,4,1328.6814109994723,0.0,0.0,1328.6814109994723,0.0,-0.0,0.0,0.0,1.0
S6,R3,PZ001,5,1328.6814109994723,0.0,0.0,1328.6814109994723,0.0,-0.0,0.0,0.0,1.0
S6,R3,PZ001,6,1328.6814109994723,0.0,0.0,0.0,1328.6814109994723,0.0,0.0,0.0,1.0
S6,R3,PZ001,7,1328.6814109994723,0.0,0.0,0.0,1328.6814109994723,0.0,1262.2473404494986,0.0,1.0
S6,R3,PZ001,8,1328.6814109994723,0.0,0.0,0.0,1328.6814109994723,0.0,2524.494680898997,0.0,1.0
S6,R3,PZ001,9,1328.6814109994723,0.0,0.0,0.0,1328.6814109994723,0.0,3786.7420213484957,0.0,1.0
S6,R3,PZ001,10,1328.6814109994723,0.0,0.0,3488.681410999472,0.0,2160.0,5048.989361797994,0.0,1.0
S6,R3,PZ001,11,1328.6814109994723,0.5600333374775931,0.0,3489.24144433695,0.0,2160.0,2775.3051512716784,0.0,1.0
S6,R3,PZ001,12,1328.6814109994723,3.1852056800163564,0.0,1808.406510387584,0.0,476.5398937080947,501.62094074536253,0.0,1.0
S6,R3,PZ001,13,1328.6814109994723,6.484261158637523,0.0,1335.1656721581098,0.0,-0.0,0.0,0.0,1.0
S6,R3,PZ001,14,1328.6814109994723,8.973321531900373,0.0,1337.6547325313727,0.0,-0.0,0.0,0.0,1.0
S6,R3,PZ001,15,1328.6814109994723,10.497285509491196,0.0,1339.1786965089634,0.0,-0.0,0.0,0.0,1.0
S6,R3,PZ001,16,0.0,11.422674645323564,0.0,0.0,11.422674645323564,0.0,0.0,0.0,1.0
S6,R3,PZ001,17,0.0,11.470897015615806,0.0,0.0,11.470897015615806,0.0,10.851540913057386,0.0,1.0
S6,R3,PZ001,18,0.0,10.720880094410544,0.0,31.382328518408325,0.0,20.661448423997783,21.7488930778924,0.0,1.0
S6,R3,PZ001,19,0.0,8.830606849298231,0.0,8.830606849298231,0.0,-0.0,0.0,0.0,1.0
S6,R3,PZ001,20,0.0,6.319361334997976,0.0,6.319361334997976,0.0,-0.0,0.0,0.0,1.0
S6,R3,PZ001,21,0.0,3.194659096321933,0.0,3.194659096321933,0.0,-0.0,0.0,0.0,1.0
S6,R3,PZ001,22,1328.6814109994723,0.49328928274268735,0.0,1329.1747002822149,0.0,0.0,-0.0,0.0,1.0
S6,R3,PZ001,23,1328.6814109994723,0.0,0.0,1328.6814109994723,0.0,-0.0,0.0,0.0,1.0
S6,R3,PZ006,0,166.5927288693438,0.0,0.0,166.5927288693438,0.0,-0.0,0.0,0.0,1.0
S6,R3,PZ006,1,166.5927288693438,0.0,0.0,166.5927288693438,0.0,-0.0,0.0,0.0,1.0
S6,R3,PZ006,2,166.5927288693438,0.0,0.0,166.5927288693438,0.0,-0.0,0.0,0.0,1.0
S6,R3,PZ006,3,166.5927288693438,0.0,0.0,166.5927288693438,0.0,0.0,-0.0,0.0,1.0
S6,R3,PZ006,4,166.5927288693438,0.0,0.0,166.5927288693438,0.0,-0.0,0.0,0.0,1.0
S6,R3,PZ006,5,166.5927288693438,0.0,0.0,166.5927288693438,0.0,-0.0,0.0,0.0,1.0
S6,R3,PZ006,6,166.5927288693438,0.0,0.0,0.0,166.5927288693438,0.0,0.0,0.0,1.0
S6,R3,PZ006,7,166.5927288693438,0.0,0.0,0.0,166.5927288693438,0.0,158.2630924258766,0.0,1.0
S6,R3,PZ006,8,166.5927288693438,0.0,0.0,0.0,166.5927288693438,0.0,316.5261848517532,0.0,1.0
S6,R3,PZ006,9,166.5927288693438,0.0,0.0,0.0,166.5927288693438,0.0,474.7892772776298,0.0,1.0
S6,R3,PZ006,10,166.5927288693438,0.0,0.0,504.0927288693438,0.0,337.5,633.0523697035064,0.0,1.0
S6,R3,PZ006,11,166.5927288693438,2.945221711618483,0.0,433.4377017992935,0.0,263.8997512183311,277.7892118087696,0.0,1.0
S6,R3,PZ006,12,166.5927288693438,16.751033013512387,0.0,183.3437618828562,0.0,-0.0,0.0,0.0,1.0
S6,R3,PZ006,13,166.5927288693438,34.100803416881845,0.0,200.69353228622566,0.0,-0.0,0.0,0.0,1.0
S6,R3,PZ006,14,166.5927288693438,47.1908003193542,0.0,213.783529188698,0.0,-0.0,0.0,0.0,1.0
S6,R3,PZ006,15,166.5927288693438,55.2053442655073,0.0,221.7980731348511,0.0,-0.0,0.0,0.0,1.0
S6,R3,PZ006,16,0.0,60.07197628928106,0.0,0.0,60.07197628928106,0.0,0.0,0.0,1.0
S6,R3,PZ006,17,0.0,60.32557828485173,0.0,0.0,60.32557828485174,0.0,57.068377474817005,0.0,1.0
S6,R3,PZ006,18,0.0,56.381230738749856,0.0,165.04002374190472,0.0,108.65879300315486,114.37767684542615,0.0,1.0
S6,R3,PZ006,19,0.0,46.44026217521491,0.0,46.44026217521491,0.0,-0.0,0.0,0.0,1.0
S6,R3,PZ006,20,0.0,33.23359336290058,0.0,33.23359336290058,0.0,-0.0,0.0,0.0,1.0
S6,R3,PZ006,21,0.0,16.80074863772425,0.0,16.80074863772425,0.0,-0.0,0.0,0.0,1.0
S6,R3,PZ006,22,166.5927288693438,2.5942139662366075,0.0,169.1869428355804,0.0,-0.0,0.0,0.0,1.0
S6,R3,PZ006,23,166.5927288693438,0.0,0.0,166.5927288693438,0.0,-0.0,0.0,0.0,1.0
S6,R3,PZ039,0,1516.832968218241,0.0,0.0,1516.832968218241,0.0,-0.0,0.0,0.0,1.0
S6,R3,PZ039,1,1516.8329682182407,0.0,0.0,1516.8329682182407,0.0,-0.0,0.0,0.0,1.0
S6,R3,PZ039,2,1516.8329682182407,0.0,0.0,1516.8329682182407,0.0,-0.0,0.0,0.0,1.0
S6,R3,PZ039,3,1516.8329682182407,0.0,0.0,1516.8329682182407,0.0,-0.0,0.0,0.0,1.0
S6,R3,PZ039,4,1516.8329682182407,0.0,0.0,1516.8329682182407,0.0,-0.0,0.0,0.0,1.0
S6,R3,PZ039,5,1516.8329682182407,0.0,0.0,1516.8329682182407,0.0,-0.0,0.0,0.0,1.0
S6,R3,PZ039,6,1516.8329682182407,0.0,0.0,0.0,1516.8329682182407,0.0,0.0,0.0,1.0
S6,R3,PZ039,7,1516.8329682182407,0.0,0.0,0.0,1516.8329682182407,0.0,1440.9913198073282,0.0,1.0
S6,R3,PZ039,8,1516.8329682182407,0.0,0.0,0.0,1516.8329682182407,0.0,2881.982639614657,0.0,1.0
S6,R3,PZ039,9,1516.8329682182407,0.0,0.0,4351.832968218241,0.0,2835.0,4322.9739594219855,0.0,1.0
S6,R3,PZ039,10,1516.8329682182407,0.0,0.0,2788.658229669127,0.0,1271.8252614508865,1338.7634331061963,0.0,1.0
S6,R3,PZ039,11,1516.8329682182407,6.136235632286866,0.0,1522.9692038505275,0.0,-0.0,0.0,0.0,1.0
S6,R3,PZ039,12,1516.8329682182407,34.90001627030084,0.0,1551.7329844885414,0.0,0.0,-0.0,0.0,1.0
S6,R3,PZ039,13,1516.8329682182407,71.04747469123163,0.0,1587.8804429094723,0.0,-0.0,0.0,0.0,1.0
S6,R3,PZ039,14,1516.8329682182407,98.31988854809393,0.0,1615.1528567663347,0.0,-0.0,0.0,0.0,1.0
S6,R3,PZ039,15,1516.8329682182407,115.01782675251123,0.0,1631.8507949707518,0.0,-0.0,0.0,0.0,1.0
S6,R3,PZ039,16,0.0,125.15723347890618,0.0,0.0,125.15723347890618,0.0,0.0,0.0,1.0
S6,R3,PZ039,17,0.0,125.68560171532823,0.0,0.0,125.68560171532823,0.0,118.89937180496086,0.0,1.0
S6,R3,PZ039,18,0.0,117.46773279801229,0.0,343.85339156080886,0.0,226.38565876279657,238.30069343452269,0.0,1.0
S6,R3,PZ039,19,0.0,96.75617642235139,0.0,96.75617642235139,0.0,-0.0,0.0,0.0,1.0
S6,R3,PZ039,20,0.0,69.24068194183518,0.0,69.24068194183518,0.0,-0.0,0.0,0.0,1.0
S6,R3,PZ039,21,0.0,35.00359651472413,0.0,35.00359651472413,0.0,-0.0,0.0,0.0,1.0
S6,R3,PZ039,22,1516.8329682182407,5.404926941357337,0.0,1522.237895159598,0.0,-0.0,0.0,0.0,1.0
S6,R3,PZ039,23,1516.8329682182407,0.0,0.0,1516.8329682182407,0.0,-0.0,0.0,0.0,1.0
S6,R3,PZ040,0,1591.776376418725,0.0,0.0,1591.776376418725,0.0,-0.0,0.0,0.0,1.0
S6,R3,PZ040,1,1591.776376418725,0.0,0.0,1591.776376418725,0.0,-0.0,0.0,0.0,1.0
S6,R3,PZ040,2,1591.776376418725,0.0,0.0,1591.776376418725,0.0,-0.0,0.0,0.0,1.0
S6,R3,PZ040,3,1591.776376418725,0.0,0.0,1591.776376418725,0.0,-0.0,0.0,0.0,1.0
S6,R3,PZ040,4,1591.776376418725,0.0,0.0,1591.776376418725,0.0,-0.0,0.0,0.0,1.0
S6,R3,PZ040,5,1591.776376418725,0.0,0.0,1591.776376418725,0.0,-0.0,0.0,0.0,1.0
S6,R3,PZ040,6,1591.776376418725,0.0,0.0,0.0,1591.776376418725,0.0,0.0,0.0,1.0
S6,R3,PZ040,7,1591.776376418725,0.0,0.0,0.0,1591.776376418725,0.0,1512.1875575977888,0.0,1.0
S6,R3,PZ040,8,1591.776376418725,0.0,0.0,0.0,1591.776376418725,0.0,3024.375115195576,0.0,1.0
S6,R3,PZ040,9,1591.776376418725,0.0,0.0,0.0,1591.776376418725,0.0,4536.562672793365,0.0,1.0
S6,R3,PZ040,10,1591.776376418725,0.0,0.0,4561.776376418725,0.0,2970.0,6048.750230391154,0.0,1.0
S6,R3,PZ040,11,1591.776376418725,6.480563492378606,0.0,4374.5696587827015,0.0,2776.312718871597,2922.43444091747,0.0,1.0
S6,R3,PZ040,12,1591.776376418725,36.85839085687797,0.0,1628.634767275603,0.0,-0.0,0.0,0.0,1.0
S6,R3,PZ040,13,1591.776376418725,75.03422265713996,0.0,1666.810599075865,0.0,-0.0,0.0,0.0,1.0
S6,R3,PZ040,14,1591.776376418725,103.83699689544837,0.0,1695.6133733141735,0.0,-0.0,0.0,0.0,1.0
S6,R3,PZ040,15,1591.776376418725,121.47192084722172,0.0,1713.2482972659468,0.0,-0.0,0.0,0.0,1.0
S6,R3,PZ040,16,0.0,132.1802888114038,0.0,0.0,132.1802888114038,0.0,0.0,0.0,1.0
S6,R3,PZ040,17,0.0,132.73830582846105,0.0,0.0,132.73830582846105,0.0,125.57127437083362,0.0,1.0
S6,R3,PZ040,18,0.0,124.05930057473633,0.0,363.1483322372144,0.0,239.08903166247808,251.67266490787162,0.0,1.0
S6,R3,PZ040,19,0.0,102.18553884821232,0.0,102.18553884821232,0.0,-0.0,0.0,0.0,1.0
S6,R3,PZ040,20,0.0,73.12604379444703,0.0,73.12604379444703,0.0,-0.0,0.0,0.0,1.0
S6,R3,PZ040,21,0.0,36.96778338851565,0.0,36.96778338851565,0.0,0.0,-0.0,0.0,1.0
S6,R3,PZ040,22,1591.776376418725,5.708218248796289,0.0,1597.4845946675214,0.0,0.0,-0.0,0.0,1.0
S6,R3,PZ040,23,1591.776376418725,0.0,0.0,1591.776376418725,0.0,-0.0,0.0,0.0,1.0
S6,R3,PZ041,0,1798.3071286660384,0.0,0.0,1798.3071286660384,0.0,-0.0,0.0,0.0,1.0
S6,R3,PZ041,1,1798.3071286660384,0.0,0.0,1798.3071286660384,0.0,-0.0,0.0,0.0,1.0
S6,R3,PZ041,2,1798.3071286660384,0.0,0.0,1798.3071286660384,0.0,-0.0,0.0,0.0,1.0
S6,R3,PZ041,3,1798.3071286660372,0.0,0.0,1798.3071286660372,0.0,-0.0,0.0,0.0,1.0
S6,R3,PZ041,4,1798.3071286660365,0.0,0.0,1798.3071286660365,0.0,-0.0,0.0,0.0,1.0
S6,R3,PZ041,5,1798.307128666037,0.0,0.0,1798.307128666037,0.0,-0.0,0.0,0.0,1.0
S6,R3,PZ041,6,1798.3071286660363,0.0,0.0,0.0,1798.3071286660363,0.0,0.0,0.0,1.0
S6,R3,PZ041,7,1798.3071286660377,0.0,0.0,0.0,1798.3071286660377,0.0,1708.3917722327344,0.0,1.0
S6,R3,PZ041,8,1798.3071286660363,0.0,0.0,0.0,1798.3071286660363,0.0,3416.78354446547,0.0,1.0
S6,R3,PZ041,9,1798.3071286660368,0.0,0.0,0.0,1798.3071286660368,0.0,5125.175316698204,0.0,1.0
S6,R3,PZ041,10,1798.3071286660384,0.0,0.0,4903.307128666038,0.0,3105.0,6833.5670889309395,0.0,1.0
S6,R3,PZ041,11,1798.3071286660363,1.0140581454736586,0.0,4904.32118681151,0.0,3105.0,3565.1460362993607,0.0,1.0
S6,R3,PZ041,12,1798.3071286660384,5.767484806132244,0.0,2085.963347956568,0.0,281.88873448439773,296.72498366778154,0.0,1.0
S6,R3,PZ041,13,1798.307128666039,11.741118617885714,0.0,1810.0482472839246,0.0,0.0,-5.4876932112324154e-12,0.0,1.0
S6,R3,PZ041,14,1798.3071286660393,16.248085930673387,0.0,1814.5552145967126,0.0,0.0,-5.4876932112324154e-12,0.0,1.0
S6,R3,PZ041,15,1798.3071286660352,19.007543236991765,0.0,1817.314671903027,0.0,0.0,-5.4876932112324154e-12,0.0,1.0
S6,R3,PZ041,16,1798.3071286660372,20.68315489816575,0.0,1818.9902835642029,0.0,0.0,-5.4876932112324154e-12,0.0,1.0
S6,R3,PZ041,17,0.0,20.77047164186023,0.0,20.77047164186023,0.0,0.0,-5.4876932112324154e-12,0.0,1.0
S6,R3,PZ041,18,0.0,19.412408260103604,0.0,19.412408260103604,0.0,0.0,-5.4876932112324154e-12,0.0,1.0
S6,R3,PZ041,19,0.0,15.989670981621929,0.0,15.989670981621929,0.0,0.0,-5.4876932112324154e-12,0.0,1.0
S6,R3,PZ041,20,0.0,11.442532804937494,0.0,11.442532804927884,0.0,0.0,-5.4876932112324154e-12,0.0,1.0
S6,R3,PZ041,21,0.0,5.784602204625699,0.0,5.784602204641272,0.0,0.0,4.62781618686248e-12,0.0,1.0
S6,R3,PZ041,22,1798.3071286660384,0.8932039965568919,0.0,1799.2003326625952,0.0,-0.0,0.0,0.0,1.0
S6,R3,PZ041,23,1798.3071286660384,0.0,0.0,1798.3071286660384,0.0,-0.0,0.0,0.0,1.0
S6,R3,PZ047,0,1986.8540601930722,0.0,0.0,1986.8540601930722,0.0,-0.0,0.0,0.0,1.0
S6,R3,PZ047,1,1986.8540601930722,0.0,0.0,1986.8540601930722,0.0,-0.0,0.0,0.0,1.0
S6,R3,PZ047,2,1986.8540601930722,0.0,0.0,1986.8540601930722,0.0,-0.0,0.0,0.0,1.0
S6,R3,PZ047,3,1986.8540601930722,0.0,0.0,1986.8540601930722,0.0,-0.0,0.0,0.0,1.0
S6,R3,PZ047,4,1986.8540601930722,0.0,0.0,1986.8540601930722,0.0,-0.0,0.0,0.0,1.0
S6,R3,PZ047,5,1986.8540601930722,0.0,0.0,1986.8540601930722,0.0,-0.0,0.0,0.0,1.0
S6,R3,PZ047,6,1986.8540601930722,0.0,0.0,0.0,1986.8540601930722,0.0,0.0,0.0,1.0
S6,R3,PZ047,7,1986.8540601930722,0.0,0.0,0.0,1986.8540601930722,0.0,1887.5113571834186,0.0,1.0
S6,R3,PZ047,8,1986.8540601930722,0.0,0.0,0.0,1986.8540601930722,0.0,3775.022714366836,0.0,1.0
S6,R3,PZ047,9,1986.8540601930713,0.0,0.0,0.0,1986.8540601930713,0.0,5662.534071550255,0.0,1.0
S6,R3,PZ047,10,1986.854060193072,0.0,0.0,5969.354060193072,0.0,3982.5,7550.045428733672,0.0,1.0
S6,R3,PZ047,11,1986.8540601930729,0.0,0.0,5176.897217490051,0.0,3190.043157296978,3357.940165575779,0.0,1.0
S6,R3,PZ047,12,1986.8540601930722,0.0,0.0,1986.8540601930722,0.0,0.0,1.0803312568727914e-11,0.0,1.0
S6,R3,PZ047,13,1986.854060193072,0.0,0.0,1986.854060193072,0.0,0.0,9.399400471228741e-12,0.0,1.0
S6,R3,PZ047,14,1986.8540601930722,0.0,0.0,1986.8540601930722,0.0,0.0,9.399400471228741e-12,0.0,1.0
S6,R3,PZ047,15,1986.8540601930763,0.0,0.0,1986.8540601930763,0.0,0.0,9.399400471228741e-12,0.0,1.0
S6,R3,PZ047,16,0.0,0.0,0.0,0.0,0.0,0.0,9.399400471228741e-12,0.0,1.0
S6,R3,PZ047,17,0.0,0.0,0.0,0.0,0.0,0.0,9.399400471228741e-12,0.0,1.0
S6,R3,PZ047,18,0.0,0.0,0.0,0.0,0.0,1.2318421001281857e-12,9.399400471228741e-12,0.0,1.0
S6,R3,PZ047,19,0.0,0.0,0.0,0.0,0.0,-0.0,8.102724576356967e-12,0.0,1.0
S6,R3,PZ047,20,0.0,0.0,0.0,0.0,0.0,-0.0,8.102724576356967e-12,0.0,1.0
S6,R3,PZ047,21,0.0,0.0,0.0,0.0,0.0,7.697588347539119e-12,8.102724576356967e-12,0.0,1.0
S6,R3,PZ047,22,1986.8540601930717,0.0,0.0,1986.8540601930717,0.0,-0.0,0.0,0.0,1.0
S6,R3,PZ047,23,1986.8540601930733,0.0,0.0,1986.8540601930733,0.0,-0.0,0.0,0.0,1.0
S6,R3,PZ048,0,2363.9409426462244,0.0,0.0,2363.9409426462244,0.0,-0.0,0.0,0.0,1.0
S6,R3,PZ048,1,2363.9409426462244,0.0,0.0,2363.9409426462244,0.0,-0.0,0.0,0.0,1.0
S6,R3,PZ048,2,2363.9409426462244,0.0,0.0,2363.9409426462244,0.0,-0.0,0.0,0.0,1.0
S6,R3,PZ048,3,2363.9409426462244,0.0,0.0,2363.9409426462244,0.0,-0.0,0.0,0.0,1.0
S6,R3,PZ048,4,2363.9409426462244,0.0,0.0,2363.9409426462244,0.0,-0.0,0.0,0.0,1.0
S6,R3,PZ048,5,2363.9409426462244,0.0,0.0,2363.9409426462244,0.0,-0.0,0.0,0.0,1.0
S6,R3,PZ048,6,2363.9409426462244,0.0,0.0,0.0,2363.9409426462244,0.0,0.0,0.0,1.0
S6,R3,PZ048,7,2363.9409426462244,0.0,0.0,0.0,2363.9409426462244,0.0,2245.7438955139132,0.0,1.0
S6,R3,PZ048,8,2363.9409426462244,0.0,0.0,0.0,2363.9409426462244,0.0,4491.487791027825,0.0,1.0
S6,R3,PZ048,9,2363.9409426462244,0.0,0.0,0.0,2363.9409426462244,0.0,6737.231686541738,0.0,1.0
S6,R3,PZ048,10,2363.9409426462244,0.0,0.0,7291.440942646226,0.0,4927.5,8982.975582055651,0.0,1.0
S6,R3,PZ048,11,2363.940942646224,0.0,0.0,5970.267745599092,0.0,3606.326802952868,3796.133476792492,0.0,1.0
S6,R3,PZ048,12,2363.940942646224,0.0,0.0,2363.9409426462144,0.0,-9.690352693403966e-12,0.0,0.0,1.0
S6,R3,PZ048,13,2363.9409426462244,0.0,0.0,2363.9409426462244,0.0,0.0,1.0468396353662868e-11,0.0,1.0
S6,R3,PZ048,14,2363.9409426462244,0.0,0.0,2363.9409426462244,0.0,0.0,1.0468396353662868e-11,0.0,1.0
S6,R3,PZ048,15,2363.9409426462285,0.0,0.0,2363.9409426462285,0.0,0.0,1.0468396353662868e-11,0.0,1.0
S6,R3,PZ048,16,0.0,0.0,0.0,0.0,0.0,0.0,1.0468396353662868e-11,0.0,1.0
S6,R3,PZ048,17,0.0,0.0,0.0,0.0,0.0,0.0,1.0468396353662868e-11,0.0,1.0
S6,R3,PZ048,18,0.0,0.0,0.0,0.0,0.0,9.944976535979725e-12,1.0468396353662868e-11,0.0,1.0
S6,R3,PZ048,19,0.0,0.0,0.0,-0.0,0.0,-0.0,0.0,0.0,1.0
S6,R3,PZ048,20,0.0,0.0,0.0,-0.0,0.0,-0.0,0.0,0.0,1.0
S6,R3,PZ048,21,0.0,0.0,0.0,-0.0,0.0,-0.0,0.0,0.0,1.0
S6,R3,PZ048,22,2363.940942646224,0.0,0.0,2363.940942646224,0.0,-0.0,0.0,0.0,1.0
S6,R3,PZ048,23,2363.9409426462225,0.0,0.0,2363.9409426462225,0.0,-0.0,0.0,0.0,1.0
S6,R3,PZ049,0,2161.6411130039746,0.0,0.0,2161.6411130039746,0.0,-0.0,0.0,0.0,1.0
S6,R3,PZ049,1,2161.6411130039746,0.0,0.0,2161.6411130039746,0.0,-0.0,0.0,0.0,1.0
S6,R3,PZ049,2,2161.6411130039746,0.0,0.0,2161.6411130039746,0.0,-0.0,0.0,0.0,1.0
S6,R3,PZ049,3,2161.6411130039746,0.0,0.0,2161.6411130039746,0.0,-0.0,0.0,0.0,1.0
S6,R3,PZ049,4,2161.6411130039746,0.0,0.0,2161.6411130039746,0.0,-0.0,0.0,0.0,1.0
S6,R3,PZ049,5,2161.6411130039746,0.0,0.0,2161.6411130039746,0.0,-0.0,0.0,0.0,1.0
S6,R3,PZ049,6,2161.6411130039764,0.0,0.0,0.0,2161.6411130039764,0.0,0.0,0.0,1.0
S6,R3,PZ049,7,2161.6411130039746,0.0,0.0,0.0,2161.6411130039746,0.0,2053.5590573537775,0.0,1.0
S6,R3,PZ049,8,2161.6411130039746,0.0,0.0,0.0,2161.6411130039746,0.0,4107.118114707553,0.0,1.0
S6,R3,PZ049,9,2161.6411130039746,0.0,0.0,0.0,2161.6411130039746,0.0,6160.677172061329,0.0,1.0
S6,R3,PZ049,10,2161.6411130039746,0.0,0.0,6684.141113003982,0.0,4522.5,8214.236229415104,0.0,1.0
S6,R3,PZ049,11,2161.6411130039746,0.0,0.0,5442.665530948324,0.0,3281.024417944349,3453.709913625631,0.0,1.0
S6,R3,PZ049,12,2161.6411130039746,0.0,0.0,2161.6411130039746,0.0,-0.0,0.0,0.0,1.0
S6,R3,PZ049,13,2161.6411130039746,0.0,0.0,2161.6411130039746,0.0,-0.0,0.0,0.0,1.0
S6,R3,PZ049,14,2161.6411130039746,0.0,0.0,2161.6411130039746,0.0,-0.0,0.0,0.0,1.0
S6,R3,PZ049,15,2161.6411130039746,0.0,0.0,2161.6411130039746,0.0,-0.0,0.0,0.0,1.0
S6,R3,PZ049,16,0.0,0.0,0.0,0.0,0.0,0.0,0.0,0.0,1.0
S6,R3,PZ049,17,0.0,0.0,0.0,0.0,0.0,0.0,0.0,0.0,1.0
S6,R3,PZ049,18,0.0,0.0,0.0,-0.0,0.0,-0.0,-0.0,0.0,1.0
S6,R3,PZ049,19,0.0,0.0,0.0,-0.0,0.0,0.0,-0.0,0.0,1.0
S6,R3,PZ049,20,0.0,0.0,0.0,-0.0,0.0,0.0,-0.0,0.0,1.0
S6,R3,PZ049,21,0.0,0.0,0.0,0.0,0.0,-0.0,-0.0,0.0,1.0
S6,R3,PZ049,22,2161.6411130039746,0.0,0.0,2161.6411130039746,0.0,-0.0,0.0,0.0,1.0
S6,R3,PZ049,23,2161.6411130039746,0.0,0.0,2161.6411130039746,0.0,-0.0,0.0,0.0,1.0
S6,R3,PZ050,0,2530.0413347480257,0.0,0.0,2530.0413347480257,0.0,-0.0,0.0,0.0,1.0
S6,R3,PZ050,1,2530.0413347480257,0.0,0.0,2530.0413347480257,0.0,-0.0,0.0,0.0,1.0
S6,R3,PZ050,2,2530.0413347480257,0.0,0.0,2530.0413347480257,0.0,0.0,-0.0,0.0,1.0
S6,R3,PZ050,3,2530.0413347480257,0.0,0.0,2530.0413347480257,0.0,0.0,-0.0,0.0,1.0
S6,R3,PZ050,4,2530.0413347480257,0.0,0.0,2530.0413347480257,0.0,0.0,-0.0,0.0,1.0
S6,R3,PZ050,5,2530.0413347480257,0.0,0.0,2530.0413347480257,0.0,-0.0,0.0,0.0,1.0
S6,R3,PZ050,6,2530.0413347480257,0.0,0.0,0.0,2530.0413347480257,0.0,0.0,0.0,1.0
S6,R3,PZ050,7,2530.0413347480257,0.0,0.0,0.0,2530.0413347480257,0.0,2403.5392680106243,0.0,1.0
S6,R3,PZ050,8,2530.0413347480257,0.0,0.0,0.0,2530.0413347480257,0.0,4807.0785360212485,0.0,1.0
S6,R3,PZ050,9,2530.0413347480257,0.0,0.0,0.0,2530.0413347480257,0.0,7210.617804031873,0.0,1.0
S6,R3,PZ050,10,2530.0413347480257,0.0,0.0,7862.541334748026,0.0,5332.5,9614.157072042497,0.0,1.0
S6,R3,PZ050,11,2530.0413347480257,14.718833987180675,0.0,6345.709387175581,0.0,3800.9492184403734,4000.9991773056554,0.0,1.0
S6,R3,PZ050,12,2530.0413347480257,83.71379073671922,0.0,2613.755125484745,0.0,-0.0,0.0,0.0,1.0
S6,R3,PZ050,13,2530.0413347480257,170.41978956713106,0.0,2700.4611243151567,0.0,-0.0,0.0,0.0,1.0
S6,R3,PZ050,14,2530.0413347480257,235.83744235033106,0.0,2765.8787770983567,0.0,-0.0,0.0,0.0,1.0
S6,R3,PZ050,15,2530.0413347480257,275.89036650236926,0.0,2805.9317012503952,0.0,-0.0,0.0,0.0,1.0
S6,R3,PZ050,16,0.0,300.2115062495226,0.0,0.0,300.2115062495226,0.0,0.0,0.0,1.0
S6,R3,PZ050,17,0.0,301.4788898413579,0.0,0.0,301.47888984135784,0.0,285.20093093704645,0.0,1.0
S6,R3,PZ050,18,0.0,281.7668944795848,0.0,824.7924769516044,0.0,543.0255824720197,571.6058762863364,0.0,1.0
S6,R3,PZ050,19,0.0,232.0866054265593,0.0,232.0866054265593,0.0,-0.0,0.0,0.0,1.0
S6,R3,PZ050,20,0.0,166.085881268747,0.0,166.085881268747,0.0,-0.0,0.0,0.0,1.0
S6,R3,PZ050,21,0.0,83.9622460623257,0.0,83.9622460623257,0.0,-0.0,0.0,0.0,1.0
S6,R3,PZ050,22,2530.0413347480257,12.964662234300546,0.0,2543.0059969823265,0.0,-0.0,0.0,0.0,1.0
S6,R3,PZ050,23,2530.0413347480257,0.0,0.0,2530.0413347480257,0.0,-0.0,0.0,0.0,1.0
S6,R3,PZ052,0,2264.667894976245,0.0,0.0,2264.667894976245,0.0,-0.0,0.0,0.0,1.0
S6,R3,PZ052,1,2264.667894976245,0.0,0.0,2264.667894976245,0.0,-0.0,0.0,0.0,1.0
S6,R3,PZ052,2,2264.667894976245,0.0,0.0,2264.667894976245,0.0,-0.0,0.0,0.0,1.0
S6,R3,PZ052,3,2264.667894976245,0.0,0.0,2264.667894976245,0.0,-0.0,0.0,0.0,1.0
S6,R3,PZ052,4,2264.667894976245,0.0,0.0,2264.667894976245,0.0,-0.0,0.0,0.0,1.0
S6,R3,PZ052,5,2264.667894976245,0.0,0.0,2264.667894976245,0.0,-0.0,0.0,0.0,1.0
S6,R3,PZ052,6,2264.667894976245,0.0,0.0,0.0,2264.667894976245,0.0,0.0,0.0,1.0
S6,R3,PZ052,7,2264.667894976245,0.0,0.0,0.0,2264.667894976245,0.0,2151.4345002274326,0.0,1.0
S6,R3,PZ052,8,2264.667894976245,0.0,0.0,0.0,2264.667894976245,0.0,4302.869000454864,0.0,1.0
S6,R3,PZ052,9,2264.667894976245,0.0,0.0,0.0,2264.667894976245,0.0,6454.303500682297,0.0,1.0
S6,R3,PZ052,10,2264.667894976245,0.0,0.0,7529.6678949762445,0.0,5265.0,8605.73800090973,0.0,1.0
S6,R3,PZ052,11,2264.667894976245,6.3921326995888705,0.0,5181.511128540079,0.0,2910.451100864245,3063.6327377518364,0.0,1.0
S6,R3,PZ052,12,2264.667894976245,36.355438184898,0.0,2301.023333161143,0.0,-0.0,0.0,0.0,1.0
S6,R3,PZ052,13,2264.667894976245,74.01034011918846,0.0,2338.6782350954336,0.0,-0.0,0.0,0.0,1.0
S6,R3,PZ052,14,2264.667894976245,102.42008492981934,0.0,2367.0879799060644,0.0,-0.0,0.0,0.0,1.0
S6,R3,PZ052,15,2264.667894976245,119.8143708093516,0.0,2384.4822657855966,0.0,-0.0,0.0,0.0,1.0
S6,R3,PZ052,16,0.0,130.37661730282045,0.0,0.0,130.37661730282045,0.0,0.0,0.0,1.0
S6,R3,PZ052,17,0.0,130.92701987596917,0.0,0.0,130.92701987596917,0.0,123.85778643767942,0.0,1.0
S6,R3,PZ052,18,0.0,122.36644434152976,0.0,358.1929768953874,0.0,235.82653255385762,248.23845531985012,0.0,1.0
S6,R3,PZ052,19,0.0,100.79116192055457,0.0,100.79116192055457,0.0,0.0,-0.0,0.0,1.0
S6,R3,PZ052,20,0.0,72.12819938879854,0.0,72.12819938879854,0.0,0.0,-0.0,0.0,1.0
S6,R3,PZ052,21,0.0,36.463337996294705,0.0,36.463337996294705,0.0,-0.0,0.0,0.0,1.0
S6,R3,PZ052,22,2264.667894976245,5.630326524449859,0.0,2270.298221500695,0.0,-0.0,0.0,0.0,1.0
S6,R3,PZ052,23,2264.667894976245,0.0,0.0,2264.667894976245,0.0,-0.0,0.0,0.0,1.0
S6,R4,PZ001,0,0.0,0.0,0.0,-0.0,0.0,-0.0,0.0,0.0,1.0
S6,R4,PZ001,1,0.0,0.0,0.0,-0.0,0.0,-0.0,0.0,0.0,1.0
S6,R4,PZ001,2,0.0,0.0,0.0,-0.0,0.0,-0.0,0.0,0.0,1.0
S6,R4,PZ001,3,0.0,0.0,0.0,-7.389644451905042e-13,0.0,-0.0,0.0,0.0,1.0
S6,R4,PZ001,4,0.0,0.0,0.0,-0.0,0.0,0.0,0.0,0.0,1.0
S6,R4,PZ001,5,0.0,0.0,0.0,-0.0,0.0,0.0,0.0,0.0,1.0
S6,R4,PZ001,6,0.0,0.0,0.0,0.0,0.0,0.0,0.0,0.0,1.0
S6,R4,PZ001,7,0.0,0.0,0.0,0.0,0.0,0.0,0.0,0.0,1.0
S6,R4,PZ001,8,0.0,0.0,0.0,0.0,0.0,0.0,0.0,0.0,1.0
S6,R4,PZ001,9,0.0,0.0,0.0,0.0,0.0,0.0,0.0,0.0,1.0
S6,R4,PZ001,10,0.0,0.0,0.0,-1.5916157281026244e-12,0.0,0.0,0.0,0.0,1.0
S6,R4,PZ001,11,0.0,296.64357643714425,0.0,296.64357643714425,0.0,0.0,0.0,0.0,1.0
S6,R4,PZ001,12,0.0,1687.168854739406,0.0,1687.168854739406,0.0,-0.0,0.0,0.0,1.0
S6,R4,PZ001,13,0.0,3434.6427112969054,0.0,3434.642711296907,0.0,6.252776074688882e-13,0.0,0.0,1.0
S6,R4,PZ001,14,0.0,4753.0709577621565,0.0,4753.070957762157,0.0,1.7550405573274477e-13,0.0,0.0,1.0
S6,R4,PZ001,15,0.0,4800.0,760.2981251841411,4800.0,0.0,0.0,0.0,0.0,1.0
S6,R4,PZ001,16,0.0,0.0,6050.466699943987,0.0,0.0,0.0,0.0,0.0,1.0
S6,R4,PZ001,17,0.0,0.0,6076.0095657530055,0.0,0.0,0.0,0.0,0.0,1.0
S6,R4,PZ001,18,0.0,4800.0,878.7337483939964,4800.0,0.0,0.0,0.0,0.0,1.0
S6,R4,PZ001,19,0.0,97.88685856138628,4579.589681825778,97.8868585613859,0.0,-0.0,0.0,0.0,1.0
S6,R4,PZ001,20,0.0,3347.29706566336,0.0,3347.29706566336,0.0,-0.0,0.0,0.0,1.0
S6,R4,PZ001,21,0.0,0.0,1692.1762266845585,-0.0,0.0,0.0,0.0,0.0,1.0
S6,R4,PZ001,22,0.0,261.2899755396421,0.0,261.2899755396421,0.0,0.0,0.0,0.0,1.0
S6,R4,PZ001,23,0.0,0.0,0.0,-0.0,0.0,0.0,0.0,0.0,1.0
S6,R4,PZ006,0,0.0,0.0,0.0,0.0,0.0,0.0,0.0,0.0,1.0
S6,R4,PZ006,1,0.0,0.0,0.0,0.0,0.0,0.0,0.0,0.0,1.0
S6,R4,PZ006,2,0.0,0.0,0.0,0.0,0.0,0.0,0.0,0.0,1.0
S6,R4,PZ006,3,0.0,0.0,0.0,0.0,0.0,0.0,0.0,0.0,1.0
S6,R4,PZ006,4,0.0,0.0,0.0,0.0,0.0,0.0,0.0,0.0,1.0
S6,R4,PZ006,5,0.0,0.0,0.0,0.0,0.0,0.0,0.0,0.0,1.0
S6,R4,PZ006,6,0.0,0.0,0.0,0.0,0.0,0.0,0.0,0.0,1.0
S6,R4,PZ006,7,0.0,0.0,0.0,0.0,0.0,0.0,0.0,0.0,1.0
S6,R4,PZ006,8,0.0,0.0,0.0,0.0,0.0,0.0,0.0,0.0,1.0
S6,R4,PZ006,9,0.0,0.0,0.0,0.0,0.0,0.0,0.0,0.0,1.0
S6,R4,PZ006,10,0.0,0.0,0.0,0.0,0.0,0.0,0.0,0.0,1.0
S6,R4,PZ006,11,0.0,750.0,2052.4773726578433,750.0,0.0,0.0,0.0,0.0,1.0
S6,R4,PZ006,12,0.0,750.0,15189.170488871521,750.0,0.0,0.0,0.0,0.0,1.0
S6,R4,PZ006,13,0.0,750.0,31698.059712539605,750.0,0.0,0.0,0.0,0.0,1.0
S6,R4,PZ006,14,0.0,750.0,44153.631387373185,750.0,0.0,0.0,0.0,0.0,1.0
S6,R4,PZ006,15,0.0,750.0,51779.73911728097,750.0,0.0,0.0,0.0,0.0,1.0
S6,R4,PZ006,16,0.0,0.0,57160.50293172508,0.0,0.0,0.0,0.0,0.0,1.0
S6,R4,PZ006,17,0.0,0.0,57401.81374762869,0.0,0.0,0.0,0.0,0.0,1.0
S6,R4,PZ006,18,0.0,750.0,52898.634588232046,750.0,0.0,0.0,0.0,0.0,1.0
S6,R4,PZ006,19,0.0,750.0,43439.469136711545,750.0,0.0,0.0,0.0,0.0,1.0
S6,R4,PZ006,20,0.0,750.0,30872.8802212855,750.0,0.0,0.0,0.0,0.0,1.0
S6,R4,PZ006,21,0.0,750.0,15236.476574987784,750.0,0.0,0.0,0.0,0.0,1.0
S6,R4,PZ006,22,0.0,750.0,1718.481714477059,750.0,0.0,0.0,0.0,0.0,1.0
S6,R4,PZ006,23,0.0,0.0,0.0,0.0,0.0,0.0,0.0,0.0,1.0
S6,R4,PZ039,0,0.0,0.0,0.0,0.0,0.0,0.0,0.0,0.0,1.0
S6,R4,PZ039,1,0.0,0.0,0.0,0.0,0.0,0.0,0.0,0.0,1.0
S6,R4,PZ039,2,0.0,0.0,0.0,0.0,0.0,0.0,0.0,0.0,1.0
S6,R4,PZ039,3,0.0,0.0,0.0,0.0,0.0,0.0,0.0,0.0,1.0
S6,R4,PZ039,4,0.0,0.0,0.0,0.0,0.0,0.0,0.0,0.0,1.0
S6,R4,PZ039,5,0.0,0.0,0.0,0.0,0.0,0.0,0.0,0.0,1.0
S6,R4,PZ039,6,0.0,0.0,0.0,0.0,0.0,0.0,0.0,0.0,1.0
S6,R4,PZ039,7,0.0,0.0,0.0,0.0,0.0,0.0,0.0,0.0,1.0
S6,R4,PZ039,8,0.0,0.0,0.0,0.0,0.0,0.0,0.0,0.0,1.0
S6,R4,PZ039,9,0.0,0.0,0.0,0.0,0.0,0.0,0.0,0.0,1.0
S6,R4,PZ039,10,0.0,0.0,0.0,0.0,0.0,0.0,0.0,0.0,1.0
S6,R4,PZ039,11,0.0,0.0,3136.6755894384623,0.0,0.0,0.0,0.0,0.0,1.0
S6,R4,PZ039,12,0.0,6300.0,11539.932438393065,6300.0,0.0,0.0,0.0,0.0,1.0
S6,R4,PZ039,13,0.0,6300.0,30017.523137907912,6300.0,0.0,0.0,0.0,0.0,1.0
S6,R4,PZ039,14,0.0,6300.0,43958.43413548677,6300.0,0.0,0.0,0.0,0.0,1.0
S6,R4,PZ039,15,0.0,6300.0,52493.96280458843,6300.0,0.0,0.0,0.0,0.0,1.0
S6,R4,PZ039,16,0.0,0.0,63976.949814202075,0.0,0.0,0.0,0.0,0.0,1.0
S6,R4,PZ039,17,0.0,0.0,64247.037185146466,0.0,0.0,0.0,0.0,0.0,1.0
S6,R4,PZ039,18,0.0,6300.0,53746.28767440067,6300.0,0.0,0.0,0.0,0.0,1.0
S6,R4,PZ039,19,0.0,6300.0,43159.10732542789,6300.0,0.0,0.0,0.0,0.0,1.0
S6,R4,PZ039,20,0.0,6300.0,29093.940170789334,6300.0,0.0,0.0,0.0,0.0,1.0
S6,R4,PZ039,21,0.0,6300.0,11592.879822375697,6300.0,0.0,0.0,0.0,0.0,1.0
S6,R4,PZ039,22,0.0,0.0,2762.850616500133,0.0,0.0,0.0,0.0,0.0,1.0
S6,R4,PZ039,23,0.0,0.0,0.0,0.0,0.0,0.0,0.0,0.0,1.0
S6,R4,PZ040,0,0.0,0.0,0.0,0.0,0.0,0.0,0.0,0.0,1.0
S6,R4,PZ040,1,0.0,0.0,0.0,0.0,0.0,0.0,0.0,0.0,1.0
S6,R4,PZ040,2,0.0,0.0,0.0,0.0,0.0,0.0,0.0,0.0,1.0
S6,R4,PZ040,3,0.0,0.0,0.0,0.0,0.0,0.0,0.0,0.0,1.0
S6,R4,PZ040,4,0.0,0.0,0.0,0.0,0.0,0.0,0.0,0.0,1.0
S6,R4,PZ040,5,0.0,0.0,0.0,0.0,0.0,0.0,0.0,0.0,1.0
S6,R4,PZ040,6,0.0,0.0,0.0,0.0,0.0,0.0,0.0,0.0,1.0
S6,R4,PZ040,7,0.0,0.0,0.0,0.0,0.0,0.0,0.0,0.0,1.0
S6,R4,PZ040,8,0.0,0.0,0.0,0.0,0.0,0.0,0.0,0.0,1.0
S6,R4,PZ040,9,0.0,0.0,0.0,0.0,0.0,0.0,0.0,0.0,1.0
S6,R4,PZ040,10,0.0,0.0,0.0,0.0,0.0,0.0,0.0,0.0,1.0
S6,R4,PZ040,11,0.0,0.0,3014.400536093202,0.0,0.0,0.0,0.0,0.0,1.0
S6,R4,PZ040,12,0.0,6600.0,10544.489563163857,6600.0,0.0,0.0,0.0,0.0,1.0
S6,R4,PZ040,13,0.0,6600.0,28301.779956175043,6600.0,0.0,0.0,0.0,0.0,1.0
S6,R4,PZ040,14,0.0,6600.0,41699.24118111878,6600.0,0.0,0.0,0.0,0.0,1.0
S6,R4,PZ040,15,0.0,6600.0,49902.03470003194,6600.0,0.0,0.0,0.0,0.0,1.0
S6,R4,PZ040,16,0.0,0.0,61482.97658415597,0.0,0.0,0.0,0.0,0.0,1.0
S6,R4,PZ040,17,0.0,0.0,61742.535308847844,0.0,0.0,0.0,0.0,0.0,1.0
S6,R4,PZ040,18,0.0,6600.0,51105.540976433535,6600.0,0.0,0.0,0.0,0.0,1.0
S6,R4,PZ040,19,0.0,6600.0,40931.07402578139,6600.0,0.0,0.0,0.0,0.0,1.0
S6,R4,PZ040,20,0.0,6600.0,27414.200443463247,6600.0,0.0,0.0,0.0,0.0,1.0
S6,R4,PZ040,21,0.0,6600.0,10595.372932550024,6600.0,0.0,0.0,0.0,0.0,1.0
S6,R4,PZ040,22,0.0,0.0,2655.1481471548673,0.0,0.0,0.0,0.0,0.0,1.0
S6,R4,PZ040,23,0.0,0.0,0.0,0.0,0.0,0.0,0.0,0.0,1.0
S6,R4,PZ041,0,0.0,0.0,0.0,-0.0,0.0,0.0,0.0,0.0,1.0
S6,R4,PZ041,1,0.0,0.0,0.0,-0.0,0.0,-0.0,0.0,0.0,1.0
S6,R4,PZ041,2,0.0,0.0,0.0,-0.0,0.0,0.0,0.0,0.0,1.0
S6,R4,PZ041,3,0.0,0.0,0.0,1.8189894035458565e-12,0.0,0.0,0.0,0.0,1.0
S6,R4,PZ041,4,0.0,0.0,0.0,2.7284841053187847e-12,0.0,3.9164110522577417e-13,0.0,0.0,1.0
S6,R4,PZ041,5,0.0,0.0,0.0,-0.0,0.0,-0.0,0.0,0.0,1.0
S6,R4,PZ041,6,0.0,0.0,0.0,0.0,0.0,0.0,0.0,0.0,1.0
S6,R4,PZ041,7,0.0,0.0,0.0,0.0,0.0,0.0,0.0,0.0,1.0
S6,R4,PZ041,8,0.0,0.0,0.0,0.0,0.0,0.0,0.0,0.0,1.0
S6,R4,PZ041,9,0.0,0.0,0.0,0.0,0.0,0.0,0.0,0.0,1.0
S6,R4,PZ041,10,0.0,0.0,0.0,-0.0,0.0,-0.0,0.0,0.0,1.0
S6,R4,PZ041,11,0.0,404.3843209538007,0.0,404.3843209538007,0.0,-0.0,0.0,0.0,1.0
S6,R4,PZ041,12,0.0,2299.9474313672226,0.0,2299.947431367222,0.0,-3.9164110522577417e-13,0.0,0.0,1.0
S6,R4,PZ041,13,0.0,0.0,4682.1026000575375,-0.0,0.0,0.0,0.0,0.0,1.0
S6,R4,PZ041,14,0.0,6479.383085873586,0.0,6479.383085873586,0.0,-0.0,0.0,0.0,1.0
S6,R4,PZ041,15,0.0,6900.0,679.7946096085907,6900.0,0.0,0.0,0.0,0.0,1.0
S6,R4,PZ041,16,0.0,6235.978942231062,2012.0131339731106,6235.978942231062,0.0,0.0,0.0,0.0,1.0
S6,R4,PZ041,17,0.0,0.0,8282.81209344322,-0.0,0.0,0.0,0.0,0.0,1.0
S6,R4,PZ041,18,0.0,0.0,7741.2459703415125,-0.0,0.0,0.0,0.0,0.0,1.0
S6,R4,PZ041,19,0.0,6376.332827697638,0.0,6376.332827697638,0.0,0.0,0.0,0.0,1.0
S6,R4,PZ041,20,0.0,4563.0330755391915,0.0,4563.0330755391915,0.0,0.0,0.0,0.0,1.0
S6,R4,PZ041,21,0.0,0.0,2306.773477385558,-0.0,0.0,0.0,0.0,0.0,1.0
S6,R4,PZ041,22,0.0,356.19031633749864,0.0,356.19031633749955,0.0,0.0,0.0,0.0,1.0
S6,R4,PZ041,23,0.0,0.0,0.0,-0.0,0.0,0.0,0.0,0.0,1.0
S6,R4,PZ047,0,0.0,0.0,0.0,0.0,0.0,0.0,0.0,0.0,1.0
S6,R4,PZ047,1,0.0,0.0,0.0,0.0,0.0,0.0,0.0,0.0,1.0
S6,R4,PZ047,2,0.0,0.0,0.0,0.0,0.0,0.0,0.0,0.0,1.0
S6,R4,PZ047,3,0.0,0.0,0.0,0.0,0.0,0.0,0.0,0.0,1.0
S6,R4,PZ047,4,0.0,0.0,0.0,0.0,0.0,0.0,0.0,0.0,1.0
S6,R4,PZ047,5,0.0,0.0,0.0,0.0,0.0,0.0,0.0,0.0,1.0
S6,R4,PZ047,6,0.0,0.0,0.0,0.0,0.0,0.0,0.0,0.0,1.0
S6,R4,PZ047,7,0.0,0.0,0.0,0.0,0.0,0.0,0.0,0.0,1.0
S6,R4,PZ047,8,0.0,0.0,0.0,0.0,0.0,0.0,0.0,0.0,1.0
S6,R4,PZ047,9,0.0,0.0,0.0,0.0,0.0,0.0,0.0,0.0,1.0
S6,R4,PZ047,10,0.0,0.0,0.0,0.0,0.0,0.0,0.0,0.0,1.0
S6,R4,PZ047,11,0.0,1875.302379467802,0.0,1875.302379467802,-0.0,0.0,0.0,0.0,1.0
S6,R4,PZ047,12,0.0,0.0,10665.836104922984,0.0,0.0,0.0,0.0,0.0,1.0
S6,R4,PZ047,13,0.0,8850.0,12862.904511457073,8850.0,0.0,0.0,0.0,0.0,1.0
S6,R4,PZ047,14,0.0,8850.0,21197.65983449281,8850.0,0.0,0.0,0.0,0.0,1.0
S6,R4,PZ047,15,0.0,8850.0,26300.736887497056,8850.0,0.0,0.0,0.0,0.0,1.0
S6,R4,PZ047,16,0.0,0.0,38249.453217807524,0.0,0.0,0.0,0.0,0.0,1.0
S6,R4,PZ047,17,0.0,0.0,38410.92847240563,0.0,0.0,0.0,0.0,0.0,1.0
S6,R4,PZ047,18,0.0,8850.0,27049.455631677425,8850.0,0.0,0.0,0.0,0.0,1.0
S6,R4,PZ047,19,0.0,8850.0,20719.77188397505,8850.0,0.0,0.0,0.0,0.0,1.0
S6,R4,PZ047,20,0.0,8850.0,12310.728398088755,8850.0,0.0,0.0,0.0,0.0,1.0
S6,R4,PZ047,21,0.0,0.0,10697.491388466988,0.0,0.0,0.0,0.0,0.0,1.0
S6,R4,PZ047,22,0.0,1651.8062475706436,0.0,1651.8062475706436,0.0,0.0,0.0,0.0,1.0
S6,R4,PZ047,23,0.0,0.0,0.0,0.0,0.0,0.0,0.0,0.0,1.0
S6,R4,PZ048,0,0.0,0.0,0.0,0.0,0.0,0.0,0.0,0.0,1.0
S6,R4,PZ048,1,0.0,0.0,0.0,0.0,0.0,0.0,0.0,0.0,1.0
S6,R4,PZ048,2,0.0,0.0,0.0,0.0,0.0,0.0,0.0,0.0,1.0
S6,R4,PZ048,3,0.0,0.0,0.0,0.0,0.0,0.0,0.0,0.0,1.0
S6,R4,PZ048,4,0.0,0.0,0.0,0.0,0.0,0.0,0.0,0.0,1.0
S6,R4,PZ048,5,0.0,0.0,0.0,0.0,0.0,0.0,0.0,0.0,1.0
S6,R4,PZ048,6,0.0,0.0,0.0,0.0,0.0,0.0,0.0,0.0,1.0
S6,R4,PZ048,7,0.0,0.0,0.0,0.0,0.0,0.0,0.0,0.0,1.0
S6,R4,PZ048,8,0.0,0.0,0.0,0.0,0.0,0.0,0.0,0.0,1.0
S6,R4,PZ048,9,0.0,0.0,0.0,0.0,0.0,0.0,0.0,0.0,1.0
S6,R4,PZ048,10,0.0,0.0,0.0,0.0,0.0,0.0,0.0,0.0,1.0
S6,R4,PZ048,11,0.0,1892.8215044420053,0.0,1892.8215044420053,-0.0,0.0,0.0,0.0,1.0
S6,R4,PZ048,12,0.0,0.0,10765.476631017526,0.0,0.0,0.0,0.0,0.0,1.0
S6,R4,PZ048,13,0.0,10950.0,10965.747046001881,10950.0,0.0,0.0,0.0,0.0,1.0
S6,R4,PZ048,14,0.0,10950.0,19378.36587613513,10950.0,0.0,0.0,0.0,0.0,1.0
S6,R4,PZ048,15,0.0,10950.0,24529.11601142381,10950.0,0.0,0.0,0.0,0.0,1.0
S6,R4,PZ048,16,0.0,0.0,38606.780632551105,0.0,0.0,0.0,0.0,0.0,1.0
S6,R4,PZ048,17,0.0,0.0,38769.764393295474,0.0,0.0,0.0,0.0,0.0,1.0
S6,R4,PZ048,18,0.0,10950.0,25284.82930613291,10950.0,0.0,0.0,0.0,0.0,1.0
S6,R4,PZ048,19,0.0,10950.0,18896.013483605002,10950.0,0.0,0.0,0.0,0.0,1.0
S6,R4,PZ048,20,0.0,10950.0,10408.4124886174,10950.0,0.0,0.0,0.0,0.0,1.0
S6,R4,PZ048,21,0.0,0.0,10797.427639066853,0.0,0.0,0.0,0.0,0.0,1.0
S6,R4,PZ048,22,0.0,1667.2374657044213,0.0,1667.2374657044213,0.0,0.0,0.0,0.0,1.0
S6,R4,PZ048,23,0.0,0.0,0.0,0.0,0.0,0.0,0.0,0.0,1.0
S6,R4,PZ049,0,0.0,0.0,0.0,0.0,0.0,0.0,0.0,0.0,1.0
S6,R4,PZ049,1,0.0,0.0,0.0,0.0,0.0,0.0,0.0,0.0,1.0
S6,R4,PZ049,2,0.0,0.0,0.0,0.0,0.0,0.0,0.0,0.0,1.0
S6,R4,PZ049,3,0.0,0.0,0.0,0.0,0.0,0.0,0.0,0.0,1.0
S6,R4,PZ049,4,0.0,0.0,0.0,0.0,0.0,0.0,0.0,0.0,1.0
S6,R4,PZ049,5,0.0,0.0,0.0,0.0,0.0,0.0,0.0,0.0,1.0
S6,R4,PZ049,6,0.0,0.0,0.0,0.0,0.0,0.0,0.0,0.0,1.0
S6,R4,PZ049,7,0.0,0.0,0.0,0.0,0.0,0.0,0.0,0.0,1.0
S6,R4,PZ049,8,0.0,0.0,0.0,0.0,0.0,0.0,0.0,0.0,1.0
S6,R4,PZ049,9,0.0,0.0,0.0,0.0,0.0,0.0,0.0,0.0,1.0
S6,R4,PZ049,10,0.0,0.0,0.0,0.0,0.0,0.0,0.0,0.0,1.0
S6,R4,PZ049,11,0.0,0.0,1912.7033314910145,0.0,0.0,0.0,0.0,0.0,1.0
S6,R4,PZ049,12,0.0,0.0,10878.555092972732,0.0,0.0,0.0,0.0,0.0,1.0
S6,R4,PZ049,13,0.0,10050.0,12095.945768594527,10050.0,0.0,0.0,0.0,0.0,1.0
S6,R4,PZ049,14,0.0,10050.0,20596.929102310092,10050.0,0.0,0.0,0.0,0.0,1.0
S6,R4,PZ049,15,0.0,10050.0,25801.781710083444,10050.0,0.0,0.0,0.0,0.0,1.0
S6,R4,PZ049,16,0.0,0.0,39012.29870895403,0.0,0.0,0.0,0.0,0.0,1.0
S6,R4,PZ049,17,0.0,0.0,39176.994419259056,0.0,0.0,0.0,0.0,0.0,1.0
S6,R4,PZ049,18,0.0,10050.0,26565.43286950339,10050.0,0.0,0.0,0.0,0.0,1.0
S6,R4,PZ049,19,0.0,10050.0,20109.51017454542,10050.0,0.0,0.0,0.0,0.0,1.0
S6,R4,PZ049,20,0.0,10050.0,11532.757077974373,10050.0,0.0,0.0,0.0,0.0,1.0
S6,R4,PZ049,21,0.0,0.0,10910.841708164406,0.0,0.0,0.0,0.0,0.0,1.0
S6,R4,PZ049,22,0.0,0.0,1684.7498021106665,0.0,0.0,0.0,0.0,0.0,1.0
S6,R4,PZ049,23,0.0,0.0,0.0,0.0,0.0,0.0,0.0,0.0,1.0
S6,R4,PZ050,0,0.0,0.0,0.0,-0.0,0.0,-0.0,0.0,0.0,1.0
S6,R4,PZ050,1,0.0,0.0,0.0,-0.0,0.0,-0.0,0.0,0.0,1.0
S6,R4,PZ050,2,0.0,0.0,0.0,-0.0,0.0,-0.0,0.0,0.0,1.0
S6,R4,PZ050,3,0.0,0.0,0.0,-0.0,0.0,0.0,0.0,0.0,1.0
S6,R4,PZ050,4,0.0,0.0,0.0,-0.0,0.0,-0.0,0.0,0.0,1.0
S6,R4,PZ050,5,0.0,0.0,0.0,-0.0,0.0,-0.0,0.0,0.0,1.0
S6,R4,PZ050,6,0.0,0.0,0.0,0.0,0.0,0.0,0.0,0.0,1.0
S6,R4,PZ050,7,0.0,0.0,0.0,0.0,0.0,0.0,0.0,0.0,1.0
S6,R4,PZ050,8,0.0,0.0,0.0,0.0,0.0,0.0,0.0,0.0,1.0
S6,R4,PZ050,9,0.0,0.0,0.0,0.0,0.0,0.0,0.0,0.0,1.0
S6,R4,PZ050,10,0.0,0.0,0.0,-0.0,0.0,0.0,0.0,0.0,1.0
S6,R4,PZ050,11,0.0,489.743757251502,0.0,489.743757251502,0.0,-0.0,0.0,0.0,1.0
S6,R4,PZ050,12,0.0,2785.4316751499614,0.0,2785.4316751499614,0.0,-0.0,0.0,0.0,1.0
S6,R4,PZ050,13,0.0,503.58347050811363,5166.840431637131,503.5834705081138,0.0,-0.0,0.0,0.0,1.0
S6,R4,PZ050,14,0.0,7847.083214460463,0.0,7847.083214460468,0.0,-0.0,0.0,0.0,1.0
S6,R4,PZ050,15,0.0,9179.775028242237,0.0,9179.775028242237,0.0,-0.0,0.0,0.0,1.0
S6,R4,PZ050,16,0.0,0.0,9989.018910657356,0.0,0.0,0.0,0.0,0.0,1.0
S6,R4,PZ050,17,0.0,0.0,10031.188908816512,0.0,0.0,0.0,0.0,0.0,1.0
S6,R4,PZ050,18,0.0,9375.306338240138,0.0,9375.306338240138,0.0,-0.0,0.0,0.0,1.0
S6,R4,PZ050,19,0.0,7722.2805996959005,0.0,7722.280599695894,0.0,-0.0,0.0,0.0,1.0
S6,R4,PZ050,20,0.0,5526.220595315188,0.0,5526.220595315186,0.0,-0.0,0.0,0.0,1.0
S6,R4,PZ050,21,0.0,2793.6985966179013,0.0,2793.6985966179013,0.0,0.0,0.0,0.0,1.0
S6,R4,PZ050,22,0.0,431.37672451859714,0.0,431.37672451859714,0.0,-0.0,0.0,0.0,1.0
S6,R4,PZ050,23,0.0,0.0,0.0,-0.0,0.0,-0.0,0.0,0.0,1.0
S6,R4,PZ052,0,0.0,0.0,0.0,0.0,0.0,0.0,0.0,0.0,1.0
S6,R4,PZ052,1,0.0,0.0,0.0,0.0,0.0,0.0,0.0,0.0,1.0
S6,R4,PZ052,2,0.0,0.0,0.0,0.0,0.0,0.0,0.0,0.0,1.0
S6,R4,PZ052,3,0.0,0.0,0.0,0.0,0.0,0.0,0.0,0.0,1.0
S6,R4,PZ052,4,0.0,0.0,0.0,0.0,0.0,0.0,0.0,0.0,1.0
S6,R4,PZ052,5,0.0,0.0,0.0,0.0,0.0,0.0,0.0,0.0,1.0
S6,R4,PZ052,6,0.0,0.0,0.0,0.0,0.0,0.0,0.0,0.0,1.0
S6,R4,PZ052,7,0.0,0.0,0.0,0.0,0.0,0.0,0.0,0.0,1.0
S6,R4,PZ052,8,0.0,0.0,0.0,0.0,0.0,0.0,0.0,0.0,1.0
S6,R4,PZ052,9,0.0,0.0,0.0,0.0,0.0,0.0,0.0,0.0,1.0
S6,R4,PZ052,10,0.0,0.0,0.0,0.0,0.0,0.0,0.0,0.0,1.0
S6,R4,PZ052,11,0.0,2232.82567509739,0.0,2232.82567509739,-0.0,0.0,0.0,0.0,1.0
S6,R4,PZ052,12,0.0,0.0,12699.260109834288,0.0,0.0,0.0,0.0,0.0,1.0
S6,R4,PZ052,13,0.0,11700.0,14152.433828766276,11700.0,0.0,0.0,0.0,0.0,1.0
S6,R4,PZ052,14,0.0,11700.0,24076.19646282759,11700.0,0.0,0.0,0.0,0.0,1.0
S6,R4,PZ052,15,0.0,11700.0,30152.166712053113,11700.0,0.0,0.0,0.0,0.0,1.0
S6,R4,PZ052,16,0.0,0.0,45541.64818336885,0.0,0.0,0.0,0.0,0.0,1.0
S6,R4,PZ052,17,0.0,0.0,45733.90842806702,0.0,0.0,0.0,0.0,0.0,1.0
S6,R4,PZ052,18,0.0,11700.0,31043.62744592529,11700.0,0.0,0.0,0.0,0.0,1.0
S6,R4,PZ052,19,0.0,11700.0,23507.199965292857,11700.0,0.0,0.0,0.0,0.0,1.0
S6,R4,PZ052,20,0.0,11700.0,13494.986253056297,11700.0,0.0,0.0,0.0,0.0,1.0
S6,R4,PZ052,21,0.0,0.0,12736.950420806748,0.0,0.0,0.0,0.0,0.0,1.0
S6,R4,PZ052,22,0.0,1966.7203754674983,0.0,1966.7203754674983,0.0,0.0,0.0,0.0,1.0
S6,R4,PZ052,23,0.0,0.0,0.0,0.0,0.0,0.0,0.0,0.0,1.0
S6,R5,PZ001,0,0.0,0.0,0.0,0.0,0.0,0.0,0.0,0.0,1.0
S6,R5,PZ001,1,0.0,0.0,0.0,0.0,0.0,0.0,0.0,0.0,1.0
S6,R5,PZ001,2,0.0,0.0,0.0,0.0,0.0,0.0,0.0,0.0,1.0
S6,R5,PZ001,3,0.0,0.0,0.0,0.0,0.0,0.0,0.0,0.0,1.0
S6,R5,PZ001,4,0.0,0.0,0.0,0.0,0.0,0.0,0.0,0.0,1.0
S6,R5,PZ001,5,0.0,0.0,0.0,0.0,0.0,0.0,0.0,0.0,1.0
S6,R5,PZ001,6,0.0,0.0,0.0,0.0,0.0,0.0,0.0,0.0,1.0
S6,R5,PZ001,7,0.0,0.0,0.0,0.0,0.0,0.0,0.0,0.0,1.0
S6,R5,PZ001,8,0.0,0.0,0.0,0.0,0.0,0.0,0.0,0.0,1.0
S6,R5,PZ001,9,0.0,0.0,0.0,0.0,0.0,0.0,0.0,0.0,1.0
S6,R5,PZ001,10,0.0,0.0,0.0,0.0,0.0,0.0,0.0,0.0,1.0
S6,R5,PZ001,11,0.0,0.0,3342.0050564754247,0.0,0.0,0.0,0.0,0.0,1.0
S6,R5,PZ001,12,0.0,4800.0,14207.749675178598,4800.0,0.0,0.0,0.0,0.0,1.0
S6,R5,PZ001,13,0.0,4800.0,33894.899266672364,4800.0,0.0,0.0,0.0,0.0,1.0
S6,R5,PZ001,14,0.0,4800.0,48748.39422249698,4800.0,0.0,0.0,0.0,0.0,1.0
S6,R5,PZ001,15,0.0,4800.0,57842.66589913392,4800.0,0.0,0.0,0.0,0.0,1.0
S6,R5,PZ001,16,0.0,0.0,68164.93567165962,0.0,0.0,0.0,0.0,0.0,1.0
S6,R5,PZ001,17,0.0,0.0,68452.703192925,0.0,0.0,0.0,0.0,0.0,1.0
S6,R5,PZ001,18,0.0,4800.0,59176.969026098894,4800.0,0.0,0.0,0.0,0.0,1.0
S6,R5,PZ001,19,0.0,4800.0,47896.74279574826,4800.0,0.0,0.0,0.0,0.0,1.0
S6,R5,PZ001,20,0.0,4800.0,32910.85776854044,4800.0,0.0,0.0,0.0,0.0,1.0
S6,R5,PZ001,21,0.0,4800.0,14264.163040205225,4800.0,0.0,0.0,0.0,0.0,1.0
S6,R5,PZ001,22,0.0,0.0,2943.7091810577363,0.0,0.0,0.0,0.0,0.0,1.0
S6,R5,PZ001,23,0.0,0.0,0.0,0.0,0.0,0.0,0.0,0.0,1.0
S6,R5,PZ006,0,0.0,0.0,0.0,0.0,0.0,0.0,0.0,0.0,1.0
S6,R5,PZ006,1,0.0,0.0,0.0,0.0,0.0,0.0,0.0,0.0,1.0
S6,R5,PZ006,2,0.0,0.0,0.0,0.0,0.0,0.0,0.0,0.0,1.0
S6,R5,PZ006,3,0.0,0.0,0.0,0.0,0.0,0.0,0.0,0.0,1.0
S6,R5,PZ006,4,0.0,0.0,0.0,0.0,0.0,0.0,0.0,0.0,1.0
S6,R5,PZ006,5,0.0,0.0,0.0,0.0,0.0,0.0,0.0,0.0,1.0
S6,R5,PZ006,6,0.0,0.0,0.0,0.0,0.0,0.0,0.0,0.0,1.0
S6,R5,PZ006,7,0.0,0.0,0.0,0.0,0.0,0.0,0.0,0.0,1.0
S6,R5,PZ006,8,0.0,0.0,0.0,0.0,0.0,0.0,0.0,0.0,1.0
S6,R5,PZ006,9,0.0,0.0,0.0,0.0,0.0,0.0,0.0,0.0,1.0
S6,R5,PZ006,10,0.0,0.0,0.0,0.0,0.0,0.0,0.0,0.0,1.0
S6,R5,PZ006,11,0.0,750.0,12900.382926182117,750.0,0.0,0.0,0.0,0.0,1.0
S6,R5,PZ006,12,0.0,750.0,76886.94466244729,750.0,0.0,0.0,0.0,0.0,1.0
S6,R5,PZ006,13,0.0,750.0,157298.890816813,750.0,0.0,0.0,0.0,0.0,1.0
S6,R5,PZ006,14,0.0,750.0,217967.827731275,750.0,0.0,0.0,0.0,0.0,1.0
S6,R5,PZ006,15,0.0,750.0,255113.280452926,750.0,0.0,0.0,0.0,0.0,1.0
S6,R5,PZ006,16,0.0,0.0,278418.93065177865,0.0,0.0,0.0,0.0,0.0,1.0
S6,R5,PZ006,17,0.0,0.0,279594.31392996357,0.0,0.0,0.0,0.0,0.0,1.0
S6,R5,PZ006,18,0.0,750.0,260563.22691167938,750.0,0.0,0.0,0.0,0.0,1.0
S6,R5,PZ006,19,0.0,750.0,214489.26683795013,750.0,0.0,0.0,0.0,0.0,1.0
S6,R5,PZ006,20,0.0,750.0,153279.5841318252,750.0,0.0,0.0,0.0,0.0,1.0
S6,R5,PZ006,21,0.0,750.0,77117.36443194342,750.0,0.0,0.0,0.0,0.0,1.0
S6,R5,PZ006,22,0.0,750.0,11273.547800114333,750.0,0.0,0.0,0.0,0.0,1.0
S6,R5,PZ006,23,0.0,0.0,0.0,0.0,0.0,0.0,0.0,0.0,1.0
S6,R5,PZ039,0,0.0,0.0,0.0,0.0,0.0,0.0,0.0,0.0,1.0
S6,R5,PZ039,1,0.0,0.0,0.0,0.0,0.0,0.0,0.0,0.0,1.0
S6,R5,PZ039,2,0.0,0.0,0.0,0.0,0.0,0.0,0.0,0.0,1.0
S6,R5,PZ039,3,0.0,0.0,0.0,0.0,0.0,0.0,0.0,0.0,1.0
S6,R5,PZ039,4,0.0,0.0,0.0,0.0,0.0,0.0,0.0,0.0,1.0
S6,R5,PZ039,5,0.0,0.0,0.0,0.0,0.0,0.0,0.0,0.0,1.0
S6,R5,PZ039,6,0.0,0.0,0.0,0.0,0.0,0.0,0.0,0.0,1.0
S6,R5,PZ039,7,0.0,0.0,0.0,0.0,0.0,0.0,0.0,0.0,1.0
S6,R5,PZ039,8,0.0,0.0,0.0,0.0,0.0,0.0,0.0,0.0,1.0
S6,R5,PZ039,9,0.0,0.0,0.0,0.0,0.0,0.0,0.0,0.0,1.0
S6,R5,PZ039,10,0.0,0.0,0.0,0.0,0.0,0.0,0.0,0.0,1.0
S6,R5,PZ039,11,0.0,6300.0,8878.05567628007,6300.0,0.0,0.0,0.0,0.0,1.0
S6,R5,PZ039,12,0.0,6300.0,80025.62727326222,6300.0,0.0,0.0,0.0,0.0,1.0
S6,R5,PZ039,13,0.0,6300.0,169436.81832695956,6300.0,0.0,0.0,0.0,0.0,1.0
S6,R5,PZ039,14,0.0,6300.0,236895.47551541228,6300.0,0.0,0.0,0.0,0.0,1.0
S6,R5,PZ039,15,0.0,6300.0,278198.03476072545,6300.0,0.0,0.0,0.0,0.0,1.0
S6,R5,PZ039,16,0.0,0.0,309577.98426721414,0.0,0.0,0.0,0.0,0.0,1.0
S6,R5,PZ039,17,0.0,0.0,310884.90971639263,0.0,0.0,0.0,0.0,0.0,1.0
S6,R5,PZ039,18,0.0,6300.0,284257.9080427448,6300.0,0.0,0.0,0.0,0.0,1.0
S6,R5,PZ039,19,0.0,6300.0,233027.61399110686,6300.0,0.0,0.0,0.0,0.0,1.0
S6,R5,PZ039,20,0.0,6300.0,164967.6938361163,6300.0,0.0,0.0,0.0,0.0,1.0
S6,R5,PZ039,21,0.0,6300.0,80281.8343049067,6300.0,0.0,0.0,0.0,0.0,1.0
S6,R5,PZ039,22,0.0,6300.0,7069.154471594882,6300.0,0.0,0.0,0.0,0.0,1.0
S6,R5,PZ039,23,0.0,0.0,0.0,0.0,0.0,0.0,0.0,0.0,1.0
S6,R5,PZ040,0,0.0,0.0,0.0,0.0,0.0,0.0,0.0,0.0,1.0
S6,R5,PZ040,1,0.0,0.0,0.0,0.0,0.0,0.0,0.0,0.0,1.0
S6,R5,PZ040,2,0.0,0.0,0.0,0.0,0.0,0.0,0.0,0.0,1.0
S6,R5,PZ040,3,0.0,0.0,0.0,0.0,0.0,0.0,0.0,0.0,1.0
S6,R5,PZ040,4,0.0,0.0,0.0,0.0,0.0,0.0,0.0,0.0,1.0
S6,R5,PZ040,5,0.0,0.0,0.0,0.0,0.0,0.0,0.0,0.0,1.0
S6,R5,PZ040,6,0.0,0.0,0.0,0.0,0.0,0.0,0.0,0.0,1.0
S6,R5,PZ040,7,0.0,0.0,0.0,0.0,0.0,0.0,0.0,0.0,1.0
S6,R5,PZ040,8,0.0,0.0,0.0,0.0,0.0,0.0,0.0,0.0,1.0
S6,R5,PZ040,9,0.0,0.0,0.0,0.0,0.0,0.0,0.0,0.0,1.0
S6,R5,PZ040,10,0.0,0.0,0.0,0.0,0.0,0.0,0.0,0.0,1.0
S6,R5,PZ040,11,0.0,6600.0,10708.303427457282,6600.0,0.0,0.0,0.0,0.0,1.0
S6,R5,PZ040,12,0.0,6600.0,91841.47249678554,6600.0,0.0,0.0,0.0,0.0,1.0
S6,R5,PZ040,13,0.0,6600.0,193801.5692031268,6600.0,0.0,0.0,0.0,0.0,1.0
S6,R5,PZ040,14,0.0,6600.0,270728.0828705693,6600.0,0.0,0.0,0.0,0.0,1.0
S6,R5,PZ040,15,0.0,6600.0,317827.4770878145,6600.0,0.0,0.0,0.0,0.0,1.0
S6,R5,PZ040,16,0.0,0.0,353027.41012680065,0.0,0.0,0.0,0.0,0.0,1.0
S6,R5,PZ040,17,0.0,0.0,354517.76322036574,0.0,0.0,0.0,0.0,0.0,1.0
S6,R5,PZ040,18,0.0,6600.0,324737.8566340594,6600.0,0.0,0.0,0.0,0.0,1.0
S6,R5,PZ040,19,0.0,6600.0,266317.36503516906,6600.0,0.0,0.0,0.0,0.0,1.0
S6,R5,PZ040,20,0.0,6600.0,188705.20084130287,6600.0,0.0,0.0,0.0,0.0,1.0
S6,R5,PZ040,21,0.0,6600.0,92133.63831423482,6600.0,0.0,0.0,0.0,0.0,1.0
S6,R5,PZ040,22,0.0,6600.0,8645.522028525318,6600.0,0.0,0.0,0.0,0.0,1.0
S6,R5,PZ040,23,0.0,0.0,0.0,0.0,0.0,0.0,0.0,0.0,1.0
S6,R5,PZ041,0,0.0,0.0,0.0,0.0,0.0,0.0,0.0,0.0,1.0
S6,R5,PZ041,1,0.0,0.0,0.0,0.0,0.0,0.0,0.0,0.0,1.0
S6,R5,PZ041,2,0.0,0.0,0.0,0.0,0.0,0.0,0.0,0.0,1.0
S6,R5,PZ041,3,0.0,0.0,0.0,0.0,0.0,0.0,0.0,0.0,1.0
S6,R5,PZ041,4,0.0,0.0,0.0,0.0,0.0,0.0,0.0,0.0,1.0
S6,R5,PZ041,5,0.0,0.0,0.0,0.0,0.0,0.0,0.0,0.0,1.0
S6,R5,PZ041,6,0.0,0.0,0.0,0.0,0.0,0.0,0.0,0.0,1.0
S6,R5,PZ041,7,0.0,0.0,0.0,0.0,0.0,0.0,0.0,0.0,1.0
S6,R5,PZ041,8,0.0,0.0,0.0,0.0,0.0,0.0,0.0,0.0,1.0
S6,R5,PZ041,9,0.0,0.0,0.0,0.0,0.0,0.0,0.0,0.0,1.0
S6,R5,PZ041,10,0.0,0.0,0.0,0.0,0.0,0.0,0.0,0.0,1.0
S6,R5,PZ041,11,0.0,816.4773113102248,0.0,816.4773113102248,0.0,0.0,0.0,0.0,1.0
S6,R5,PZ041,12,0.0,0.0,4643.738141202822,0.0,0.0,0.0,0.0,0.0,1.0
S6,R5,PZ041,13,0.0,0.0,9453.458861008448,0.0,0.0,0.0,0.0,0.0,1.0
S6,R5,PZ041,14,0.0,6900.0,6182.280906502816,6900.0,0.0,0.0,0.0,0.0,1.0
S6,R5,PZ041,15,0.0,6900.0,8404.080802489856,6900.0,0.0,0.0,0.0,0.0,1.0
S6,R5,PZ041,16,0.0,6900.0,9753.21340402955,6900.0,0.0,0.0,0.0,0.0,1.0
S6,R5,PZ041,17,0.0,6900.0,9823.517203118638,6900.0,0.0,0.0,0.0,0.0,1.0
S6,R5,PZ041,18,0.0,6900.0,8730.061227763696,6900.0,0.0,0.0,0.0,0.0,1.0
S6,R5,PZ041,19,0.0,6900.0,5974.215970832534,6900.0,0.0,0.0,0.0,0.0,1.0
S6,R5,PZ041,20,0.0,0.0,9213.050021693352,0.0,0.0,0.0,0.0,0.0,1.0
S6,R5,PZ041,21,0.0,0.0,4657.520356316368,0.0,0.0,0.0,0.0,0.0,1.0
S6,R5,PZ041,22,0.0,719.1705927471023,0.0,719.1705927471023,-0.0,0.0,0.0,0.0,1.0
S6,R5,PZ041,23,0.0,0.0,0.0,0.0,0.0,0.0,0.0,0.0,1.0
S6,R5,PZ047,0,0.0,0.0,0.0,0.0,0.0,0.0,0.0,0.0,1.0
S6,R5,PZ047,1,0.0,0.0,0.0,0.0,0.0,0.0,0.0,0.0,1.0
S6,R5,PZ047,2,0.0,0.0,0.0,0.0,0.0,0.0,0.0,0.0,1.0
S6,R5,PZ047,3,0.0,0.0,0.0,0.0,0.0,0.0,0.0,0.0,1.0
S6,R5,PZ047,4,0.0,0.0,0.0,0.0,0.0,0.0,0.0,0.0,1.0
S6,R5,PZ047,5,0.0,0.0,0.0,0.0,0.0,0.0,0.0,0.0,1.0
S6,R5,PZ047,6,0.0,0.0,0.0,0.0,0.0,0.0,0.0,0.0,1.0
S6,R5,PZ047,7,0.0,0.0,0.0,0.0,0.0,0.0,0.0,0.0,1.0
S6,R5,PZ047,8,0.0,0.0,0.0,0.0,0.0,0.0,0.0,0.0,1.0
S6,R5,PZ047,9,0.0,0.0,0.0,0.0,0.0,0.0,0.0,0.0,1.0
S6,R5,PZ047,10,0.0,0.0,0.0,0.0,0.0,0.0,0.0,0.0,1.0
S6,R5,PZ047,11,0.0,0.0,8371.79595575555,0.0,0.0,0.0,0.0,0.0,1.0
S6,R5,PZ047,12,0.0,8850.0,38764.82977123203,8850.0,0.0,0.0,0.0,0.0,1.0
S6,R5,PZ047,13,0.0,8850.0,88081.57123189355,8850.0,0.0,0.0,0.0,0.0,1.0
S6,R5,PZ047,14,0.0,8850.0,125289.90182943954,8850.0,0.0,0.0,0.0,0.0,1.0
S6,R5,PZ047,15,0.0,8850.0,148071.25181438122,8850.0,0.0,0.0,0.0,0.0,1.0
S6,R5,PZ047,16,0.0,0.0,170754.65869646973,0.0,0.0,0.0,0.0,0.0,1.0
S6,R5,PZ047,17,0.0,0.0,171475.52264790493,0.0,0.0,0.0,0.0,0.0,1.0
S6,R5,PZ047,18,0.0,8850.0,151413.7104083422,8850.0,0.0,0.0,0.0,0.0,1.0
S6,R5,PZ047,19,0.0,8850.0,123156.49632894405,8850.0,0.0,0.0,0.0,0.0,1.0
S6,R5,PZ047,20,0.0,8850.0,85616.525699304,8850.0,0.0,0.0,0.0,0.0,1.0
S6,R5,PZ047,21,0.0,8850.0,38906.14648775387,8850.0,0.0,0.0,0.0,0.0,1.0
S6,R5,PZ047,22,0.0,0.0,7374.056053311318,0.0,0.0,0.0,0.0,0.0,1.0
S6,R5,PZ047,23,0.0,0.0,0.0,0.0,0.0,0.0,0.0,0.0,1.0
S6,R5,PZ048,0,0.0,0.0,0.0,0.0,0.0,0.0,0.0,0.0,1.0
S6,R5,PZ048,1,0.0,0.0,0.0,0.0,0.0,0.0,0.0,0.0,1.0
S6,R5,PZ048,2,0.0,0.0,0.0,0.0,0.0,0.0,0.0,0.0,1.0
S6,R5,PZ048,3,0.0,0.0,0.0,0.0,0.0,0.0,0.0,0.0,1.0
S6,R5,PZ048,4,0.0,0.0,0.0,0.0,0.0,0.0,0.0,0.0,1.0
S6,R5,PZ048,5,0.0,0.0,0.0,0.0,0.0,0.0,0.0,0.0,1.0
S6,R5,PZ048,6,0.0,0.0,0.0,0.0,0.0,0.0,0.0,0.0,1.0
S6,R5,PZ048,7,0.0,0.0,0.0,0.0,0.0,0.0,0.0,0.0,1.0
S6,R5,PZ048,8,0.0,0.0,0.0,0.0,0.0,0.0,0.0,0.0,1.0
S6,R5,PZ048,9,0.0,0.0,0.0,0.0,0.0,0.0,0.0,0.0,1.0
S6,R5,PZ048,10,0.0,0.0,0.0,0.0,0.0,0.0,0.0,0.0,1.0
S6,R5,PZ048,11,0.0,0.0,8601.715496222076,0.0,0.0,0.0,0.0,0.0,1.0
S6,R5,PZ048,12,0.0,10950.0,37972.503756390164,10950.0,0.0,0.0,0.0,0.0,1.0
S6,R5,PZ048,13,0.0,10950.0,88643.65980071654,10950.0,0.0,0.0,0.0,0.0,1.0
S6,R5,PZ048,14,0.0,10950.0,126873.86459559447,10950.0,0.0,0.0,0.0,0.0,1.0
S6,R5,PZ048,15,0.0,10950.0,150280.87215119682,10950.0,0.0,0.0,0.0,0.0,1.0
S6,R5,PZ048,16,0.0,0.0,175444.1939966009,0.0,0.0,0.0,0.0,0.0,1.0
S6,R5,PZ048,17,0.0,0.0,176184.85545735533,0.0,0.0,0.0,0.0,0.0,1.0
S6,R5,PZ048,18,0.0,10950.0,153715.12664510726,10950.0,0.0,0.0,0.0,0.0,1.0
S6,R5,PZ048,19,0.0,10950.0,124681.86812908703,10950.0,0.0,0.0,0.0,0.0,1.0
S6,R5,PZ048,20,0.0,10950.0,86110.915277483,10950.0,0.0,0.0,0.0,0.0,1.0
S6,R5,PZ048,21,0.0,10950.0,38117.701536747605,10950.0,0.0,0.0,0.0,0.0,1.0
S6,R5,PZ048,22,0.0,0.0,7576.574077891952,0.0,0.0,0.0,0.0,0.0,1.0
S6,R5,PZ048,23,0.0,0.0,0.0,0.0,0.0,0.0,0.0,0.0,1.0
S6,R5,PZ049,0,0.0,0.0,0.0,0.0,0.0,0.0,0.0,0.0,1.0
S6,R5,PZ049,1,0.0,0.0,0.0,0.0,0.0,0.0,0.0,0.0,1.0
S6,R5,PZ049,2,0.0,0.0,0.0,0.0,0.0,0.0,0.0,0.0,1.0
S6,R5,PZ049,3,0.0,0.0,0.0,0.0,0.0,0.0,0.0,0.0,1.0
S6,R5,PZ049,4,0.0,0.0,0.0,0.0,0.0,0.0,0.0,0.0,1.0
S6,R5,PZ049,5,0.0,0.0,0.0,0.0,0.0,0.0,0.0,0.0,1.0
S6,R5,PZ049,6,0.0,0.0,0.0,0.0,0.0,0.0,0.0,0.0,1.0
S6,R5,PZ049,7,0.0,0.0,0.0,0.0,0.0,0.0,0.0,0.0,1.0
S6,R5,PZ049,8,0.0,0.0,0.0,0.0,0.0,0.0,0.0,0.0,1.0
S6,R5,PZ049,9,0.0,0.0,0.0,0.0,0.0,0.0,0.0,0.0,1.0
S6,R5,PZ049,10,0.0,0.0,0.0,0.0,0.0,0.0,0.0,0.0,1.0
S6,R5,PZ049,11,0.0,0.0,8399.250743529328,0.0,0.0,0.0,0.0,0.0,1.0
S6,R5,PZ049,12,0.0,10050.0,37720.97966465544,10050.0,0.0,0.0,0.0,0.0,1.0
S6,R5,PZ049,13,0.0,10050.0,87199.45233301152,10050.0,0.0,0.0,0.0,0.0,1.0
S6,R5,PZ049,14,0.0,10050.0,124529.80535267232,10050.0,0.0,0.0,0.0,0.0,1.0
S6,R5,PZ049,15,0.0,10050.0,147385.86536785628,10050.0,0.0,0.0,0.0,0.0,1.0
S6,R5,PZ049,16,0.0,0.0,171314.63805342867,0.0,0.0,0.0,0.0,0.0,1.0
S6,R5,PZ049,17,0.0,0.0,172037.86603367023,0.0,0.0,0.0,0.0,0.0,1.0
S6,R5,PZ049,18,0.0,10050.0,150739.28534833752,10050.0,0.0,0.0,0.0,0.0,1.0
S6,R5,PZ049,19,0.0,10050.0,122389.40348060243,10050.0,0.0,0.0,0.0,0.0,1.0
S6,R5,PZ049,20,0.0,10050.0,84726.32283584523,10050.0,0.0,0.0,0.0,0.0,1.0
S6,R5,PZ049,21,0.0,10050.0,37862.75982062104,10050.0,0.0,0.0,0.0,0.0,1.0
S6,R5,PZ049,22,0.0,0.0,7398.23881469795,0.0,0.0,0.0,0.0,0.0,1.0
S6,R5,PZ049,23,0.0,0.0,0.0,0.0,0.0,0.0,0.0,0.0,1.0
S6,R5,PZ050,0,0.0,0.0,0.0,-0.0,0.0,-0.0,0.0,0.0,1.0
S6,R5,PZ050,1,0.0,0.0,0.0,-0.0,0.0,0.0,0.0,0.0,1.0
S6,R5,PZ050,2,0.0,0.0,0.0,-0.0,0.0,0.0,0.0,0.0,1.0
S6,R5,PZ050,3,0.0,0.0,0.0,-0.0,0.0,0.0,0.0,0.0,1.0
S6,R5,PZ050,4,0.0,0.0,0.0,-0.0,0.0,0.0,0.0,0.0,1.0
S6,R5,PZ050,5,0.0,0.0,0.0,-0.0,0.0,0.0,0.0,0.0,1.0
S6,R5,PZ050,6,0.0,0.0,0.0,0.0,0.0,0.0,0.0,0.0,1.0
S6,R5,PZ050,7,0.0,0.0,0.0,0.0,0.0,0.0,0.0,0.0,1.0
S6,R5,PZ050,8,0.0,0.0,0.0,0.0,0.0,0.0,0.0,0.0,1.0
S6,R5,PZ050,9,0.0,0.0,0.0,0.0,0.0,0.0,0.0,0.0,1.0
S6,R5,PZ050,10,0.0,0.0,0.0,-0.0,0.0,-2.2737367544323206e-13,0.0,0.0,1.0
S6,R5,PZ050,11,0.0,1088.4013065262009,0.0,1088.4013065262009,0.0,0.0,0.0,0.0,1.0
S6,R5,PZ050,12,0.0,0.0,6190.313668287978,-0.0,0.0,0.0,0.0,0.0,1.0
S6,R5,PZ050,13,0.0,0.0,12601.889645900848,-0.0,0.0,0.0,0.0,0.0,1.0
S6,R5,PZ050,14,0.0,11850.0,5589.274103197145,11850.0,0.0,0.0,0.0,0.0,1.0
S6,R5,PZ050,15,0.0,11850.0,8551.03418658697,11850.0,0.0,0.0,0.0,0.0,1.0
S6,R5,PZ050,16,0.0,0.0,22199.489166109324,0.0,0.0,0.0,0.0,0.0,1.0
S6,R5,PZ050,17,0.0,0.0,22293.207320578953,0.0,0.0,0.0,0.0,0.0,1.0
S6,R5,PZ050,18,0.0,11850.0,8985.580885993302,11850.0,0.0,0.0,0.0,0.0,1.0
S6,R5,PZ050,19,0.0,0.0,17161.914102265313,-0.0,0.0,0.0,0.0,0.0,1.0
S6,R5,PZ050,20,0.0,9057.41165842922,3224.00209526208,9057.41165842922,0.0,0.0,0.0,0.0,1.0
S6,R5,PZ050,21,0.0,0.0,6208.685986451157,-0.0,0.0,0.0,0.0,0.0,1.0
S6,R5,PZ050,22,0.0,958.6870350445782,0.0,958.6870350445788,0.0,0.0,0.0,0.0,1.0
S6,R5,PZ050,23,0.0,0.0,0.0,-0.0,0.0,0.0,0.0,0.0,1.0
S6,R5,PZ052,0,0.0,0.0,0.0,0.0,0.0,0.0,0.0,0.0,1.0
S6,R5,PZ052,1,0.0,0.0,0.0,0.0,0.0,0.0,0.0,0.0,1.0
S6,R5,PZ052,2,0.0,0.0,0.0,0.0,0.0,0.0,0.0,0.0,1.0
S6,R5,PZ052,3,0.0,0.0,0.0,0.0,0.0,0.0,0.0,0.0,1.0
S6,R5,PZ052,4,0.0,0.0,0.0,0.0,0.0,0.0,0.0,0.0,1.0
S6,R5,PZ052,5,0.0,0.0,0.0,0.0,0.0,0.0,0.0,0.0,1.0
S6,R5,PZ052,6,0.0,0.0,0.0,0.0,0.0,0.0,0.0,0.0,1.0
S6,R5,PZ052,7,0.0,0.0,0.0,0.0,0.0,0.0,0.0,0.0,1.0
S6,R5,PZ052,8,0.0,0.0,0.0,0.0,0.0,0.0,0.0,0.0,1.0
S6,R5,PZ052,9,0.0,0.0,0.0,0.0,0.0,0.0,0.0,0.0,1.0
S6,R5,PZ052,10,0.0,0.0,0.0,0.0,0.0,0.0,0.0,0.0,1.0
S6,R5,PZ052,11,0.0,0.0,9974.815674760795,0.0,0.0,0.0,0.0,0.0,1.0
S6,R5,PZ052,12,0.0,11700.0,45032.050430186144,11700.0,0.0,0.0,0.0,0.0,1.0
S6,R5,PZ052,13,0.0,11700.0,103791.89220723484,11700.0,0.0,0.0,0.0,0.0,1.0
S6,R5,PZ052,14,0.0,11700.0,148124.8216333185,11700.0,0.0,0.0,0.0,0.0,1.0
S6,R5,PZ052,15,0.0,11700.0,175268.3124831859,11700.0,0.0,0.0,0.0,0.0,1.0
S6,R5,PZ052,16,0.0,0.0,203450.52066552176,0.0,0.0,0.0,0.0,0.0,1.0
S6,R5,PZ052,17,0.0,0.0,204309.41463285533,0.0,0.0,0.0,0.0,0.0,1.0
S6,R5,PZ052,18,0.0,11700.0,179250.78034927856,11700.0,0.0,0.0,0.0,0.0,1.0
S6,R5,PZ052,19,0.0,11700.0,145582.91464712002,11700.0,0.0,0.0,0.0,0.0,1.0
S6,R5,PZ052,20,0.0,11700.0,100854.84322187715,11700.0,0.0,0.0,0.0,0.0,1.0
S6,R5,PZ052,21,0.0,11700.0,45200.42627289868,11700.0,0.0,0.0,0.0,0.0,1.0
S6,R5,PZ052,22,0.0,0.0,8786.029938601887,0.0,0.0,0.0,0.0,0.0,1.0
S6,R5,PZ052,23,0.0,0.0,0.0,0.0,0.0,0.0,0.0,0.0,1.0
