scenario,scenario_label,roof_scenario,roof_label,depot_id,depot_name,grid_cap_kw,pv_cap_max_kwp,installed_pv_kwp,installed_bess_energy_kwh,installed_bess_power_kw,grid_energy_kwh,peak_grid_kw,bus_charge_kwh,unserved_kwh,pv_generation_kwh,pv_used_kwh,pv_curtailment_pct,bess_charge_kwh,bess_discharge_kwh,energy_cost_cop,co2_kg,objective_cop,termination_condition,solver,solver_manager,capacity_mode
S0,"Unmanaged charging, no PV/BESS",R0,No PV,PZ001,Las Mercedes,3120.0,0.0,0.0,0.0,0.0,23478.0,3052.1400000000003,23478.0,0.0,0.0,0.0,0.0,0.0,0.0,6080461.41912674,4155.606,9132601.41912674,optimal,appsi_highs,local,optimized
S0,"Unmanaged charging, no PV/BESS",R0,No PV,PZ006,Perdomo I,487.5,0.0,0.0,0.0,0.0,3354.0,436.02,3354.0,0.0,0.0,0.0,0.0,0.0,0.0,868637.3455895343,593.658,1304657.3455895341,optimal,appsi_highs,local,optimized
S0,"Unmanaged charging, no PV/BESS",R0,No PV,PZ039,El Refugio,4095.0,0.0,0.0,0.0,0.0,27735.000000000004,3605.55,27735.000000000004,0.0,0.0,0.0,0.0,0.0,0.0,7182962.665451918,4909.095,10788512.665451918,optimal,appsi_highs,local,optimized
S0,"Unmanaged charging, no PV/BESS",R0,No PV,PZ040,Aeropuerto,4290.0,0.0,0.0,0.0,0.0,28956.0,3764.28,28956.0,0.0,0.0,0.0,0.0,0.0,0.0,7499183.953157589,5125.2119999999995,11263463.953157589,optimal,appsi_highs,local,optimized
S0,"Unmanaged charging, no PV/BESS",R0,No PV,PZ041,Usme,4485.0,0.0,0.0,0.0,0.0,33615.25,4369.9825,33615.25,0.0,0.0,0.0,0.0,0.0,0.0,8705862.11428998,5949.8992499999995,13075844.61428998,optimal,appsi_highs,local,optimized
S0,"Unmanaged charging, no PV/BESS",R0,No PV,PZ047,Venecia,5752.5,0.0,0.0,0.0,0.0,34988.5,4548.505,34988.5,0.0,0.0,0.0,0.0,0.0,0.0,9061513.943398753,6192.9645,13610018.943398753,optimal,appsi_highs,local,optimized
S0,"Unmanaged charging, no PV/BESS",R0,No PV,PZ048,Venecia,7117.5,0.0,0.0,0.0,0.0,41629.0,5411.77,41629.0,0.0,0.0,0.0,0.0,0.0,0.0,10781307.113758713,7368.333,16193077.113758713,optimal,appsi_highs,local,optimized
S0,"Unmanaged charging, no PV/BESS",R0,No PV,PZ049,Escritorio IV,13600.0,0.0,0.0,0.0,0.0,38066.5,4948.645,38066.5,0.0,0.0,0.0,0.0,0.0,0.0,9858671.29275015,6737.7705000000005,14807316.29275015,optimal,appsi_highs,local,optimized
S0,"Unmanaged charging, no PV/BESS",R0,No PV,PZ050,Usme II,7702.5,0.0,0.0,0.0,0.0,46654.5,6065.085,46654.5,0.0,0.0,0.0,0.0,0.0,0.0,12082838.711928124,8257.8465,18147923.71192812,optimal,appsi_highs,local,optimized
S0,"Unmanaged charging, no PV/BESS",R0,No PV,PZ052,Perdomo,7605.0,0.0,0.0,0.0,0.0,40793.0,5303.09,40793.0,0.0,0.0,0.0,0.0,0.0,0.0,10564795.24109537,7220.361,15867885.24109537,optimal,appsi_highs,local,optimized
S1,"Smart charging, no PV/BESS",R0,No PV,PZ001,Las Mercedes,3120.0,0.0,0.0,0.0,0.0,23477.999999999993,1565.2,23477.999999999993,0.0,0.0,0.0,0.0,0.0,0.0,5061908.251768985,4155.605999999999,6627108.251768985,optimal,appsi_highs,local,optimized
S1,"Smart charging, no PV/BESS",R0,No PV,PZ006,Perdomo I,487.5,0.0,0.0,0.0,0.0,3354.000000000001,223.60000000000062,3354.000000000001,0.0,0.0,0.0,0.0,0.0,0.0,723129.7502527124,593.6580000000001,946729.7502527124,optimal,appsi_highs,local,optimized
S1,"Smart charging, no PV/BESS",R0,No PV,PZ039,El Refugio,4095.0,0.0,0.0,0.0,0.0,27735.0,1733.4375,27735.0,0.0,0.0,0.0,0.0,0.0,0.0,5948263.552318767,4909.094999999999,7681701.052318767,optimal,appsi_highs,local,optimized
S1,"Smart charging, no PV/BESS",R0,No PV,PZ040,Aeropuerto,4290.0,0.0,0.0,0.0,0.0,28955.99999999999,1930.4000000000012,28955.99999999999,0.0,0.0,0.0,0.0,0.0,0.0,6242977.05674345,5125.211999999999,8173377.0567434495,optimal,appsi_highs,local,optimized
S1,"Smart charging, no PV/BESS",R0,No PV,PZ041,Usme,4485.0,0.0,0.0,0.0,0.0,33615.249999999985,1977.3676470588234,33615.249999999985,0.0,0.0,0.0,0.0,0.0,0.0,7443398.775156964,5949.899249999997,9420766.422215788,optimal,appsi_highs,local,optimized
S1,"Smart charging, no PV/BESS",R0,No PV,PZ047,Venecia,5752.5,0.0,0.0,0.0,0.0,34988.50000000001,2332.566666666674,34988.50000000001,0.0,0.0,0.0,0.0,0.0,0.0,7543597.27689834,6192.964500000001,9876163.943565007,optimal,appsi_highs,local,optimized
S1,"Smart charging, no PV/BESS",R0,No PV,PZ048,Venecia,7117.5,0.0,0.0,0.0,0.0,41629.0,2775.266666666667,41629.0,0.0,0.0,0.0,0.0,0.0,0.0,8975303.629478283,7368.332999999999,11750570.29614495,optimal,appsi_highs,local,optimized
S1,"Smart charging, no PV/BESS",R0,No PV,PZ049,Escritorio IV,13600.0,0.0,0.0,0.0,0.0,38066.49999999999,2537.766666666667,38066.49999999999,0.0,0.0,0.0,0.0,0.0,0.0,8207220.8223001985,6737.770499999998,10744987.488966865,optimal,appsi_highs,local,optimized
S1,"Smart charging, no PV/BESS",R0,No PV,PZ050,Usme II,7702.5,0.0,0.0,0.0,0.0,46654.499999999985,3110.3000000000025,46654.499999999985,0.0,0.0,0.0,0.0,0.0,0.0,10058812.442804161,8257.846499999998,13169112.442804161,optimal,appsi_highs,local,optimized
S1,"Smart charging, no PV/BESS",R0,No PV,PZ052,Perdomo,7605.0,0.0,0.0,0.0,0.0,40793.0,2719.533333333336,40793.0,0.0,0.0,0.0,0.0,0.0,0.0,8795060.197393827,7220.361000000001,11514593.530727161,optimal,appsi_highs,local,optimized
S2,Smart charging with depot rooftop PV,R1,"Internal depot roofs, conservative",PZ001,Las Mercedes,3120.0,10.090496039105595,0.0,0.0,0.0,23478.0,1565.2,23478.0,0.0,0.0,0.0,0.0,0.0,0.0,5061908.251768987,4155.606,6627108.251768987,optimal,appsi_highs,local,optimized
S2,Smart charging with depot rooftop PV,R1,"Internal depot roofs, conservative",PZ006,Perdomo I,487.5,53.06603379939529,0.0,0.0,0.0,3354.0,223.6,3354.0,0.0,0.0,0.0,0.0,0.0,0.0,723129.7502527123,593.658,946729.7502527123,optimal,appsi_highs,local,optimized
S2,Smart charging with depot rooftop PV,R1,"Internal depot roofs, conservative",PZ039,El Refugio,4095.0,110.5606705870194,0.0,0.0,0.0,27735.0,1733.4375,27735.0,0.0,0.0,0.0,0.0,0.0,0.0,5948263.552318767,4909.094999999999,7681701.052318767,optimal,appsi_highs,local,optimized
S2,Smart charging with depot rooftop PV,R1,"Internal depot roofs, conservative",PZ040,Aeropuerto,4290.0,116.76465644982248,0.0,0.0,0.0,28956.0,1930.4,28956.0,0.0,0.0,0.0,0.0,0.0,0.0,6242977.056743451,5125.2119999999995,8173377.056743451,optimal,appsi_highs,local,optimized
S2,Smart charging with depot rooftop PV,R1,"Internal depot roofs, conservative",PZ041,Usme,4485.0,18.27096534361959,18.27096534361959,0.0,0.0,33547.63439294315,1973.3902584084208,33615.249999999985,0.0,67.61560705683107,67.61560705683107,0.0,0.0,0.0,7428426.70364929,5937.931287550938,9416994.37765274,optimal,appsi_highs,local,optimized
S2,Smart charging with depot rooftop PV,R1,"Internal depot roofs, conservative",PZ047,Venecia,5752.5,0.0,0.0,0.0,0.0,34988.50000000001,2332.566666666674,34988.50000000001,0.0,0.0,0.0,0.0,0.0,0.0,7543597.27689834,6192.964500000001,9876163.943565007,optimal,appsi_highs,local,optimized
S2,Smart charging with depot rooftop PV,R1,"Internal depot roofs, conservative",PZ048,Venecia,7117.5,0.0,0.0,0.0,0.0,41629.0,2775.266666666667,41629.0,0.0,0.0,0.0,0.0,0.0,0.0,8975303.629478283,7368.332999999999,11750570.29614495,optimal,appsi_highs,local,optimized
S2,Smart charging with depot rooftop PV,R1,"Internal depot roofs, conservative",PZ049,Escritorio IV,13600.0,0.0,0.0,0.0,0.0,38066.49999999999,2537.766666666667,38066.49999999999,0.0,0.0,0.0,0.0,0.0,0.0,8207220.8223001985,6737.770499999998,10744987.488966865,optimal,appsi_highs,local,optimized
S2,Smart charging with depot rooftop PV,R1,"Internal depot roofs, conservative",PZ050,Usme II,7702.5,265.1990981766183,0.0,0.0,0.0,46654.5,3110.2999999999997,46654.5,0.0,0.0,0.0,0.0,0.0,0.0,10058812.442804163,8257.846499999998,13169112.442804163,optimal,appsi_highs,local,optimized
S2,Smart charging with depot rooftop PV,R1,"Internal depot roofs, conservative",PZ052,Perdomo,7605.0,115.17133957979686,0.0,0.0,0.0,40793.0,2719.5333333333333,40793.0,0.0,0.0,0.0,0.0,0.0,0.0,8795060.197393825,7220.361,11514593.53072716,optimal,appsi_highs,local,optimized
S2,Smart charging with depot rooftop PV,R2,"Internal depot roofs, medium",PZ001,Las Mercedes,3120.0,16.144793662568954,0.0,0.0,0.0,23478.0,1565.2,23478.0,0.0,0.0,0.0,0.0,0.0,0.0,5061908.251768987,4155.606,6627108.251768987,optimal,appsi_highs,local,optimized
S2,Smart charging with depot rooftop PV,R2,"Internal depot roofs, medium",PZ006,Perdomo I,487.5,84.90565407903247,0.0,0.0,0.0,3354.0,223.6,3354.0,0.0,0.0,0.0,0.0,0.0,0.0,723129.7502527123,593.658,946729.7502527123,optimal,appsi_highs,local,optimized
S2,Smart charging with depot rooftop PV,R2,"Internal depot roofs, medium",PZ039,El Refugio,4095.0,176.89707293923104,0.0,0.0,0.0,27735.0,1733.4375,27735.0,0.0,0.0,0.0,0.0,0.0,0.0,5948263.552318767,4909.094999999999,7681701.052318767,optimal,appsi_highs,local,optimized
S2,Smart charging with depot rooftop PV,R2,"Internal depot roofs, medium",PZ040,Aeropuerto,4290.0,186.823450319716,0.0,0.0,0.0,28956.0,1930.4,28956.0,0.0,0.0,0.0,0.0,0.0,0.0,6242977.056743451,5125.2119999999995,8173377.056743451,optimal,appsi_highs,local,optimized
S2,Smart charging with depot rooftop PV,R2,"Internal depot roofs, medium",PZ041,Usme,4485.0,29.233544549791347,29.233544549791347,0.0,0.0,33507.065028709076,1971.003825218181,33615.25,0.0,108.18497129092972,108.18497129092972,0.0,0.0,0.0,7419443.460744691,5930.750510081507,9414731.150914919,optimal,appsi_highs,local,optimized
S2,Smart charging with depot rooftop PV,R2,"Internal depot roofs, medium",PZ047,Venecia,5752.5,0.0,0.0,0.0,0.0,34988.50000000001,2332.566666666674,34988.50000000001,0.0,0.0,0.0,0.0,0.0,0.0,7543597.27689834,6192.964500000001,9876163.943565007,optimal,appsi_highs,local,optimized
S2,Smart charging with depot rooftop PV,R2,"Internal depot roofs, medium",PZ048,Venecia,7117.5,0.0,0.0,0.0,0.0,41629.0,2775.266666666667,41629.0,0.0,0.0,0.0,0.0,0.0,0.0,8975303.629478283,7368.332999999999,11750570.29614495,optimal,appsi_highs,local,optimized
S2,Smart charging with depot rooftop PV,R2,"Internal depot roofs, medium",PZ049,Escritorio IV,13600.0,0.0,0.0,0.0,0.0,38066.49999999999,2537.766666666667,38066.49999999999,0.0,0.0,0.0,0.0,0.0,0.0,8207220.8223001985,6737.770499999998,10744987.488966865,optimal,appsi_highs,local,optimized
S2,Smart charging with depot rooftop PV,R2,"Internal depot roofs, medium",PZ050,Usme II,7702.5,424.3185570825893,0.0,0.0,0.0,46654.5,3110.2999999999997,46654.5,0.0,0.0,0.0,0.0,0.0,0.0,10058812.442804163,8257.846499999998,13169112.442804163,optimal,appsi_highs,local,optimized
S2,Smart charging with depot rooftop PV,R2,"Internal depot roofs, medium",PZ052,Perdomo,7605.0,184.274143327675,0.0,0.0,0.0,40793.0,2719.5333333333333,40793.0,0.0,0.0,0.0,0.0,0.0,0.0,8795060.197393825,7220.361,11514593.53072716,optimal,appsi_highs,local,optimized
S2,Smart charging with depot rooftop PV,R3,"Internal depot roofs, high",PZ001,Las Mercedes,3120.0,22.199091286032314,0.0,0.0,0.0,23478.0,1565.2,23478.0,0.0,0.0,0.0,0.0,0.0,0.0,5061908.251768987,4155.606,6627108.251768987,optimal,appsi_highs,local,optimized
S2,Smart charging with depot rooftop PV,R3,"Internal depot roofs, high",PZ006,Perdomo I,487.5,116.74527435866965,0.0,0.0,0.0,3354.0,223.6,3354.0,0.0,0.0,0.0,0.0,0.0,0.0,723129.7502527123,593.658,946729.7502527123,optimal,appsi_highs,local,optimized
S2,Smart charging with depot rooftop PV,R3,"Internal depot roofs, high",PZ039,El Refugio,4095.0,243.2334752914427,0.0,0.0,0.0,27735.0,1733.4375,27735.0,0.0,0.0,0.0,0.0,0.0,0.0,5948263.552318767,4909.094999999999,7681701.052318767,optimal,appsi_highs,local,optimized
S2,Smart charging with depot rooftop PV,R3,"Internal depot roofs, high",PZ040,Aeropuerto,4290.0,256.8822441896095,0.0,0.0,0.0,28956.0,1930.4,28956.0,0.0,0.0,0.0,0.0,0.0,0.0,6242977.056743451,5125.2119999999995,8173377.056743451,optimal,appsi_highs,local,optimized
S2,Smart charging with depot rooftop PV,R3,"Internal depot roofs, high",PZ041,Usme,4485.0,40.1961237559631,40.1961237559631,0.0,0.0,33466.49566447496,1968.6173920279389,33615.249999999985,0.0,148.75433552502835,148.75433552502835,0.0,0.0,0.0,7410460.217840084,5923.569732612068,9412467.924177084,optimal,appsi_highs,local,optimized
S2,Smart charging with depot rooftop PV,R3,"Internal depot roofs, high",PZ047,Venecia,5752.5,0.0,0.0,0.0,0.0,34988.50000000001,2332.566666666674,34988.50000000001,0.0,0.0,0.0,0.0,0.0,0.0,7543597.27689834,6192.964500000001,9876163.943565007,optimal,appsi_highs,local,optimized
S2,Smart charging with depot rooftop PV,R3,"Internal depot roofs, high",PZ048,Venecia,7117.5,0.0,0.0,0.0,0.0,41629.0,2775.266666666667,41629.0,0.0,0.0,0.0,0.0,0.0,0.0,8975303.629478283,7368.332999999999,11750570.29614495,optimal,appsi_highs,local,optimized
S2,Smart charging with depot rooftop PV,R3,"Internal depot roofs, high",PZ049,Escritorio IV,13600.0,0.0,0.0,0.0,0.0,38066.49999999999,2537.766666666667,38066.49999999999,0.0,0.0,0.0,0.0,0.0,0.0,8207220.8223001985,6737.770499999998,10744987.488966865,optimal,appsi_highs,local,optimized
S2,Smart charging with depot rooftop PV,R3,"Internal depot roofs, high",PZ050,Usme II,7702.5,583.4380159885603,0.0,0.0,0.0,46654.5,3110.2999999999997,46654.5,0.0,0.0,0.0,0.0,0.0,0.0,10058812.442804163,8257.846499999998,13169112.442804163,optimal,appsi_highs,local,optimized
S2,Smart charging with depot rooftop PV,R3,"Internal depot roofs, high",PZ052,Perdomo,7605.0,253.37694707555312,0.0,0.0,0.0,40793.0,2719.5333333333333,40793.0,0.0,0.0,0.0,0.0,0.0,0.0,8795060.197393825,7220.361,11514593.53072716,optimal,appsi_highs,local,optimized
S2,Smart charging with depot rooftop PV,R4,"Depot plus nearby roofs, medium",PZ001,Las Mercedes,3120.0,11758.617553739366,0.0,0.0,0.0,23478.0,1565.2,23478.0,0.0,0.0,0.0,0.0,0.0,0.0,5061908.251768987,4155.606,6627108.251768987,optimal,appsi_highs,local,optimized
S2,Smart charging with depot rooftop PV,R4,"Depot plus nearby roofs, medium",PZ006,Perdomo I,487.5,111087.04939402036,0.0,0.0,0.0,3354.000000000001,223.60000000000048,3354.000000000001,0.0,0.0,0.0,0.0,0.0,0.0,723129.7502527125,593.6580000000002,946729.7502527125,optimal,appsi_highs,local,optimized
S2,Smart charging with depot rooftop PV,R4,"Depot plus nearby roofs, medium",PZ039,El Refugio,4095.0,124334.2906303316,0.0,0.0,0.0,27735.0,1733.4375000000002,27735.0,0.0,-2.2737367544323206e-13,-2.2737367544323206e-13,0.0,0.0,0.0,5948263.552318768,4909.094999999999,7681701.052318768,optimal,appsi_highs,local,optimized
S2,Smart charging with depot rooftop PV,R4,"Depot plus nearby roofs, medium",PZ040,Aeropuerto,4290.0,119487.44511316717,0.0,0.0,0.0,28955.999999999993,1930.4000000000035,28955.99999999999,0.0,0.0,0.0,0.0,0.0,0.0,6242977.05674345,5125.2119999999995,8173377.05674345,optimal,appsi_highs,local,optimized
S2,Smart charging with depot rooftop PV,R4,"Depot plus nearby roofs, medium",PZ041,Usme,4485.0,16029.339424553058,9083.451210471068,0.0,0.0,0.0,-0.0,33615.24999999999,0.0,33615.24999999999,33615.24999999999,0.0,0.0,0.0,0.0,0.0,7545486.0466159675,optimal,appsi_highs,local,optimized
S2,Smart charging with depot rooftop PV,R4,"Depot plus nearby roofs, medium",PZ047,Venecia,5752.5,74334.87602402769,0.0,0.0,0.0,34988.5,2332.5666666666666,34988.5,0.0,0.0,0.0,0.0,0.0,0.0,7543597.2768983375,6192.964499999999,9876163.943565004,optimal,appsi_highs,local,optimized
S2,Smart charging with depot rooftop PV,R4,"Depot plus nearby roofs, medium",PZ048,Venecia,7117.5,75029.31442354406,0.0,0.0,0.0,41629.0,2775.266666666667,41629.0,0.0,0.0,0.0,0.0,0.0,0.0,8975303.629478281,7368.332999999999,11750570.29614495,optimal,appsi_highs,local,optimized
S2,Smart charging with depot rooftop PV,R4,"Depot plus nearby roofs, medium",PZ049,Escritorio IV,13600.0,75817.4076745315,0.0,0.0,0.0,38066.49999999999,2537.766666666667,38066.49999999999,0.0,0.0,0.0,0.0,0.0,0.0,8207220.8223001985,6737.770499999998,10744987.488966865,optimal,appsi_highs,local,optimized
S2,Smart charging with depot rooftop PV,R4,"Depot plus nearby roofs, medium",PZ050,Usme II,7702.5,19412.891423495883,0.0,0.0,0.0,46654.5,3110.2999999999997,46654.5,0.0,0.0,0.0,0.0,0.0,0.0,10058812.442804163,8257.846499999998,13169112.442804163,optimal,appsi_highs,local,optimized
S2,Smart charging with depot rooftop PV,R4,"Depot plus nearby roofs, medium",PZ052,Perdomo,7605.0,88506.69713794823,0.0,0.0,0.0,40793.0,2719.5333333333333,40793.0,0.0,0.0,0.0,0.0,0.0,0.0,8795060.197393825,7220.361,11514593.53072716,optimal,appsi_highs,local,optimized
S2,Smart charging with depot rooftop PV,R5,Maximum technical roof sensitivity,PZ001,Las Mercedes,3120.0,132473.31964420393,0.0,0.0,0.0,23477.999999999993,1565.2000000000003,23477.999999999996,0.0,0.0,0.0,0.0,0.0,0.0,5061908.251768985,4155.605999999999,6627108.251768985,optimal,appsi_highs,local,optimized
S2,Smart charging with depot rooftop PV,R5,Maximum technical roof sensitivity,PZ006,Perdomo I,487.5,541085.818270127,0.0,0.0,0.0,3354.000000000001,223.60000000000048,3354.000000000001,0.0,0.0,0.0,0.0,0.0,0.0,723129.7502527125,593.6580000000002,946729.7502527125,optimal,appsi_highs,local,optimized
S2,Smart charging with depot rooftop PV,R5,Maximum technical roof sensitivity,PZ039,El Refugio,4095.0,601641.0469773205,0.0,0.0,0.0,27735.0,1733.4375,27735.0,0.0,0.0,0.0,0.0,0.0,0.0,5948263.552318767,4909.094999999999,7681701.052318767,optimal,appsi_highs,local,optimized
S2,Smart charging with depot rooftop PV,R5,Maximum technical roof sensitivity,PZ040,Aeropuerto,4290.0,686081.6706431215,0.0,0.0,0.0,28955.999999999993,1930.4,28955.999999999993,0.0,0.0,0.0,0.0,0.0,0.0,6242977.0567434495,5125.211999999998,8173377.0567434495,optimal,appsi_highs,local,optimized
S2,Smart charging with depot rooftop PV,R5,Maximum technical roof sensitivity,PZ041,Usme,4485.0,32364.24182957695,9083.451210471068,0.0,0.0,0.0,-0.0,33615.24999999999,0.0,33615.24999999999,33615.24999999999,0.0,0.0,0.0,0.0,0.0,7545486.0466159675,optimal,appsi_highs,local,optimized
S2,Smart charging with depot rooftop PV,R5,Maximum technical roof sensitivity,PZ047,Venecia,5752.5,331848.57081349957,0.0,0.0,0.0,34988.50000000001,2332.5666666666702,34988.50000000001,0.0,0.0,0.0,0.0,0.0,0.0,7543597.27689834,6192.964500000002,9876163.943565007,optimal,appsi_highs,local,optimized
S2,Smart charging with depot rooftop PV,R5,Maximum technical roof sensitivity,PZ048,Venecia,7117.5,340962.32266664394,0.0,0.0,0.0,41628.99999999999,2775.2666666666705,41628.99999999999,0.0,0.0,0.0,0.0,0.0,0.0,8975303.629478281,7368.332999999999,11750570.296144947,optimal,appsi_highs,local,optimized
S2,Smart charging with depot rooftop PV,R5,Maximum technical roof sensitivity,PZ049,Escritorio IV,13600.0,332936.84770568216,0.0,0.0,0.0,38066.49999999999,2537.766666666667,38066.49999999999,0.0,0.0,0.0,0.0,0.0,0.0,8207220.822300199,6737.770499999998,10744987.488966865,optimal,appsi_highs,local,optimized
S2,Smart charging with depot rooftop PV,R5,Maximum technical roof sensitivity,PZ050,Usme II,7702.5,43143.00300092166,0.0,0.0,0.0,46654.5,3110.2999999999997,46654.5,0.0,0.0,0.0,0.0,0.0,0.0,10058812.442804163,8257.846499999998,13169112.442804163,optimal,appsi_highs,local,optimized
S2,Smart charging with depot rooftop PV,R5,Maximum technical roof sensitivity,PZ052,Perdomo,7605.0,395390.468579418,0.0,0.0,0.0,40793.0,2719.533333333336,40793.0,0.0,0.0,0.0,0.0,0.0,0.0,8795060.197393827,7220.361000000001,11514593.530727161,optimal,appsi_highs,local,optimized
S3,Smart charging with BESS only,R0,No PV,PZ001,Las Mercedes,3120.0,0.0,0.0,0.0,0.0,23478.0,1565.2,23478.0,0.0,0.0,0.0,0.0,0.0,0.0,5061908.251768986,4155.606,6627108.251768986,optimal,appsi_highs,local,optimized
S3,Smart charging with BESS only,R0,No PV,PZ006,Perdomo I,487.5,0.0,0.0,0.0,0.0,3354.0,223.6,3354.0,0.0,0.0,0.0,0.0,0.0,0.0,723129.7502527123,593.658,946729.7502527123,optimal,appsi_highs,local,optimized
S3,Smart charging with BESS only,R0,No PV,PZ039,El Refugio,4095.0,0.0,0.0,-0.0,0.0,27735.0,1733.4375000000002,27735.0,0.0,0.0,0.0,0.0,0.0,0.0,5948263.552318768,4909.094999999999,7681701.052318768,optimal,appsi_highs,local,optimized
S3,Smart charging with BESS only,R0,No PV,PZ040,Aeropuerto,4290.0,0.0,0.0,0.0,0.0,28956.0,1930.4,28956.0,0.0,0.0,0.0,0.0,0.0,0.0,6242977.056743451,5125.2119999999995,8173377.056743451,optimal,appsi_highs,local,optimized
S3,Smart charging with BESS only,R0,No PV,PZ041,Usme,4485.0,0.0,0.0,0.0,0.0,33615.24999999999,1977.3676470588243,33615.24999999999,0.0,0.0,0.0,0.0,0.0,0.0,7443398.7751569655,5949.899249999999,9420766.42221579,optimal,appsi_highs,local,optimized
S3,Smart charging with BESS only,R0,No PV,PZ047,Venecia,5752.5,0.0,0.0,0.0,0.0,34988.5,2332.566666666667,34988.5,0.0,0.0,0.0,0.0,0.0,0.0,7543597.2768983375,6192.9645,9876163.943565004,optimal,appsi_highs,local,optimized
S3,Smart charging with BESS only,R0,No PV,PZ048,Venecia,7117.5,0.0,0.0,0.0,0.0,41628.99999999999,2775.2666666666673,41628.99999999999,0.0,0.0,0.0,0.0,0.0,0.0,8975303.629478281,7368.332999999999,11750570.296144947,optimal,appsi_highs,local,optimized
S3,Smart charging with BESS only,R0,No PV,PZ049,Escritorio IV,13600.0,0.0,0.0,0.0,0.0,38066.49999999999,2537.766666666667,38066.49999999999,0.0,0.0,0.0,0.0,0.0,0.0,8207220.8223001985,6737.770499999998,10744987.488966865,optimal,appsi_highs,local,optimized
S3,Smart charging with BESS only,R0,No PV,PZ050,Usme II,7702.5,0.0,0.0,0.0,0.0,46654.5,3110.3,46654.5,0.0,0.0,0.0,0.0,0.0,0.0,10058812.442804163,8257.846499999998,13169112.442804163,optimal,appsi_highs,local,optimized
S3,Smart charging with BESS only,R0,No PV,PZ052,Perdomo,7605.0,0.0,0.0,0.0,0.0,40793.0,2719.5333333333333,40793.0,0.0,0.0,0.0,0.0,0.0,0.0,8795060.197393825,7220.361,11514593.53072716,optimal,appsi_highs,local,optimized
S4,Smart charging with PV+BESS,R1,"Internal depot roofs, conservative",PZ001,Las Mercedes,3120.0,10.090496039105595,0.0,-0.0,-0.0,23478.0,1565.2000000000003,23478.0,0.0,0.0,0.0,0.0,0.0,0.0,5061908.251768986,4155.606,6627108.251768986,optimal,appsi_highs,local,optimized
S4,Smart charging with PV+BESS,R1,"Internal depot roofs, conservative",PZ006,Perdomo I,487.5,53.06603379939529,0.0,-0.0,-0.0,3354.000000000001,223.60000000000005,3354.000000000001,0.0,0.0,0.0,0.0,0.0,0.0,723129.7502527124,593.658,946729.7502527125,optimal,appsi_highs,local,optimized
S4,Smart charging with PV+BESS,R1,"Internal depot roofs, conservative",PZ039,El Refugio,4095.0,110.5606705870194,0.0,-0.0,0.0,27735.0,1733.4375,27735.0,0.0,0.0,0.0,0.0,0.0,0.0,5948263.552318767,4909.094999999999,7681701.052318767,optimal,appsi_highs,local,optimized
S4,Smart charging with PV+BESS,R1,"Internal depot roofs, conservative",PZ040,Aeropuerto,4290.0,116.76465644982248,0.0,-0.0,0.0,28956.0,1930.4000000000012,28956.0,0.0,0.0,0.0,0.0,0.0,0.0,6242977.056743451,5125.2119999999995,8173377.056743451,optimal,appsi_highs,local,optimized
S4,Smart charging with PV+BESS,R1,"Internal depot roofs, conservative",PZ041,Usme,4485.0,18.27096534361959,18.27096534361959,-0.0,0.0,33547.63439294316,1973.3902584084328,33615.25,0.0,67.61560705683107,67.61560705683107,0.0,0.0,0.0,7428426.703649293,5937.9312875509395,9416994.377652742,optimal,appsi_highs,local,optimized
S4,Smart charging with PV+BESS,R1,"Internal depot roofs, conservative",PZ047,Venecia,5752.5,0.0,0.0,0.0,0.0,34988.5,2332.566666666667,34988.5,0.0,0.0,0.0,0.0,0.0,0.0,7543597.2768983375,6192.9645,9876163.943565004,optimal,appsi_highs,local,optimized
S4,Smart charging with PV+BESS,R1,"Internal depot roofs, conservative",PZ048,Venecia,7117.5,0.0,0.0,0.0,0.0,41628.99999999999,2775.2666666666673,41628.99999999999,0.0,0.0,0.0,0.0,0.0,0.0,8975303.629478281,7368.332999999999,11750570.296144947,optimal,appsi_highs,local,optimized
S4,Smart charging with PV+BESS,R1,"Internal depot roofs, conservative",PZ049,Escritorio IV,13600.0,0.0,0.0,0.0,0.0,38066.49999999999,2537.766666666667,38066.49999999999,0.0,0.0,0.0,0.0,0.0,0.0,8207220.8223001985,6737.770499999998,10744987.488966865,optimal,appsi_highs,local,optimized
S4,Smart charging with PV+BESS,R1,"Internal depot roofs, conservative",PZ050,Usme II,7702.5,265.1990981766183,0.0,-0.0,0.0,46654.5,3110.300000000001,46654.5,0.0,0.0,0.0,0.0,-4.547473508864641e-13,-4.1040948417503385e-13,10058812.442804163,8257.846499999998,13169112.442804163,optimal,appsi_highs,local,optimized
S4,Smart charging with PV+BESS,R1,"Internal depot roofs, conservative",PZ052,Perdomo,7605.0,115.17133957979686,0.0,-0.0,0.0,40793.0,2719.533333333336,40793.0,0.0,0.0,0.0,0.0,0.0,0.0,8795060.197393827,7220.361,11514593.530727161,optimal,appsi_highs,local,optimized
S4,Smart charging with PV+BESS,R2,"Internal depot roofs, medium",PZ001,Las Mercedes,3120.0,16.144793662568954,0.0,-0.0,-0.0,23478.0,1565.2000000000003,23478.0,0.0,0.0,0.0,0.0,0.0,0.0,5061908.251768986,4155.606,6627108.251768986,optimal,appsi_highs,local,optimized
S4,Smart charging with PV+BESS,R2,"Internal depot roofs, medium",PZ006,Perdomo I,487.5,84.90565407903247,0.0,-0.0,-0.0,3354.0,223.60000000000002,3354.0,0.0,0.0,0.0,0.0,0.0,0.0,723129.7502527124,593.6580000000001,946729.7502527124,optimal,appsi_highs,local,optimized
S4,Smart charging with PV+BESS,R2,"Internal depot roofs, medium",PZ039,El Refugio,4095.0,176.89707293923104,0.0,-0.0,0.0,27735.0,1733.4375,27735.0,0.0,0.0,0.0,0.0,0.0,0.0,5948263.552318767,4909.094999999999,7681701.052318767,optimal,appsi_highs,local,optimized
S4,Smart charging with PV+BESS,R2,"Internal depot roofs, medium",PZ040,Aeropuerto,4290.0,186.823450319716,0.0,-0.0,0.0,28956.0,1930.4000000000012,28956.0,0.0,0.0,0.0,0.0,0.0,0.0,6242977.056743451,5125.2119999999995,8173377.056743451,optimal,appsi_highs,local,optimized
S4,Smart charging with PV+BESS,R2,"Internal depot roofs, medium",PZ041,Usme,4485.0,29.233544549791347,29.233544549791347,-0.0,0.0,33507.06502870907,1971.0038252181823,33615.25,0.0,108.18497129092972,108.18497129092972,0.0,0.0,0.0,7419443.46074469,5930.750510081505,9414731.150914917,optimal,appsi_highs,local,optimized
S4,Smart charging with PV+BESS,R2,"Internal depot roofs, medium",PZ047,Venecia,5752.5,0.0,0.0,0.0,0.0,34988.5,2332.566666666667,34988.5,0.0,0.0,0.0,0.0,0.0,0.0,7543597.2768983375,6192.9645,9876163.943565004,optimal,appsi_highs,local,optimized
S4,Smart charging with PV+BESS,R2,"Internal depot roofs, medium",PZ048,Venecia,7117.5,0.0,0.0,0.0,0.0,41628.99999999999,2775.2666666666673,41628.99999999999,0.0,0.0,0.0,0.0,0.0,0.0,8975303.629478281,7368.332999999999,11750570.296144947,optimal,appsi_highs,local,optimized
S4,Smart charging with PV+BESS,R2,"Internal depot roofs, medium",PZ049,Escritorio IV,13600.0,0.0,0.0,0.0,0.0,38066.49999999999,2537.766666666667,38066.49999999999,0.0,0.0,0.0,0.0,0.0,0.0,8207220.8223001985,6737.770499999998,10744987.488966865,optimal,appsi_highs,local,optimized
S4,Smart charging with PV+BESS,R2,"Internal depot roofs, medium",PZ050,Usme II,7702.5,424.3185570825893,0.0,-0.0,0.0,46654.5,3110.300000000001,46654.5,0.0,0.0,0.0,0.0,-4.547473508864641e-13,-4.1040948417503385e-13,10058812.442804163,8257.846499999998,13169112.442804163,optimal,appsi_highs,local,optimized
S4,Smart charging with PV+BESS,R2,"Internal depot roofs, medium",PZ052,Perdomo,7605.0,184.274143327675,0.0,-0.0,0.0,40793.0,2719.533333333336,40793.0,0.0,0.0,0.0,0.0,0.0,0.0,8795060.197393827,7220.361,11514593.530727161,optimal,appsi_highs,local,optimized
S4,Smart charging with PV+BESS,R3,"Internal depot roofs, high",PZ001,Las Mercedes,3120.0,22.199091286032314,0.0,-0.0,-0.0,23478.0,1565.2000000000003,23478.0,0.0,0.0,0.0,0.0,0.0,0.0,5061908.251768986,4155.606,6627108.251768986,optimal,appsi_highs,local,optimized
S4,Smart charging with PV+BESS,R3,"Internal depot roofs, high",PZ006,Perdomo I,487.5,116.74527435866965,0.0,-0.0,-0.0,3354.0,223.60000000000002,3354.0,0.0,0.0,0.0,0.0,0.0,0.0,723129.7502527124,593.6580000000001,946729.7502527124,optimal,appsi_highs,local,optimized
S4,Smart charging with PV+BESS,R3,"Internal depot roofs, high",PZ039,El Refugio,4095.0,243.2334752914427,0.0,-0.0,0.0,27735.0,1733.4375,27735.0,0.0,0.0,0.0,0.0,0.0,0.0,5948263.552318767,4909.094999999999,7681701.052318767,optimal,appsi_highs,local,optimized
S4,Smart charging with PV+BESS,R3,"Internal depot roofs, high",PZ040,Aeropuerto,4290.0,256.8822441896095,0.0,-0.0,0.0,28956.0,1930.4000000000012,28956.0,0.0,0.0,0.0,0.0,0.0,0.0,6242977.056743451,5125.2119999999995,8173377.056743451,optimal,appsi_highs,local,optimized
S4,Smart charging with PV+BESS,R3,"Internal depot roofs, high",PZ041,Usme,4485.0,40.1961237559631,40.1961237559631,-0.0,0.0,33466.49566447496,1968.6173920279439,33615.24999999999,0.0,148.75433552502835,148.75433552502835,0.0,0.0,0.0,7410460.217840084,5923.569732612068,9412467.924177086,optimal,appsi_highs,local,optimized
S4,Smart charging with PV+BESS,R3,"Internal depot roofs, high",PZ047,Venecia,5752.5,0.0,0.0,0.0,0.0,34988.5,2332.566666666667,34988.5,0.0,0.0,0.0,0.0,0.0,0.0,7543597.2768983375,6192.9645,9876163.943565004,optimal,appsi_highs,local,optimized
S4,Smart charging with PV+BESS,R3,"Internal depot roofs, high",PZ048,Venecia,7117.5,0.0,0.0,0.0,0.0,41628.99999999999,2775.2666666666673,41628.99999999999,0.0,0.0,0.0,0.0,0.0,0.0,8975303.629478281,7368.332999999999,11750570.296144947,optimal,appsi_highs,local,optimized
S4,Smart charging with PV+BESS,R3,"Internal depot roofs, high",PZ049,Escritorio IV,13600.0,0.0,0.0,0.0,0.0,38066.49999999999,2537.766666666667,38066.49999999999,0.0,0.0,0.0,0.0,0.0,0.0,8207220.8223001985,6737.770499999998,10744987.488966865,optimal,appsi_highs,local,optimized
S4,Smart charging with PV+BESS,R3,"Internal depot roofs, high",PZ050,Usme II,7702.5,583.4380159885603,0.0,-0.0,0.0,46654.5,3110.300000000001,46654.5,0.0,0.0,0.0,0.0,-4.547473508864641e-13,-4.1040948417503385e-13,10058812.442804163,8257.846499999998,13169112.442804163,optimal,appsi_highs,local,optimized
S4,Smart charging with PV+BESS,R3,"Internal depot roofs, high",PZ052,Perdomo,7605.0,253.37694707555312,0.0,-0.0,0.0,40793.0,2719.533333333336,40793.0,0.0,0.0,0.0,0.0,0.0,0.0,8795060.197393827,7220.361,11514593.530727161,optimal,appsi_highs,local,optimized
S4,Smart charging with PV+BESS,R4,"Depot plus nearby roofs, medium",PZ001,Las Mercedes,3120.0,11758.617553739366,0.0,7.773899703304454e-13,0.0,23477.999999999993,1565.2,23477.999999999993,0.0,8.183052319267846e-13,8.183052319267846e-13,0.0,1.8260555940020515e-12,1.606603854768333e-12,5061908.251768984,4155.605999999999,6627108.251768984,optimal,appsi_highs,local,optimized
S4,Smart charging with PV+BESS,R4,"Depot plus nearby roofs, medium",PZ006,Perdomo I,487.5,111087.04939402036,0.0,8.975276662232845e-14,0.0,3354.000000000001,223.60000000000068,3354.000000000001,0.0,9.447659644455625e-14,9.447659644455625e-14,0.0,1.8895319288911253e-13,1.7053025658242404e-13,723129.7502527124,593.6580000000001,946729.7502527124,optimal,appsi_highs,local,optimized
S4,Smart charging with PV+BESS,R4,"Depot plus nearby roofs, medium",PZ039,El Refugio,4095.0,124334.2906303316,0.0,-0.0,-0.0,27735.0,1733.4375,27735.0,0.0,0.0,0.0,0.0,0.0,0.0,5948263.552318767,4909.094999999999,7681701.052318767,optimal,appsi_highs,local,optimized
S4,Smart charging with PV+BESS,R4,"Depot plus nearby roofs, medium",PZ040,Aeropuerto,4290.0,119487.44511316717,0.0,7.180221329786276e-13,0.0,28955.999999999993,1930.400000000003,28955.999999999996,0.0,7.5581277155645e-13,7.5581277155645e-13,0.0,1.5116255431129002e-12,1.3642420526593924e-12,6242977.05674345,5125.211999999999,8173377.05674345,optimal,appsi_highs,local,optimized
S4,Smart charging with PV+BESS,R4,"Depot plus nearby roofs, medium",PZ041,Usme,4485.0,16029.339424553058,9083.451210471072,-2.3471780075112747e-12,-0.0,-5.544803505230788e-12,-0.0,33615.25,0.0,33615.25000000001,33615.25000000001,0.0,0.0,-5.823880266930815e-12,-1.1066753459863302e-09,-9.814302204258495e-13,7545486.046615968,optimal,appsi_highs,local,optimized
S4,Smart charging with PV+BESS,R4,"Depot plus nearby roofs, medium",PZ047,Venecia,5752.5,74334.87602402769,0.0,-2.3372249554834946e-12,0.0,34988.5,2332.5666666666702,34988.50000000001,0.0,0.0,0.0,0.0,-6.098215602337497e-12,-4.014101643671589e-12,7543597.276898338,6192.964500000001,9876163.943565005,optimal,appsi_highs,local,optimized
S4,Smart charging with PV+BESS,R4,"Depot plus nearby roofs, medium",PZ048,Venecia,7117.5,75029.31442354406,0.0,-5.374150162343838e-13,0.0,41629.0,2775.2666666666705,41629.0,0.0,-5.65700017088825e-13,-5.65700017088825e-13,0.0,-1.13140003417765e-12,-1.0210885308453294e-12,8975303.629478283,7368.333,11750570.29614495,optimal,appsi_highs,local,optimized
S4,Smart charging with PV+BESS,R4,"Depot plus nearby roofs, medium",PZ049,Escritorio IV,13600.0,75817.4076745315,0.0,-0.0,0.0,38066.50000000001,2537.7666666666732,38066.50000000001,0.0,0.0,0.0,0.0,-1.4691235038116726e-13,-1.0706450540946358e-13,8207220.822300202,6737.7705000000005,10744987.48896687,optimal,appsi_highs,local,optimized
S4,Smart charging with PV+BESS,R4,"Depot plus nearby roofs, medium",PZ050,Usme II,7702.5,19412.891423495883,0.0,-5.12570806169658e-13,0.0,46654.5,3110.300000000004,46654.5,0.0,-5.395482170206927e-13,-5.395482170206927e-13,0.0,-1.449042918793621e-12,-1.307761234211243e-12,10058812.442804163,8257.846499999998,13169112.442804163,optimal,appsi_highs,local,optimized
S4,Smart charging with PV+BESS,R4,"Depot plus nearby roofs, medium",PZ052,Perdomo,7605.0,88506.69713794823,0.0,-0.0,0.0,40793.00000000001,2719.533333333338,40793.00000000001,0.0,0.0,0.0,0.0,5.239862254292944e-13,6.8963992104578e-14,8795060.197393827,7220.361000000001,11514593.530727161,optimal,appsi_highs,local,optimized
S4,Smart charging with PV+BESS,R5,Maximum technical roof sensitivity,PZ001,Las Mercedes,3120.0,132473.31964420393,0.0,3.304958645936783e-14,0.0,23478.0,1565.2000000000057,23478.0,0.0,3.4789038378281926e-14,3.4789038378281926e-14,0.0,9.917563846185773e-13,-1.8930634837488454e-12,5061908.251768986,4155.606,6627108.251768986,optimal,appsi_highs,local,optimized
S4,Smart charging with PV+BESS,R5,Maximum technical roof sensitivity,PZ006,Perdomo I,487.5,541085.818270127,0.0,8.975276662232845e-14,0.0,3354.000000000001,223.60000000000068,3354.000000000001,0.0,9.447659644455625e-14,9.447659644455625e-14,0.0,1.8895319288911253e-13,1.7053025658242404e-13,723129.7502527124,593.6580000000001,946729.7502527124,optimal,appsi_highs,local,optimized
S4,Smart charging with PV+BESS,R5,Maximum technical roof sensitivity,PZ039,El Refugio,4095.0,601641.0469773205,0.0,-0.0,0.0,27735.0,1733.4375000000002,27735.0,0.0,-2.0368659487702668e-13,-2.0368659487702668e-13,0.0,0.0,0.0,5948263.552318767,4909.094999999999,7681701.052318767,optimal,appsi_highs,local,optimized
S4,Smart charging with PV+BESS,R5,Maximum technical roof sensitivity,PZ040,Aeropuerto,4290.0,686081.6706431215,0.0,7.180221329786276e-13,0.0,28955.999999999993,1930.400000000003,28955.999999999996,0.0,7.5581277155645e-13,7.5581277155645e-13,0.0,1.5116255431129002e-12,1.3642420526593924e-12,6242977.05674345,5125.211999999999,8173377.05674345,optimal,appsi_highs,local,optimized
S4,Smart charging with PV+BESS,R5,Maximum technical roof sensitivity,PZ041,Usme,4485.0,32364.24182957695,9083.45121047107,-0.0,-0.0,0.0,-0.0,33615.25,0.0,33615.25,33615.25,0.0,0.0,0.0,0.0,0.0,7545486.046615968,optimal,appsi_highs,local,optimized
S4,Smart charging with PV+BESS,R5,Maximum technical roof sensitivity,PZ047,Venecia,5752.5,331848.57081349957,0.0,-2.3372249554834946e-12,0.0,34988.5,2332.566666666667,34988.5,0.0,0.0,0.0,0.0,-6.098215602337497e-12,-4.014101643671589e-12,7543597.276898338,6192.9645,9876163.943565005,optimal,appsi_highs,local,optimized
S4,Smart charging with PV+BESS,R5,Maximum technical roof sensitivity,PZ048,Venecia,7117.5,340962.32266664394,0.0,-5.374150162343838e-13,0.0,41629.0,2775.2666666666705,41629.0,0.0,-5.65700017088825e-13,-5.65700017088825e-13,0.0,-1.13140003417765e-12,-1.0210885308453294e-12,8975303.629478283,7368.333,11750570.29614495,optimal,appsi_highs,local,optimized
S4,Smart charging with PV+BESS,R5,Maximum technical roof sensitivity,PZ049,Escritorio IV,13600.0,332936.84770568216,0.0,-4.786814219857517e-13,0.0,38066.50000000001,2537.7666666666737,38066.50000000001,0.0,-5.038751810376334e-13,-5.038751810376334e-13,0.0,-1.1546627124564339e-12,-1.0420830979919315e-12,8207220.822300202,6737.7705000000005,10744987.48896687,optimal,appsi_highs,local,optimized
S4,Smart charging with PV+BESS,R5,Maximum technical roof sensitivity,PZ050,Usme II,7702.5,43143.00300092166,0.0,-1.0845951054426314e-12,0.0,46654.49999999999,3110.3000000000047,46654.5,0.0,-1.1416790583606645e-12,-1.1416790583606645e-12,0.0,-2.1985572505871006e-12,-1.9841979186548583e-12,10058812.442804163,8257.846499999998,13169112.442804163,optimal,appsi_highs,local,optimized
S4,Smart charging with PV+BESS,R5,Maximum technical roof sensitivity,PZ052,Perdomo,7605.0,395390.468579418,0.0,-0.0,0.0,40793.00000000001,2719.533333333338,40793.00000000001,0.0,0.0,0.0,0.0,5.239862254292944e-13,6.8963992104578e-14,8795060.197393827,7220.361000000001,11514593.530727161,optimal,appsi_highs,local,optimized
S5,Depot and nearby rooftops,R1,"Internal depot roofs, conservative",PZ001,Las Mercedes,3120.0,10.090496039105595,0.0,-0.0,-0.0,23478.0,1565.2000000000003,23478.0,0.0,0.0,0.0,0.0,0.0,0.0,5061908.251768986,4155.606,6627108.251768986,optimal,appsi_highs,local,optimized
S5,Depot and nearby rooftops,R1,"Internal depot roofs, conservative",PZ006,Perdomo I,487.5,53.06603379939529,0.0,-0.0,-0.0,3354.000000000001,223.60000000000005,3354.000000000001,0.0,0.0,0.0,0.0,0.0,0.0,723129.7502527124,593.658,946729.7502527125,optimal,appsi_highs,local,optimized
S5,Depot and nearby rooftops,R1,"Internal depot roofs, conservative",PZ039,El Refugio,4095.0,110.5606705870194,0.0,-0.0,0.0,27735.0,1733.4375,27735.0,0.0,0.0,0.0,0.0,0.0,0.0,5948263.552318767,4909.094999999999,7681701.052318767,optimal,appsi_highs,local,optimized
S5,Depot and nearby rooftops,R1,"Internal depot roofs, conservative",PZ040,Aeropuerto,4290.0,116.76465644982248,0.0,-0.0,0.0,28956.0,1930.4000000000012,28956.0,0.0,0.0,0.0,0.0,0.0,0.0,6242977.056743451,5125.2119999999995,8173377.056743451,optimal,appsi_highs,local,optimized
S5,Depot and nearby rooftops,R1,"Internal depot roofs, conservative",PZ041,Usme,4485.0,18.27096534361959,18.27096534361959,-0.0,0.0,33547.63439294316,1973.3902584084328,33615.25,0.0,67.61560705683107,67.61560705683107,0.0,0.0,0.0,7428426.703649293,5937.9312875509395,9416994.377652742,optimal,appsi_highs,local,optimized
S5,Depot and nearby rooftops,R1,"Internal depot roofs, conservative",PZ047,Venecia,5752.5,0.0,0.0,0.0,0.0,34988.5,2332.566666666667,34988.5,0.0,0.0,0.0,0.0,0.0,0.0,7543597.2768983375,6192.9645,9876163.943565004,optimal,appsi_highs,local,optimized
S5,Depot and nearby rooftops,R1,"Internal depot roofs, conservative",PZ048,Venecia,7117.5,0.0,0.0,0.0,0.0,41628.99999999999,2775.2666666666673,41628.99999999999,0.0,0.0,0.0,0.0,0.0,0.0,8975303.629478281,7368.332999999999,11750570.296144947,optimal,appsi_highs,local,optimized
S5,Depot and nearby rooftops,R1,"Internal depot roofs, conservative",PZ049,Escritorio IV,13600.0,0.0,0.0,0.0,0.0,38066.49999999999,2537.766666666667,38066.49999999999,0.0,0.0,0.0,0.0,0.0,0.0,8207220.8223001985,6737.770499999998,10744987.488966865,optimal,appsi_highs,local,optimized
S5,Depot and nearby rooftops,R1,"Internal depot roofs, conservative",PZ050,Usme II,7702.5,265.1990981766183,0.0,-0.0,0.0,46654.5,3110.300000000001,46654.5,0.0,0.0,0.0,0.0,-4.547473508864641e-13,-4.1040948417503385e-13,10058812.442804163,8257.846499999998,13169112.442804163,optimal,appsi_highs,local,optimized
S5,Depot and nearby rooftops,R1,"Internal depot roofs, conservative",PZ052,Perdomo,7605.0,115.17133957979686,0.0,-0.0,0.0,40793.0,2719.533333333336,40793.0,0.0,0.0,0.0,0.0,0.0,0.0,8795060.197393827,7220.361,11514593.530727161,optimal,appsi_highs,local,optimized
S5,Depot and nearby rooftops,R2,"Internal depot roofs, medium",PZ001,Las Mercedes,3120.0,16.144793662568954,0.0,-0.0,-0.0,23478.0,1565.2000000000003,23478.0,0.0,0.0,0.0,0.0,0.0,0.0,5061908.251768986,4155.606,6627108.251768986,optimal,appsi_highs,local,optimized
S5,Depot and nearby rooftops,R2,"Internal depot roofs, medium",PZ006,Perdomo I,487.5,84.90565407903247,0.0,-0.0,-0.0,3354.0,223.60000000000002,3354.0,0.0,0.0,0.0,0.0,0.0,0.0,723129.7502527124,593.6580000000001,946729.7502527124,optimal,appsi_highs,local,optimized
S5,Depot and nearby rooftops,R2,"Internal depot roofs, medium",PZ039,El Refugio,4095.0,176.89707293923104,0.0,-0.0,0.0,27735.0,1733.4375,27735.0,0.0,0.0,0.0,0.0,0.0,0.0,5948263.552318767,4909.094999999999,7681701.052318767,optimal,appsi_highs,local,optimized
S5,Depot and nearby rooftops,R2,"Internal depot roofs, medium",PZ040,Aeropuerto,4290.0,186.823450319716,0.0,-0.0,0.0,28956.0,1930.4000000000012,28956.0,0.0,0.0,0.0,0.0,0.0,0.0,6242977.056743451,5125.2119999999995,8173377.056743451,optimal,appsi_highs,local,optimized
S5,Depot and nearby rooftops,R2,"Internal depot roofs, medium",PZ041,Usme,4485.0,29.233544549791347,29.233544549791347,-0.0,0.0,33507.06502870907,1971.0038252181823,33615.25,0.0,108.18497129092972,108.18497129092972,0.0,0.0,0.0,7419443.46074469,5930.750510081505,9414731.150914917,optimal,appsi_highs,local,optimized
S5,Depot and nearby rooftops,R2,"Internal depot roofs, medium",PZ047,Venecia,5752.5,0.0,0.0,0.0,0.0,34988.5,2332.566666666667,34988.5,0.0,0.0,0.0,0.0,0.0,0.0,7543597.2768983375,6192.9645,9876163.943565004,optimal,appsi_highs,local,optimized
S5,Depot and nearby rooftops,R2,"Internal depot roofs, medium",PZ048,Venecia,7117.5,0.0,0.0,0.0,0.0,41628.99999999999,2775.2666666666673,41628.99999999999,0.0,0.0,0.0,0.0,0.0,0.0,8975303.629478281,7368.332999999999,11750570.296144947,optimal,appsi_highs,local,optimized
S5,Depot and nearby rooftops,R2,"Internal depot roofs, medium",PZ049,Escritorio IV,13600.0,0.0,0.0,0.0,0.0,38066.49999999999,2537.766666666667,38066.49999999999,0.0,0.0,0.0,0.0,0.0,0.0,8207220.8223001985,6737.770499999998,10744987.488966865,optimal,appsi_highs,local,optimized
S5,Depot and nearby rooftops,R2,"Internal depot roofs, medium",PZ050,Usme II,7702.5,424.3185570825893,0.0,-0.0,0.0,46654.5,3110.300000000001,46654.5,0.0,0.0,0.0,0.0,-4.547473508864641e-13,-4.1040948417503385e-13,10058812.442804163,8257.846499999998,13169112.442804163,optimal,appsi_highs,local,optimized
S5,Depot and nearby rooftops,R2,"Internal depot roofs, medium",PZ052,Perdomo,7605.0,184.274143327675,0.0,-0.0,0.0,40793.0,2719.533333333336,40793.0,0.0,0.0,0.0,0.0,0.0,0.0,8795060.197393827,7220.361,11514593.530727161,optimal,appsi_highs,local,optimized
S5,Depot and nearby rooftops,R3,"Internal depot roofs, high",PZ001,Las Mercedes,3120.0,22.199091286032314,0.0,-0.0,-0.0,23478.0,1565.2000000000003,23478.0,0.0,0.0,0.0,0.0,0.0,0.0,5061908.251768986,4155.606,6627108.251768986,optimal,appsi_highs,local,optimized
S5,Depot and nearby rooftops,R3,"Internal depot roofs, high",PZ006,Perdomo I,487.5,116.74527435866965,0.0,-0.0,-0.0,3354.0,223.60000000000002,3354.0,0.0,0.0,0.0,0.0,0.0,0.0,723129.7502527124,593.6580000000001,946729.7502527124,optimal,appsi_highs,local,optimized
S5,Depot and nearby rooftops,R3,"Internal depot roofs, high",PZ039,El Refugio,4095.0,243.2334752914427,0.0,-0.0,0.0,27735.0,1733.4375,27735.0,0.0,0.0,0.0,0.0,0.0,0.0,5948263.552318767,4909.094999999999,7681701.052318767,optimal,appsi_highs,local,optimized
S5,Depot and nearby rooftops,R3,"Internal depot roofs, high",PZ040,Aeropuerto,4290.0,256.8822441896095,0.0,-0.0,0.0,28956.0,1930.4000000000012,28956.0,0.0,0.0,0.0,0.0,0.0,0.0,6242977.056743451,5125.2119999999995,8173377.056743451,optimal,appsi_highs,local,optimized
S5,Depot and nearby rooftops,R3,"Internal depot roofs, high",PZ041,Usme,4485.0,40.1961237559631,40.1961237559631,-0.0,0.0,33466.49566447496,1968.6173920279439,33615.24999999999,0.0,148.75433552502835,148.75433552502835,0.0,0.0,0.0,7410460.217840084,5923.569732612068,9412467.924177086,optimal,appsi_highs,local,optimized
S5,Depot and nearby rooftops,R3,"Internal depot roofs, high",PZ047,Venecia,5752.5,0.0,0.0,0.0,0.0,34988.5,2332.566666666667,34988.5,0.0,0.0,0.0,0.0,0.0,0.0,7543597.2768983375,6192.9645,9876163.943565004,optimal,appsi_highs,local,optimized
S5,Depot and nearby rooftops,R3,"Internal depot roofs, high",PZ048,Venecia,7117.5,0.0,0.0,0.0,0.0,41628.99999999999,2775.2666666666673,41628.99999999999,0.0,0.0,0.0,0.0,0.0,0.0,8975303.629478281,7368.332999999999,11750570.296144947,optimal,appsi_highs,local,optimized
S5,Depot and nearby rooftops,R3,"Internal depot roofs, high",PZ049,Escritorio IV,13600.0,0.0,0.0,0.0,0.0,38066.49999999999,2537.766666666667,38066.49999999999,0.0,0.0,0.0,0.0,0.0,0.0,8207220.8223001985,6737.770499999998,10744987.488966865,optimal,appsi_highs,local,optimized
S5,Depot and nearby rooftops,R3,"Internal depot roofs, high",PZ050,Usme II,7702.5,583.4380159885603,0.0,-0.0,0.0,46654.5,3110.300000000001,46654.5,0.0,0.0,0.0,0.0,-4.547473508864641e-13,-4.1040948417503385e-13,10058812.442804163,8257.846499999998,13169112.442804163,optimal,appsi_highs,local,optimized
S5,Depot and nearby rooftops,R3,"Internal depot roofs, high",PZ052,Perdomo,7605.0,253.37694707555312,0.0,-0.0,0.0,40793.0,2719.533333333336,40793.0,0.0,0.0,0.0,0.0,0.0,0.0,8795060.197393827,7220.361,11514593.530727161,optimal,appsi_highs,local,optimized
S5,Depot and nearby rooftops,R4,"Depot plus nearby roofs, medium",PZ001,Las Mercedes,3120.0,11758.617553739366,0.0,7.773899703304454e-13,0.0,23477.999999999993,1565.2,23477.999999999993,0.0,8.183052319267846e-13,8.183052319267846e-13,0.0,1.8260555940020515e-12,1.606603854768333e-12,5061908.251768984,4155.605999999999,6627108.251768984,optimal,appsi_highs,local,optimized
S5,Depot and nearby rooftops,R4,"Depot plus nearby roofs, medium",PZ006,Perdomo I,487.5,111087.04939402036,0.0,8.975276662232845e-14,0.0,3354.000000000001,223.60000000000068,3354.000000000001,0.0,9.447659644455625e-14,9.447659644455625e-14,0.0,1.8895319288911253e-13,1.7053025658242404e-13,723129.7502527124,593.6580000000001,946729.7502527124,optimal,appsi_highs,local,optimized
S5,Depot and nearby rooftops,R4,"Depot plus nearby roofs, medium",PZ039,El Refugio,4095.0,124334.2906303316,0.0,-0.0,-0.0,27735.0,1733.4375,27735.0,0.0,0.0,0.0,0.0,0.0,0.0,5948263.552318767,4909.094999999999,7681701.052318767,optimal,appsi_highs,local,optimized
S5,Depot and nearby rooftops,R4,"Depot plus nearby roofs, medium",PZ040,Aeropuerto,4290.0,119487.44511316717,0.0,7.180221329786276e-13,0.0,28955.999999999993,1930.400000000003,28955.999999999996,0.0,7.5581277155645e-13,7.5581277155645e-13,0.0,1.5116255431129002e-12,1.3642420526593924e-12,6242977.05674345,5125.211999999999,8173377.05674345,optimal,appsi_highs,local,optimized
S5,Depot and nearby rooftops,R4,"Depot plus nearby roofs, medium",PZ041,Usme,4485.0,16029.339424553058,9083.451210471072,-2.3471780075112747e-12,-0.0,-5.544803505230788e-12,-0.0,33615.25,0.0,33615.25000000001,33615.25000000001,0.0,0.0,-5.823880266930815e-12,-1.1066753459863302e-09,-9.814302204258495e-13,7545486.046615968,optimal,appsi_highs,local,optimized
S5,Depot and nearby rooftops,R4,"Depot plus nearby roofs, medium",PZ047,Venecia,5752.5,74334.87602402769,0.0,-2.3372249554834946e-12,0.0,34988.5,2332.5666666666702,34988.50000000001,0.0,0.0,0.0,0.0,-6.098215602337497e-12,-4.014101643671589e-12,7543597.276898338,6192.964500000001,9876163.943565005,optimal,appsi_highs,local,optimized
S5,Depot and nearby rooftops,R4,"Depot plus nearby roofs, medium",PZ048,Venecia,7117.5,75029.31442354406,0.0,-5.374150162343838e-13,0.0,41629.0,2775.2666666666705,41629.0,0.0,-5.65700017088825e-13,-5.65700017088825e-13,0.0,-1.13140003417765e-12,-1.0210885308453294e-12,8975303.629478283,7368.333,11750570.29614495,optimal,appsi_highs,local,optimized
S5,Depot and nearby rooftops,R4,"Depot plus nearby roofs, medium",PZ049,Escritorio IV,13600.0,75817.4076745315,0.0,-0.0,0.0,38066.50000000001,2537.7666666666732,38066.50000000001,0.0,0.0,0.0,0.0,-1.4691235038116726e-13,-1.0706450540946358e-13,8207220.822300202,6737.7705000000005,10744987.48896687,optimal,appsi_highs,local,optimized
S5,Depot and nearby rooftops,R4,"Depot plus nearby roofs, medium",PZ050,Usme II,7702.5,19412.891423495883,0.0,-5.12570806169658e-13,0.0,46654.5,3110.300000000004,46654.5,0.0,-5.395482170206927e-13,-5.395482170206927e-13,0.0,-1.449042918793621e-12,-1.307761234211243e-12,10058812.442804163,8257.846499999998,13169112.442804163,optimal,appsi_highs,local,optimized
S5,Depot and nearby rooftops,R4,"Depot plus nearby roofs, medium",PZ052,Perdomo,7605.0,88506.69713794823,0.0,-0.0,0.0,40793.00000000001,2719.533333333338,40793.00000000001,0.0,0.0,0.0,0.0,5.239862254292944e-13,6.8963992104578e-14,8795060.197393827,7220.361000000001,11514593.530727161,optimal,appsi_highs,local,optimized
S5,Depot and nearby rooftops,R5,Maximum technical roof sensitivity,PZ001,Las Mercedes,3120.0,132473.31964420393,0.0,3.304958645936783e-14,0.0,23478.0,1565.2000000000057,23478.0,0.0,3.4789038378281926e-14,3.4789038378281926e-14,0.0,9.917563846185773e-13,-1.8930634837488454e-12,5061908.251768986,4155.606,6627108.251768986,optimal,appsi_highs,local,optimized
S5,Depot and nearby rooftops,R5,Maximum technical roof sensitivity,PZ006,Perdomo I,487.5,541085.818270127,0.0,8.975276662232845e-14,0.0,3354.000000000001,223.60000000000068,3354.000000000001,0.0,9.447659644455625e-14,9.447659644455625e-14,0.0,1.8895319288911253e-13,1.7053025658242404e-13,723129.7502527124,593.6580000000001,946729.7502527124,optimal,appsi_highs,local,optimized
S5,Depot and nearby rooftops,R5,Maximum technical roof sensitivity,PZ039,El Refugio,4095.0,601641.0469773205,0.0,-0.0,0.0,27735.0,1733.4375000000002,27735.0,0.0,-2.0368659487702668e-13,-2.0368659487702668e-13,0.0,0.0,0.0,5948263.552318767,4909.094999999999,7681701.052318767,optimal,appsi_highs,local,optimized
S5,Depot and nearby rooftops,R5,Maximum technical roof sensitivity,PZ040,Aeropuerto,4290.0,686081.6706431215,0.0,7.180221329786276e-13,0.0,28955.999999999993,1930.400000000003,28955.999999999996,0.0,7.5581277155645e-13,7.5581277155645e-13,0.0,1.5116255431129002e-12,1.3642420526593924e-12,6242977.05674345,5125.211999999999,8173377.05674345,optimal,appsi_highs,local,optimized
S5,Depot and nearby rooftops,R5,Maximum technical roof sensitivity,PZ041,Usme,4485.0,32364.24182957695,9083.45121047107,-0.0,-0.0,0.0,-0.0,33615.25,0.0,33615.25,33615.25,0.0,0.0,0.0,0.0,0.0,7545486.046615968,optimal,appsi_highs,local,optimized
S5,Depot and nearby rooftops,R5,Maximum technical roof sensitivity,PZ047,Venecia,5752.5,331848.57081349957,0.0,-2.3372249554834946e-12,0.0,34988.5,2332.566666666667,34988.5,0.0,0.0,0.0,0.0,-6.098215602337497e-12,-4.014101643671589e-12,7543597.276898338,6192.9645,9876163.943565005,optimal,appsi_highs,local,optimized
S5,Depot and nearby rooftops,R5,Maximum technical roof sensitivity,PZ048,Venecia,7117.5,340962.32266664394,0.0,-5.374150162343838e-13,0.0,41629.0,2775.2666666666705,41629.0,0.0,-5.65700017088825e-13,-5.65700017088825e-13,0.0,-1.13140003417765e-12,-1.0210885308453294e-12,8975303.629478283,7368.333,11750570.29614495,optimal,appsi_highs,local,optimized
S5,Depot and nearby rooftops,R5,Maximum technical roof sensitivity,PZ049,Escritorio IV,13600.0,332936.84770568216,0.0,-4.786814219857517e-13,0.0,38066.50000000001,2537.7666666666737,38066.50000000001,0.0,-5.038751810376334e-13,-5.038751810376334e-13,0.0,-1.1546627124564339e-12,-1.0420830979919315e-12,8207220.822300202,6737.7705000000005,10744987.48896687,optimal,appsi_highs,local,optimized
S5,Depot and nearby rooftops,R5,Maximum technical roof sensitivity,PZ050,Usme II,7702.5,43143.00300092166,0.0,-1.0845951054426314e-12,0.0,46654.49999999999,3110.3000000000047,46654.5,0.0,-1.1416790583606645e-12,-1.1416790583606645e-12,0.0,-2.1985572505871006e-12,-1.9841979186548583e-12,10058812.442804163,8257.846499999998,13169112.442804163,optimal,appsi_highs,local,optimized
S5,Depot and nearby rooftops,R5,Maximum technical roof sensitivity,PZ052,Perdomo,7605.0,395390.468579418,0.0,-0.0,0.0,40793.00000000001,2719.533333333338,40793.00000000001,0.0,0.0,0.0,0.0,5.239862254292944e-13,6.8963992104578e-14,8795060.197393827,7220.361000000001,11514593.530727161,optimal,appsi_highs,local,optimized
S6,PV+BESS under tight grid connection,R1,"Internal depot roofs, conservative",PZ001,Las Mercedes,1404.0,10.090496039105595,10.090496039105595,9.885860489951089,5.214044098007183,23442.68716860802,1404.0,23478.0,0.0,37.342034334651714,37.342034334651714,0.0,20.812337873581242,18.783134930907067,5414652.776363146,4149.355628843619,6830678.114667978,optimal,appsi_highs,local,optimized
S6,PV+BESS under tight grid connection,R1,"Internal depot roofs, conservative",PZ006,Perdomo I,219.375,53.06603379939529,13.999410709803547,13.686612313875395,7.203480165197576,3305.031960330395,219.375,3354.0,0.0,51.80780740256969,51.777396934031906,0.058698621042736716,28.813920660790306,26.004563396363253,712326.9588872673,584.9906569784799,948373.0998182731,optimal,appsi_highs,local,optimized
S6,PV+BESS under tight grid connection,R1,"Internal depot roofs, conservative",PZ039,El Refugio,1842.75,110.5606705870194,0.0,3.8294513758860134e-12,0.0,27734.999999999993,1733.437500000001,27735.0,0.0,0.0,0.0,0.0,4.031001448301067e-12,7.275957614183425e-12,5948263.552318767,4909.094999999999,7681701.052318767,optimal,appsi_highs,local,optimized
S6,PV+BESS under tight grid connection,R1,"Internal depot roofs, conservative",PZ040,Aeropuerto,1930.5,116.76465644982248,0.0,-5.265495641843268e-12,-0.0,28956.0,1930.4000000000005,28955.999999999993,0.0,0.0,0.0,0.0,-4.0108267584353033e-13,-5.6843418860808015e-12,6242977.056743452,5125.2119999999995,8173377.05674345,optimal,appsi_highs,local,optimized
S6,PV+BESS under tight grid connection,R1,"Internal depot roofs, conservative",PZ041,Usme,2018.25,18.27096534361959,18.27096534361959,-6.222858485814772e-12,0.0,33547.63439294316,1973.3902584084258,33615.249999999985,0.0,67.61560705683107,67.61560705683107,0.0,0.0,-5.9117155615240335e-12,7428426.703649293,5937.9312875509395,9416994.37765274,optimal,appsi_highs,local,optimized
S6,PV+BESS under tight grid connection,R1,"Internal depot roofs, conservative",PZ047,Venecia,2588.625,0.0,0.0,-0.0,0.0,34988.5,2332.5666666666675,34988.5,0.0,0.0,0.0,0.0,-3.2195032522777287e-12,-6.826095244605283e-13,7543597.276898338,6192.9645,9876163.943565005,optimal,appsi_highs,local,optimized
S6,PV+BESS under tight grid connection,R1,"Internal depot roofs, conservative",PZ048,Venecia,3202.875,0.0,0.0,-0.0,0.0,41628.99999999999,2775.266666666668,41629.0,0.0,0.0,0.0,0.0,-2.2602705590015942e-12,2.889969744993929e-12,8975303.629478281,7368.332999999999,11750570.296144947,optimal,appsi_highs,local,optimized
S6,PV+BESS under tight grid connection,R1,"Internal depot roofs, conservative",PZ049,Escritorio IV,6120.0,0.0,0.0,0.0,0.0,38066.49999999999,2537.766666666667,38066.49999999999,0.0,0.0,0.0,0.0,0.0,0.0,8207220.8223001985,6737.770499999998,10744987.488966865,optimal,appsi_highs,local,optimized
S6,PV+BESS under tight grid connection,R1,"Internal depot roofs, conservative",PZ050,Usme II,3466.125,265.1990981766183,0.0,-1.6791496640752923e-11,-7.840819406488451e-13,46654.49999999998,3110.3000000000006,46654.49999999999,0.0,0.0,0.0,0.0,-1.318767317570746e-11,-1.1411447145797869e-11,10058812.44280416,8257.846499999996,13169112.442804152,optimal,appsi_highs,local,optimized
S6,PV+BESS under tight grid connection,R1,"Internal depot roofs, conservative",PZ052,Perdomo,3422.25,115.17133957979686,0.0,-0.0,0.0,40793.00000000001,2719.533333333334,40793.00000000001,0.0,0.0,0.0,0.0,0.0,0.0,8795060.197393827,7220.361000000001,11514593.530727161,optimal,appsi_highs,local,optimized
S6,PV+BESS under tight grid connection,R2,"Internal depot roofs, medium",PZ001,Las Mercedes,1404.0,16.144793662568954,16.144793662568954,15.817376783921741,8.342470556811492,23421.499469772833,1404.0,23478.0,0.0,59.74725493544274,59.74725493544274,0.0,33.29974059772998,30.05301588945131,5405241.671045998,4145.605406149792,6828482.2123337295,optimal,appsi_highs,local,optimized
S6,PV+BESS under tight grid connection,R2,"Internal depot roofs, medium",PZ006,Perdomo I,219.375,84.90565407903247,13.999410709803547,13.686612313875395,7.203480165197576,3305.031960330395,219.375,3354.0,0.0,51.80780740256969,51.777396934031906,0.058698621042736716,28.813920660790306,26.004563396363253,712326.9588872673,584.9906569784799,948373.0998182731,optimal,appsi_highs,local,optimized
S6,PV+BESS under tight grid connection,R2,"Internal depot roofs, medium",PZ039,El Refugio,1842.75,176.89707293923104,0.0,3.8294513758860134e-12,0.0,27734.999999999996,1733.437500000001,27735.0,0.0,0.0,0.0,0.0,4.031001448301067e-12,7.275957614183425e-12,5948263.552318767,4909.094999999999,7681701.052318767,optimal,appsi_highs,local,optimized
S6,PV+BESS under tight grid connection,R2,"Internal depot roofs, medium",PZ040,Aeropuerto,1930.5,186.823450319716,0.0,4.513311362069018e-12,7.591588176805276e-14,28955.999999999993,1930.3999999999999,28955.999999999996,0.0,0.0,0.0,0.0,8.123727606279244e-12,7.250223532651034e-12,6242977.05674345,5125.211999999999,8173377.05674345,optimal,appsi_highs,local,optimized
S6,PV+BESS under tight grid connection,R2,"Internal depot roofs, medium",PZ041,Usme,2018.25,29.233544549791347,29.233544549791347,5.265495641843268e-12,0.0,33507.06502870907,1971.0038252181816,33615.25000000001,0.0,108.18497129092972,108.18497129092972,0.0,0.0,5.002220859751105e-12,7419443.460744691,5930.750510081506,9414731.15091492,optimal,appsi_highs,local,optimized
S6,PV+BESS under tight grid connection,R2,"Internal depot roofs, medium",PZ047,Venecia,2588.625,0.0,0.0,-0.0,0.0,34988.5,2332.5666666666675,34988.5,0.0,0.0,0.0,0.0,-3.2195032522777287e-12,-6.826095244605283e-13,7543597.276898338,6192.9645,9876163.943565005,optimal,appsi_highs,local,optimized
S6,PV+BESS under tight grid connection,R2,"Internal depot roofs, medium",PZ048,Venecia,3202.875,0.0,0.0,-0.0,0.0,41628.99999999999,2775.266666666668,41629.0,0.0,0.0,0.0,0.0,-2.2602705590015942e-12,2.889969744993929e-12,8975303.629478281,7368.332999999999,11750570.296144947,optimal,appsi_highs,local,optimized
S6,PV+BESS under tight grid connection,R2,"Internal depot roofs, medium",PZ049,Escritorio IV,6120.0,0.0,0.0,0.0,0.0,38066.49999999999,2537.766666666667,38066.49999999999,0.0,0.0,0.0,0.0,0.0,0.0,8207220.8223001985,6737.770499999998,10744987.488966865,optimal,appsi_highs,local,optimized
S6,PV+BESS under tight grid connection,R2,"Internal depot roofs, medium",PZ050,Usme II,3466.125,424.3185570825893,0.0,-0.0,-1.036019531167661e-12,46654.49999999999,3110.3000000000006,46654.49999999999,0.0,0.0,0.0,0.0,-1.3642420526593924e-12,-1.0816407769453917e-12,10058812.442804161,8257.846499999998,13169112.442804161,optimal,appsi_highs,local,optimized
S6,PV+BESS under tight grid connection,R2,"Internal depot roofs, medium",PZ052,Perdomo,3422.25,184.274143327675,0.0,-0.0,0.0,40793.00000000001,2719.533333333334,40793.00000000001,0.0,0.0,0.0,0.0,0.0,0.0,8795060.197393827,7220.361000000001,11514593.530727161,optimal,appsi_highs,local,optimized
S6,PV+BESS under tight grid connection,R3,"Internal depot roofs, high",PZ001,Las Mercedes,1404.0,22.199091286032314,22.199091286032314,21.748893077892397,11.470897015615805,23400.31177093765,1404.0,23478.0,0.0,82.15247553623377,82.15247553623377,0.0,45.78714332187873,41.32289684799556,5395830.565728852,4141.855183455964,6826286.309999483,optimal,appsi_highs,local,optimized
S6,PV+BESS under tight grid connection,R3,"Internal depot roofs, high",PZ006,Perdomo I,219.375,116.74527435866965,13.999410709803547,13.686612313875395,7.203480165197576,3305.031960330395,219.375,3354.0,0.0,51.80780740256969,51.777396934031906,0.058698621042736716,28.813920660790306,26.004563396363253,712326.9588872673,584.9906569784799,948373.0998182731,optimal,appsi_highs,local,optimized
S6,PV+BESS under tight grid connection,R3,"Internal depot roofs, high",PZ039,El Refugio,1842.75,243.2334752914427,0.0,1.3163739104608172e-12,0.0,27734.999999999996,1733.4375000000007,27735.0,0.0,0.0,0.0,0.0,1.3856567478534919e-12,5.580313988673425e-12,5948263.552318767,4909.094999999999,7681701.052318766,optimal,appsi_highs,local,optimized
S6,PV+BESS under tight grid connection,R3,"Internal depot roofs, high",PZ040,Aeropuerto,1930.5,256.8822441896095,0.0,-0.0,0.0,28955.999999999996,1930.4000000000005,28955.999999999996,0.0,0.0,0.0,0.0,0.0,0.0,6242977.056743451,5125.211999999999,8173377.05674345,optimal,appsi_highs,local,optimized
S6,PV+BESS under tight grid connection,R3,"Internal depot roofs, high",PZ041,Usme,2018.25,40.1961237559631,40.1961237559631,-1.1009672705672289e-11,0.0,33466.49566447496,1968.617392027941,33615.249999999985,0.0,148.75433552502835,148.75433552502835,0.0,0.0,-1.0459189070388675e-11,7410460.217840085,5923.569732612069,9412467.924177084,optimal,appsi_highs,local,optimized
S6,PV+BESS under tight grid connection,R3,"Internal depot roofs, high",PZ047,Venecia,2588.625,0.0,0.0,-0.0,0.0,34988.5,2332.5666666666675,34988.5,0.0,0.0,0.0,0.0,-3.2195032522777287e-12,-6.826095244605283e-13,7543597.276898338,6192.9645,9876163.943565005,optimal,appsi_highs,local,optimized
S6,PV+BESS under tight grid connection,R3,"Internal depot roofs, high",PZ048,Venecia,3202.875,0.0,0.0,-0.0,0.0,41628.99999999999,2775.266666666668,41629.0,0.0,0.0,0.0,0.0,-2.2602705590015942e-12,2.889969744993929e-12,8975303.629478281,7368.332999999999,11750570.296144947,optimal,appsi_highs,local,optimized
S6,PV+BESS under tight grid connection,R3,"Internal depot roofs, high",PZ049,Escritorio IV,6120.0,0.0,0.0,0.0,0.0,38066.49999999999,2537.766666666667,38066.49999999999,0.0,0.0,0.0,0.0,0.0,0.0,8207220.8223001985,6737.770499999998,10744987.488966865,optimal,appsi_highs,local,optimized
S6,PV+BESS under tight grid connection,R3,"Internal depot roofs, high",PZ050,Usme II,3466.125,583.4380159885603,0.0,-0.0,0.0,46654.499999999985,3110.3000000000015,46654.499999999985,0.0,0.0,0.0,0.0,0.0,0.0,10058812.442804161,8257.846499999998,13169112.44280416,optimal,appsi_highs,local,optimized
S6,PV+BESS under tight grid connection,R3,"Internal depot roofs, high",PZ052,Perdomo,3422.25,253.37694707555312,0.0,3.9012348906908306e-12,-0.0,40792.999999999985,2719.5333333333338,40793.0,0.0,0.0,0.0,0.0,1.418406666358512e-11,1.2801120163885572e-11,8795060.197393823,7220.360999999997,11514593.530727157,optimal,appsi_highs,local,optimized
S6,PV+BESS under tight grid connection,R4,"Depot plus nearby roofs, medium",PZ001,Las Mercedes,1404.0,11758.617553739366,534.1313624663507,522.1969005909382,274.8404739952306,21609.680947990462,1404.0,23478.0,0.0,1976.6671132057352,1975.5068368676782,0.058698621042736356,1099.3618959809226,992.1741111227827,4649740.211979699,3824.9135277943114,6689808.358270382,optimal,appsi_highs,local,optimized
S6,PV+BESS under tight grid connection,R4,"Depot plus nearby roofs, medium",PZ006,Perdomo I,219.375,111087.04939402036,13.999410709803547,13.686612313875395,7.203480165197576,3305.031960330395,219.375,3354.0,0.0,51.80780740256969,51.777396934031906,0.058698621042736716,28.813920660790306,26.004563396363253,712326.9588872673,584.9906569784799,948373.0998182731,optimal,appsi_highs,local,optimized
S6,PV+BESS under tight grid connection,R4,"Depot plus nearby roofs, medium",PZ039,El Refugio,1842.75,124334.2906303316,0.0,-0.0,0.0,27735.0,1733.4375000000002,27735.0,0.0,0.0,0.0,0.0,0.0,0.0,5948263.552318767,4909.094999999999,7681701.052318767,optimal,appsi_highs,local,optimized
S6,PV+BESS under tight grid connection,R4,"Depot plus nearby roofs, medium",PZ040,Aeropuerto,1930.5,119487.44511316717,0.0,-0.0,0.0,28955.999999999996,1930.4000000000005,28955.999999999996,0.0,5.048709793414476e-29,5.048709793414476e-29,0.0,3.2562933574557064e-13,2.9388047551037753e-13,6242977.056743451,5125.2119999999995,8173377.05674345,optimal,appsi_highs,local,optimized
S6,PV+BESS under tight grid connection,R4,"Depot plus nearby roofs, medium",PZ041,Usme,2018.25,16029.339424553058,9083.451210471074,-0.0,-8.003024502098731e-12,-1.982670709946793e-11,7.45692658691026e-13,33615.25000000001,0.0,33615.25000000002,33615.25000000002,0.0,-1.0381058540012832e-11,-3.2557144655591193e-12,-3.913251606535029e-09,-3.509327156605823e-12,7545486.0466159675,optimal,appsi_highs,local,optimized
S6,PV+BESS under tight grid connection,R4,"Depot plus nearby roofs, medium",PZ047,Venecia,2588.625,74334.87602402769,0.0,0.0,2.1205198262139674e-12,34988.50000000001,2332.5666666666702,34988.500000000015,0.0,2.120519826213968e-12,4.2410396524279355e-12,-99.99999999999996,9.02644795637647e-12,8.146369280629765e-12,7543597.276898339,6192.964500000001,9876163.943565005,optimal,appsi_highs,local,optimized
S6,PV+BESS under tight grid connection,R4,"Depot plus nearby roofs, medium",PZ048,Venecia,3202.875,75029.31442354406,0.0,-7.580362566606664e-13,0.0,41629.0,2775.266666666668,41629.0,0.0,-7.979329017480699e-13,-7.979329017480699e-13,0.0,-3.431855508616059e-13,-3.097249596525992e-13,8975303.629478283,7368.333,11750570.296144951,optimal,appsi_highs,local,optimized
S6,PV+BESS under tight grid connection,R4,"Depot plus nearby roofs, medium",PZ049,Escritorio IV,6120.0,75817.4076745315,0.0,-1.2065612169869727e-12,0.0,38066.50000000001,2537.7666666666773,38066.50000000001,0.0,-1.2700644389336553e-12,-1.2700644389336553e-12,0.0,-2.1795591407065838e-12,-1.967052124487692e-12,8207220.822300202,6737.7705000000005,10744987.48896687,optimal,appsi_highs,local,optimized
S6,PV+BESS under tight grid connection,R4,"Depot plus nearby roofs, medium",PZ050,Usme II,3466.125,19412.891423495883,0.0,1.647964899463004e-12,0.0,46654.50000000001,3110.3,46654.5,0.0,0.0,0.0,0.0,3.0384956434794576e-12,6.657748683964939e-13,10058812.442804165,8257.8465,13169112.442804165,optimal,appsi_highs,local,optimized
S6,PV+BESS under tight grid connection,R4,"Depot plus nearby roofs, medium",PZ052,Perdomo,3422.25,88506.69713794823,0.0,4.0350155284930696e-12,0.0,40793.0,2719.5333333333347,40793.0,0.0,4.24738476683481e-12,4.24738476683481e-12,0.0,8.340110924812988e-12,7.526950109643722e-12,8795060.197393825,7220.360999999999,11514593.530727161,optimal,appsi_highs,local,optimized
S6,PV+BESS under tight grid connection,R5,Maximum technical roof sensitivity,PZ001,Las Mercedes,1404.0,132473.31964420393,534.1313624663507,522.1969005909382,274.8404739952306,21609.680947990462,1404.0,23478.0,0.0,1976.6671132057352,1975.5068368676782,0.058698621042736356,1099.3618959809226,992.1741111227826,4649740.211979699,3824.9135277943114,6689808.358270382,optimal,appsi_highs,local,optimized
S6,PV+BESS under tight grid connection,R5,Maximum technical roof sensitivity,PZ006,Perdomo I,219.375,541085.818270127,13.999410709803547,13.686612313875395,7.203480165197576,3305.031960330395,219.375,3354.0,0.0,51.80780740256969,51.777396934031906,0.058698621042736716,28.813920660790306,26.004563396363253,712326.9588872673,584.9906569784799,948373.0998182731,optimal,appsi_highs,local,optimized
S6,PV+BESS under tight grid connection,R5,Maximum technical roof sensitivity,PZ039,El Refugio,1842.75,601641.0469773205,0.0,-0.0,-9.175798268878692e-13,27735.0,1733.4375000000002,27735.0,0.0,-2.0194839173657902e-28,-2.0194839173657902e-28,0.0,0.0,0.0,5948263.552318767,4909.094999999999,7681701.052318767,optimal,appsi_highs,local,optimized
S6,PV+BESS under tight grid connection,R5,Maximum technical roof sensitivity,PZ040,Aeropuerto,1930.5,686081.6706431215,0.0,-0.0,-1.2946324852867078e-12,28955.999999999985,1930.4000000000003,28955.99999999999,0.0,1.179274470877522e-12,-2.0194839173657902e-28,100.00000000000001,-3.859054042771975e-12,2.4661469330306486e-14,6242977.0567434495,5125.211999999998,8173377.0567434495,optimal,appsi_highs,local,optimized
S6,PV+BESS under tight grid connection,R5,Maximum technical roof sensitivity,PZ041,Usme,2018.25,32364.24182957695,9083.45121047107,0.0,-1.6514921159069127e-12,7.912705139396029e-14,9.886217531668885e-13,33615.25,0.0,33615.25,33615.25,0.0,9.886217531668885e-13,1.9216615556970847e-12,2.785373578237793e-11,1.400548809673097e-14,7545486.046615968,optimal,appsi_highs,local,optimized
S6,PV+BESS under tight grid connection,R5,Maximum technical roof sensitivity,PZ047,Venecia,2588.625,331848.57081349957,0.0,0.0,1.336509480930093e-12,34988.5,2332.566666666669,34988.5,0.0,2.673018961860186e-12,2.673018961860186e-12,0.0,5.152631489707029e-12,4.650249919460594e-12,7543597.2768983375,6192.964499999999,9876163.943565004,optimal,appsi_highs,local,optimized
S6,PV+BESS under tight grid connection,R5,Maximum technical roof sensitivity,PZ048,Venecia,3202.875,340962.32266664394,0.0,-0.0,2.8242761571513366e-12,41629.0,2775.266666666667,41629.0,0.0,-2.8242761571513362e-12,4.0389678347315804e-28,0.0,-4.238849960479088e-13,2.1132174814744516e-13,8975303.629478281,7368.332999999999,11750570.29614495,optimal,appsi_highs,local,optimized
S6,PV+BESS under tight grid connection,R5,Maximum technical roof sensitivity,PZ049,Escritorio IV,6120.0,332936.84770568216,0.0,-4.521197256735333e-12,0.0,38066.50000000001,2537.766666666668,38066.5,0.0,-4.759155007089825e-12,-4.759155007089825e-12,0.0,-8.062002896602135e-12,-7.275957614183426e-12,8207220.822300202,6737.7705000000005,10744987.488966867,optimal,appsi_highs,local,optimized
S6,PV+BESS under tight grid connection,R5,Maximum technical roof sensitivity,PZ050,Usme II,3466.125,43143.00300092166,0.0,-3.456079866737127e-12,0.0,46654.499999999985,3110.3000000000025,46654.499999999985,0.0,-3.6379788070917125e-12,-3.6379788070917125e-12,0.0,-7.275957614183426e-12,-6.566551746800542e-12,10058812.442804161,8257.846499999998,13169112.44280416,optimal,appsi_highs,local,optimized
S6,PV+BESS under tight grid connection,R5,Maximum technical roof sensitivity,PZ052,Perdomo,3422.25,395390.468579418,0.0,4.0350155284930696e-12,0.0,40793.0,2719.5333333333347,40793.0,0.0,4.24738476683481e-12,4.24738476683481e-12,0.0,8.340110924812988e-12,7.526950109643722e-12,8795060.197393825,7220.360999999999,11514593.530727161,optimal,appsi_highs,local,optimized
S7,Fleet expansion 2026-2035,R1,"Internal depot roofs, conservative",PZ001,Las Mercedes,3120.0,10.090496039105595,0.0,-0.0,0.0,35217.0,2347.8,35217.0,0.0,0.0,0.0,0.0,0.0,0.0,7592862.37765348,6233.409,9940662.37765348,optimal,appsi_highs,local,optimized
S7,Fleet expansion 2026-2035,R1,"Internal depot roofs, conservative",PZ006,Perdomo I,487.5,53.06603379939529,0.0,-0.0,0.0,5031.0,335.40000000000003,5031.0,0.0,0.0,0.0,0.0,0.0,0.0,1084694.6253790685,890.487,1420094.6253790685,optimal,appsi_highs,local,optimized
S7,Fleet expansion 2026-2035,R1,"Internal depot roofs, conservative",PZ039,El Refugio,4095.0,110.5606705870194,0.0,-0.0,0.0,41602.5,2600.1562500000005,41602.5,0.0,0.0,0.0,0.0,0.0,0.0,8922395.32847815,7363.6425,11522551.57847815,optimal,appsi_highs,local,optimized
S7,Fleet expansion 2026-2035,R1,"Internal depot roofs, conservative",PZ040,Aeropuerto,4290.0,116.76465644982248,0.0,-0.0,0.0,43434.000000000015,2895.600000000001,43434.000000000015,0.0,0.0,0.0,0.0,0.0,0.0,9364465.58511518,7687.818000000001,12260065.585115181,optimal,appsi_highs,local,optimized
S7,Fleet expansion 2026-2035,R1,"Internal depot roofs, conservative",PZ041,Usme,4485.0,18.27096534361959,18.27096534361959,-0.0,0.0,50355.25939294316,2962.0740819378334,50422.874999999985,0.0,67.61560705683107,67.61560705683107,0.0,0.0,0.0,11150126.091227774,8912.880912550938,14127377.588760635,optimal,appsi_highs,local,optimized
S7,Fleet expansion 2026-2035,R1,"Internal depot roofs, conservative",PZ047,Venecia,5752.5,0.0,0.0,0.0,0.0,52482.750000000015,3498.8500000000017,52482.750000000015,0.0,0.0,0.0,0.0,-5.7526651955408366e-12,-8.62153681779887e-12,11315395.91534751,9289.446750000001,14814245.915347511,optimal,appsi_highs,local,optimized
S7,Fleet expansion 2026-2035,R1,"Internal depot roofs, conservative",PZ048,Venecia,7117.5,0.0,0.0,0.0,0.0,62443.49999999999,4162.900000000001,62443.50000000001,0.0,0.0,0.0,0.0,-1.50504170529817e-11,-1.3583001390315984e-11,13462955.444217423,11052.499499999998,17625855.44421742,optimal,appsi_highs,local,optimized
S7,Fleet expansion 2026-2035,R1,"Internal depot roofs, conservative",PZ049,Escritorio IV,13600.0,0.0,0.0,0.0,0.0,57099.75,3806.65,57099.75,0.0,0.0,0.0,0.0,0.0,0.0,12310831.233450301,10106.65575,16117481.233450301,optimal,appsi_highs,local,optimized
S7,Fleet expansion 2026-2035,R1,"Internal depot roofs, conservative",PZ050,Usme II,7702.5,265.1990981766183,0.0,-0.0,0.0,69981.75,4665.450000000002,69981.75,0.0,0.0,0.0,0.0,0.0,0.0,15088218.664206246,12386.76975,19753668.664206248,optimal,appsi_highs,local,optimized
S7,Fleet expansion 2026-2035,R1,"Internal depot roofs, conservative",PZ052,Perdomo,7605.0,115.17133957979686,0.0,-0.0,-0.0,61189.49999999999,4079.3,61189.49999999999,0.0,0.0,0.0,0.0,0.0,0.0,13192590.296090737,10830.541499999998,17271890.296090737,optimal,appsi_highs,local,optimized
S7,Fleet expansion 2026-2035,R2,"Internal depot roofs, medium",PZ001,Las Mercedes,3120.0,16.144793662568954,0.0,-0.0,0.0,35217.0,2347.8,35217.0,0.0,0.0,0.0,0.0,0.0,0.0,7592862.37765348,6233.409,9940662.37765348,optimal,appsi_highs,local,optimized
S7,Fleet expansion 2026-2035,R2,"Internal depot roofs, medium",PZ006,Perdomo I,487.5,84.90565407903247,0.0,-0.0,0.0,5031.0,335.40000000000003,5031.0,0.0,0.0,0.0,0.0,0.0,0.0,1084694.6253790685,890.487,1420094.6253790685,optimal,appsi_highs,local,optimized
S7,Fleet expansion 2026-2035,R2,"Internal depot roofs, medium",PZ039,El Refugio,4095.0,176.89707293923104,0.0,-0.0,0.0,41602.5,2600.1562500000005,41602.5,0.0,0.0,0.0,0.0,0.0,0.0,8922395.32847815,7363.6425,11522551.57847815,optimal,appsi_highs,local,optimized
S7,Fleet expansion 2026-2035,R2,"Internal depot roofs, medium",PZ040,Aeropuerto,4290.0,186.823450319716,0.0,-0.0,0.0,43434.000000000015,2895.600000000001,43434.000000000015,0.0,0.0,0.0,0.0,0.0,0.0,9364465.58511518,7687.818000000001,12260065.585115181,optimal,appsi_highs,local,optimized
S7,Fleet expansion 2026-2035,R2,"Internal depot roofs, medium",PZ041,Usme,4485.0,29.233544549791347,29.233544549791347,-0.0,0.0,50314.690028709076,2959.6876487475934,50422.87500000001,0.0,108.18497129092972,108.18497129092972,0.0,0.0,0.0,11141142.848323174,8905.700135081506,14125114.362022813,optimal,appsi_highs,local,optimized
S7,Fleet expansion 2026-2035,R2,"Internal depot roofs, medium",PZ047,Venecia,5752.5,0.0,0.0,0.0,0.0,52482.750000000015,3498.8500000000017,52482.750000000015,0.0,0.0,0.0,0.0,-5.7526651955408366e-12,-8.62153681779887e-12,11315395.91534751,9289.446750000001,14814245.915347511,optimal,appsi_highs,local,optimized
S7,Fleet expansion 2026-2035,R2,"Internal depot roofs, medium",PZ048,Venecia,7117.5,0.0,0.0,0.0,0.0,62443.49999999999,4162.900000000001,62443.50000000001,0.0,0.0,0.0,0.0,-1.50504170529817e-11,-1.3583001390315984e-11,13462955.444217423,11052.499499999998,17625855.44421742,optimal,appsi_highs,local,optimized
S7,Fleet expansion 2026-2035,R2,"Internal depot roofs, medium",PZ049,Escritorio IV,13600.0,0.0,0.0,0.0,0.0,57099.75,3806.65,57099.75,0.0,0.0,0.0,0.0,0.0,0.0,12310831.233450301,10106.65575,16117481.233450301,optimal,appsi_highs,local,optimized
S7,Fleet expansion 2026-2035,R2,"Internal depot roofs, medium",PZ050,Usme II,7702.5,424.3185570825893,0.0,-0.0,0.0,69981.75,4665.450000000002,69981.75,0.0,0.0,0.0,0.0,0.0,0.0,15088218.664206246,12386.76975,19753668.664206248,optimal,appsi_highs,local,optimized
S7,Fleet expansion 2026-2035,R2,"Internal depot roofs, medium",PZ052,Perdomo,7605.0,184.274143327675,0.0,-0.0,-0.0,61189.49999999999,4079.3,61189.49999999999,0.0,0.0,0.0,0.0,0.0,0.0,13192590.296090737,10830.541499999998,17271890.296090737,optimal,appsi_highs,local,optimized
S7,Fleet expansion 2026-2035,R3,"Internal depot roofs, high",PZ001,Las Mercedes,3120.0,22.199091286032314,0.0,-0.0,0.0,35217.0,2347.8,35217.0,0.0,0.0,0.0,0.0,0.0,0.0,7592862.37765348,6233.409,9940662.37765348,optimal,appsi_highs,local,optimized
S7,Fleet expansion 2026-2035,R3,"Internal depot roofs, high",PZ006,Perdomo I,487.5,116.74527435866965,0.0,1.795055332446569e-13,-0.0,5031.0,335.4000000000001,5031.0,0.0,0.0,0.0,0.0,-1.3614921828648524e-12,-4.2385894793994796e-13,1084694.6253790685,890.4870000000001,1420094.6253790688,optimal,appsi_highs,local,optimized
S7,Fleet expansion 2026-2035,R3,"Internal depot roofs, high",PZ039,El Refugio,4095.0,243.2334752914427,0.0,-0.0,-0.0,41602.5,2600.1562500000005,41602.5,0.0,0.0,0.0,0.0,0.0,0.0,8922395.32847815,7363.6425,11522551.57847815,optimal,appsi_highs,local,optimized
S7,Fleet expansion 2026-2035,R3,"Internal depot roofs, high",PZ040,Aeropuerto,4290.0,256.8822441896095,0.0,-0.0,0.0,43434.000000000015,2895.600000000001,43434.000000000015,0.0,0.0,0.0,0.0,0.0,0.0,9364465.58511518,7687.818000000001,12260065.585115181,optimal,appsi_highs,local,optimized
S7,Fleet expansion 2026-2035,R3,"Internal depot roofs, high",PZ041,Usme,4485.0,40.1961237559631,40.1961237559631,-0.0,0.0,50274.12066447497,2957.3012155573674,50422.875,0.0,148.75433552502835,148.75433552502835,0.0,0.0,0.0,11132159.60541857,8898.51935761207,14122851.135284983,optimal,appsi_highs,local,optimized
S7,Fleet expansion 2026-2035,R3,"Internal depot roofs, high",PZ047,Venecia,5752.5,0.0,0.0,0.0,0.0,52482.750000000015,3498.8500000000017,52482.750000000015,0.0,0.0,0.0,0.0,-5.7526651955408366e-12,-8.62153681779887e-12,11315395.91534751,9289.446750000001,14814245.915347511,optimal,appsi_highs,local,optimized
S7,Fleet expansion 2026-2035,R3,"Internal depot roofs, high",PZ048,Venecia,7117.5,0.0,0.0,0.0,0.0,62443.49999999999,4162.900000000001,62443.50000000001,0.0,0.0,0.0,0.0,-1.50504170529817e-11,-1.3583001390315984e-11,13462955.444217423,11052.499499999998,17625855.44421742,optimal,appsi_highs,local,optimized
S7,Fleet expansion 2026-2035,R3,"Internal depot roofs, high",PZ049,Escritorio IV,13600.0,0.0,0.0,0.0,0.0,57099.75,3806.65,57099.75,0.0,0.0,0.0,0.0,0.0,0.0,12310831.233450301,10106.65575,16117481.233450301,optimal,appsi_highs,local,optimized
S7,Fleet expansion 2026-2035,R3,"Internal depot roofs, high",PZ050,Usme II,7702.5,583.4380159885603,0.0,-0.0,-0.0,69981.75,4665.450000000001,69981.75,0.0,0.0,0.0,0.0,0.0,0.0,15088218.664206248,12386.769750000001,19753668.664206248,optimal,appsi_highs,local,optimized
S7,Fleet expansion 2026-2035,R3,"Internal depot roofs, high",PZ052,Perdomo,7605.0,253.37694707555312,0.0,-0.0,0.0,61189.499999999985,4079.300000000002,61189.499999999985,0.0,0.0,0.0,0.0,0.0,0.0,13192590.296090737,10830.541499999998,17271890.296090737,optimal,appsi_highs,local,optimized
S7,Fleet expansion 2026-2035,R4,"Depot plus nearby roofs, medium",PZ001,Las Mercedes,3120.0,11758.617553739366,0.0,-0.0,3.268496584496461e-13,35217.0,2347.8000000000025,35217.0,0.0,0.0,0.0,0.0,-8.815170815523745e-13,-1.5825225253788288e-12,7592862.37765348,6233.409,9940662.37765348,optimal,appsi_highs,local,optimized
S7,Fleet expansion 2026-2035,R4,"Depot plus nearby roofs, medium",PZ006,Perdomo I,487.5,111087.04939402036,0.0,5.983517774821896e-14,0.0,5031.000000000001,335.40000000000015,5031.0,0.0,0.0,0.0,0.0,6.298439762970418e-14,1.8271772983524676e-13,1084694.6253790685,890.487,1420094.6253790685,optimal,appsi_highs,local,optimized
S7,Fleet expansion 2026-2035,R4,"Depot plus nearby roofs, medium",PZ039,El Refugio,4095.0,124334.2906303316,0.0,-0.0,-0.0,41602.5,2600.1562500000005,41602.5,0.0,0.0,0.0,0.0,0.0,0.0,8922395.32847815,7363.6425,11522551.57847815,optimal,appsi_highs,local,optimized
S7,Fleet expansion 2026-2035,R4,"Depot plus nearby roofs, medium",PZ040,Aeropuerto,4290.0,119487.44511316717,0.0,-0.0,0.0,43434.00000000001,2895.6000000000045,43434.00000000001,0.0,3.2473547792786465e-14,3.2473547792786465e-14,0.0,3.83805500931421e-13,7.565488265202296e-13,9364465.58511518,7687.818000000001,12260065.58511518,optimal,appsi_highs,local,optimized
S7,Fleet expansion 2026-2035,R4,"Depot plus nearby roofs, medium",PZ041,Usme,4485.0,16029.339424553058,13409.620306075354,2.733719683371754e-12,1.213487079450963e-12,826.8421586961142,55.12281057974163,50422.875,0.0,49625.162127162745,49596.03284130388,0.05869862104273684,1.465899615931322e-12,3.1887238462232367e-12,178268.98143003415,146.3510620892122,11372561.317494838,optimal,appsi_highs,local,optimized
S7,Fleet expansion 2026-2035,R4,"Depot plus nearby roofs, medium",PZ047,Venecia,5752.5,74334.87602402769,0.0,-0.0,-0.0,52482.750000000015,3498.850000000011,52482.750000000015,0.0,0.0,0.0,0.0,-2.5798235867257385e-14,5.362738509264475e-14,11315395.91534751,9289.446750000001,14814245.91534751,optimal,appsi_highs,local,optimized
S7,Fleet expansion 2026-2035,R4,"Depot plus nearby roofs, medium",PZ048,Venecia,7117.5,75029.31442354406,3.71644818163678e-12,3.7650881660949114e-12,0.0,62443.49999999997,4162.9,62443.49999999999,0.0,6.926531688819055e-12,6.926531688819055e-12,0.0,2.9852382277446734e-13,2.6941775005395757e-13,13462955.444217417,11052.499499999994,17625855.44421742,optimal,appsi_highs,local,optimized
S7,Fleet expansion 2026-2035,R4,"Depot plus nearby roofs, medium",PZ049,Escritorio IV,13600.0,75817.4076745315,0.0,-2.3934071099287587e-12,0.0,57099.749999999985,3806.6500000000037,57099.749999999985,0.0,-8.453908548884775e-13,-8.453908548884775e-13,0.0,-2.519375905188167e-12,-4.547473508864642e-12,12310831.2334503,10106.655749999998,16117481.2334503,optimal,appsi_highs,local,optimized
S7,Fleet expansion 2026-2035,R4,"Depot plus nearby roofs, medium",PZ050,Usme II,7702.5,19412.891423495883,0.0,-7.939052091658165e-13,0.0,69981.75,4665.4500000000035,69981.75,0.0,-8.356896938587542e-13,-8.356896938587542e-13,0.0,-1.7451843956316824e-12,-1.5750289170575933e-12,15088218.664206246,12386.76975,19753668.664206248,optimal,appsi_highs,local,optimized
S7,Fleet expansion 2026-2035,R4,"Depot plus nearby roofs, medium",PZ052,Perdomo,7605.0,88506.69713794823,0.0,-0.0,-1.445649155940032e-12,61189.499999999985,4079.3,61189.499999999985,0.0,-2.0194839173657902e-28,-2.0194839173657902e-28,0.0,0.0,0.0,13192590.296090737,10830.541499999998,17271890.296090737,optimal,appsi_highs,local,optimized
S7,Fleet expansion 2026-2035,R5,Maximum technical roof sensitivity,PZ001,Las Mercedes,3120.0,132473.31964420393,5.8654198910446275e-12,-0.0,0.0,35216.99999999998,2347.7999999999997,35216.999999999985,0.0,1.6922038810676568e-11,1.6922038810676568e-11,0.0,3.091045114132788e-13,0.0,7592862.377653474,6233.408999999996,9940662.377653478,optimal,appsi_highs,local,optimized
S7,Fleet expansion 2026-2035,R5,Maximum technical roof sensitivity,PZ006,Perdomo I,487.5,541085.818270127,0.0,5.983517774821896e-14,0.0,5031.000000000001,335.40000000000015,5031.0,0.0,0.0,0.0,0.0,6.298439762970418e-14,1.8271772983524676e-13,1084694.6253790685,890.487,1420094.6253790685,optimal,appsi_highs,local,optimized
S7,Fleet expansion 2026-2035,R5,Maximum technical roof sensitivity,PZ039,El Refugio,4095.0,601641.0469773205,-1.9233501737725504e-12,-0.0,-0.0,41602.500000000015,2600.156250000004,41602.5,0.0,-6.128096555016439e-12,-6.128096555016439e-12,0.0,-1.7721962102950064e-12,-1.5994070797912432e-12,8922395.328478152,7363.642500000002,11522551.578478152,optimal,appsi_highs,local,optimized
S7,Fleet expansion 2026-2035,R5,Maximum technical roof sensitivity,PZ040,Aeropuerto,4290.0,686081.6706431215,0.0,-0.0,0.0,43434.0,2895.6000000000004,43434.0,0.0,0.0,0.0,0.0,4.547473508864641e-13,4.0720149484520174e-14,9364465.585115178,7687.818,12260065.585115178,optimal,appsi_highs,local,optimized
S7,Fleet expansion 2026-2035,R5,Maximum technical roof sensitivity,PZ041,Usme,4485.0,32364.24182957695,13409.620306075349,-7.404603246342096e-13,4.131199370522093e-12,826.8421586961445,55.12281057975428,50422.875,0.0,49625.16212716272,49596.03284130386,0.058698621042724754,7.724154981553144e-13,-1.4175298147453044e-14,178268.9814300403,146.35106208921755,11372561.317494841,optimal,appsi_highs,local,optimized
S7,Fleet expansion 2026-2035,R5,Maximum technical roof sensitivity,PZ047,Venecia,5752.5,331848.57081349957,0.0,-0.0,-0.0,52482.750000000015,3498.850000000011,52482.750000000015,0.0,0.0,0.0,0.0,-2.5798235867257385e-14,5.362738509264475e-14,11315395.91534751,9289.446750000001,14814245.91534751,optimal,appsi_highs,local,optimized
S7,Fleet expansion 2026-2035,R5,Maximum technical roof sensitivity,PZ048,Venecia,7117.5,340962.32266664394,0.0,9.573628439715034e-13,0.0,62443.499999999985,4162.900000000001,62443.499999999985,0.0,3.84573874746057e-12,3.84573874746057e-12,0.0,4.8534891095358375e-12,8.583411759133342e-14,13462955.444217421,11052.499499999998,17625855.44421742,optimal,appsi_highs,local,optimized
S7,Fleet expansion 2026-2035,R5,Maximum technical roof sensitivity,PZ049,Escritorio IV,13600.0,332936.84770568216,0.0,-2.3934071099287587e-12,0.0,57099.749999999985,3806.6500000000037,57099.749999999985,0.0,-8.453908548884775e-13,-8.453908548884775e-13,0.0,-2.519375905188167e-12,-4.547473508864642e-12,12310831.2334503,10106.655749999998,16117481.2334503,optimal,appsi_highs,local,optimized
S7,Fleet expansion 2026-2035,R5,Maximum technical roof sensitivity,PZ050,Usme II,7702.5,43143.00300092166,0.0,-0.0,-0.0,69981.75000000001,4665.450000000022,69981.75000000001,0.0,0.0,0.0,0.0,-7.380500791417391e-14,-1.5362722205480852e-13,15088218.66420625,12386.769750000003,19753668.664206248,optimal,appsi_highs,local,optimized
S7,Fleet expansion 2026-2035,R5,Maximum technical roof sensitivity,PZ052,Perdomo,7605.0,395390.468579418,0.0,4.242552185488672e-12,0.0,61189.499999999985,4079.300000000006,61189.499999999985,0.0,5.0280914665254234e-12,5.0280914665254234e-12,0.0,8.558570563755727e-12,8.231537906114499e-12,13192590.296090737,10830.541499999998,17271890.296090737,optimal,appsi_highs,local,optimized
S8,High grid emission factor,R1,"Internal depot roofs, conservative",PZ001,Las Mercedes,3120.0,10.090496039105595,10.090496039105595,-0.0,-0.0,23451.06413460213,1563.4042756401423,23477.999999999993,0.0,37.342034334651714,26.93586539786109,27.867172001216247,0.0,0.0,5056100.820159564,5862.766033650532,8972993.532271033,optimal,appsi_highs,local,optimized
S8,High grid emission factor,R1,"Internal depot roofs, conservative",PZ006,Perdomo I,487.5,53.06603379939529,53.06603379939529,51.88034315892455,27.305443767855024,3168.3822120757077,207.58475496933315,3353.999999999999,0.0,196.382184628106,196.2669109937557,0.05869862104273812,109.2217750714201,98.57265200195665,682180.791499393,792.0955530189268,1269797.2367770865,optimal,appsi_highs,local,optimized
S8,High grid emission factor,R1,"Internal depot roofs, conservative",PZ039,El Refugio,4095.0,110.5606705870194,110.5606705870194,108.09033800450989,56.88965158132099,27348.27377163012,1702.1559042792173,27735.000000000004,0.0,409.15335986679054,408.9131924865987,0.05869862104273679,227.558606325284,205.3716422085688,5863813.274117316,6837.06844290753,10432457.277499218,optimal,appsi_highs,local,optimized
S8,High grid emission factor,R1,"Internal depot roofs, conservative",PZ040,Aeropuerto,4290.0,116.76465644982248,116.7646564498225,114.15570397348509,60.081949459728996,28547.573070640843,1895.1606114480926,28956.0,0.0,432.11253374710867,431.8588896484463,0.05869862104274196,240.32779783891598,216.8958375496217,6152874.3910932485,7136.893267660212,11041841.022711065,optimal,appsi_highs,local,optimized
S8,High grid emission factor,R1,"Internal depot roofs, conservative",PZ041,Usme,4485.0,18.27096534361959,18.27096534361959,-7.898243462764903e-12,0.0,33547.634392943175,1973.3902584084328,33615.25,0.0,67.61560705683107,67.61560705683107,0.0,0.0,-7.503331289626658e-12,7428426.703649295,8386.908598235794,12771757.81694706,optimal,appsi_highs,local,optimized
S8,High grid emission factor,R1,"Internal depot roofs, conservative",PZ047,Venecia,5752.5,0.0,0.0,0.0,0.0,34988.50000000001,2332.566666666667,34988.50000000001,0.0,0.0,0.0,0.0,0.0,0.0,7543597.276898339,8747.125000000002,13375013.943565007,optimal,appsi_highs,local,optimized
S8,High grid emission factor,R1,"Internal depot roofs, conservative",PZ048,Venecia,7117.5,0.0,0.0,0.0,0.0,41629.0,2775.2666666666673,41629.0,0.0,0.0,0.0,0.0,0.0,0.0,8975303.629478281,10407.249999999998,15913470.296144947,optimal,appsi_highs,local,optimized
S8,High grid emission factor,R1,"Internal depot roofs, conservative",PZ049,Escritorio IV,13600.0,0.0,0.0,-0.0,0.0,38066.5,2537.766666666667,38066.5,0.0,0.0,0.0,0.0,0.0,0.0,8207220.8223002,9516.625,14551637.488966867,optimal,appsi_highs,local,optimized
S8,High grid emission factor,R1,"Internal depot roofs, conservative",PZ050,Usme II,7702.5,265.1990981766183,265.1990981766183,259.27357357913303,136.45977556796478,45726.869528328636,3030.263331812847,46654.499999999985,0.0,981.4258675936949,980.8497841428606,0.058698621042741525,545.839102271859,492.6197898003528,9854168.791203888,11431.717382082159,17772930.33620372,optimal,appsi_highs,local,optimized
S8,High grid emission factor,R1,"Internal depot roofs, conservative",PZ052,Perdomo,7605.0,115.17133957979686,115.17133957979686,112.59798767061766,59.26209877400929,40390.14627692182,2684.7748052915863,40793.0,0.0,426.2161245878469,425.965941600052,0.05869862104273653,237.04839509603718,213.93617657417354,8706187.03133348,10097.536569230453,15567127.78255116,optimal,appsi_highs,local,optimized
S8,High grid emission factor,R2,"Internal depot roofs, medium",PZ001,Las Mercedes,3120.0,16.144793662568954,16.144793662568954,-0.0,-0.0,23434.902615363426,1562.3268410242283,23478.000000000004,0.0,59.74725493544274,43.09738463657775,27.86717200121625,0.0,0.0,5052616.361193914,5858.7256538408565,8971844.700572269,optimal,appsi_highs,local,optimized
S8,High grid emission factor,R2,"Internal depot roofs, medium",PZ006,Perdomo I,487.5,84.90565407903247,84.90565407903247,83.00854905427929,43.68871002856804,3057.0115393211327,197.9756079509331,3354.0,0.0,314.2114954049696,314.0270575900091,0.05869862104273314,174.75484011427218,157.71624320313066,657611.4162474015,764.2528848302832,1262397.7286917116,optimal,appsi_highs,local,optimized
S8,High grid emission factor,R2,"Internal depot roofs, medium",PZ039,El Refugio,4095.0,176.89707293923104,176.89707293923104,172.94454080721576,91.02344253011357,27116.23803460819,1683.3869468467476,27735.0,0.0,654.6453757868647,654.2611079785578,0.05869862104274461,364.0937701204542,328.59462753370997,5813143.107196445,6779.059508652047,10418811.012607485,optimal,appsi_highs,local,optimized
S8,High grid emission factor,R2,"Internal depot roofs, medium",PZ040,Aeropuerto,4290.0,186.823450319716,186.823450319716,182.64912635757616,96.1311191355664,28302.51691302536,1874.0169783169483,28956.0,0.0,691.3800539953738,690.974223437514,0.05869862104273703,384.52447654226563,347.03334007939475,6098812.791703127,7075.629228256339,11025559.402291631,optimal,appsi_highs,local,optimized
S8,High grid emission factor,R2,"Internal depot roofs, medium",PZ041,Usme,4485.0,29.233544549791347,29.233544549791347,4.308132797871765e-12,0.0,33507.06502870907,1971.003825218181,33615.25,0.0,108.18497129092972,108.18497129092972,0.0,0.0,4.092726157978177e-12,7419443.460744689,8376.766257177267,12765437.653785825,optimal,appsi_highs,local,optimized
S8,High grid emission factor,R2,"Internal depot roofs, medium",PZ047,Venecia,5752.5,0.0,0.0,0.0,0.0,34988.50000000001,2332.566666666667,34988.50000000001,0.0,0.0,0.0,0.0,0.0,0.0,7543597.276898339,8747.125000000002,13375013.943565007,optimal,appsi_highs,local,optimized
S8,High grid emission factor,R2,"Internal depot roofs, medium",PZ048,Venecia,7117.5,0.0,0.0,0.0,0.0,41629.0,2775.2666666666673,41629.0,0.0,0.0,0.0,0.0,0.0,0.0,8975303.629478281,10407.249999999998,15913470.296144947,optimal,appsi_highs,local,optimized
S8,High grid emission factor,R2,"Internal depot roofs, medium",PZ049,Escritorio IV,13600.0,0.0,0.0,-0.0,0.0,38066.5,2537.766666666667,38066.5,0.0,0.0,0.0,0.0,0.0,0.0,8207220.8223002,9516.625,14551637.488966867,optimal,appsi_highs,local,optimized
S8,High grid emission factor,R2,"Internal depot roofs, medium",PZ050,Usme II,7702.5,424.3185570825893,424.3185570825893,414.83771772661294,218.33564090874367,45170.29124532583,2982.2413309005565,46654.50000000001,0.0,1570.281388149912,1569.3596546285771,0.058698621042740436,873.3425636349747,788.1916636805647,9731382.600243727,11292.572811331458,17735951.07224346,optimal,appsi_highs,local,optimized
S8,High grid emission factor,R2,"Internal depot roofs, medium",PZ052,Perdomo,7605.0,184.274143327675,184.274143327675,180.15678027298824,94.81935803841488,40148.434043074914,2663.919688466539,40793.000000000015,0.0,681.9457993405551,681.5455065600834,0.058698621042740685,379.2774321536595,342.2978825186777,8652863.131697275,10037.108510768729,15551068.333645565,optimal,appsi_highs,local,optimized
S8,High grid emission factor,R3,"Internal depot roofs, high",PZ001,Las Mercedes,3120.0,22.199091286032314,22.199091286032314,21.703081826114765,11.422674645323562,23400.35058994573,1558.5003493770055,23477.999999999993,0.0,82.15247553623378,82.10425316594153,0.05869862104274266,45.69069858129424,41.23585546961806,5044778.091318907,5850.087647486433,8969749.196666684,optimal,appsi_highs,local,optimized
S8,High grid emission factor,R3,"Internal depot roofs, high",PZ006,Perdomo I,487.5,116.74527435866965,116.74527435866963,114.13675494963401,60.071976289281054,2945.640866566557,188.36646093253302,3354.0,0.0,432.04080618183315,431.7872041862625,0.058698621042737466,240.28790515712424,216.85983440430465,633042.04099541,736.4102166416393,1254998.2206063361,optimal,appsi_highs,local,optimized
S8,High grid emission factor,R3,"Internal depot roofs, high",PZ039,El Refugio,4095.0,243.2334752914427,243.2334752914427,237.79874360992173,125.15723347890618,26884.202297586253,1664.6179894142774,27734.999999999993,0.0,900.1373917069391,899.6090234705171,0.05869862104274029,500.6289339156247,451.81761285885125,5762472.940275572,6721.050574396563,10405164.747715753,optimal,appsi_highs,local,optimized
S8,High grid emission factor,R3,"Internal depot roofs, high",PZ040,Aeropuerto,4290.0,256.8822441896095,256.8822441896095,251.1425487416672,132.18028881140378,28057.46075540987,1852.873345185804,28956.000000000004,0.0,950.6475742436389,950.0895572265817,0.058698621042736286,528.7211552456151,477.1708426091677,6044751.192313006,7014.365188852467,11009277.7818722,optimal,appsi_highs,local,optimized
S8,High grid emission factor,R3,"Internal depot roofs, high",PZ041,Usme,4485.0,40.1961237559631,40.1961237559631,-1.0052309861700786e-11,0.0,33466.49566447498,1968.6173920279457,33615.24999999999,0.0,148.75433552502835,148.75433552502835,0.0,0.0,-9.549694368615746e-12,7410460.217840087,8366.623916118744,12759117.490624582,optimal,appsi_highs,local,optimized
S8,High grid emission factor,R3,"Internal depot roofs, high",PZ047,Venecia,5752.5,0.0,0.0,0.0,0.0,34988.50000000001,2332.566666666667,34988.50000000001,0.0,0.0,0.0,0.0,0.0,0.0,7543597.276898339,8747.125000000002,13375013.943565007,optimal,appsi_highs,local,optimized
S8,High grid emission factor,R3,"Internal depot roofs, high",PZ048,Venecia,7117.5,0.0,0.0,0.0,0.0,41629.0,2775.2666666666673,41629.0,0.0,0.0,0.0,0.0,0.0,0.0,8975303.629478281,10407.249999999998,15913470.296144947,optimal,appsi_highs,local,optimized
S8,High grid emission factor,R3,"Internal depot roofs, high",PZ049,Escritorio IV,13600.0,0.0,0.0,-0.0,0.0,38066.5,2537.766666666667,38066.5,0.0,0.0,0.0,0.0,0.0,0.0,8207220.8223002,9516.625,14551637.488966867,optimal,appsi_highs,local,optimized
S8,High grid emission factor,R3,"Internal depot roofs, high",PZ050,Usme II,7702.5,583.4380159885603,583.4380159885603,570.4018618740928,300.21150624952253,44613.712962323014,2934.2193299882647,46654.5,0.0,2159.136908706129,2157.8695251142935,0.05869862104274916,1200.84602499809,1083.7635375607763,9608596.40928356,11153.428240580753,17698971.808283195,optimal,appsi_highs,local,optimized
S8,High grid emission factor,R3,"Internal depot roofs, high",PZ052,Perdomo,7605.0,253.37694707555312,253.37694707555312,247.71557287535882,130.37661730282045,39906.72180922799,2643.0645716414897,40793.0,0.0,937.6754740932632,937.1250715201145,0.05869862104274259,521.5064692112817,470.65958846318176,8599539.232061064,9976.680452306997,15535008.884739961,optimal,appsi_highs,local,optimized
S8,High grid emission factor,R4,"Depot plus nearby roofs, medium",PZ001,Las Mercedes,3120.0,11758.617553739366,8795.138470840933,3.8576693347678524e-12,0.0,-6.758074365581999e-12,1.4136228950359842e-12,23478.000000000007,0.0,32548.287168771305,23478.000000000007,27.867172001216247,-4.110992697704454e-12,-3.783405148941476e-12,-1.3583506464493572e-09,-1.6895185913954997e-12,7305988.998243756,optimal,appsi_highs,local,optimized
S8,High grid emission factor,R4,"Depot plus nearby roofs, medium",PZ006,Perdomo I,487.5,111087.04939402036,1256.4483529772758,-0.0,0.0,3.410605131648481e-13,3.410605131648481e-13,3354.0,0.0,4649.755309824471,3354.0,27.86717200121625,0.0,0.0,6.362550698524924e-11,8.526512829121202e-14,1043712.7140348222,optimal,appsi_highs,local,optimized
S8,High grid emission factor,R4,"Depot plus nearby roofs, medium",PZ039,El Refugio,4095.0,124334.2906303316,10389.861380389013,-9.294778617739456e-13,0.0,7.125062736529142e-13,1.4263935932116183e-12,27735.000000000004,0.0,38449.89967739467,27735.000000000004,27.867172001216247,-7.138873195587041e-13,-6.442833059017306e-13,1.3906773980181286e-10,1.7812656841322855e-13,8630701.289134106,optimal,appsi_highs,local,optimized
S8,High grid emission factor,R4,"Depot plus nearby roofs, medium",PZ040,Aeropuerto,4290.0,119487.44511316717,10847.262524988075,-0.0,0.0,8.526512829121202e-14,8.526512829121202e-14,28956.0,0.0,40142.610241883536,28956.0,27.867172001216247,0.0,0.0,1.590637674631231e-11,2.1316282072803006e-14,9010657.527606532,optimal,appsi_highs,local,optimized
S8,High grid emission factor,R4,"Depot plus nearby roofs, medium",PZ041,Usme,4485.0,16029.339424553058,9083.45121047107,-0.0,-2.1274854841549196e-12,0.0,0.0,33615.24999999999,0.0,33615.25,33615.25,0.0,0.0,-4.695013059578804e-12,0.0,0.0,7545486.046615968,optimal,appsi_highs,local,optimized
S8,High grid emission factor,R4,"Depot plus nearby roofs, medium",PZ047,Venecia,5752.5,74334.87602402769,13107.10888436059,0.0,0.0,-3.865352482534945e-12,0.0,34988.49999999999,0.0,48505.65404227594,34988.5,27.86717200121625,0.0,0.0,-7.427153662457097e-10,-9.663381206337363e-13,10887877.845857892,optimal,appsi_highs,local,optimized
S8,High grid emission factor,R4,"Depot plus nearby roofs, medium",PZ048,Venecia,7117.5,75029.31442354406,15594.719286252539,0.0,0.0,7.275957614183426e-12,7.275957614183426e-12,41629.00000000001,0.0,57711.587296566155,41629.0,27.86717200121625,0.0,0.0,1.4086350254803794e-09,1.8189894035458565e-12,12954298.322169235,optimal,appsi_highs,local,optimized
S8,High grid emission factor,R4,"Depot plus nearby roofs, medium",PZ049,Escritorio IV,13600.0,75817.4076745315,14260.164349615228,-0.0,0.0,1.8189894035458565e-12,4.2444374298779275e-12,38066.5,0.0,52772.78190263364,38066.5,27.867172001216247,0.0,0.0,3.339117634035237e-10,4.547473508864641e-13,11845703.646036541,optimal,appsi_highs,local,optimized
S8,High grid emission factor,R4,"Depot plus nearby roofs, medium",PZ050,Usme II,7702.5,19412.891423495883,17477.33145020212,3.680480042751452e-12,2.167383593625418e-11,2.154567076531943e-10,2.376623342570383e-10,46654.5,0.0,64678.59543893986,46654.49999999973,27.867172001216172,3.874189518685739e-12,1.0855569414602516e-10,4.380009147311805e-08,5.3864176913298576e-11,14518155.87863372,optimal,appsi_highs,local,optimized
S8,High grid emission factor,R4,"Depot plus nearby roofs, medium",PZ052,Perdomo,7605.0,88506.69713794823,15281.543727788317,-0.0,0.0,3.410605131648481e-13,3.410605131648481e-13,40793.0,0.0,56552.61429745666,40793.0,27.86717200121625,0.0,0.0,6.553370878638616e-11,8.526512829121202e-14,12694148.104836762,optimal,appsi_highs,local,optimized
S8,High grid emission factor,R5,Maximum technical roof sensitivity,PZ001,Las Mercedes,3120.0,132473.31964420393,8795.138470840931,1.4333510588140516e-12,0.0,-4.2623110514654454e-12,0.0,23478.0,0.0,32548.287168771298,23478.0,27.86717200121625,1.5087905882253177e-12,5.002220859751105e-12,-8.280337631242276e-10,-1.0655777628663614e-12,7305988.998243754,optimal,appsi_highs,local,optimized
S8,High grid emission factor,R5,Maximum technical roof sensitivity,PZ006,Perdomo I,487.5,541085.818270127,1256.4483529772758,-0.0,0.0,3.410605131648481e-13,3.410605131648481e-13,3354.0,0.0,4649.755309824471,3354.0,27.86717200121625,0.0,0.0,6.362550698524924e-11,8.526512829121202e-14,1043712.7140348222,optimal,appsi_highs,local,optimized
S8,High grid emission factor,R5,Maximum technical roof sensitivity,PZ039,El Refugio,4095.0,601641.0469773205,10389.861380389017,-0.0,-0.0,-9.026933172404058e-12,0.0,27735.0,0.0,38449.89967739468,27735.000000000015,27.867172001216247,0.0,3.637978807091713e-12,-1.7979088494709432e-09,-2.2567332931010145e-12,8630701.289134108,optimal,appsi_highs,local,optimized
S8,High grid emission factor,R5,Maximum technical roof sensitivity,PZ040,Aeropuerto,4290.0,686081.6706431215,10847.262524988075,-0.0,0.0,-1.8189894035458565e-12,0.0,28956.0,0.0,40142.610241883536,28956.0,27.867172001216247,0.0,0.0,-3.3933603725466264e-10,-4.547473508864641e-13,9010657.527606532,optimal,appsi_highs,local,optimized
S8,High grid emission factor,R5,Maximum technical roof sensitivity,PZ041,Usme,4485.0,32364.24182957695,9083.45121047107,-3.8857610366144437e-13,-1.78535739926277e-12,0.0,0.0,33615.25,0.0,33615.25,33615.25,0.0,0.0,-7.369640694639306e-13,0.0,0.0,7545486.046615968,optimal,appsi_highs,local,optimized
S8,High grid emission factor,R5,Maximum technical roof sensitivity,PZ047,Venecia,5752.5,331848.57081349957,13107.10888436059,0.0,0.0,0.0,0.0,34988.5,0.0,48505.65404227594,34988.5,27.86717200121625,0.0,0.0,0.0,0.0,10887877.845857894,optimal,appsi_highs,local,optimized
S8,High grid emission factor,R5,Maximum technical roof sensitivity,PZ048,Venecia,7117.5,340962.32266664394,15594.719286252539,0.0,0.0,7.275957614183426e-12,7.275957614183426e-12,41629.00000000001,0.0,57711.587296566155,41629.0,27.86717200121625,0.0,0.0,1.4086350254803794e-09,1.8189894035458565e-12,12954298.322169235,optimal,appsi_highs,local,optimized
S8,High grid emission factor,R5,Maximum technical roof sensitivity,PZ049,Escritorio IV,13600.0,332936.84770568216,14260.164349615228,0.0,0.0,1.8189894035458565e-12,4.2444374298779275e-12,38066.5,0.0,52772.78190263364,38066.5,27.867172001216247,0.0,0.0,3.339117634035237e-10,4.547473508864641e-13,11845703.646036541,optimal,appsi_highs,local,optimized
S8,High grid emission factor,R5,Maximum technical roof sensitivity,PZ050,Usme II,7702.5,43143.00300092166,17477.331450202237,-0.0,0.0,1.0913936421275139e-11,1.0913936421275139e-11,46654.5,0.0,64678.59543894028,46654.499999999985,27.86717200121625,0.0,0.0,2.097078681164357e-09,2.7284841053187847e-12,14518155.878633752,optimal,appsi_highs,local,optimized
S8,High grid emission factor,R5,Maximum technical roof sensitivity,PZ052,Perdomo,7605.0,395390.468579418,15281.543727788317,-0.0,0.0,3.410605131648481e-13,3.410605131648481e-13,40793.0,0.0,56552.61429745666,40793.0,27.86717200121625,0.0,0.0,6.553370878638616e-11,8.526512829121202e-14,12694148.104836762,optimal,appsi_highs,local,optimized
S9,High electricity price,R1,"Internal depot roofs, conservative",PZ001,Las Mercedes,3120.0,10.090496039105595,10.090496039105593,-0.0,-0.0,23451.064134602137,1675.0760096144388,23478.0,0.0,37.3420343346517,26.935865397861086,27.867172001216254,0.0,0.0,7432906.024864308,4150.838351824578,9116364.05748986,optimal,appsi_highs,local,optimized
S9,High electricity price,R1,"Internal depot roofs, conservative",PZ006,Perdomo I,487.5,53.06603379939529,53.06603379939529,51.88034315892455,27.305443767855028,3168.3822120757077,222.4122374671427,3353.9999999999995,0.0,196.382184628106,196.2669109937557,0.058698621042741594,109.2217750714201,98.57265200195667,1003189.2421071593,560.8036515374001,1288794.9486750916,optimal,appsi_highs,local,optimized
S9,High electricity price,R1,"Internal depot roofs, conservative",PZ039,El Refugio,4095.0,110.5606705870194,110.5606705870194,108.09033800450989,56.88965158132099,27348.273771630116,1815.6329645644985,27735.0,0.0,409.15335986679054,408.9131924865987,0.05869862104273679,227.558606325284,205.3716422085688,8628694.056451596,4840.644457578531,10575987.742955767,optimal,appsi_highs,local,optimized
S9,High electricity price,R1,"Internal depot roofs, conservative",PZ040,Aeropuerto,4290.0,116.76465644982248,116.76465644982247,114.15570397348509,60.08194945972899,28547.573070640847,2030.529226551528,28955.999999999996,0.0,432.1125337471086,431.8588896484462,0.05869862104273489,240.32779783891598,216.8958375496217,9045971.960182864,5052.920433503429,11215549.899840029,optimal,appsi_highs,local,optimized
S9,High electricity price,R1,"Internal depot roofs, conservative",PZ041,Usme,4485.0,18.27096534361959,18.27096534361959,1.9147256879430067e-12,0.0,33547.634392943146,2396.2595994959393,33615.24999999999,0.0,67.61560705683107,67.61560705683107,0.0,0.0,1.8189894035458565e-12,10633053.25370399,5937.931287550937,13044490.268794958,optimal,appsi_highs,local,optimized
S9,High electricity price,R1,"Internal depot roofs, conservative",PZ047,Venecia,5752.5,0.0,0.0,-0.0,0.0,34988.5,2499.178571428572,34988.5,0.0,0.0,0.0,0.0,0.0,0.0,11089741.21422644,6192.964499999999,13588919.78565501,optimal,appsi_highs,local,optimized
S9,High electricity price,R1,"Internal depot roofs, conservative",PZ048,Venecia,7117.5,0.0,0.0,-0.0,0.0,41629.0,2973.5000000000005,41629.0,0.0,0.0,0.0,0.0,0.0,0.0,13194473.527217014,7368.333,16167973.527217014,optimal,appsi_highs,local,optimized
S9,High electricity price,R1,"Internal depot roofs, conservative",PZ049,Escritorio IV,13600.0,0.0,0.0,-0.0,0.0,38066.5,2719.035714285717,38066.5,0.0,0.0,0.0,0.0,0.0,0.0,12065325.290634088,6737.7705000000005,14784361.004919803,optimal,appsi_highs,local,optimized
S9,High electricity price,R1,"Internal depot roofs, conservative",PZ050,Usme II,7702.5,265.1990981766183,265.1990981766183,259.27357357913303,136.45977556796478,45726.869528328636,3246.7107126566225,46654.499999999985,0.0,981.425867593695,980.8497841428607,0.058698621042744835,545.839102271859,492.6197898003528,14488102.651719293,8093.655906514167,18050624.624730036,optimal,appsi_highs,local,optimized
S9,High electricity price,R1,"Internal depot roofs, conservative",PZ052,Perdomo,7605.0,115.17133957979686,115.17133957979686,112.59798767061766,59.26209877400929,40390.14627692182,2876.5444342409855,40793.0,0.0,426.2161245878469,425.965941600052,0.05869862104273711,237.04839509603718,213.93617657417354,12799552.898087531,7149.055891015161,15813248.65056243,optimal,appsi_highs,local,optimized
S9,High electricity price,R2,"Internal depot roofs, medium",PZ001,Las Mercedes,3120.0,16.144793662568954,16.14479366256895,-0.0,-0.0,23434.90261536342,1673.921615383102,23477.999999999996,0.0,59.74725493544273,43.09738463657774,27.867172001216247,0.0,0.0,7427783.5684576,4147.977762919325,9115116.420658484,optimal,appsi_highs,local,optimized
S9,High electricity price,R2,"Internal depot roofs, medium",PZ006,Perdomo I,487.5,84.90565407903247,84.90565407903247,83.00854905427929,43.68871002856804,3057.0115393211327,212.11672280457117,3354.0,0.0,314.2114954049695,314.02705759000906,0.05869862104273621,174.75484011427218,157.71624320313066,967264.7771821276,541.0910424598404,1280491.0505479625,optimal,appsi_highs,local,optimized
S9,High electricity price,R2,"Internal depot roofs, medium",PZ039,El Refugio,4095.0,176.89707293923104,176.89707293923104,172.94454080721576,91.02344253011357,27116.238034608188,1795.6127433031972,27735.0,0.0,654.6453757868647,654.2611079785578,0.05869862104274461,364.0937701204542,328.59462753370997,8554530.529939156,4799.574132125648,10560800.42834583,optimal,appsi_highs,local,optimized
S9,High electricity price,R2,"Internal depot roofs, medium",PZ040,Aeropuerto,4290.0,186.823450319716,186.823450319716,182.64912635757616,96.1311191355664,28302.51691302536,2007.8753339110162,28956.000000000004,0.0,691.3800539953738,690.9742234375141,0.0586986210427354,384.52447654226563,347.03334007939475,8966925.016124973,5009.545493605488,11197278.29100501,optimal,appsi_highs,local,optimized
S9,High electricity price,R2,"Internal depot roofs, medium",PZ041,Usme,4485.0,29.233544549791347,29.233544549791347,-0.0,0.0,33507.065028709076,2393.361787764934,33615.250000000015,0.0,108.18497129092972,108.18497129092972,0.0,0.0,0.0,10620194.635855794,5930.750510081506,13037840.288572775,optimal,appsi_highs,local,optimized
S9,High electricity price,R2,"Internal depot roofs, medium",PZ047,Venecia,5752.5,0.0,0.0,-0.0,0.0,34988.5,2499.178571428572,34988.5,0.0,0.0,0.0,0.0,0.0,0.0,11089741.21422644,6192.964499999999,13588919.78565501,optimal,appsi_highs,local,optimized
S9,High electricity price,R2,"Internal depot roofs, medium",PZ048,Venecia,7117.5,0.0,0.0,-0.0,0.0,41629.0,2973.5000000000005,41629.0,0.0,0.0,0.0,0.0,0.0,0.0,13194473.527217014,7368.333,16167973.527217014,optimal,appsi_highs,local,optimized
S9,High electricity price,R2,"Internal depot roofs, medium",PZ049,Escritorio IV,13600.0,0.0,0.0,-0.0,0.0,38066.5,2719.035714285717,38066.5,0.0,0.0,0.0,0.0,0.0,0.0,12065325.290634088,6737.7705000000005,14784361.004919803,optimal,appsi_highs,local,optimized
S9,High electricity price,R2,"Internal depot roofs, medium",PZ050,Usme II,7702.5,424.3185570825893,424.3185570825893,414.83771772661294,218.33564090874364,45170.29124532583,3195.258568822025,46654.50000000001,0.0,1570.281388149912,1569.3596546285771,0.05869862104273833,873.3425636349747,788.1916636805647,14308569.05897688,7995.141550422672,18009125.644365497,optimal,appsi_highs,local,optimized
S9,High electricity price,R2,"Internal depot roofs, medium",PZ052,Perdomo,7605.0,184.274143327675,184.274143327675,180.15678027298824,94.81935803841488,40148.434043074914,2854.1996662141487,40793.000000000015,0.0,681.9457993405551,681.5455065600834,0.0586986210427405,379.2774321536595,342.2978825186777,12721584.59232072,7106.272825624259,15795226.367709128,optimal,appsi_highs,local,optimized
S9,High electricity price,R3,"Internal depot roofs, high",PZ001,Las Mercedes,3120.0,22.199091286032314,22.199091286032314,21.703081826114772,11.422674645323564,23400.35058994573,1669.8218029039347,23477.999999999993,0.0,82.15247553623378,82.10425316594154,0.05869862104273811,45.69069858129426,41.23585546961807,7416396.342058996,4141.862054420394,9112653.841939129,optimal,appsi_highs,local,optimized
S9,High electricity price,R3,"Internal depot roofs, high",PZ006,Perdomo I,487.5,116.74527435866965,116.74527435866965,114.13675494963401,60.07197628928106,2945.640866566557,201.82120814199965,3354.0,0.0,432.04080618183315,431.7872041862625,0.0586986210427403,240.28790515712424,216.85983440430465,931340.3122570958,521.3784333822806,1272187.152420833,optimal,appsi_highs,local,optimized
S9,High electricity price,R3,"Internal depot roofs, high",PZ039,El Refugio,4095.0,243.2334752914427,243.2334752914427,237.79874360992173,125.15723347890618,26884.202297586253,1775.592522041896,27734.999999999993,0.0,900.1373917069391,899.6090234705171,0.05869862104274029,500.6289339156247,451.81761285885125,8480367.003426716,4758.503806672767,10545613.11373589,optimal,appsi_highs,local,optimized
S9,High electricity price,R3,"Internal depot roofs, high",PZ040,Aeropuerto,4290.0,256.8822441896095,256.8822441896095,251.1425487416672,132.18028881140378,28057.46075540987,1985.2214412705046,28956.0,0.0,950.647574243639,950.0895572265817,0.05869862104273706,528.7211552456151,477.1708426091677,8887878.07206708,4966.170553707547,11179006.682169987,optimal,appsi_highs,local,optimized
S9,High electricity price,R3,"Internal depot roofs, high",PZ041,Usme,4485.0,40.1961237559631,40.1961237559631,4.7868142198575166e-12,0.0,33466.49566447496,2390.4639760339255,33615.25,0.0,148.75433552502835,148.75433552502835,0.0,0.0,4.547473508864641e-12,10607336.018007586,5923.569732612067,13031190.308350574,optimal,appsi_highs,local,optimized
S9,High electricity price,R3,"Internal depot roofs, high",PZ047,Venecia,5752.5,0.0,0.0,-0.0,0.0,34988.5,2499.178571428572,34988.5,0.0,0.0,0.0,0.0,0.0,0.0,11089741.21422644,6192.964499999999,13588919.78565501,optimal,appsi_highs,local,optimized
S9,High electricity price,R3,"Internal depot roofs, high",PZ048,Venecia,7117.5,0.0,0.0,-0.0,0.0,41629.0,2973.5000000000005,41629.0,0.0,0.0,0.0,0.0,0.0,0.0,13194473.527217014,7368.333,16167973.527217014,optimal,appsi_highs,local,optimized
S9,High electricity price,R3,"Internal depot roofs, high",PZ049,Escritorio IV,13600.0,0.0,0.0,-0.0,0.0,38066.5,2719.035714285717,38066.5,0.0,0.0,0.0,0.0,0.0,0.0,12065325.290634088,6737.7705000000005,14784361.004919803,optimal,appsi_highs,local,optimized
S9,High electricity price,R3,"Internal depot roofs, high",PZ050,Usme II,7702.5,583.4380159885603,583.4380159885603,570.4018618740929,300.2115062495226,44613.712962323014,3143.8064249874265,46654.49999999999,0.0,2159.136908706129,2157.8695251142935,0.058698621042738056,1200.8460249980903,1083.7635375607765,14129035.46623446,7896.627194331173,17967626.664000954,optimal,appsi_highs,local,optimized
S9,High electricity price,R3,"Internal depot roofs, high",PZ052,Perdomo,7605.0,253.37694707555312,253.37694707555312,247.71557287535882,130.37661730282042,39906.72180922798,2831.8548981873105,40792.99999999999,0.0,937.6754740932632,937.1250715201145,0.05869862104273821,521.5064692112817,470.65958846318176,12643616.2865539,7063.489760233352,15777204.08485582,optimal,appsi_highs,local,optimized
S9,High electricity price,R4,"Depot plus nearby roofs, medium",PZ001,Las Mercedes,3120.0,11758.617553739366,8795.138470840931,4.3066992143829246e-12,0.0,-2.0774767340439056e-12,2.310700821782906e-12,23478.000000000007,0.0,32548.287168771298,23478.000000000004,27.867172001216243,6.844068415870195e-12,4.5273888800853056e-12,-6.540692649831062e-10,-3.677133819257713e-13,7305988.998243756,optimal,appsi_highs,local,optimized
S9,High electricity price,R4,"Depot plus nearby roofs, medium",PZ006,Perdomo I,487.5,111087.04939402036,1256.4483529772758,-0.0,0.0,3.410605131648481e-13,3.410605131648481e-13,3354.0,0.0,4649.755309824471,3354.0,27.86717200121625,0.0,0.0,9.543826047787388e-11,6.03677108301781e-14,1043712.7140348222,optimal,appsi_highs,local,optimized
S9,High electricity price,R4,"Depot plus nearby roofs, medium",PZ039,El Refugio,4095.0,124334.2906303316,10389.861380389013,-4.95040180645426e-12,-0.0,4.092726157978177e-12,4.092726157978177e-12,27735.0,0.0,38449.89967739467,27735.0,27.867172001216257,-5.2109492699518525e-12,0.0,1.2121718849911839e-09,7.244125299621373e-13,8630701.289134106,optimal,appsi_highs,local,optimized
S9,High electricity price,R4,"Depot plus nearby roofs, medium",PZ040,Aeropuerto,4290.0,119487.44511316717,10847.262524988075,-0.0,0.0,8.526512829121202e-14,8.526512829121202e-14,28956.0,0.0,40142.610241883536,28956.0,27.867172001216247,0.0,0.0,2.385956511946847e-11,1.5091927707544526e-14,9010657.527606532,optimal,appsi_highs,local,optimized
S9,High electricity price,R4,"Depot plus nearby roofs, medium",PZ041,Usme,4485.0,16029.339424553058,9083.451210471074,-5.713012006491686e-13,7.358080963686847e-13,0.0,0.0,33615.25,0.0,33615.250000000015,33615.250000000015,0.0,0.0,-1.1239068309190996e-11,0.0,0.0,7545486.046615972,optimal,appsi_highs,local,optimized
S9,High electricity price,R4,"Depot plus nearby roofs, medium",PZ047,Venecia,5752.5,74334.87602402769,13107.10888436059,-2.967391275108495e-13,-3.5874758719245397e-12,-9.094947017729282e-13,0.0,34988.5,0.0,48505.65404227593,34988.49999999999,27.867172001216257,-3.1235697632721005e-13,-3.5874758719245397e-12,-2.6213483514554464e-10,-1.609805622138083e-13,10887877.845857894,optimal,appsi_highs,local,optimized
S9,High electricity price,R4,"Depot plus nearby roofs, medium",PZ048,Venecia,7117.5,75029.31442354406,15594.719286252539,0.0,0.0,7.275957614183426e-12,7.275957614183426e-12,41629.00000000001,0.0,57711.587296566155,41629.0,27.86717200121625,0.0,0.0,2.112952538220569e-09,1.2878444977104663e-12,12954298.322169235,optimal,appsi_highs,local,optimized
S9,High electricity price,R4,"Depot plus nearby roofs, medium",PZ049,Escritorio IV,13600.0,75817.4076745315,14260.164349615228,-0.0,0.0,1.8189894035458565e-12,4.2444374298779275e-12,38066.5,0.0,52772.78190263364,38066.5,27.867172001216247,0.0,0.0,5.008676451052854e-10,3.2196112442761653e-13,11845703.646036541,optimal,appsi_highs,local,optimized
S9,High electricity price,R4,"Depot plus nearby roofs, medium",PZ050,Usme II,7702.5,19412.891423495883,17477.331450202244,-2.1236706583435015e-11,-9.16344365012597e-13,1.5123456517257253e-11,1.0416076763921232e-11,46654.500000000015,0.0,64678.59543894032,46654.50000000001,27.86717200121626,1.4013794152967273e-11,4.752007250146468e-12,4.5832155231286636e-09,2.676851803554534e-12,14518155.878633752,optimal,appsi_highs,local,optimized
S9,High electricity price,R4,"Depot plus nearby roofs, medium",PZ052,Perdomo,7605.0,88506.69713794823,15281.543727788317,-0.0,0.0,3.410605131648481e-13,3.410605131648481e-13,40793.0,0.0,56552.61429745666,40793.0,27.86717200121625,0.0,0.0,9.830056317957924e-11,6.03677108301781e-14,12694148.104836762,optimal,appsi_highs,local,optimized
S9,High electricity price,R5,Maximum technical roof sensitivity,PZ001,Las Mercedes,3120.0,132473.31964420393,8795.138470840931,1.4333510588140516e-12,0.0,-4.2623110514654454e-12,0.0,23478.0,0.0,32548.287168771298,23478.0,27.86717200121625,1.5087905882253177e-12,5.002220859751105e-12,-1.2420506446863413e-09,-7.544290561093838e-13,7305988.998243754,optimal,appsi_highs,local,optimized
S9,High electricity price,R5,Maximum technical roof sensitivity,PZ006,Perdomo I,487.5,541085.818270127,1256.4483529772758,-0.0,0.0,3.410605131648481e-13,3.410605131648481e-13,3354.0,0.0,4649.755309824471,3354.0,27.86717200121625,0.0,0.0,9.543826047787388e-11,6.03677108301781e-14,1043712.7140348222,optimal,appsi_highs,local,optimized
S9,High electricity price,R5,Maximum technical roof sensitivity,PZ039,El Refugio,4095.0,601641.0469773205,10389.861380389011,2.4462881396593225e-12,0.0,9.094947017729282e-13,9.094947017729282e-13,27734.999999999996,0.0,38449.89967739466,27734.999999999993,27.86717200121625,1.2833927922566177e-12,0.0,2.6213483514554464e-10,1.609805622138083e-13,8630701.289134108,optimal,appsi_highs,local,optimized
S9,High electricity price,R5,Maximum technical roof sensitivity,PZ040,Aeropuerto,4290.0,686081.6706431215,10847.262524988075,-0.0,0.0,-1.8189894035458565e-12,0.0,28956.0,0.0,40142.610241883536,28956.0,27.867172001216247,0.0,0.0,-5.09004055881994e-10,-3.219611244276166e-13,9010657.527606532,optimal,appsi_highs,local,optimized
S9,High electricity price,R5,Maximum technical roof sensitivity,PZ041,Usme,4485.0,32364.24182957695,9083.451210471065,-3.391871272535283e-13,-3.900983346369239e-12,6.5592296770742846e-12,3.346099240240415e-12,33615.25,0.0,33615.249999999985,33615.249999999985,0.0,0.0,3.2048647730170676e-13,1.851174252419094e-09,1.1609836528421484e-12,7545486.046615966,optimal,appsi_highs,local,optimized
S9,High electricity price,R5,Maximum technical roof sensitivity,PZ047,Venecia,5752.5,331848.57081349957,13107.10888436059,1.5619830838110654e-12,-3.5874758719245405e-12,0.0,0.0,34988.5,0.0,48505.654042275935,34988.5,27.867172001216243,1.6441927198011218e-12,-3.5874758719245405e-12,0.0,0.0,10887877.845857894,optimal,appsi_highs,local,optimized
S9,High electricity price,R5,Maximum technical roof sensitivity,PZ048,Venecia,7117.5,340962.32266664394,15594.719286252539,0.0,0.0,7.275957614183426e-12,7.275957614183426e-12,41629.00000000001,0.0,57711.587296566155,41629.0,27.86717200121625,0.0,0.0,2.112952538220569e-09,1.2878444977104663e-12,12954298.322169235,optimal,appsi_highs,local,optimized
S9,High electricity price,R5,Maximum technical roof sensitivity,PZ049,Escritorio IV,13600.0,332936.84770568216,14260.164349615228,0.0,0.0,1.8189894035458565e-12,4.2444374298779275e-12,38066.5,0.0,52772.78190263364,38066.5,27.867172001216247,0.0,0.0,5.008676451052854e-10,3.2196112442761653e-13,11845703.646036541,optimal,appsi_highs,local,optimized
S9,High electricity price,R5,Maximum technical roof sensitivity,PZ050,Usme II,7702.5,43143.00300092166,17477.331450202237,-0.0,0.0,1.2732925824820995e-11,1.2732925824820995e-11,46654.5,0.0,64678.59543894028,46654.499999999985,27.86717200121625,0.0,0.0,3.669887692037625e-09,2.253727870993316e-12,14518155.878633752,optimal,appsi_highs,local,optimized
S9,High electricity price,R5,Maximum technical roof sensitivity,PZ052,Perdomo,7605.0,395390.468579418,15281.543727788317,-0.0,0.0,3.410605131648481e-13,3.410605131648481e-13,40793.0,0.0,56552.61429745666,40793.0,27.86717200121625,0.0,0.0,9.830056317957924e-11,6.03677108301781e-14,12694148.104836762,optimal,appsi_highs,local,optimized
